id,produk_id,komoditas_id,opt_id,dosis,satuan_dosis
1,1,1,1,150 - 300,ml/ha
2,1,1,2,,-
3,1,1,3,,-
4,1,1,4,,-
5,1,1,5,,-
6,1,1,6,150 - 300,ml/ha
7,1,1,7,,-
8,1,1,8,,-
9,1,1,9,,-
10,2,2,10,300,ml/ha
11,3,3,11,300,g/ha
12,3,3,12,300,g/ha
13,3,3,13,300,g/ha
14,3,3,14,300,g/ha
15,3,3,15,250-300,g/ha
16,3,4,16,300,g/ha
17,4,2,14,1,g/l
18,5,5,17,75,ml/ha
19,5,5,18,"93,75",ml/ha
20,6,6,19,0.75 - 1.5,l/ha
21,6,6,20,0.75 - 1.5,l/ha
22,6,6,21,0.75 - 1.5,l/ha
23,6,6,22,0.75 - 1.5,l/ha
24,7,4,23,0.375,ml/l
25,9,7,4,116.25 - 271.25,ml/ha
26,9,7,24,,-
27,9,7,25,,-
28,9,7,26,,-
29,9,7,27,,-
30,9,7,28,,-
31,9,7,29,,-
32,9,7,9,116.25 - 271.25,ml/ha
33,9,7,6,,-
34,9,7,30,,-
35,9,7,31,,-
36,9,7,32,,-
37,9,7,33,,-
38,10,8,34,1 - 3,l/ha
39,10,8,35,1 - 3,l/ha
40,10,8,3,1 - 3,l/ha
41,10,8,36,1 - 3,l/ha
42,10,8,37,1 - 3,l/ha
43,10,8,38,1 - 3,l/ha
44,10,8,6,1 - 3,l/ha
45,10,8,9,1 - 3,l/ha
46,11,9,39,2 - 4,l/ha
47,11,9,40,,-
48,11,9,41,,-
49,11,9,42,,-
50,12,10,43,2,ml/l
51,13,4,44,"1,5",ml/l
52,13,4,45,1,ml/l
53,14,11,46,1,g/l
54,16,12,47,50,ml/m2
55,17,13,48,"0,75",gr/Pohon
56,18,14,49,2,ml/l
57,18,14,50,2,ml/l
58,19,15,9,0.75-1.5,l/ha
59,19,15,6,0.75-1.5,l/ha
60,19,16,6,2 jam setelah semprot,-
61,19,16,9,2 jam setelah semprot,-
62,19,16,3,2 jam setelah semprot,-
63,19,16,35,2 jam setelah semprot,-
64,19,16,51,2 jam setelah semprot,-
65,19,17,9,0.75-1.5,l/ha
66,19,17,6,0.75-1.5,l/ha
67,19,17,35,0.75-1.5,l/ha
68,19,17,38,0.75-1.5,l/ha
69,19,18,51,0.75-1.5,l/ha
70,19,18,36,0.75-1.5,l/ha
71,19,18,52,0.75-1.5,l/ha
72,19,19,3,1.5-3.0,l/ha
73,19,20,53,0.75-1.5,l/ha
74,19,20,9,0.75-1.5,l/ha
75,19,21,3,1.5-3.0,l/ha
76,19,22,3,1.0-3.0,l/ha
77,19,23,9,0.75-1.5,l/ha
78,19,23,36,0.75-1.5,l/ha
79,19,24,6,0.75-1.5,l/ha
80,19,24,9,0.75-1.5,l/ha
81,19,24,34,0.75-1.5,l/ha
82,19,24,51,0.75-1.5,l/ha
83,19,25,54,1.125-2.25,l/ha
84,19,25,55,1.125-2.25,l/ha
85,19,25,56,1.125-2.25,l/ha
86,19,26,57,0.75-1.5,l/ha
87,20,18,58,1,l/ha
88,20,18,59,"0,75-1",l/ha
89,20,18,60,"0,75-1",l/ha
90,20,18,31,"0,75-1",l/ha
91,21,14,61,"0,25",g / 10 L
92,22,11,46,1.5,g/l
93,22,27,62,1.5,g/l
94,23,28,63,1,ml/l
95,24,29,64,-,%
96,26,17,65,1-3,l/ha
97,26,17,6,1-3,l/ha
98,26,17,52,1-3,l/ha
99,26,17,35,1-3,l/ha
100,27,2,10,"1,5",g/l
101,28,8,38,,-
102,28,8,35,,-
103,28,8,34,,-
104,28,8,51,,-
105,28,8,36,3-4,l/ha
106,28,8,30,,-
107,28,8,57,,-
108,28,8,66,,-
109,28,8,58,,-
110,28,8,6,,-
111,28,8,9,3-4,l/ha
112,29,4,16,2,g/l
113,30,30,64,1,ml/l
114,31,31,33,150 - 250,g/ha
115,31,31,24,150 - 250,g/ha
116,31,31,67,150 - 250,g/ha
117,31,31,30,150 - 250,g/ha
118,31,31,2,150 - 250,g/ha
119,31,31,68,150 - 250,g/ha
120,31,31,69,150 - 250,g/ha
121,31,32,9,150 - 250,g/ha
122,31,32,30,150 - 250,g/ha
123,31,32,24,150 - 250,g/ha
124,31,32,70,150 - 250,g/ha
125,31,32,29,150 - 250,g/ha
126,31,32,71,150 - 250,g/ha
127,32,3,72,75,kg/ha
128,33,29,64,-,
129,35,33,73,0.75,ml/l
130,36,34,74,300 - 450,ml/ha
131,36,34,75,300 - 450,ml/ha
132,36,34,76,300 - 450,ml/ha
133,36,34,33,300 - 450,ml/ha
134,36,34,77,300 - 450,ml/ha
135,36,34,78,300 - 450,ml/ha
136,36,34,79,300 - 450,ml/ha
137,37,6,60,,-
138,37,6,58,225-300,ml/ha
139,38,28,80,2,g/l
140,39,2,11,"112,5",ml/ha
141,39,2,14,"112,5",ml/ha
142,40,4,44,1.5,ml/l
143,40,4,81,1.5,ml/l
144,41,9,74,500 - 600,ml/ha
145,41,9,42,500 - 600,ml/ha
146,41,9,41,,-
147,41,9,82,,-
148,41,9,79,500 - 600,ml/ha
149,42,35,7,"0,5 - 1",l/ha
150,42,35,6,,
151,42,35,27,,-
152,42,35,4,"0,5 - 1",l/ha
153,43,30,64,16,ml/l/pohon
154,44,4,44,1,ml/l
155,44,4,45,"1,125",ml/l
156,44,4,81,"1 - 1,5 ml/l",ml/l
157,45,3,83,3,ml/kg benih
158,45,3,14,3,ml/kg benih
159,46,36,84,"0,5",ml/l
160,47,30,85,"0,250",ml/perangkap
161,47,4,86,"0,250",ml/perangkap
162,49,2,10,1,g/l
163,49,11,46,"1,5",kg/ha
164,49,28,87,1,g/l
165,50,1,54,1 - 3,l/ha
166,50,1,30,1 - 3,l/ha
167,50,1,88,1 - 3,l/ha
168,50,2,89,"0,5 - 1",l/ha
169,50,2,41,"0,5 - 1",l/ha
170,50,2,90,"0,5 - 1",l/ha
171,51,37,91,,-
172,51,37,92,,-
173,53,11,93,1,ml/l
174,54,11,46,"3,5",g/l
175,55,38,94,280 - 350,ml/ha
176,55,38,82,280 - 350,ml/ha
177,55,38,79,280 - 350,ml/ha
178,55,38,74,280 - 350,ml/ha
179,55,38,95,280 - 350,ml/ha
180,55,38,77,280 - 350,ml/ha
181,55,38,40,280 - 350,ml/ha
182,56,9,96,60 – 120,g/ha
183,56,9,74,,
184,56,9,97,,-
185,56,9,98,,-
186,56,9,99,60 – 120,-
187,56,9,42,,-
188,56,9,100,60 – 120,g/ha
189,57,14,64,4 ml/L air/aplikasi,-
190,58,14,50,2,ml/l
191,59,39,30,3 - 4,l/ha
192,59,39,9,3 - 4,l/ha
193,59,39,6,3 - 4,l/ha
194,59,39,35,3 - 4,l/ha
195,59,39,36,3 - 4,l/ha
196,59,39,38,3 - 4,l/ha
197,60,40,101,2,ml/l
198,60,4,102,2,ml/l
199,60,14,103,"1,5",ml/l
200,61,41,82,2-3,l/ha
201,61,41,90,2-3,l/ha
202,61,41,104,,-
203,61,41,25,,-
204,61,41,42,"1,5-3",l/ha
205,61,20,6,"2,5-3",l/ha
206,61,20,35,,-
207,61,20,34,"2,5-3",l/ha
208,61,42,34,"2,5-3",l/ha
209,61,42,35,,-
210,61,42,6,"2,5-3",l/ha
211,62,24,24,1.5 - 2.25,l/ha
212,62,24,9,1.5 - 2.25,l/ha
213,62,24,35,1.5 - 2.25,l/ha
214,63,36,105,3,g/l
215,63,4,106,1.5,g/l
216,63,4,102,1.5,g/l
217,65,14,50,2,ml/l
218,66,10,43,"0,5",g/l
219,68,3,107,50,kg/ha
220,70,11,46,2,g/l
221,71,27,108,"0,2",ml/l
222,72,14,109,"1,5",g/l
223,74,36,110,1,ml/l
224,74,4,45,1,ml/l
225,75,43,46,"1,5",g/l
226,76,14,111,"1,5",ml/l
227,77,2,42,,-
228,77,2,112,0.75-1.5,l/ha
229,77,2,113,0.75-1.5,l/ha
230,77,2,74,,-
231,77,2,95,0.75-1.5,l/ha
232,78,2,114,3,ml/l
233,78,2,115,3,ml/l
234,80,6,9,,-
235,80,6,66,"1,5 - 2",l/ha
236,80,6,116,,-
237,80,6,117,,-
238,80,6,35,,-
239,80,6,38,,-
240,80,6,3,"1,5 - 2",l/ha
241,81,44,118,"0,75 - 1,5",ml/l
242,81,44,119,"0,75 - 1,5",ml/l
243,81,2,14,"0,5",ml/l
244,81,2,120,"0,75 - 1,5",ml/l
245,81,2,83,"0,5 - 1,0",ml/l
246,83,14,121,1.5,ml/l
247,84,44,118,2,ml/l
248,86,7,69,"1 - 1,5",l/ha
249,86,7,4,"1 - 1,5",l/ha
250,86,7,76,"1 - 1,5",l/ha
251,86,7,77,"1 - 1,5",l/ha
252,86,7,9,"1 - 1,5",l/ha
253,86,7,122,"1 - 1,5",l/ha
254,86,7,24,"1 - 1,5",l/ha
255,86,7,30,"1 - 1,5",l/ha
256,87,45,123,1,ml/l
257,88,37,18,-,-
258,88,37,124,-,-
259,89,3,125,,
260,89,3,126,"0,225-0,45",l/ha
261,89,3,74,"0,225-0,45",l/ha
262,89,3,127,"0,225-0,45",l/ha
263,89,3,40,"0,225-0,45",l/ha
264,89,3,42,"0,225-0,45",l/ha
265,90,14,50,"0,75",ml/l
266,91,46,4,1.5 - 3,liter/ha
267,91,46,3,1.5 - 3,liter/ha
268,91,46,128,1.5 - 3,liter/ha
269,91,46,6,1.5 - 3,liter/ha
270,91,46,9,1.5 - 3,liter/ha
271,91,47,38,1.5 - 2,liter/ha
272,91,47,129,1.5 - 2,liter/ha
273,91,47,9,1.5 - 2,liter/ha
274,92,48,6,,-
275,92,48,57,,-
276,92,48,25,2 - 3,l/ha
277,92,48,130,,
278,92,48,35,,-
279,92,48,38,2 - 3,l/ha
280,93,4,45,"1,25",ml/l
281,93,49,131,1.5,ml/l
282,94,4,44,2,ml/l
283,95,11,46,1,g/l
284,96,4,44,1,ml/l
285,97,50,132,2,g/l
286,99,48,25,,-
287,99,48,6,"1,875 – 3,75",l/ha
288,99,48,130,,-
289,99,48,57,,-
290,99,48,52,,-
291,99,48,35,,-
292,99,48,38,"1,875 – 3,75",l/ha
293,101,51,45,"1,5",ml/l
294,102,52,133,30,perangkap/ha
295,103,14,111,1,ml/l
296,104,53,95,300 - 600,g/ha
297,104,53,127,300 - 600,g/ha
298,104,53,74,300 - 600,g/ha
299,104,53,82,300 - 600,g/ha
300,104,53,41,300 - 600,g/ha
301,104,53,112,300 - 600,g/ha
302,104,53,42,300 - 600,g/ha
303,104,53,134,300 - 600,g/ha
304,105,6,9,"1,5 - 2,5",l/ha
305,105,6,60,,-
306,105,6,34,"1,5 - 2,5",l/ha
307,107,8,3,,
308,107,8,38,,-
309,107,8,34,"2,25 - 4,5",l/ha
310,107,8,135,,-
311,107,8,9,,-
312,107,8,136,,-
313,107,8,66,"2,25 - 4,5",l/ha
314,110,3,14,1,g/l
315,111,10,9,75 - 125,g/ha
316,111,10,29,75 - 125,g/ha
317,111,10,69,75 - 125,g/ha
318,112,2,83,2,ml/l
319,113,51,137,1,ml/l
320,114,11,46,"0,875",g/l
321,115,44,118,"0,75",g/l
322,116,54,138,,-
323,116,55,139,,-
324,116,13,140,150-200,g/ha
325,116,13,35,,g/ha
326,116,56,52,,-
327,116,3,141,,-
328,117,57,58,2 - 3,l/ha
329,117,57,30,2 - 3,l/ha
330,117,57,6,2 - 3,l/ha
331,117,57,9,2 - 3,l/ha
332,117,57,66,2 - 3,l/ha
333,117,57,38,2 - 3,l/ha
334,117,57,36,2 - 3,l/ha
335,117,57,35,2 - 3,l/ha
336,117,57,51,2 - 3,l/ha
337,117,57,69,2 - 3,l/ha
338,118,40,142,0.5,g/l
339,118,2,14,"0,4",g/l
340,118,4,81,1,g/l
341,119,58,143,200 - 300,ml/ha
342,119,58,144,200 - 300,ml/ha
343,119,58,54,200 - 300,ml/ha
344,119,1,145,200 - 300,ml/ha
345,119,1,146,200 - 300,ml/ha
346,120,59,147,"2,25 - 3",l/ha
347,120,59,2,"2,25 - 3",l/ha
348,120,59,148,"2,25 - 3",l/ha
349,120,59,112,"2,25 - 3",l/ha
350,120,59,40,"2,25 - 3",l/ha
351,120,59,41,"2,25 - 3",l/ha
352,120,59,149,"2,25 - 3",l/ha
353,120,59,134,"2,25 - 3",l/ha
354,120,59,150,"2,25 - 3",l/ha
355,120,60,42,"2,25 - 3",l/ha
356,120,60,39,"2,25 - 3",l/ha
357,120,60,151,"2,25 - 3",l/ha
358,120,60,41,"2,25 - 3",l/ha
359,120,60,150,"2,25 - 3",l/ha
360,120,60,2,"2,25 - 3",l/ha
361,120,60,90,"2,25 - 3",l/ha
362,120,60,74,"2,25 - 3",l/ha
363,120,42,31,3- 4,l/ha
364,120,42,38,3 - 4,l/ha
365,120,7,152,"1,5 - 3",l/ha
366,120,7,69,"1,5 - 3",l/ha
367,120,7,4,"1,5 - 3",l/ha
368,120,7,130,"1,5 - 3",l/ha
369,120,7,25,"1,5 - 3",l/ha
370,120,7,153,"1,5 - 3",l/ha
371,120,7,24,"1,5 - 3",l/ha
372,120,7,30,"1,5 - 3",l/ha
373,120,61,35,"1,5 - 3,5",l/ha
374,120,61,34,"1,5 - 3,5",l/ha
375,120,61,51,"1,5 - 2",l/ha
376,120,61,30,"1,5 - 3,5",l/ha
377,120,61,154,"1,5 - 3,5",l/ha
378,120,61,9,"1,5 - 3,5",l/ha
379,120,62,35,"2,25 - 3",l/ha
380,120,62,4,"2,25 - 3",l/ha
381,120,62,155,"2,25 - 3",l/ha
382,120,62,6,"2,25 - 3",l/ha
383,120,6,52,"2,25 - 3",l/ha
384,120,6,156,"2,25 - 3",l/ha
385,120,6,35,"2,25 - 3",l/ha
386,120,6,34,"2,25 - 3",l/ha
387,120,63,157,"2,25 - 3",l/ha
388,120,63,35,"2,25 - 3",l/ha
389,120,63,158,"2,25 - 3",l/ha
390,120,63,9,"2,25 - 3",l/ha
391,121,4,102,2,g/l
392,121,14,50,2,g/l
393,122,51,159,2,ml/l
394,123,29,64,-,
395,124,37,160,,-
396,124,37,124,,-
397,125,4,44,1,ml/l
398,126,4,44,"0,75",ml/l
399,127,3,161,375,g/ha
400,128,14,70,"1-1,5",g/l
401,128,14,4,"1-1,5",g/l
402,129,14,121,1,ml/l
403,130,3,14,2,ml/l
404,130,3,83,3,ml/l
405,132,2,162,2,g/l
406,133,19,30,"2,25 - 3,75",l/ha
407,133,19,9,"2,25 - 3,75",l/ha
408,133,19,4,"2,25 - 3,75",l/ha
409,133,19,69,"2,25 - 3,75",l/ha
410,134,4,46,"1,5",g/l
411,135,11,46,3,g/l
412,136,2,14,0.75,g/l
413,137,6,34,"1,5 - 2,5",l/ha
414,137,6,58,,-
415,137,6,66,"1,5 - 2,5",l/ha
416,137,6,9,,-
417,137,10,30,"0,75 - 1,5",l/ha
418,137,10,6,,-
419,137,10,35,"0,75 - 1,5",l/ha
420,138,14,109,0.4,g/l
421,138,4,163,2,gr/ 10 l air
422,138,4,23,2,gr/ 10 l air
423,138,4,45,2,gr/ 10 l air
424,138,28,23,2,gr/ 10 l air
425,138,44,119,0.15,g/l
426,138,44,118,0.15,g/l
427,138,51,45,0.2,g/l
428,138,10,43,0.75,g/l
429,139,11,46,"1,5",g/l
430,139,28,164,"1,5",g/l
431,140,64,165,24,g/m3
432,140,65,165,24,g/m3
433,141,28,166,3,g/l
434,141,66,167,2,g/l
435,141,14,50,2.5,g/l
436,141,11,46,2.5,g/l
437,141,58,168,1,g/l
438,142,37,124,,-
439,142,37,18,,
440,143,6,6,"1,5 - 2,5",l/ha
441,143,6,58,"1,5 - 2,5",l/ha
442,143,6,66,"1,5 - 2,5",l/ha
443,143,6,169,"1,5 - 2,5",l/ha
444,143,6,30,"1,5 - 2,5",l/ha
445,144,14,109,1,ml/l
446,145,36,170,2,g/l
447,147,37,124,,-
448,147,37,18,,-
449,148,4,81,0.5,g/l
450,149,67,14,2,ml/l
451,149,68,44,2,ml/l
452,149,68,16,2,ml/l
453,150,14,109,2,ml/l
454,150,51,123,"1,5",ml/l
455,150,2,14,2,ml/l
456,150,2,114,2,ml/l
457,150,2,83,2,ml/l
458,151,11,46,2,g/l
459,152,64,171,1 tablet/ton,-
460,152,64,172,1 tablet/ton,
461,152,64,173,1 tablet/ton,-
462,153,6,38,"0,75 - 1,5",l/ha
463,153,6,36,"0,75 - 1,5",l/ha
464,153,6,9,"0,75 - 1,5",l/ha
465,154,9,112,,-
466,154,9,42,"0,75-1,5",l/ha
467,154,9,82,"0,75-1,5",l/ha
468,154,9,95,"0,75-1,5",l/ha
469,154,9,74,,-
470,155,4,45,2,ml/l
471,156,8,30,,-
472,156,8,9,2 - 4,l/ha
473,156,8,116,,-
474,156,8,55,,-
475,156,8,6,,-
476,156,8,35,,-
477,156,8,3,,-
478,156,8,36,,-
479,156,8,38,2 - 4,l/ha
480,157,11,46,2,g/l
481,158,39,76,2 - 4,l/ha
482,158,39,30,2 - 4,l/ha
483,158,39,9,2 - 4,l/ha
484,158,39,36,2 - 4,l/ha
485,158,39,69,2 - 4,l/ha
486,158,39,34,2 - 4,l/ha
487,158,39,51,2 - 4,l/ha
488,158,39,71,2 - 4,l/ha
489,158,39,38,2 - 4,l/ha
490,159,2,120,1,ml/l
491,159,2,174,"12,5",ml/kg benih
492,159,2,175,,-
493,159,2,176,,-
494,159,33,73,1,ml/l
495,159,36,177,"0,75",ml/l
496,159,44,118,1,ml/l
497,159,51,159,8,ml/kg benih
498,159,1,178,"2,5",ml/l
499,159,27,179,"1,5",ml/l
500,159,10,180,"0,5",ml/l
501,159,10,181,5,ml/kg benih
502,159,4,44,1,ml/l
503,159,55,47,"2,5",ml/l
504,159,40,182,"1,5",ml/l
505,160,28,46,1,kg/ha
506,161,69,183,"1,5 - 2,25",l/ha
507,161,69,52,,-
508,161,69,38,,-
509,161,69,35,"1,125 - 2,25",l/ha
510,162,51,45,2,ml/l
511,163,14,111,1.5,ml/l
512,165,51,184,"0,75",ml/l
513,166,14,185,2,g/l
514,166,4,102,2,g/l
515,166,40,101,2,g/l
516,167,70,186,Kebutuhan Ekspor,
517,168,7,4,"0,5 - 1",l/ha
518,168,7,9,"0,5 - 1",l/ha
519,169,29,64,-,-
520,170,71,69,"1,5 - 3",l/ha
521,170,71,34,"1,5 - 3",l/ha
522,170,71,36,"1,5 - 3",l/ha
523,170,71,38,"1,5 - 3",l/ha
524,170,14,36,"1,5 - 3",l/ha
525,170,14,38,"1,5 - 3",l/ha
526,170,14,69,"1,5 - 3",l/ha
527,170,14,2,"1,5 - 3",l/ha
528,171,2,14,"1,5",ml/l
529,171,2,83,"1,5",ml/l
530,171,4,44,1,ml/l
531,171,55,47,"2,25",ml/l
532,172,2,187,0.5,l/ha
533,172,2,10,0.5,l/ha
534,172,2,188,0.75,l/ha
535,173,5,189,"Penyemprotan residual s/d 8 minggu: 2,5 ml/l",-
536,173,5,91,Penyemprotan residual s/d 8 minggu: 10 ml/l,-
537,173,5,92,"Penyemprotan residual s/d 8 minggu: 2,5 ml/l",-
538,173,5,124,Penyemprotan residual s/d 8 minggu: 20 ml/l,-
539,173,5,18,Penyemprotan residual s/d 8 minggu: 20 ml/l,-
540,174,3,126,150 – 200,ml/ha
541,175,3,64,2,g / 10 L
542,175,10,64,10 ppm (50 g/ha) 20 HST dan 40 HST,-
543,176,29,64,-,%
544,177,34,25,,-
545,177,34,33,"1,2 - 1,8",l/ha
546,177,34,9,,-
547,177,34,190,,-
548,177,34,191,,-
549,177,34,34,0.9 - 1.8,l/ha
550,177,34,4,0.9 - 1.8,l/ha
551,177,34,94,0.9 - 1.8,l/ha
552,178,3,192,3,ml/l
553,179,72,18,36,ml/ha
554,179,72,124,36,ml/ha
555,179,37,124,1 l/20 l air untuk 50 ml/m2 s.d. 4 minggu,-
556,179,37,18,1 l/20 l air untuk 50 ml/m2 s.d. 4 minggu,-
557,179,37,124,18,ml/ha
558,179,37,18,36,ml/ha
559,179,37,193,"2.5 2,5 ml/l air untuk 50 ml/m2 s.d 4 minggu",-
560,179,37,92,"2,5 ml/l air untuk 50 ml/m2 s.d. 4 minggu",-
561,179,37,194,"2,5 ml/l air untuk 50 ml/m2 s.d. 4 minggu",-
562,179,37,195,"2,5 ml/l s.d. 4 minggu",-
563,181,57,58,"1,5 - 3",l/ha
564,181,57,129,"1,5 - 3",l/ha
565,181,57,9,"1,5 - 3",l/ha
566,181,57,196,"1,5 - 3",l/ha
567,181,57,35,"1,5 - 3",l/ha
568,181,57,38,"1,5 - 3",l/ha
569,181,57,36,"1,5 - 3",l/ha
570,181,57,34,"1,5 - 3",l/ha
571,181,57,4,"1,5 - 3",l/ha
572,182,37,197,,-
573,182,37,195,,-
574,183,11,46,2,g/l
575,183,14,50,2,g/l
576,185,6,66,0.75 - 1.5,l/ha
577,185,6,53,0.75 - 1.5,l/ha
578,185,6,9,0.75 - 1.5,l/ha
579,185,6,58,0.75 - 1.5,l/ha
580,186,4,81,1,ml/l
581,187,14,49,2,ml/l
582,187,28,93,2,ml/l
583,187,50,198,2,ml/l
584,187,4,199,2,ml/l
585,187,36,200,"0,75",ml/l
586,187,11,93,1,ml/l
587,187,40,201,2,ml/l
588,187,27,202,"0,75",ml/l
589,187,73,201,2,ml/l
590,187,74,201,2,ml/l
591,188,35,69,"2,25 - 3",l/ha
592,188,35,27,"2,25 - 3",l/ha
593,188,35,9,,-
594,188,35,203,,-
595,189,2,188,"0,75",ml/l
596,189,4,102,"0,5",ml/l
597,189,10,204,"1,5 - 2",ml/l
598,189,10,205,1 - 2,ml/l
599,189,11,164,"0,5",ml/l
600,190,2,83,"1,5",ml/l
601,191,3,206,,
602,192,4,45,2,ml/l
603,193,55,207,2,gr/Pohon
604,193,55,208,1,g/l
605,193,55,207,"2,5",gr/Pohon
606,193,4,45,1,g/l
607,193,4,209,"1,5",g/l
608,194,75,29,2 - 3,kg/ha
609,194,75,56,2 - 3,kg/ha
610,194,75,4,2 - 3,kg/ha
611,194,1,30,"1,5 - 2,5",kg/ha
612,194,1,29,"1,5 - 2,5",kg/ha
613,195,11,46,2,ml/l
614,197,11,46,2,g/l
615,197,14,50,2,g/l
616,198,44,119,1.5,ml/l
617,199,4,81,"0,75",ml/l
618,199,44,118,1,ml/l
619,199,14,109,2,ml/l
620,200,76,210,Tidak Termasuk Salah Satu Persyaratan Pendaftaran Izin Tetap Baru Bahan Teknis,
621,201,37,124,,
622,201,37,18,,-
623,202,29,64,0,ml/l
624,203,3,83,"7,5",kg/ha
625,203,1,211,25,kg/ha
626,203,1,212,25,kg/ha
627,203,11,213,15,kg/ha
628,204,4,45,2,ml/l
629,205,11,121,1,ml/l
630,206,77,43,"1,5",ml/l
631,207,28,23,"1,5",ml/l
632,208,36,214,"1,5",ml/l/pohon
633,209,6,6,1 - 2,l/ha
634,209,6,38,1 - 2,l/ha
635,209,6,36,1 - 2,l/ha
636,210,78,215,1 g/30 m3 tembakau,-
637,211,4,216,,-
638,212,10,6,"1,5 - 3",l/ha
639,212,10,217,"1,5 - 3",l/ha
640,212,10,190,"1,5 - 3",l/ha
641,212,10,30,"1,5 - 3",l/ha
642,212,10,9,"1,5 - 3",l/ha
643,212,10,69,"1,5 - 3",l/ha
644,212,10,36,"1,5 - 3",l/ha
645,212,10,4,"1,5 - 3",l/ha
646,213,11,46,"1,5",g/l
647,214,6,30,2 - 3,l/ha
648,214,6,57,2 - 3,l/ha
649,214,6,6,2 - 3,l/ha
650,214,6,58,2 - 3,l/ha
651,214,6,36,2 - 3,l/ha
652,214,6,35,2 - 3,l/ha
653,214,6,38,2 - 3,l/ha
654,216,6,66,,-
655,216,6,9,3-4,l/ha
656,216,6,38,,-
657,216,6,34,3-4,l/ha
658,216,42,4,4 - 6,l/ha
659,216,42,218,,-
660,216,42,54,4 - 6,l/ha
661,216,42,9,4 - 6,l/ha
662,219,48,6,3-4,l/ha
663,219,48,25,3-4,l/ha
664,219,48,57,3-4,l/ha
665,219,48,30,3-4,l/ha
666,219,48,52,3-4,l/ha
667,219,48,38,3-4,l/ha
668,219,48,35,3-4,l/ha
669,219,48,34,3-4,l/ha
670,220,28,46,1,g/l
671,220,4,102,1.5,g/l
672,220,11,46,1,g/l
673,221,3,72,0.9,g/l
674,223,30,219,10,ml/pohon
675,223,2,220,"0,5",ml/l
676,224,44,118,"0,5",l/ha
677,225,37,18,,-
678,225,37,124,,-
679,226,19,69,,-
680,226,19,146,"1,5 - 3",l/ha
681,226,19,34,,-
682,226,19,24,,-
683,226,19,9,"1,5 - 3",l/ha
684,226,19,6,,-
685,227,4,44,1,ml/l
686,227,4,16,1,ml/l
687,227,14,109,1,ml/l
688,227,14,121,0.75,ml/l
689,227,10,43,0.75,ml/l
690,227,11,121,1,ml/l
691,227,44,119,0.75,ml/l
692,227,44,118,1,ml/l
693,228,37,221,siap pakai,-
694,228,37,124,siap pakai,-
695,229,2,14,"25,5",kg/ha
696,230,3,83,1,ml/l
697,230,3,14,1,ml/l
698,231,52,35,1 - 1.5,l/ha
699,231,52,9,1 - 1.5,l/ha
700,231,52,24,1 - 1.5,l/ha
701,232,13,64,1,gr/Pohon
702,234,10,2,"0,3 – 0,6",l/ha
703,234,10,78,,-
704,234,10,6,,-
705,234,10,153,,-
706,234,10,30,,-
707,234,10,9,"0,3 – 0,6",l/ha
708,234,10,24,,-
709,235,37,18,,-
710,235,37,124,,-
711,236,7,54,"1,5-3,0",l/ha
712,236,7,24,,
713,236,7,9,"1,5-3,0",l/ha
714,236,7,30,,
715,236,7,76,,
716,236,7,29,,
717,236,7,222,,
718,236,7,69,,
719,236,7,4,"1,5-3,0",l/ha
720,237,8,34,,-
721,237,8,36,,-
722,237,8,38,2 - 3,l/ha
723,237,8,35,,-
724,237,8,4,,-
725,237,8,30,,-
726,237,8,9,,-
727,237,8,6,,-
728,237,8,58,2 - 3,l/ha
729,237,8,66,,-
730,237,8,223,,-
731,238,10,69,"1,5 - 2,5",l/ha
732,238,10,4,,-
733,238,10,9,,-
734,238,10,24,"1,5 - 2,5",l/ha
735,238,10,76,,-
736,238,10,30,,
737,239,2,224,0.6,g/l
738,239,79,225,0.5,g/l
739,239,11,164,1,g/l
740,239,80,50,"0,5",g/l
741,239,81,102,1,g/l
742,239,14,50,0.3,g/l
743,239,28,164,1,g/l
744,240,51,137,2,g/l
745,241,69,6,"1,5 - 3",l/ha
746,241,69,9,"1,5 - 3",l/ha
747,241,69,66,"1,5 - 3",l/ha
748,241,69,36,"1,5 - 3",l/ha
749,241,69,38,"1,5 - 3",l/ha
750,241,69,34,"1,5 - 3",l/ha
751,241,69,4,"1,5 - 3",l/ha
752,242,2,14,2,ml/l
753,243,3,42,"112,5 - 150",ml/ha
754,243,3,41,"112,5 - 150",ml/ha
755,243,3,96,"112,5 - 150",ml/ha
756,243,3,82,"112,5 - 150",ml/ha
757,244,9,39,"1 - 1,5",l/ha
758,244,9,41,"1 - 1,5",l/ha
759,244,9,42,"1 - 1,5",l/ha
760,245,48,52,2-3,l/ha
761,245,48,6,2-3,l/ha
762,245,48,57,2-3,l/ha
763,245,48,31,2-3,l/ha
764,245,48,38,2-3,l/ha
765,245,48,34,2-3,l/ha
766,246,11,46,3,g/l
767,247,10,226,"1,5",ml/l
768,248,37,124,,-
769,248,37,18,,-
770,249,82,38,"1,125 - 1,875",l/ha
771,249,82,60,"1,125 - 1,875",l/ha
772,249,82,52,"1,125 - 1,875",l/ha
773,249,82,9,"1,125 - 1,875",l/ha
774,250,4,44,2,ml/l
775,251,27,227,"0,25",g/l
776,251,4,228,"0,4",g/l
777,252,6,6,1 - 3,l/ha
778,252,6,57,,
779,252,6,58,,-
780,252,6,9,,-
781,252,6,66,,-
782,252,6,35,,-
783,252,6,38,,-
784,252,6,36,1 - 3,l/ha
785,252,6,51,,-
786,253,3,72,"0,5",kg/ha
787,254,2,83,2,ml/l
788,255,8,66,"1,5 - 3",l/ha
789,255,8,9,,-
790,255,8,58,,-
791,255,8,76,,
792,255,8,6,,-
793,255,8,38,,-
794,255,8,229,,
795,255,8,34,,-
796,255,8,35,"1,5 - 3",l/ha
797,256,2,83,2,ml/l
798,256,2,14,2,ml/l
799,256,10,43,1,ml/l
800,256,14,109,"1,5",ml/l
801,257,6,51,"1,5 - 3",l/ha
802,257,6,36,"1,5 - 3",l/ha
803,257,6,69,"1,5 - 3",l/ha
804,257,6,38,"1,5 - 3",l/ha
805,257,6,9,"1,5 - 3",l/ha
806,257,6,66,"1,5 - 3",l/ha
807,257,6,57,"1,5 - 3",l/ha
808,257,6,6,"1,5 - 3",l/ha
809,257,32,4,"1,5 - 3",l/ha
810,257,32,69,"1,5 - 3",l/ha
811,257,32,230,"1,5 - 3",l/ha
812,257,32,24,"1,5 - 3",l/ha
813,257,32,9,"1,5 - 3",l/ha
814,257,32,30,"1,5 - 3",l/ha
815,257,32,33,"1,5 - 3",l/ha
816,258,37,18,25,ml/ha
817,258,37,124,25,ml/ha
818,258,37,92,10,ml/l
819,258,37,91,10,ml/l
820,258,37,231,5,ml/l
821,258,37,195,10,ml/l
822,258,5,124,100,ml/ha
823,258,5,124,20,ml/ha
824,258,5,18,20,ml/ha
825,259,27,232,1,ml/l
826,260,3,206,Pengumpanan siap pakai,
827,262,14,109,1,ml/l
828,262,14,233,"0,75",ml/l
829,262,36,177,0.5-1,ml/l
830,263,4,44,2,ml/l
831,263,28,16,2,ml/l
832,264,10,205,10,ml/kg benih
833,264,11,80,2,ml/l
834,265,42,38,"1,25 - 1,5",l/ha
835,265,42,31,"1,25 - 1,5",l/ha
836,265,42,9,"1,25 - 1,5",l/ha
837,265,42,6,"1,25 - 1,5",l/ha
838,266,6,9,"1,875 - 2,5",l/ha
839,266,6,30,,-
840,266,6,38,"1,875 - 2,5",l/ha
841,266,24,234,"2,25 - 3",l/ha
842,266,24,9,"2,25 - 3",l/ha
843,266,24,154,,-
844,266,24,235,,-
845,266,42,38,"1,5 - 3",l/ha
846,266,42,9,2 - 3,l/ha
847,267,14,109,"0,75",ml/l
848,268,14,111,1,g/l
849,269,2,14,20,kg/ha
850,269,2,236,20,kg/ha
851,269,2,83,20,kg/ha
852,270,4,199,0.5,ml/l
853,270,74,201,600,ml/ha
854,270,73,201,600,ml/ha
855,270,14,199,1.5,ml/l
856,270,11,46,1,ml/l
857,270,28,46,1,ml/l
858,271,6,34,"1,5 - 3",l/ha
859,271,6,36,,
860,271,6,38,,
861,271,6,158,,-
862,271,6,9,"1,5 - 3",l/ha
863,271,6,52,,-
864,271,6,30,,-
865,271,6,58,,-
866,271,6,66,,-
867,272,83,195,2.0,g/m2
868,273,84,47,0.625,ml/l
869,274,7,69,1-2,l/ha
870,274,7,35,1-2,l/ha
871,274,7,4,1-2,l/ha
872,274,7,9,1-2,l/ha
873,275,2,14,"1,5",g/l
874,276,14,111,"1,5",ml/l
875,277,42,30,75 - 150,g/ha
876,277,42,66,75 - 150,g/ha
877,277,42,58,75 - 150,g/ha
878,278,6,66,"0,75 - 1,5",l/ha
879,278,6,35,"0,75 - 1,5",
880,279,79,237,"2,5",ml/l
881,281,48,38,,-
882,281,48,51,"1,5 - 3,5",l/ha
883,281,48,35,,-
884,281,48,52,"1,5 - 3,5",l/ha
885,281,48,6,,-
886,281,48,66,,-
887,281,48,25,,-
888,282,6,66,"1,5 - 3",l/ha
889,283,2,14,1,ml/l
890,283,2,238,"1,5",ml/l
891,284,44,119,1,ml/l
892,285,4,44,2,ml/l
893,286,85,239,-,g/l
894,286,85,18,13.3,g/l
895,287,9,74,"1,5 - 3",l/ha
896,287,9,79,"1,5 - 3",l/ha
897,287,9,100,,l/ha
898,287,9,41,"1,5 - 3",l/ha
899,287,9,42,,-
900,288,4,81,2,ml/l
901,289,14,111,1,ml/l
902,290,8,6,"1,125 - 2,625",l/ha
903,290,8,27,,-
904,290,8,34,,-
905,290,8,38,"1,125 - 2,625",l/ha
906,291,86,240,0.5,kg/ha
907,292,64,241,2,tablet/ton beras
908,292,64,171,2,tablet/ton beras
909,292,64,172,2,tablet/ton beras
910,293,28,121,1,ml/l
911,295,4,44,"1,5",ml/l
912,296,37,18,siap pakai,-
913,296,37,124,siap pakai,-
914,297,44,118,1.5,ml/l
915,297,44,119,1.5,ml/l
916,298,3,14,1,g/l
917,300,14,35,,-
918,300,14,2,,
919,300,14,69,,-
920,300,14,242,"1,5 – 3",l/ha
921,300,14,68,,-
922,300,14,243,,-
923,300,14,33,,-
924,300,14,244,"1,5 – 2",l/ha
925,300,14,9,,-
926,300,14,6,,-
927,300,14,245,,-
928,300,14,95,"1,5 – 3",l/ha
929,300,14,54,,-
930,301,3,14,3.375,ml/kg benih
931,302,29,64,-,%
932,303,4,246,0.6,g/l
933,303,4,182,0.6,g/l
934,303,4,16,0.6,g/l
935,303,28,16,0.6,g/l
936,303,28,182,0.6,g/l
937,304,29,64,-,ml/l
938,305,55,247,,-
939,305,2,206,,-
940,306,1,27,1.5 - 3,l/ha
941,306,1,122,1.5 - 3,l/ha
942,306,1,69,1.5 - 3,l/ha
943,307,87,147,3 - 4,l/ha
944,307,87,248,,-
945,307,87,127,3 - 4,l/ha
946,307,87,74,,-
947,307,87,249,3 - 4,l/ha
948,308,11,250,2,g/l
949,308,51,251,2,g/l
950,308,44,118,2,g/l
951,308,4,45,2,g/l
952,309,10,252,"1,5",ml/l
953,310,11,46,"2,25",ml/l
954,311,67,14,1,ml/l
955,313,88,124,12,mg/pcs
956,313,88,18,12,mg/pcs
957,316,8,6,,l/ha
958,316,8,57,"1,5 - 3",l/ha
959,316,8,9,,-
960,316,8,38,"1,5 - 3",l/ha
961,316,8,125,,-
962,317,37,91,,-
963,317,37,92,,-
964,317,89,231,,-
965,317,90,253,,-
966,318,55,254,"0,5",ml/l
967,319,14,50,2,g/l
968,320,14,109,2,ml/l
969,320,14,121,2,ml/l
970,320,10,43,2,ml/l
971,320,4,44,1,ml/l
972,320,4,81,"1,5",ml/l
973,320,44,119,1,ml/l
974,320,44,118,"1,5",ml/l
975,321,28,23,1,ml/l
976,322,2,188,2.25,g/l
977,323,6,255,4.5 - 6,l/ha
978,323,6,6,4.5-6,l/ha
979,323,6,66,4.5-6,l/ha
980,324,51,45,"2,25",ml/l
981,324,14,109,"1,5",ml/l
982,325,4,106,"1,5",ml/l
983,326,8,6,,-
984,326,8,66,,-
985,326,8,9,2 - 4,l/ha
986,326,8,38,,-
987,326,8,34,,-
988,326,8,256,2 - 4,l/ha
989,327,6,257,1.5 - 3,l/ha
990,327,6,258,,-
991,327,6,259,1.5 - 3,l/ha
992,328,4,102,2,g/l
993,329,6,223,,-
994,329,6,9,,-
995,329,6,66,,-
996,329,6,6,3 - 6,l/ha
997,329,6,3,,-
998,329,6,3,,-
999,329,6,3,3 - 6,liter/ha
1000,329,6,38,,-
1001,330,22,260,2 - 4,l/ha
1002,330,22,261,2 - 4,l/ha
1003,330,22,6,2 - 4,l/ha
1004,330,22,42,2 - 4,l/ha
1005,330,22,41,2 - 4,l/ha
1006,330,22,9,2 - 4,l/ha
1007,330,22,51,2 - 4,l/ha
1008,330,22,128,2 - 4,l/ha
1009,330,22,4,2 - 4,l/ha
1010,330,22,69,2 - 4,l/ha
1011,330,22,38,2 - 4,l/ha
1012,330,22,35,5 - 6,l/ha
1013,330,91,4,"1,5 - 2",l/ha
1014,330,91,51,"1,5 - 2",l/ha
1015,330,91,69,"1,5 - 2",l/ha
1016,330,91,9,"1,5 - 2",l/ha
1017,330,91,30,"1,5 - 2",l/ha
1018,331,4,45,2,ml/l
1019,332,2,72,"1,5",g/l
1020,334,2,262,1.7,ml/l
1021,334,2,14,1.7,ml/l
1022,336,11,46,1,g/l
1023,337,48,6,"1 - 1,5",l/ha
1024,337,48,38,"1 - 1,5",l/ha
1025,337,48,263,"1 - 1,5",l/ha
1026,337,48,30,"1 - 1,5",l/ha
1027,337,48,34,"1 - 1,5",l/ha
1028,337,48,25,"1 - 1,5",l/ha
1029,337,48,52,"1 - 1,5",l/ha
1030,338,14,111,1,ml/l
1031,339,29,64,0,%
1032,340,10,43,2,ml/l
1033,341,8,38,,-
1034,341,8,35,,
1035,341,8,34,2 - 3,l/ha
1036,341,8,30,,-
1037,341,8,6,2 - 3,l/ha
1038,341,8,130,,-
1039,341,8,9,,-
1040,342,48,38,,-
1041,342,48,35,"1,5 - 3",l/ha
1042,342,48,130,,-
1043,342,48,6,,-
1044,342,48,57,"1,5 - 3",l/ha
1045,343,4,264,"1,5",ml/l
1046,344,92,265,2,kg/ha
1047,345,10,9,1 - 3,l/ha
1048,345,10,122,1 - 3,l/ha
1049,345,10,54,1 - 3,l/ha
1050,345,10,69,1 - 3,l/ha
1051,345,10,4,1 - 3,l/ha
1052,347,4,44,"1,35",ml/l
1053,348,93,266,"0,5",ml/l
1054,348,10,226,,
1055,348,10,267,2,ml/kg benih
1056,348,94,120,"1,5",ml/l
1057,348,95,121,2,ml/l
1058,348,96,83,2,ml/l
1059,348,96,14,2,ml/l
1060,348,96,114,2,ml/l
1061,348,97,81,"1,5",ml/l
1062,348,98,119,"1,5",ml/l
1063,348,98,118,"1,5",ml/l
1064,348,99,47,"0,5",ml/l
1065,348,100,142,2,ml/l
1066,348,101,47,"0,5",ml/l
1067,349,29,64,-,%
1068,350,82,3,"2,5 - 3,75",l/ha
1069,351,82,3,3 - 4,l/ha
1070,353,3,268,2,ml/l
1071,354,8,6,,-
1072,354,8,9,1 - 3,l/ha
1073,354,8,3,,-
1074,354,8,35,,-
1075,354,8,34,1 - 3,l/ha
1076,354,8,38,,-
1077,354,8,36,,-
1078,355,14,269,"1,2",ml/l
1079,356,28,164,1,ml/l
1080,357,18,254,300,g/ha
1081,358,37,124,,-
1082,358,37,18,,-
1083,359,2,10,1,g/l
1084,359,28,46,3,g/l
1085,359,11,46,3,g/l
1086,360,102,270,"1,5 - 2,5",l/ha
1087,360,102,4,"1,5 - 2,5",l/ha
1088,360,102,24,"1,5 - 2,5",l/ha
1089,360,102,122,2 - 2.5,l/ha
1090,360,102,9,"1,5 - 2,5",l/ha
1091,363,42,6,1.5 - 3,l/ha
1092,363,42,9,1.5 - 3,l/ha
1093,363,42,66,1.5 - 3,l/ha
1094,363,3,42,0.5 - 1,l/ha
1095,363,3,41,0.5 - 1,l/ha
1096,363,3,95,0.5 - 1,l/ha
1097,363,3,134,0.5 - 1,l/ha
1098,367,11,46,1,ml/l
1099,368,6,57,"0,75 - 1",l/ha
1100,368,6,271,"0,75 - 1",l/ha
1101,368,6,6,"0,75 - 1",l/ha
1102,368,6,58,"0,75 - 1",l/ha
1103,369,11,46,2,g/l
1104,369,4,102,2,g/l
1105,370,1,1,0.75 - 1.5,l/ha
1106,370,1,272,0.75 - 1.5,l/ha
1107,370,1,54,0.75 - 1.5,l/ha
1108,370,1,29,0.75 - 1.5,l/ha
1109,371,4,81,1,g/l
1110,372,6,6,"1,5 - 2,5",l/ha
1111,372,6,30,"1,5 - 2,5",l/ha
1112,372,6,66,"1,5 - 2,5",l/ha
1113,372,6,38,"1,5 - 2,5",l/ha
1114,372,6,36,"1,5 - 2,5",l/ha
1115,373,11,273,"1,5",g/l
1116,373,14,274,"1,125",g/l
1117,373,4,87,"1,5",g/l
1118,373,28,275,"1,5",g/l
1119,374,4,106,2,ml/l
1120,374,103,276,1,ml/l
1121,374,30,277,2,ml/l
1122,374,51,278,2,ml/l
1123,374,36,105,2,ml/l
1124,374,2,188,1.5,ml/l
1125,374,2,279,1,ml/l
1126,374,2,10,"1,5",ml/l
1127,374,11,164,1,ml/l
1128,374,33,280,2,ml/l
1129,374,28,164,3,ml/l
1130,374,10,281,1.5,ml/l
1131,375,84,282,5,ml/l
1132,376,11,64,"1 l/ha (20, 30 dan 40 HST)",-
1133,377,33,283,2,g/l
1134,377,33,284,2,g/l
1135,377,33,73,2,g/l
1136,377,33,16,2,g/l
1137,377,2,14,"0,75",g/l
1138,377,2,120,"0,5",g/l
1139,377,4,44,1,g/l
1140,377,4,16,2,g/l
1141,377,4,81,1,g/l
1142,377,28,16,"1,5",g/l
1143,377,28,182,"1,5",g/l
1144,378,14,109,"1,5",ml/l
1145,379,29,64,-,%
1146,380,4,45,2,ml/l
1147,381,55,207,1,sachet/ha
1148,382,28,285,1,ml/l
1149,383,48,52,,-
1150,383,48,25,"0,75 - 1,5",l/ha
1151,383,48,6,,-
1152,383,48,38,"0,75 - 1,5",l/ha
1153,383,48,35,,-
1154,384,6,35,"1,5 - 3,0",l/ha
1155,384,6,156,2 - 4,l/ha
1156,384,6,6,2 - 4,l/ha
1157,384,104,33,"1,5 - 2",l/ha
1158,384,104,9,"1,5 - 2",l/ha
1159,384,104,153,"1,5 - 2",l/ha
1160,384,104,36,"1,5 - 2",l/ha
1161,384,104,94,"1,5 - 2",l/ha
1162,384,104,4,"1,5 - 2",l/ha
1163,384,17,38,"1,5 - 3",l/ha
1164,384,17,286,"1,5 - 3",l/ha
1165,384,17,30,"1,5 - 3",l/ha
1166,384,17,6,"1,5 - 3",l/ha
1167,384,17,53,"1,5 - 3",l/ha
1168,385,14,109,1,ml/l
1169,385,44,118,2,ml/l
1170,385,44,119,2,ml/l
1171,385,4,45,"0,5",ml/l
1172,386,105,287,5-10,%
1173,386,105,288,3-5,%
1174,387,37,18,,-
1175,387,37,124,,-
1176,388,37,221,,-
1177,388,37,124,,-
1178,389,14,289,1 ml (3 HST dan 6 MST),-
1179,390,14,111,1,ml/l
1180,392,11,164,4,g/l
1181,392,11,46,4,g/l
1182,392,11,290,4,g/l
1183,393,55,291,"0,5",ml/l
1184,393,44,119,2,ml/l
1185,393,44,118,2,ml/l
1186,393,106,170,4,ml/l
1187,393,51,45,3,ml/l
1188,393,51,292,4,ml/l
1189,394,6,116,"0,75 - 1,75",l/ha
1190,394,6,38,"0,75 - 1,75",l/ha
1191,394,6,3,,
1192,395,13,293,0.9,gr/Pohon
1193,396,9,74,,-
1194,396,9,127,60 – 120,g/ha
1195,396,9,82,,-
1196,396,9,79,60 – 120,g/ha
1197,396,9,294,,-
1198,396,9,41,60 – 120,g/ha
1199,396,9,39,,-
1200,396,9,42,,-
1201,397,4,102,2,g/l
1202,398,3,295,2 ml/l air/aplikasi,-
1203,400,55,208,10,gr/Pohon
1204,400,44,119,1,g/l
1205,401,4,81,"0,25",ml/l
1206,402,8,57,,-
1207,402,8,9,,-
1208,402,8,6,1 - 3,l/ha
1209,402,8,52,,-
1210,402,8,66,,-
1211,403,8,34,1.5-3,l/ha
1212,403,8,36,1.5-3,l/ha
1213,403,8,35,1.5-3,l/ha
1214,403,8,38,1.5-3,l/ha
1215,403,8,69,1.5-3,l/ha
1216,403,8,4,1.5-3,l/ha
1217,404,3,83,1,ml/l
1218,405,107,296,"1,5 - 3",l/ha
1219,405,107,297,"1,5 - 3",l/ha
1220,405,107,79,"1,5 - 3",l/ha
1221,405,107,42,"1,5 - 3",l/ha
1222,405,6,66,"1,5 - 3",l/ha
1223,405,6,57,"1,5 - 3",l/ha
1224,405,6,51,"1,5 - 3",l/ha
1225,405,6,38,"1,5 - 3",l/ha
1226,406,44,119,0.75,ml/l
1227,407,44,298,1,g/l
1228,407,2,299,"2,5",g/l
1229,407,2,299,1,g/l
1230,408,48,57,,-
1231,408,48,300,,-
1232,408,48,6,1 - 3,l/ha
1233,408,48,66,,-
1234,408,48,9,,-
1235,408,48,34,,-
1236,408,48,128,,-
1237,408,48,94,1 - 3,l/ha
1238,408,48,301,,-
1239,408,48,74,1 - 3,l/ha
1240,408,48,38,,
1241,408,48,302,,-
1242,409,14,111,1,ml/l
1243,411,3,41,10-20,g/ha
1244,411,3,40,10-20,g/ha
1245,411,8,58,75-100,g/ha
1246,411,8,9,75-100,g/ha
1247,411,8,30,75-100,g/ha
1248,412,37,124,siap pakai,-
1249,412,37,18,siap pakai,-
1250,415,51,106,2,ml/l
1251,415,11,164,2,ml/l
1252,415,2,279,0.4,ml/l
1253,415,2,303,2,ml/l
1254,415,2,10,0.4,ml/l
1255,415,40,304,1.5-2,ml/l
1256,416,108,305,100,ml/ha
1257,416,108,306,100,ml/ha
1258,416,108,307,75,ml/ha
1259,416,108,308,75,ml/ha
1260,416,108,195,9.25,ml/l
1261,417,14,111,0.75,ml/l
1262,418,27,179,2,ml/l
1263,419,4,102,1,l/ha
1264,419,4,309,1,l/ha
1265,419,27,310,"2,5",ml/l
1266,419,3,311,2 - 3,ml/l
1267,419,36,105,2,ml/l
1268,420,3,95,0.9 - 1.8,l/ha
1269,420,3,82,0.9 - 1.8,l/ha
1270,420,3,79,0.9 - 1.8,l/ha
1271,420,3,42,0.9 - 1.8,l/ha
1272,421,3,83,1.125,ml/l
1273,421,3,14,1.125,ml/l
1274,422,81,102,4,g/l
1275,422,81,106,4,g/l
1276,423,28,23,3,g/l
1277,424,44,118,1,ml/l
1278,425,3,312,5.25 - 12.5,g/ha
1279,425,3,313,5.25 - 12.5,g/ha
1280,425,3,314,5.25 - 12.5,g/ha
1281,425,3,315,5.25 - 12.5,g/ha
1282,426,29,64,-,
1283,427,3,39,"1,5 - 2",l/ha
1284,427,3,42,"1,5 - 2",l/ha
1285,427,3,41,"1,5 - 2",l/ha
1286,427,3,40,"1,5 - 2",l/ha
1287,427,6,9,1 - 3,l/ha
1288,427,6,30,1 - 3,l/ha
1289,427,6,66,1 - 3,l/ha
1290,428,30,316,2,ml/l
1291,429,14,109,2,ml/l
1292,431,2,72,375,g/ha
1293,432,10,317,"3,5",ml/kg benih
1294,433,28,318,"0,5",g/l
1295,435,29,64,-,-
1296,436,11,46,1,g/l
1297,437,37,18,,-
1298,437,37,124,,-
1299,438,14,319,1.5,ml/liter
1300,439,4,81,"1,5",ml/l
1301,440,28,23,1.5,ml/l
1302,440,28,121,0.75,ml/l
1303,440,14,109,1,ml/l
1304,440,4,45,1.5,ml/l
1305,440,4,44,1,ml/l
1306,440,4,23,1.5,ml/l
1307,440,55,208,300,ml/ha
1308,440,3,320,1,ml/l
1309,440,3,114,1,ml/l
1310,440,10,43,0.5,ml/l
1311,440,44,118,250-300,ml/ha
1312,440,44,119,250-300,ml/ha
1313,441,109,9,"1,5-2,5",l/ha
1314,441,109,8,"1,5-2,5",l/ha
1315,441,109,6,"1,5-2,5",l/ha
1316,441,109,30,"1,5-2,5",l/ha
1317,441,109,71,"1,5-2,5",l/ha
1318,441,109,35,"1,5-2,5",l/ha
1319,442,29,64,-,%
1320,443,27,321,1,ml/l
1321,444,27,246,0.5,ml/l
1322,446,45,73,3,ml/l
1323,446,10,226,4,ml/l
1324,446,11,284,2,ml/l
1325,446,51,159,2,ml/l
1326,446,51,123,2,ml/l
1327,446,3,83,3,ml/l
1328,446,3,322,2,ml/l
1329,446,3,14,3,ml/l
1330,446,3,323,2,ml/l
1331,446,3,114,3,ml/l
1332,446,3,324,3,ml/l
1333,446,110,325,5 - 10,ml/pohon
1334,447,14,111,"0,8",g/l
1335,447,4,44,"0,8",g/l
1336,448,111,47,"0,125 ml/l, retensi: 0,678 kg/m3 Perendaman dingin: 0,06%",-
1337,448,111,326,"0,0625 ml/l, retensi: 0,035 kg/m3 Perendaman dingin: 0,0625%, retensi: 0,207 kg/m3",-
1338,448,112,47,"6,25",ml/l
1339,449,14,109,"0,75",ml/l
1340,450,113,327,60,g/ha
1341,451,10,23,5,gr/Pohon
1342,452,14,50,"2,5",g/l
1343,454,33,328,"0,75",ml/l
1344,454,114,329,"0,75",ml/l
1345,455,10,43,"2,25",ml/l
1346,457,10,205,"1,5",g/l
1347,458,2,188,4,g/kg benih
1348,458,2,188,1,g/l
1349,460,115,74,300 - 450,ml/ha
1350,460,115,95,300 - 450,ml/ha
1351,460,115,42,300 - 450,ml/ha
1352,460,115,41,300 - 450,ml/ha
1353,460,115,40,300 - 450,ml/ha
1354,460,115,79,300 - 450,ml/ha
1355,460,116,42,300 - 450,ml/ha
1356,460,116,40,300 - 450,ml/ha
1357,460,116,41,300 - 450,ml/ha
1358,460,116,39,300 - 450,ml/ha
1359,460,116,74,300 - 450,ml/ha
1360,460,116,95,300 - 450,ml/ha
1361,460,116,82,300 - 450,ml/ha
1362,460,116,79,300 - 450,ml/ha
1363,462,27,330,1,ml/l
1364,462,2,331,0.8,ml/l
1365,462,2,224,0.8,ml/l
1366,463,7,332,"0,75 - 1,5",l/ha
1367,463,7,6,,
1368,463,7,30,,
1369,463,7,9,"0,75 - 1,5",l/ha
1370,464,13,333,50 - 100 ml/tunggul,-
1371,464,18,65,0.5 - 1,l/ha
1372,464,18,58,0.5 - 1,l/ha
1373,465,36,334,0.125,ml/l
1374,465,36,335,0.125,ml/l
1375,465,50,336,0.125,ml/l
1376,465,50,337,0.125,ml/l
1377,465,50,338,0.125,ml/l
1378,465,27,339,0.5,ml/l
1379,465,14,340,0.5,ml/l
1380,465,11,341,0.5,ml/l
1381,465,4,342,0.5,ml/l
1382,465,4,343,0.5,ml/l
1383,466,2,14,1,ml/l
1384,467,11,46,3,g/l
1385,468,44,119,"0,5",ml/l
1386,471,29,64,0,ml/l
1387,473,57,9,"1,5 - 2,5",l/ha
1388,473,57,30,"1,5 - 2,5",l/ha
1389,473,57,66,"1,5 - 2,5",l/ha
1390,473,57,6,"1,5 - 2,5",l/ha
1391,473,57,58,"1,5 - 2,5",l/ha
1392,473,57,38,"1,5 - 2,5",l/ha
1393,473,57,51,"1,5 - 2,5",l/ha
1394,474,29,64,0,%
1395,476,14,111,2,ml/l
1396,477,117,9,"1,5 - 2,5",l/ha
1397,477,117,35,"1,5 - 2,5",l/ha
1398,477,117,4,"1,5 - 2,5",l/ha
1399,477,6,66,"1,5 - 2,5",l/ha
1400,477,6,52,"1,5 - 2,5",l/ha
1401,477,6,35,"1,5 - 2,5",l/ha
1402,477,6,38,"1,5 - 2,5",l/ha
1403,478,55,344,100,ml/ha
1404,479,4,106,2,g/l
1405,480,2,10,2,ml/l
1406,481,2,11,150,ml/ha
1407,481,2,14,450,ml/ha
1408,482,29,64,0,%
1409,483,118,345,1,ml/l
1410,484,10,205,5,g/kg benih
1411,484,28,346,2,g/l
1412,484,2,10,10,g/kg benih
1413,486,3,10,1,ml/l
1414,487,2,14,1,ml/l
1415,488,37,18,,-
1416,488,37,124,,-
1417,489,2,14,2,ml/l
1418,490,119,38,2.5 - 3.5,l/ha
1419,490,119,35,2.5 - 3.5,l/ha
1420,490,119,69,2.5 - 3.5,l/ha
1421,490,119,347,2.5 - 3.5,l/ha
1422,490,119,9,2.5 - 3.5,l/ha
1423,490,119,6,2.5 - 3.5,l/ha
1424,490,119,58,2.5 - 3.5,l/ha
1425,490,119,30,2.5 - 3.5,l/ha
1426,490,119,77,2.5 - 3.5,l/ha
1427,491,5,18,"468,75",ml/ha
1428,491,5,124,"468,5",ml/ha
1429,491,37,18,"312,5",ml/ha
1430,491,37,124,"468,75",ml/ha
1431,491,72,18,"468,75",ml/ha
1432,491,72,124,"468,75",ml/ha
1433,492,51,348,2,ml/l
1434,492,44,119,2,ml/l
1435,493,14,109,1,ml/l
1436,495,8,53,,-
1437,495,8,9,,-
1438,495,8,57,,-
1439,495,8,158,"0,5 - 1,5",l/ha
1440,495,8,58,,-
1441,496,118,349,"0,5",ml/l
1442,497,6,3,,-
1443,497,6,38,,-
1444,497,6,350,,-
1445,497,6,34,"0,75 - 1,50",l/ha
1446,497,6,9,"0,75 - 1,50",l/ha
1447,497,6,6,,-
1448,497,6,116,,-
1449,498,4,45,1,ml/l
1450,499,3,10,2,ml/l
1451,502,13,351,0.9,gr/Pohon
1452,504,2,83,2.25,g/l
1453,505,44,118,"0,5",ml/l
1454,505,44,119,"0,5",ml/l
1455,506,10,281,"1,5",ml/l
1456,507,14,50,2,g/l
1457,508,7,30,,-
1458,508,7,77,1 - 2,l/ha
1459,508,7,122,,-
1460,508,7,76,,-
1461,508,7,29,,-
1462,508,7,234,,-
1463,508,7,69,,-
1464,508,7,4,1 - 2,l/ha
1465,509,14,111,1.5,g/l
1466,511,2,226,3,ml/l
1467,511,2,14,1,ml/l
1468,511,2,352,"1,5",ml/l
1469,511,51,123,1,ml/l
1470,511,51,137,"0,5",ml/l
1471,511,51,45,"0,5",ml/l
1472,512,120,353,1.1,%
1473,513,121,44,"1,5",ml/l
1474,513,122,137,2,ml/l
1475,514,14,111,"1,5",ml/l
1476,515,12,47,20,g/l
1477,516,82,35,,-
1478,516,82,36,"3 - 4,5",l/ha
1479,516,82,38,,-
1480,517,11,46,2,g/l
1481,518,11,354,2,g/l
1482,519,44,118,"0,4",ml/l
1483,520,14,50,2,g/l
1484,521,55,208,1,gr/Pohon
1485,524,37,253,"1,5",ml/m2
1486,524,37,18,"1,5",ml/m2
1487,524,37,124,"1,5",ml/m2
1488,524,37,195,"0,075",ml/m2
1489,524,37,18,"0,075",ml/m2
1490,524,37,124,"0,075",ml/m2
1491,524,37,355,"1,5",ml/m2
1492,524,37,195,"1,5",ml/m2
1493,524,123,18,"0,075",ml/m2
1494,524,123,124,"0,075",ml/m2
1495,524,123,195,"0,075",ml/m2
1496,525,13,64,0.45,gr/Pohon
1497,526,4,44,1,ml/l
1498,527,14,109,1,ml/l
1499,528,124,124,,-
1500,528,124,18,,-
1501,529,29,64,-,
1502,530,55,208,10,gr/Pohon
1503,530,44,119,1,g/l
1504,531,125,288,20,%
1505,532,7,4,0.75 - 1.5,l/ha
1506,532,7,356,0.75 - 1.5,l/ha
1507,532,7,9,0.75 - 1.5,l/ha
1508,532,7,30,0.75 - 1.5,l/ha
1509,532,7,24,0.75 - 1.5,l/ha
1510,532,7,122,0.75 - 1.5,l/ha
1511,532,7,77,0.75 - 1.5,l/ha
1512,534,84,47,"0,0125",ml/l
1513,535,126,357,-,ml/l
1514,536,13,64,"0,9",gr/Pohon
1515,537,127,10,"1,5",ml/l
1516,538,11,358,20-25,g/l
1517,538,28,359,2,g/l
1518,538,128,360,1-2,g/l
1519,538,4,361,1-2,g/l
1520,538,4,362,1-2,g/l
1521,539,37,92,,-
1522,539,37,91,,-
1523,540,28,23,1,g/l
1524,541,52,363,"1,2",l/ha
1525,542,44,119,1,g/l
1526,543,48,57,2 - 3,l/ha
1527,543,48,130,,-
1528,543,48,6,,-
1529,543,48,25,,-
1530,543,48,35,2 - 3,l/ha
1531,543,48,38,1.5 - 3,l/ha
1532,544,70,186,Kebutuhan ekspor,ml/l
1533,545,44,118,1.5,ml/l
1534,545,44,119,1.5,ml/l
1535,545,14,109,1.5,ml/l
1536,545,10,43,1.5,ml/l
1537,546,28,45,750,ml/ha
1538,548,2,162,2,g/l
1539,549,9,95,,-
1540,549,9,74,"37,5 - 50",g/ha
1541,549,9,39,"37,5 - 50",g/ha
1542,549,9,364,,-
1543,549,9,97,,-
1544,549,9,40,,-
1545,549,9,42,,-
1546,550,129,365,-,
1547,551,2,10,"1,5",ml/l
1548,552,14,109,1,ml/l
1549,553,37,124,,
1550,553,37,18,,-
1551,554,37,18,,-
1552,554,37,124,,
1553,555,38,134,,-
1554,555,38,42,,-
1555,555,38,79,,-
1556,555,38,366,4 - 5,l/ha
1557,555,38,147,3 - 6,l/ha
1558,555,38,367,3 - 6,l/ha
1559,555,38,368,,-
1560,555,38,74,4 - 5,l/ha
1561,555,48,369,,-
1562,555,48,35,3 - 5,l/ha
1563,555,48,38,,-
1564,555,48,58,3 - 6,l/ha
1565,555,48,130,3 - 6,l/ha
1566,555,48,57,3 - 6,l/ha
1567,555,48,60,3 - 6,l/ha
1568,555,130,4,,-
1569,555,130,69,,-
1570,555,130,370,3 - 5,l/ha
1571,555,130,130,3 - 5,l/ha
1572,555,130,29,,-
1573,555,130,29,,-
1574,555,130,24,,-
1575,555,130,57,,-
1576,555,130,6,,-
1577,555,131,57,3 - 6,l/ha
1578,555,131,66,3 - 6,l/ha
1579,555,131,130,3 - 6,l/ha
1580,555,131,35,4 - 6,l/ha
1581,555,131,38,3 - 6,l/ha
1582,555,131,369,3 - 6,l/ha
1583,556,132,371,5,g/l
1584,557,1,122,"1,5 - 3",kg/ha
1585,557,1,27,,-
1586,557,1,29,,-
1587,557,1,69,"1,5 - 2,5",kg/ha
1588,558,133,64,0,l/ha
1589,559,43,4,"0,5 - 1,5",kg/ha
1590,559,43,69,,-
1591,559,43,30,,-
1592,559,43,6,,-
1593,559,43,9,"0,5 - 1,5",kg/ha
1594,560,2,14,2,ml/l
1595,561,2,372,2,ml/l
1596,563,2,14,1,g/l
1597,565,134,373,1,ml/l
1598,566,48,38,,-
1599,566,48,35,"1,5 - 3",l/ha
1600,566,48,30,,
1601,566,48,6,"1,5 - 3",l/ha
1602,566,48,34,,
1603,566,48,57,,
1604,566,48,130,,
1605,567,55,254,1,ml/l
1606,568,9,37,,-
1607,568,9,79,,-
1608,568,9,125,225 - 450,ml/ha
1609,568,9,100,,-
1610,569,6,38,1 - 2,l/ha
1611,569,6,66,,
1612,569,6,57,,
1613,569,6,9,1 - 2,l/ha
1614,569,6,30,,
1615,571,55,47,1,ml/l
1616,571,4,81,"1,5",ml/l
1617,572,13,64,,-
1618,574,6,35,3 - 5,l/ha
1619,574,6,38,3 - 5,l/ha
1620,574,6,6,3 - 5,l/ha
1621,574,6,66,3 - 5,l/ha
1622,576,11,46,2,g/l
1623,577,39,35,2 - 4,l/ha
1624,577,39,38,2 - 4,l/ha
1625,577,39,6,2 - 4,l/ha
1626,577,39,77,2 - 4,l/ha
1627,577,39,9,2 - 4,l/ha
1628,577,39,76,2 - 4,l/ha
1629,578,130,69,,-
1630,578,130,4,2 – 3,l/ha
1631,578,130,34,,-
1632,578,130,128,,
1633,578,130,6,,-
1634,578,130,24,,-
1635,578,130,9,2 – 3,l/ha
1636,579,135,374,"0,35-0,45",%
1637,579,135,374,"1,08-1,15",%
1638,580,7,69,,-
1639,580,7,234,,-
1640,580,7,375,,-
1641,580,7,94,"1,5 - 3",l/ha
1642,580,7,128,,-
1643,580,7,33,,-
1644,580,7,112,,-
1645,580,7,376,,-
1646,580,7,30,,-
1647,580,7,24,"1,5 - 3",l/ha
1648,580,7,27,,-
1649,580,7,6,,-
1650,580,7,76,,-
1651,581,28,23,2,ml/l
1652,582,2,114,0.4,ml/l
1653,583,29,64,-,
1654,584,3,127,100 - 200,g/ha
1655,584,3,97,100 - 200,g/ha
1656,584,3,150,,-
1657,584,3,39,,-
1658,585,2,10,"0,75",ml/l
1659,586,8,35,2-4,l/ha
1660,586,8,34,,-
1661,586,8,38,,-
1662,586,8,4,,-
1663,586,8,36,,-
1664,586,8,9,,-
1665,586,8,66,,-
1666,586,8,6,2 - 4,l/ha
1667,586,8,30,,-
1668,587,14,109,2,ml/l
1669,588,14,50,1,g/l
1670,590,136,377,Pengumpanan,-
1671,591,11,46,1,ml/l
1672,592,7,234,1.125-1.5,l/ha
1673,592,7,4,1.125-1.5,l/ha
1674,592,7,69,1.125-1.5,l/ha
1675,592,7,29,1.125-1.5,l/ha
1676,592,7,30,1.125-1.5,l/ha
1677,592,7,378,1.125-1.5,l/ha
1678,592,7,76,1.125-1.5,l/ha
1679,592,7,9,1.125-1.5,l/ha
1680,594,29,64,-,
1681,595,7,4,"1,5 - 2",l/ha
1682,595,7,128,"1,5 - 2",l/ha
1683,595,7,94,"1,5 - 2",l/ha
1684,595,7,30,"1,5 - 2",l/ha
1685,595,7,24,"1,5 - 2",l/ha
1686,595,7,9,"1,5 - 2",l/ha
1687,595,7,76,"1,5 - 2",l/ha
1688,595,7,112,"1,5 - 2",l/ha
1689,597,8,35,2 - 3,l/ha
1690,597,8,69,,-
1691,597,8,9,,-
1692,597,8,130,,-
1693,597,8,25,2 - 3,l/ha
1694,597,8,30,,-
1695,598,14,50,1,g/l
1696,599,111,326,"0,625",ml/l
1697,599,111,47,"0,01625",ml/l
1698,599,84,47,"0,065",ml/l
1699,600,14,142,1,ml/l
1700,600,2,14,1,ml/l
1701,600,2,83,1,ml/l
1702,601,11,46,2,g/l
1703,601,14,50,"1,5",g/l
1704,601,4,106,3,g/l
1705,601,4,103,"1,5",g/l
1706,602,3,72,1.125,g/l
1707,603,14,111,"0,75",ml/l
1708,604,29,64,0,
1709,605,9,147,"18,75-22,50",g/ha
1710,605,9,150,"18,75-22,50",g/ha
1711,605,9,41,"18,75-22,50",g/ha
1712,605,9,40,"18,75-22,50",g/ha
1713,605,9,95,"18,75-22,50",g/ha
1714,605,42,379,175,g/ha
1715,605,42,6,125-175,g/ha
1716,605,42,66,125-175,g/ha
1717,605,42,30,125-175,g/ha
1718,605,42,53,125-175,g/ha
1719,605,42,58,125-175,g/ha
1720,606,14,109,1.5,ml/l
1721,607,11,46,"1,5",g/l
1722,609,5,92,"37,5 ml/l sd. hari ke-30",
1723,609,5,91,,
1724,609,5,124,75 ml/5 L solar/ha,
1725,609,5,18,,
1726,609,5,18,15,ml/l
1727,609,5,124,,-
1728,610,20,54,2,kg/ha
1729,610,20,76,"1,5 – 3",kg/ha
1730,610,20,380,"1,5 – 3",kg/ha
1731,610,20,158,"1,5 – 3",kg/ha
1732,610,20,9,"1,5 – 3",kg/ha
1733,610,20,381,"1,5 – 3",kg/ha
1734,610,1,158,"2,5 - 3",kg/ha
1735,610,1,27,"2,5 - 3",kg/ha
1736,610,1,7,"2,5 - 3",kg/ha
1737,610,1,4,"2,5 - 3",kg/ha
1738,610,1,382,"2,5 - 3",kg/ha
1739,610,137,158,3,kg/ha
1740,610,137,9,3,kg/ha
1741,610,137,66,3,kg/ha
1742,611,2,10,0.75,ml/l
1743,613,28,23,1,ml/l
1744,613,44,118,1,ml/l
1745,613,14,109,1,ml/l
1746,613,4,45,"0,5",ml/l
1747,613,10,43,1,ml/l
1748,613,55,254,1,ml/l
1749,613,50,251,1,ml/l
1750,614,11,121,"1,5",g/l
1751,615,3,40,"3,75 - 5",l/ha
1752,615,3,383,"3,75 - 5",l/ha
1753,615,3,70,"3,75 - 5",l/ha
1754,616,2,83,1,ml/l
1755,616,2,14,1,ml/l
1756,617,51,137,2,ml/l
1757,618,132,124,,-
1758,618,132,18,,-
1759,619,59,127,,-
1760,619,59,74,,-
1761,619,59,95,1 - 2,l/ha
1762,620,37,18,,
1763,620,37,124,,-
1764,621,14,109,"2,5",g/l
1765,622,4,103,1,ml/l
1766,622,2,188,1,ml/l
1767,623,130,34,"1 - 1,5",l/ha
1768,623,130,9,,-
1769,623,130,384,,-
1770,623,130,6,"1 - 1,5",l/ha
1771,623,48,35,"1,5 - 3",l/ha
1772,623,48,385,,
1773,623,48,66,"1,5 - 3",l/ha
1774,623,48,6,,-
1775,624,37,18,,-
1776,624,37,124,,-
1777,624,37,91,,-
1778,624,37,92,,-
1779,624,37,195,,-
1780,625,29,64,-,
1781,626,9,74,,-
1782,626,9,96,"1,5 - 3",l/ha
1783,626,9,42,"1,5 - 3",l/ha
1784,626,9,79,,-
1785,626,9,100,"1,5 - 3",l/ha
1786,627,2,386,1,ml/l
1787,627,51,278,2,ml/l
1788,628,47,38,2 - 3,l/ha
1789,628,47,36,2 - 3,l/ha
1790,628,47,66,2 - 3,l/ha
1791,628,47,6,2 - 3,l/ha
1792,628,47,57,2 - 3,l/ha
1793,628,47,52,2 - 3,l/ha
1794,629,14,50,2,g/l
1795,629,4,106,2,g/l
1796,629,50,167,2,g/l
1797,629,11,46,"1,5",g/l
1798,629,28,164,3,g/l
1799,629,13,387,3,g/l
1800,629,103,276,"0,5",g/l
1801,629,30,277,2,g/l
1802,629,36,105,2,g/l
1803,629,2,188,"1,5",g/l
1804,629,138,388,3,g/l
1805,630,44,118,2,ml/l
1806,631,10,43,2,ml/l
1807,632,37,18,,
1808,632,37,124,,-
1809,633,44,118,1,ml/l
1810,635,36,389,1,ml/l
1811,635,2,188,"2,5",ml/l
1812,636,11,46,1,g/l
1813,637,14,111,1,ml/l
1814,639,14,109,1,ml/l
1815,640,36,390,20,ml/l
1816,641,30,64,"12,5 ml/l/air/pohon",-
1817,642,139,391,1,ml/l
1818,642,14,49,2,ml/l
1819,642,140,392,1500,ml/ha
1820,642,28,46,2,ml/l
1821,642,28,164,2,ml/l
1822,642,11,46,2,ml/l
1823,643,8,393,75 - 150,g/ha
1824,643,8,57,75 - 150,g/ha
1825,643,8,6,,-
1826,643,8,29,,-
1827,644,11,394,2,g/l
1828,644,4,106,2,g/l
1829,644,4,102,2,g/l
1830,645,3,14,1,ml/l
1831,647,9,96,,-
1832,647,9,74,50 - 150,l/ha
1833,647,9,39,,
1834,647,9,42,50 - 150,l/ha
1835,647,9,40,,
1836,647,9,126,50 - 150,l/ha
1837,648,3,95,10 – 20,g/ha
1838,648,3,42,10 – 20,g/ha
1839,648,3,134,10 – 20,g/ha
1840,648,3,41,10 – 20,g/ha
1841,648,6,58,75 -150,g/ha
1842,648,6,66,75 -150,
1843,648,6,30,75 -150,
1844,648,6,52,75 -150,
1845,649,14,109,"1,5",g/l
1846,650,141,41,1 - 3,l/ha
1847,650,141,89,1 - 3,l/ha
1848,650,141,42,1 - 3,l/ha
1849,650,141,395,1 - 3,l/ha
1850,650,141,79,1 - 3,l/ha
1851,650,141,82,1 - 3,l/ha
1852,650,141,74,1 - 3,l/ha
1853,650,141,95,1 - 3,l/ha
1854,651,32,30,"1,125 - 2.25",l/ha
1855,651,32,130,"1,125 - 2.25",l/ha
1856,651,32,9,"1,125 - 2.25",l/ha
1857,651,32,29,"1,125 - 2.25",l/ha
1858,651,32,70,"1,125 - 2.25",l/ha
1859,651,32,4,"1,125 - 2.25",l/ha
1860,652,11,81,3,ml/l
1861,652,2,83,3,ml/l
1862,653,14,50,"1,2",g/l
1863,653,14,396,"1,2",g/l
1864,653,4,396,"1,2",g/l
1865,653,13,103,"1,2",g/l
1866,654,2,397,2,ml/l
1867,656,142,64,-,%
1868,657,37,18,,-
1869,657,37,124,,-
1870,658,6,66,"1,5 - 3",l/ha
1871,658,6,31,"1,5 - 3",l/ha
1872,658,6,6,"1,5 - 3",l/ha
1873,658,19,4,"1,5 - 3",l/ha
1874,658,19,398,"1,5 - 3",l/ha
1875,658,19,242,"1,5 - 3",l/ha
1876,658,19,69,"1,5 - 3",l/ha
1877,658,17,6,"1,5 - 2",l/ha
1878,658,17,52,"1,5 - 2",l/ha
1879,658,17,9,"1,5 - 2",l/ha
1880,658,17,35,"1,5 - 2",l/ha
1881,659,6,234,"1,5 - 2",l/ha
1882,659,6,54,"1,5 - 2",l/ha
1883,659,6,30,"1,5 - 2",l/ha
1884,660,14,111,1,ml/l
1885,661,143,399,16,g/m3
1886,661,144,400,16,g/m3
1887,661,10,241,16,g/m3
1888,662,2,14,"1,5",g/l
1889,663,2,14,1,ml/l
1890,663,2,83,1,ml/l
1891,664,145,64,0.5,g/l
1892,665,4,45,"0,75",ml/l
1893,666,4,401,"1,25",ml/l
1894,667,34,112,2-3,l/ha
1895,667,34,70,2-3,l/ha
1896,667,34,190,2-3,l/ha
1897,667,34,33,2-3,l/ha
1898,667,34,9,2-3,l/ha
1899,667,34,4,,-
1900,667,34,34,2-3,l/ha
1901,668,10,4,,-
1902,668,10,35,,
1903,668,10,152,,
1904,668,10,69,,
1905,668,10,402,"0,75 - 1,5",l/ha
1906,668,10,25,"0,75 - 1,5",l/ha
1907,668,10,403,,
1908,668,10,9,,
1909,668,10,6,,-
1910,669,36,170,"0,5",ml/l
1911,669,51,404,1,ml/l
1912,669,28,23,1,ml/l
1913,669,55,207,"0,5",ml/l
1914,669,55,208,1,ml/l
1915,669,55,254,"0,5",ml/l
1916,670,68,285,1,ml/l
1917,671,77,205,2,ml/l
1918,672,4,81,1,ml/l
1919,673,37,91,,-
1920,673,37,92,,
1921,674,146,379,100 - 200,g/ha
1922,674,147,379,100 - 200,g/ha
1923,674,6,38,30 - 60,g/ha
1924,674,6,35,,-
1925,674,6,116,30 - 60,g/ha
1926,674,6,57,,-
1927,674,6,405,,-
1928,674,6,9,,-
1929,674,6,406,,-
1930,675,2,188,1,ml/l
1931,676,4,81,2,ml/l
1932,677,6,9,,-
1933,677,6,30,,-
1934,677,6,66,"0,75 - 1,5",l/ha
1935,677,6,36,"0,75 - 1,5",l/ha
1936,677,6,34,,-
1937,678,44,118,1.5,g/l
1938,679,2,10,2,g/l
1939,680,124,18,Siap Pakai,-
1940,680,124,124,Siap Pakai,-
1941,682,37,124,,-
1942,682,37,18,,-
1943,682,37,195,,-
1944,683,4,81,1,ml/l
1945,684,9,79,,-
1946,684,9,100,"0,75 - 1",l/ha
1947,684,9,407,"1 - 1,5",l/ha
1948,684,9,42,"0,75 - 1",l/ha
1949,685,14,50,1.5,g/l
1950,686,6,408,"1,5 - 3,5",l/ha
1951,686,6,53,,-
1952,686,6,6,,-
1953,686,6,30,,-
1954,686,6,58,,-
1955,686,6,300,,-
1956,686,6,66,,-
1957,686,6,409,,-
1958,686,6,53,,-
1959,687,6,9,0.75 - 1.5,l/ha
1960,687,6,410,0.75 - 1.5,l/ha
1961,687,6,58,0.75 - 1.5,l/ha
1962,687,6,38,0.75 - 1.5,l/ha
1963,687,6,36,0.75 - 1.5,l/ha
1964,688,11,46,2,ml/l
1965,689,1,6,"1,5 - 3",l/ha
1966,689,1,411,"1,5 - 3",l/ha
1967,689,1,4,"1,5 - 3",l/ha
1968,690,4,81,1,ml/l
1969,691,3,10,"1,5",ml/l
1970,691,3,412,"1,5",ml/l
1971,692,67,114,2,ml/l
1972,692,67,14,2,ml/l
1973,693,81,45,"0,75",ml/l
1974,694,2,188,1,ml/l
1975,695,14,109,2,ml/l
1976,695,4,81,1.5,ml/l
1977,695,4,44,1.5,ml/l
1978,696,14,413,2,g/l
1979,698,9,82,,-
1980,698,9,79,"1,125 – 2,25",l/ha
1981,698,9,296,,-
1982,699,51,414,"1,5",g/l
1983,700,9,74,"1,5 - 3",l/ha
1984,700,9,95,"1,5 - 3",l/ha
1985,700,9,41,"1,5 - 3",l/ha
1986,700,9,42,"1,5 - 3",l/ha
1987,700,9,79,"1,5 - 3",l/ha
1988,700,9,126,"1,5 - 3",l/ha
1989,701,44,118,2,ml/l
1990,702,118,64,2,ml/l
1991,703,5,18,,-
1992,703,5,124,75,ml/ha
1993,704,14,109,"1,5",ml/l
1994,705,44,118,1.125,g/l
1995,705,51,414,0.75,g/l
1996,706,4,44,"0,75",ml/l
1997,709,8,57,0.75-1.5,l/ha
1998,709,8,66,0.75-1.5,l/ha
1999,709,8,9,0.75-1.5,l/ha
2000,709,8,6,0.75-1.5,l/ha
2001,710,29,64,-,
2002,711,6,52,1.5 - 2.5,l/ha
2003,711,6,66,1.5 - 2.5,l/ha
2004,711,6,38,1.5 - 2.5,l/ha
2005,711,6,35,1.5 - 2.5,l/ha
2006,712,10,24,,-
2007,712,10,29,300 - 375,ml/ha
2008,712,10,415,,-
2009,712,10,128,300 - 375,ml/ha
2010,714,6,38,1.5 - 3,l/ha
2011,714,6,34,1.5 - 3,l/ha
2012,714,6,6,1.5 - 3,l/ha
2013,715,55,52,,-
2014,715,55,58,0.75 – 1.25,l/ha
2015,715,55,66,,-
2016,715,55,6,,-
2017,715,42,52,,-
2018,715,42,66,"0,75 - 1,25",l/ha
2019,715,42,9,,-
2020,715,42,6,,-
2021,716,2,72,2,g/l
2022,717,44,119,1,ml/l
2023,717,44,118,"0,75",ml/l
2024,718,11,121,"0,5",g/l
2025,719,4,44,"0,5",ml/l
2026,720,51,137,2,g/l
2027,722,11,416,0.5,ml/l
2028,722,3,417,0.75,ml/l
2029,722,3,418,0.75-1,ml/l
2030,722,4,419,1-2,ml/l
2031,722,4,420,1-2,ml/l
2032,723,3,14,"0,5",ml/l
2033,723,3,83,"0,5",ml/l
2034,724,36,421,1,ml/l
2035,724,14,50,2,ml/l
2036,724,3,10,2,ml/l
2037,724,10,422,3,ml/l
2038,724,13,423,"2,5",ml/l
2039,724,4,102,2,ml/l
2040,725,148,111,"0,5",ml/l
2041,726,149,374,Tidak ada (Pendaftaran Bahan Teknis),%
2042,727,11,80,"1,5",g/l
2043,729,14,50,2,ml/l
2044,730,150,95,75 - 150,ml/ha
2045,730,150,424,75 - 150,ml/ha
2046,730,150,134,75-150,ml/ha
2047,730,150,39,75-150,ml/ha
2048,730,150,2,75 - 150,ml/ha
2049,730,150,79,75 - 150,ml/ha
2050,731,37,124,1,ml/l
2051,731,37,18,1,ml/l
2052,732,29,64,-,
2053,733,4,44,2,ml/l
2054,734,2,14,"1,5",ml/l
2055,734,2,425,"1,5",ml/l
2056,735,37,124,,-
2057,735,37,18,,-
2058,736,73,426,5,g/l
2059,738,2,14,2,ml/l
2060,739,6,4,1.5 - 3,l/ha
2061,739,6,34,1.5 - 3,l/ha
2062,739,6,36,1.5 - 3,l/ha
2063,739,6,94,1.5 - 3,l/ha
2064,739,6,3,1.5 - 3,l/ha
2065,739,6,9,1.5 - 3,l/ha
2066,739,6,6,1.5 - 3,l/ha
2067,739,6,76,1.5 - 3,l/ha
2068,740,14,109,2,ml/l
2069,740,10,43,1,ml/l
2070,740,4,23,"2,25",ml/l
2071,740,4,44,3,ml/l
2072,741,29,64,,
2073,742,3,82,"7,5-9,375",l/ha
2074,742,3,127,"7,5-9,375",l/ha
2075,742,3,95,"7,5-9,375",l/ha
2076,742,3,42,"7,5-9,375",l/ha
2077,742,3,40,"7,5-9,375",l/ha
2078,742,3,41,"7,5-9,375",l/ha
2079,743,151,427,,-
2080,743,152,206,,-
2081,744,11,428,4,g/l
2082,745,4,16,1,ml/l
2083,746,153,153,,
2084,746,153,9,37.5 - 75,g/ha
2085,746,153,26,,
2086,746,153,429,,
2087,746,153,6,,
2088,747,154,430,0.01,ul/100 ml
2089,748,155,240,"0,5",kg/ha
2090,749,3,83,2.25,ml/l
2091,749,3,14,2.25,ml/l
2092,751,2,188,"1,5",ml/l
2093,752,55,47,1,ml/l
2094,753,5,124,225 - 375,ml/ha
2095,753,5,18,225 - 375,ml/ha
2096,754,10,431,3,ml/l
2097,754,14,50,"0,75",ml/l
2098,754,2,10,"0,75",ml/l
2099,755,3,14,"1,5",g/l
2100,756,108,124,125-150,ml/ha
2101,756,108,18,150,ml/ha
2102,756,108,18,125 - 150,ml/ha
2103,756,108,124,125 - 150,ml/ha
2104,756,132,124,2.5,ml/l air
2105,756,132,18,2.5,ml/l air
2106,757,11,80,4,g/l
2107,758,57,38,1 - 3,l/ha
2108,758,57,35,1 - 3,l/ha
2109,758,57,405,1 - 3,l/ha
2110,758,57,9,1 - 3,l/ha
2111,758,57,30,1 - 3,l/ha
2112,758,57,190,1 - 3,l/ha
2113,758,57,6,1 - 3,l/ha
2114,759,111,326,5,ml/l
2115,760,37,18,siap pakai,-
2116,760,37,124,siap pakai,-
2117,763,1,128,5 - 6,l/ha
2118,763,1,415,5 - 6,l/ha
2119,763,1,24,5 - 6,l/ha
2120,763,1,25,5 - 6,l/ha
2121,763,1,432,5 - 6,l/ha
2122,764,11,46,2,g/l
2123,767,14,109,2,g/l
2124,768,11,46,2,g/l
2125,769,7,69,"1,5 - 3",l/ha
2126,769,7,4,,-
2127,769,7,122,,-
2128,769,7,30,,-
2129,769,7,9,"1,5 - 3",l/ha
2130,769,7,74,"1,5 - 3",l/ha
2131,770,14,109,"1,5",ml/l
2132,772,11,46,2,g/l
2133,773,3,433,"0,5",g/l
2134,774,156,434,NA,%
2135,775,2,224,"0,25",ml/l
2136,775,2,188,"0,5",ml/l
2137,775,2,162,"0,25",ml/l
2138,776,51,435,4.5,g/l
2139,776,11,46,2,g/l
2140,776,10,281,2,g/l
2141,776,10,205,2,g/l
2142,777,48,38,1.875-3.75,l/ha
2143,777,48,35,1.875-3.75,l/ha
2144,777,48,52,1.875-3.75,l/ha
2145,777,48,6,1.875-3.75,l/ha
2146,778,157,124,100,ml/ha
2147,778,157,18,100,ml/ha
2148,779,14,50,2,g/l
2149,781,158,436,-,
2150,782,37,92,,-
2151,782,37,91,,-
2152,782,37,124,,-
2153,782,37,18,,-
2154,782,37,195,,-
2155,783,2,10,1,ml/l
2156,784,159,195,,-
2157,786,3,14,"1,5",g/l
2158,787,4,45,2,ml/l
2159,788,6,6,2 - 3,l/ha
2160,788,6,66,2 - 3,l/ha
2161,788,6,35,2 - 3,l/ha
2162,788,6,38,2 - 3,l/ha
2163,789,3,10,1,ml/l
2164,790,14,121,"1,5",ml/l
2165,791,6,437,"1,5 - 2",l/ha
2166,791,6,66,"1,5 - 2",l/ha
2167,791,6,58,"1,5 - 2",l/ha
2168,791,6,6,"1,5 - 2",l/ha
2169,792,14,109,1,ml/l
2170,793,160,438,Untuk keperluan ekspor,ml/l
2171,794,1,24,4 - 6,l/ha
2172,794,1,153,4 - 6,l/ha
2173,794,1,27,4 - 6,l/ha
2174,794,1,128,4 - 6,l/ha
2175,794,1,415,4 - 6,l/ha
2176,796,29,64,-,
2177,797,64,171,1 kantong/15 m3,
2178,797,64,165,1 kantong/15 m3,
2179,798,87,134,3 - 4,l/ha
2180,798,87,42,3 - 4,l/ha
2181,798,87,41,3 - 4,l/ha
2182,798,87,82,3 - 4,l/ha
2183,800,14,50,2,ml/l
2184,801,111,439,2,g/l
2185,802,48,57,,
2186,802,48,9,,-
2187,802,48,88,,
2188,802,48,29,,-
2189,802,48,6,150 - 300,g/ha
2190,802,48,38,,
2191,802,48,69,,-
2192,802,48,4,150 - 300,g/ha
2193,805,8,94,225 - 450,ml/ha
2194,805,8,34,225 - 450,ml/ha
2195,805,8,38,225 - 450,ml/ha
2196,805,8,51,225 - 450,ml/ha
2197,805,8,4,225 - 450,ml/ha
2198,805,8,69,225 - 450,ml/ha
2199,805,8,35,225 - 450,ml/ha
2200,805,8,36,225 - 450,ml/ha
2201,806,14,121,0.5,g/l
2202,807,14,109,"1,5",g/l
2203,808,10,43,1,ml/l
2204,809,37,18,,-
2205,809,37,124,,-
2206,810,11,142,1.5,g/l
2207,811,4,44,1,ml/l
2208,814,11,44,1.5 - 2,ml/l
2209,814,14,109,1.5,ml/l
2210,815,27,232,1,g/l
2211,815,14,109,1,g/l
2212,815,55,254,1,g/l
2213,816,9,368,20 - 30,g/ha
2214,816,9,35,20 - 30,g/ha
2215,816,9,100,,-
2216,816,9,440,,-
2217,816,9,42,,
2218,816,9,41,20 - 30,g/ha
2219,816,9,112,,
2220,816,9,441,,
2221,817,8,9,,-
2222,817,8,6,,-
2223,817,8,52,,-
2224,817,8,66,1.5 - 3,l/ha
2225,817,8,36,,
2226,817,8,38,1.5 - 3,l/ha
2227,817,8,34,,
2228,818,2,188,1.5,ml/l
2229,819,14,50,2,g/l
2230,819,2,188,2,g/l
2231,820,14,346,4,g/l
2232,821,132,124,,-
2233,821,132,18,,-
2234,822,3,10,450,ml/ha
2235,823,87,79,"1,5 - 3,5",l/ha
2236,823,87,82,"1,5 - 3,5",l/ha
2237,823,87,74,"1,5 - 3,5",l/ha
2238,823,87,95,"1,5 - 3,5",l/ha
2239,823,87,41,"1,5 - 3,5",l/ha
2240,823,87,42,"1,5 - 3,5",l/ha
2241,823,87,407,"1,5 - 3,5",l/ha
2242,826,4,103,1,ml/l
2243,827,14,109,10,g/l
2244,828,14,50,"1,5",ml/l
2245,828,28,164,750,ml/ha
2246,828,11,164,1125,ml/ha
2247,828,40,62,"1,25",ml/l
2248,828,74,62,"1,25",ml/l
2249,829,42,128,0.5-1,l/ha
2250,829,42,35,0.5-1,l/ha
2251,829,42,31,0.5-1,l/ha
2252,829,42,9,0.5-1,l/ha
2253,829,106,38,0.5-1,l/ha
2254,829,106,30,0.5-1,l/ha
2255,829,106,6,0.5-1,l/ha
2256,829,6,36,0.5-1,l/ha
2257,829,6,9,0.5-1,l/ha
2258,829,6,66,0.5-1,l/ha
2259,829,6,6,0.5-1,l/ha
2260,830,6,66,"1,5-3",l/ha
2261,830,6,6,"1,5-3",l/ha
2262,830,6,38,"1,5-3",l/ha
2263,831,10,69,3 - 4,l/ha
2264,831,10,4,3 - 4,l/ha
2265,831,10,442,3 - 4,l/ha
2266,831,10,443,3 - 4,l/ha
2267,831,10,382,3 - 4,l/ha
2268,831,10,35,3 - 4,l/ha
2269,831,10,33,3 - 4,l/ha
2270,831,10,444,3 - 4,l/ha
2271,831,10,445,3 - 4,l/ha
2272,831,10,9,3 - 4,l/ha
2273,831,10,30,3 - 4,l/ha
2274,831,10,77,3 - 4,l/ha
2275,831,10,153,3 - 4,l/ha
2276,831,10,446,3 - 4,l/ha
2277,831,10,122,3 - 4,l/ha
2278,831,10,70,3 - 4,l/ha
2279,831,10,376,3 - 4,l/ha
2280,831,10,218,3 - 4,l/ha
2281,831,10,74,3 - 4,l/ha
2282,832,14,346,"1,5",g/l
2283,832,4,447,"3,75",g/l
2284,832,2,448,2,g/l
2285,832,2,188,2,g/l
2286,832,73,391,"2,5",g/l
2287,833,42,6,,-
2288,833,42,9,4 - 6,l/ha
2289,833,42,38,2 - 4,l/ha
2290,833,6,218,4 - 5,l/ha
2291,833,6,54,,-
2292,833,6,9,4 - 5,l/ha
2293,834,7,30,,
2294,834,7,56,,
2295,834,7,9,250 - 750,ml/ha
2296,834,7,69,,-
2297,834,7,51,,-
2298,834,7,234,,-
2299,834,7,94,250 - 750,ml/ha
2300,834,7,4,,-
2301,835,8,66,3 - 4,l/ha
2302,835,8,6,3 - 4,l/ha
2303,835,8,31,3 - 4,l/ha
2304,835,8,29,3 - 4,l/ha
2305,835,8,9,3 - 4,l/ha
2306,835,8,30,3 - 4,l/ha
2307,835,8,57,3 - 4,l/ha
2308,835,8,445,3 - 4,l/ha
2309,835,8,3,3 - 4,l/ha
2310,835,8,34,3 - 4,l/ha
2311,835,8,36,3 - 4,l/ha
2312,835,8,230,3 - 4,l/ha
2313,835,8,38,3 - 4,l/ha
2314,835,8,4,3 - 4,l/ha
2315,835,8,51,3 - 4,l/ha
2316,836,14,449,"0,75",ml/l
2317,837,51,123,"0,5",ml/l
2318,838,8,38,"2,25 - 3,75",l/ha
2319,838,8,51,,-
2320,838,8,36,,-
2321,838,8,450,,-
2322,838,8,35,,-
2323,838,8,451,"2,25 - 3,75",l/ha
2324,838,8,30,,-
2325,838,8,6,,-
2326,838,8,57,,-
2327,838,8,66,,-
2328,839,4,44,"1,5",ml/l
2329,840,8,452,2 - 4,l/ha
2330,840,8,453,2 -4,l/ha
2331,840,8,454,2 -4,l/ha
2332,840,8,455,2 -4,l/ha
2333,840,8,456,2 -4,l/ha
2334,840,8,457,2 -4,l/ha
2335,840,8,458,2 -4,l/ha
2336,840,8,459,2 -4,l/ha
2337,840,8,460,2 -4,l/ha
2338,840,8,461,2 -4,l/ha
2339,840,8,462,2 -4,l/ha
2340,843,6,4,4-6,l/ha
2341,843,6,36,4-6,l/ha
2342,843,6,34,4-6,l/ha
2343,843,6,38,4-6,l/ha
2344,843,6,9,4-6,l/ha
2345,843,6,6,4-6,l/ha
2346,843,6,66,4-6,l/ha
2347,843,6,463,4-6,l/ha
2348,844,161,39,320 - 640,g/ha
2349,844,162,235,375 - 750,g/ha
2350,844,162,464,375 - 750,g/ha
2351,844,3,82,320 - 640,g/ha
2352,844,3,465,320 - 640,g/ha
2353,844,3,39,320 - 640,g/ha
2354,844,3,79,320 - 640,g/ha
2355,844,3,42,320 - 640,g/ha
2356,844,3,41,320 - 640,g/ha
2357,844,3,127,320 - 640,g/ha
2358,844,3,95,320 - 640,g/ha
2359,845,14,111,1,ml/l
2360,846,37,466,125 ml/10 L (sampai dengan 4 minggu),
2361,846,37,467,10,ml/l
2362,847,1,178,"18,75",kg/ha
2363,847,1,468,"6,25",kg/ha
2364,847,1,469,"18,75",kg/ha
2365,847,2,14,"18,75",kg/ha
2366,847,2,83,"18,75",kg/ha
2367,848,13,64,"0,06",gr/Pohon
2368,849,163,46,1,g/l
2369,851,11,46,2,g/l
2370,853,3,224,1,ml/l
2371,854,7,71,1.25 – 1.5,l/ha
2372,854,7,70,1.25 – 1.5,l/ha
2373,854,7,470,1.25 – 1.5,l/ha
2374,854,7,82,1.25 – 1.5,l/ha
2375,854,7,471,1.25 –1.5,l/ha
2376,854,7,9,1.25 – 1.5,l/ha
2377,854,7,30,1.25 – 1.5,l/ha
2378,854,7,29,1.25 – 1.5,l/ha
2379,855,6,36,2-3,l/ha
2380,855,6,66,2-3,l/ha
2381,855,6,6,2-3,l/ha
2382,855,6,58,2-3,l/ha
2383,856,164,472,-,-
2384,857,8,129,100 - 150,ml/ha
2385,857,8,24,100 - 150,ml/ha
2386,857,8,9,100 - 150,ml/ha
2387,857,8,4,100 - 150,ml/ha
2388,857,8,128,100 - 150,ml/ha
2389,858,3,473,1.5,g/l
2390,858,134,240,1,kg/ha
2391,859,51,45,1,ml/l
2392,861,9,82,60-120,ml/ha
2393,861,9,88,60-120,ml/ha
2394,861,9,42,60-120,ml/ha
2395,861,9,39,60-120,ml/ha
2396,861,9,41,60-120,ml/ha
2397,861,9,95,60-120,ml/ha
2398,861,9,74,60-120,ml/ha
2399,861,9,127,60-120,ml/ha
2400,862,6,30,0.6 - 1.2,l/ha
2401,862,6,58,0.6 - 1.2,l/ha
2402,862,6,9,0.6 - 1.2,l/ha
2403,862,6,66,0.6 - 1.2,l/ha
2404,863,112,64,12,ml/l
2405,863,111,47,"0,5",ml/l
2406,863,111,326,"0,5",ml/l
2407,864,14,64,1 g/40 l air,g/l
2408,865,4,81,1,ml/l
2409,866,8,256,"1,5 – 3",l/ha
2410,866,8,38,"1,5 – 3",l/ha
2411,866,8,4,"1,5 – 3",l/ha
2412,866,8,6,"1,5 – 3",l/ha
2413,866,8,66,"1,5 – 3",l/ha
2414,866,8,52,"1,5 – 3",l/ha
2415,866,8,9,"1,5 – 3",l/ha
2416,867,165,46,4,g/l
2417,867,166,474,1,g/l
2418,867,167,475,1.5,g/l
2419,867,168,476,1.2,g/l
2420,867,169,477,1.5,g/l
2421,867,170,478,,
2422,867,171,479,1.5,g/l
2423,867,172,101,3,g/l
2424,867,172,201,3,g/l
2425,867,173,478,0.5,g/l
2426,867,174,103,3,g/l
2427,867,175,50,4,g/l
2428,867,176,480,3,g/l
2429,867,4,396,2,g/l
2430,867,4,224,4,g/l
2431,867,177,10,3,g/l
2432,867,177,224,3,g/l
2433,867,178,281,2,kg/ha
2434,867,178,205,2,kg/ha
2435,867,179,50,1.5,g/l
2436,867,180,276,1,g/l
2437,867,181,481,1.5,g/l
2438,867,182,482,1.125,g/l
2439,867,183,483,3,g/l
2440,867,184,46,1.875,g/l
2441,867,185,63,1.5,g/l
2442,867,186,484,4,g/l
2443,867,187,485,6,g/l
2444,867,187,486,6,g/l
2445,867,188,101,4,g/l
2446,867,189,487,2,g/l
2447,867,190,435,5,g/l
2448,867,191,488,2,g/l
2449,868,4,106,1,ml/l
2450,868,2,10,"1,5",ml/l
2451,869,2,412,5,ml/l
2452,869,2,187,5,ml/l
2453,870,34,54,"0,4 - 1,2",l/ha
2454,870,34,112,,-
2455,870,34,33,"0,4 - 1,2",l/ha
2456,870,34,69,,-
2457,870,34,82,"0,4 - 1,2",l/ha
2458,870,34,94,,-
2459,871,37,18,,-
2460,871,37,124,,-
2461,872,27,489,0.5,ml/l
2462,872,11,121,0.5,ml/l
2463,872,11,81,0.5,ml/l
2464,872,4,490,1,ml/l
2465,872,4,81,1,ml/l
2466,873,10,4,"1,25 - 1,75",l/ha
2467,873,10,69,"1,25 - 1,75",l/ha
2468,873,10,35,"1,25 - 1,75",l/ha
2469,873,10,9,"1,25 - 1,75",l/ha
2470,873,10,27,"1,25 - 1,75",l/ha
2471,873,10,76,"1,25 - 1,75",l/ha
2472,874,6,35,"1,5 - 3",l/ha
2473,874,6,38,"1,5 - 3",l/ha
2474,874,6,6,"1,5 - 3",l/ha
2475,874,6,66,"1,5 - 3",l/ha
2476,874,42,6,"1,5 - 3",l/ha
2477,874,42,58,"1,5 - 3",l/ha
2478,874,42,66,"1,5 - 3",l/ha
2479,875,47,6,"1,5 - 3",l/ha
2480,875,47,9,"1,5 - 3",l/ha
2481,875,47,36,"1,5 - 3",l/ha
2482,875,47,38,"1,5 - 3",l/ha
2483,876,2,83,"1,5",ml/l
2484,876,2,14,1,ml/l
2485,877,192,79,30 - 45,ml/ha
2486,877,192,491,30 - 45,ml/ha
2487,877,192,248,30 - 45,ml/ha
2488,877,192,41,30 - 45,ml/ha
2489,877,192,42,30 - 45,ml/ha
2490,877,192,90,30 - 45,ml/ha
2491,877,192,74,30 - 45,ml/ha
2492,877,192,127,30 - 45,ml/ha
2493,878,14,492,2,ml/l
2494,879,29,64,0,%
2495,880,14,109,1,ml/l
2496,881,29,64,0,ml/l
2497,882,36,170,2,ml/l
2498,883,3,127,"0,75 - 1,5",l/ha
2499,883,3,74,,
2500,883,3,95,,
2501,883,3,493,"0,75 - 1,5",l/ha
2502,883,3,42,,
2503,884,150,494,,
2504,884,150,41,"3,25 - 5,625",l/ha
2505,884,150,42,,-
2506,884,150,495,,
2507,884,150,126,"3,25 - 5,625",l/ha
2508,884,150,35,,-
2509,885,57,4,1.5 - 3,l/ha
2510,885,57,35,1.5 - 3,l/ha
2511,885,57,38,1.5 - 3,l/ha
2512,885,57,51,1.5 - 3,l/ha
2513,885,57,6,1.5 - 3,l/ha
2514,885,57,30,1.5 - 3,l/ha
2515,885,57,58,1.5 - 3,l/ha
2516,885,57,66,1.5 - 3,l/ha
2517,885,57,57,1.5 - 3,l/ha
2518,885,57,54,1.5 - 3,l/ha
2519,886,57,496,2 - 3,l/ha
2520,886,57,9,2 - 3,l/ha
2521,886,57,66,2 - 3,l/ha
2522,886,57,6,2 - 3,l/ha
2523,887,37,124,,-
2524,887,37,18,,-
2525,888,3,14,1,ml/l
2526,890,6,94,1 - 2,l/ha
2527,890,6,34,1 - 2,l/ha
2528,890,6,38,1 - 2,l/ha
2529,890,6,3,1 - 2,l/ha
2530,890,6,9,1 - 2,l/ha
2531,890,6,6,1 - 2,l/ha
2532,890,6,66,1 - 2,l/ha
2533,891,11,497,2,ml/l
2534,892,35,153,"0,75 - 1",kg/ha
2535,892,35,4,"0,75 - 1",kg/ha
2536,892,35,71,"0,75 - 1",kg/ha
2537,892,35,2,"0,75 - 1",kg/ha
2538,892,35,9,"0,75 - 1",kg/ha
2539,892,35,9,"0,75 - 1",kg/ha
2540,892,35,30,"0,75 - 1",kg/ha
2541,894,160,438,Untuk keperluan ekspor,
2542,896,29,64,-,
2543,897,11,46,2,g/l
2544,899,193,498,1.125-1.5,l/ha
2545,899,193,499,1.125-1.5,l/ha
2546,899,193,500,1.125-1.5,l/ha
2547,899,193,501,1.125-1.5,l/ha
2548,899,193,502,1.125-1.5,l/ha
2549,899,193,503,1.125-1.5,l/ha
2550,899,193,504,1.125-1.5,l/ha
2551,899,193,505,1.125-1.5,l/ha
2552,900,37,506,,-
2553,900,37,92,,-
2554,900,37,91,,
2555,903,2,10,2,g/l
2556,903,28,46,2,g/l
2557,904,6,6,"1,5-2,5",l/ha
2558,904,6,30,2-4,l/ha
2559,904,6,223,"1,5-2,5",l/ha
2560,904,6,66,2-4,l/ha
2561,904,6,58,2-4,l/ha
2562,904,6,36,2-4,l/ha
2563,904,6,38,2-4,l/ha
2564,905,6,507,"2,25 - 3",l/ha
2565,905,6,508,"2,25 - 3",l/ha
2566,905,6,509,"2,25 - 3",l/ha
2567,905,6,510,"2,25 - 3",l/ha
2568,905,6,511,"2,25 - 3",l/ha
2569,905,42,510,"2,25 - 3",l/ha
2570,905,42,512,"2,25 - 4,5",l/ha
2571,905,42,513,"2,25 - 4,5",l/ha
2572,906,53,39,320-640,g/ha
2573,906,53,112,320-640,g/ha
2574,906,53,42,320-640,g/ha
2575,906,53,97,320-640,g/ha
2576,907,3,64,1,ml/l
2577,908,14,514,5 ppm,-
2578,910,44,265,0.5,g/m2
2579,911,6,38,"1,5-3",l/ha
2580,911,6,31,,-
2581,911,6,57,"1,5-3",l/ha
2582,912,37,18,,-
2583,912,37,124,,-
2584,915,64,241,"0,20",ml/30 ml larutan/m2
2585,915,64,515,,-
2586,915,64,399,,-
2587,915,64,171,300,ml/10000 m3
2588,915,64,173,,-
2589,915,194,173,,-
2590,915,194,171,300,ml/10000 m3
2591,916,4,81,1,g/l
2592,917,3,516,,-
2593,918,48,36,1.5 - 3,l/ha
2594,918,48,38,1.5 - 3,l/ha
2595,918,48,69,1.5 - 3,l/ha
2596,918,48,34,1.5 - 3,l/ha
2597,918,48,6,1.5 - 3,l/ha
2598,918,48,52,1.5 - 3,l/ha
2599,918,48,66,1.5 - 3,l/ha
2600,918,48,9,1.5 - 3,l/ha
2601,919,37,124,,
2602,919,37,18,,
2603,920,156,517,TAD,%
2604,921,6,38,"1,5 - 3",l/ha
2605,921,6,51,,-
2606,921,6,53,,-
2607,921,6,6,"1,5 - 3",l/ha
2608,921,6,66,,-
2609,922,6,57,150-200,g/ha
2610,924,39,38,,-
2611,924,39,34,"1,5 - 3",l/ha
2612,924,39,35,,-
2613,924,39,9,,-
2614,924,39,403,,
2615,924,39,153,"1,5 - 3",l/ha
2616,924,39,30,,
2617,925,6,31,1.5 - 2.5,l/ha
2618,925,6,58,1.5 - 2.5,l/ha
2619,925,6,30,1.5 - 2.5,l/ha
2620,926,5,518,,-
2621,926,5,18,,-
2622,927,6,38,,-
2623,927,6,35,"1,5- 2",l/ha
2624,927,6,6,"1,5- 2",l/ha
2625,927,6,66,,-
2626,928,51,16,1,g/l
2627,929,51,519,0.4,ml/l
2628,929,51,137,0.4,ml/l
2629,929,44,118,0.5,ml/l
2630,929,44,119,0.4,ml/l
2631,929,55,254,1,ml/l
2632,929,55,520,0.4,ml/l
2633,929,55,226,0.8,ml/l
2634,929,28,16,0.2,ml/l
2635,929,28,23,0.2,ml/l
2636,929,28,81,0.2,ml/l
2637,929,14,109,0.2,ml/l
2638,929,27,179,0.5,ml/l
2639,929,10,521,0.3,ml/l
2640,929,10,522,0.5,ml/l
2641,929,30,523,0.2,ml/l
2642,929,30,524,0.2,ml/l
2643,929,30,525,0.2,ml/l
2644,929,36,170,0.4,ml/l
2645,929,36,177,0.2,ml/l
2646,929,36,526,0.2,ml/l
2647,929,52,527,0.4,ml/l
2648,929,52,528,0.2,ml/l
2649,929,33,73,0.5,ml/l
2650,929,33,283,0.2,ml/l
2651,929,40,529,0.4,ml/l
2652,929,50,23,0.5,ml/l
2653,929,50,81,0.5,ml/l
2654,929,114,530,0.2,ml/l
2655,929,114,531,0.2,ml/l
2656,929,11,213,0.4,ml/l
2657,929,11,81,0.4,ml/l
2658,929,45,283,0.4,ml/l
2659,929,4,81,0.4,ml/l
2660,930,11,46,2,g/l
2661,931,44,118,6,g/l
2662,931,10,43,4,g/l
2663,932,4,23,1,ml/l
2664,937,8,3,,-
2665,937,8,34,3-4,l/ha
2666,937,8,35,,-
2667,937,8,38,,-
2668,937,8,36,,-
2669,937,8,6,,-
2670,937,8,30,,-
2671,937,8,9,,-
2672,937,8,57,,-
2673,937,8,76,3-4,l/ha
2674,938,132,18,,-
2675,938,132,124,,-
2676,939,8,35,,-
2677,939,8,3,1 - 3,l/ha
2678,939,8,34,,-
2679,939,8,38,,-
2680,939,8,36,,-
2681,939,8,9,,-
2682,939,8,6,1 - 3,l/ha
2683,940,195,532,,-
2684,940,195,74,10 – 15,kg/ha
2685,940,195,41,10 – 15,kg/ha
2686,940,195,125,10 – 15,kg/ha
2687,940,3,533,,-
2688,940,3,95,15 – 25,kg/ha
2689,940,3,82,,-
2690,940,3,79,15 – 25,kg/ha
2691,940,3,88,,-
2692,940,3,41,15 – 25,kg/ha
2693,940,3,294,,-
2694,940,3,534,,-
2695,941,2,14,2,g/l
2696,942,37,195,,-
2697,942,37,124,,-
2698,942,37,18,,-
2699,942,37,92,,-
2700,942,37,91,,-
2701,942,37,231,,-
2702,945,8,38,,-
2703,945,8,234,,
2704,945,8,36,"1,5 - 3",l/ha
2705,945,8,66,"1,5 - 3",liter/ha
2706,945,8,31,,
2707,945,8,9,,-
2708,945,8,6,,-
2709,946,55,535,100 g/bibit,-
2710,947,14,111,"1,5",%
2711,948,82,218,37.5 - 75,g/ha
2712,948,82,35,37.5 - 75,g/ha
2713,948,82,69,37.5 - 75,g/ha
2714,948,82,6,37.5 - 75,g/ha
2715,948,82,30,37.5 - 75,g/ha
2716,948,82,9,37.5 - 75,g/ha
2717,949,6,34,1.5-3,l/ha
2718,949,6,35,,-
2719,949,6,536,,-
2720,949,6,66,,-
2721,949,6,58,"1,5-3",l/ha
2722,950,196,46,"1,5",g/l
2723,951,1,69,"1,5 -2,5",kg/ha
2724,951,1,30,1.5 -2.5,kg/ha
2725,951,1,29,1.5 -2.5,kg/ha
2726,951,1,122,1.5 -2.5,kg/ha
2727,952,3,14,225,ml/ha
2728,954,4,102,2,ml/l
2729,954,197,10,2,ml/l
2730,955,11,537,2,ml/l
2731,956,198,6,2 - 3,l/ha
2732,956,198,52,2 - 3,l/ha
2733,956,198,25,2 - 3,l/ha
2734,956,198,38,2 - 3,l/ha
2735,956,198,35,2 - 3,l/ha
2736,957,8,34,3 - 6,l/ha
2737,957,8,36,3 - 6,l/ha
2738,957,8,146,3 - 6,l/ha
2739,957,8,38,3 - 6,l/ha
2740,957,8,51,3 - 6,l/ha
2741,957,8,66,3 - 6,l/ha
2742,957,8,9,3 - 6,l/ha
2743,957,8,6,3 - 6,l/ha
2744,958,6,35,1 - 2,l/ha
2745,958,6,38,,-
2746,958,6,66,1 - 2,l/ha
2747,958,6,6,,-
2748,959,4,538,2,ml/l
2749,960,7,4,"1,5 - 3",l/ha
2750,960,7,2,1.5 - 3,l/ha
2751,960,7,6,1.5 -3,l/ha
2752,960,7,24,1.5 -3,l/ha
2753,960,7,130,1.5 -3,l/ha
2754,960,7,30,1.5 -3,l/ha
2755,961,3,74,"0,75 - 1,5",l/ha
2756,961,3,79,"0,75 - 1,5",l/ha
2757,961,3,100,,-
2758,961,3,41,,-
2759,961,3,134,,-
2760,961,3,424,"0,75 - 1,5",l/ha
2761,962,28,45,"0,375",ml/l
2762,963,14,539,"0,125",g/l
2763,964,3,14,"0,5",ml/l
2764,964,3,83,"1,5",ml/l
2765,965,2,14,0.4,g/l
2766,966,2,14,"1,5",ml/liter
2767,966,81,285,2,ml/l
2768,966,51,285,2,ml/l
2769,966,20,530,"1,25",ml/l
2770,966,20,285,"1,25",ml/l
2771,967,24,34,2.25-3,l/ha
2772,967,24,38,2.25-3,l/ha
2773,967,24,51,2.25-3,l/ha
2774,967,24,223,2.25-3,l/ha
2775,967,1,540,2.25-3,l/ha
2776,967,1,541,2.25-3,l/ha
2777,967,1,66,2.25-3,l/ha
2778,967,1,542,2.25-3,l/ha
2779,967,1,128,2.25-3,l/ha
2780,967,1,38,2.25-3,l/ha
2781,967,147,408,2.5-3,l/ha
2782,967,147,543,3-3.75,l/ha
2783,967,147,544,2.5-3,l/ha
2784,967,147,300,2.5-3,l/ha
2785,967,147,34,2.5-3,l/ha
2786,967,147,35,2.5-3,l/ha
2787,967,147,38,2.5-3,l/ha
2788,967,15,545,2.25-3,l/ha
2789,967,15,51,2.25-3,l/ha
2790,967,15,35,2.25-3,l/ha
2791,967,15,546,2.25-3,l/ha
2792,967,15,34,2.25-3,l/ha
2793,967,15,38,2.25-3,l/ha
2794,967,15,223,2.25-3,l/ha
2795,967,18,35,2.25-3,l/ha
2796,967,18,51,2.25-3,l/ha
2797,967,18,38,2.25-3,l/ha
2798,967,18,547,2.25-3,l/ha
2799,967,18,65,2.25-3,l/ha
2800,967,18,543,2.25-3,l/ha
2801,967,16,51,2.5 l/ha s.d 2 jam setelah semprot (JSS),-
2802,967,16,35,2.5 l/ha s.d 2 jam setelah semprot (JSS),-
2803,967,16,3,2.5 l/ha s.d 2 jam setelah semprot (JSS),-
2804,967,16,6,2.5 l/ha s.d 2 jam setelah semprot (JSS),-
2805,967,16,223,2.5 l/ha s.d 2 jam setelah semprot (JSS),-
2806,967,16,9,2.5 l/ha s.d 3 jam setelah semprot (JSS),-
2807,967,20,9,3-3.75,l/ha
2808,967,20,58,3-3.75,l/ha
2809,967,20,6,3-3.75,l/ha
2810,967,20,548,3-3.75,l/ha
2811,967,20,35,3-3.75,l/ha
2812,967,20,51,3-3.75,l/ha
2813,967,19,69,2.25-3,l/ha
2814,967,19,38,2.25-3,l/ha
2815,967,19,549,3.75-4.5,l/ha
2816,967,19,6,3-4.5,l/ha
2817,967,19,550,2.25-3,l/ha
2818,967,26,549,2.25-3,l/ha
2819,967,26,34,2.25-3,l/ha
2820,967,26,51,2.25-3,l/ha
2821,967,26,35,2.25-3,l/ha
2822,967,26,38,2.25-3,l/ha
2823,967,26,223,2.25-3,l/ha
2824,967,23,300,2.25-3,l/ha
2825,967,23,551,2.25-3,l/ha
2826,967,23,58,2.25-3,l/ha
2827,967,23,38,2.25-3,l/ha
2828,967,23,34,2.25-3,l/ha
2829,967,23,552,2.25-3,l/ha
2830,967,199,35,2.25-3,l/ha
2831,967,199,34,2.25-3,l/ha
2832,967,199,38,2.25-3,l/ha
2833,967,199,545,2.25-3,l/ha
2834,967,199,223,2.25-3,l/ha
2835,967,22,3,3-3.75,l/ha
2836,968,4,44,1,g/l
2837,969,48,3,,-
2838,969,48,38,1050 - 2100,ml/ha
2839,969,48,35,,-
2840,969,48,6,,-
2841,969,48,52,,-
2842,969,48,130,1050 - 2100,ml/ha
2843,970,200,553,"1,5 - 3",l/ha
2844,970,200,554,"1,5 - 3",l/ha
2845,970,200,77,,-
2846,970,200,40,,-
2847,970,200,42,,
2848,970,200,147,,-
2849,970,200,82,"1,5 - 3",l/ha
2850,970,200,79,,-
2851,972,81,44,1,ml/l
2852,973,29,64,-,
2853,974,4,81,2,g/l
2854,975,51,519,1,g/l
2855,976,71,34,2 - 4,l/ha
2856,976,71,35,,
2857,976,71,38,,
2858,976,71,555,,
2859,976,71,6,,
2860,976,71,9,2 - 4,l/ha
2861,977,4,44,"1,5",ml/l
2862,978,37,91,,-
2863,978,37,92,,-
2864,978,37,124,,-
2865,978,37,18,,-
2866,978,37,195,,-
2867,979,82,556,"2,25 - 3",l/ha
2868,980,44,119,"1,5",g/l
2869,981,10,205,"2,5",ml/kg
2870,982,8,66,0.5 - 1,l/ha
2871,982,8,557,0.5 - 1,l/ha
2872,982,8,53,0.5 - 1,l/ha
2873,982,8,6,0.5 - 1,l/ha
2874,982,8,57,0.5 - 1,l/ha
2875,983,6,558,2.25-3,l/ha
2876,983,6,559,2.25-3,l/ha
2877,984,135,374,92,%
2878,985,201,95,100-200,ml/ha
2879,985,201,560,100-200,ml/ha
2880,985,201,134,100-200,ml/ha
2881,985,201,41,100-200,ml/ha
2882,985,201,42,100-200,ml/ha
2883,985,201,40,100-200,ml/ha
2884,986,65,171,"1 kantung/11,3 ton (setara dengan 1 tablet/ton)",-
2885,986,65,173,,-
2886,987,4,44,1.5,ml/l
2887,988,27,179,2,ml/l
2888,988,14,109,3,ml/l
2889,988,4,45,"3,375",ml/l
2890,988,44,119,1,ml/l
2891,988,44,118,1,ml/l
2892,989,11,46,2,ml/l
2893,990,20,488,1,g/l
2894,990,13,387,2,g/l
2895,991,114,561,1,ml/l
2896,992,4,44,1.5,g/l
2897,993,7,4,150-300,ml/ha
2898,993,7,69,150-300,ml/ha
2899,993,7,35,150-300,ml/ha
2900,993,7,68,150-300,ml/ha
2901,993,7,33,150-300,ml/ha
2902,993,7,29,150-300,ml/ha
2903,993,7,70,150-300,ml/ha
2904,993,7,77,150-300,ml/ha
2905,993,7,24,150-300,ml/ha
2906,994,14,562,1.5,g/l
2907,995,81,563,1,ml/l
2908,998,10,43,2,g/l
2909,999,4,44,1.5,ml/l
2910,1000,48,35,1.5 - 3,l/ha
2911,1000,48,38,1.5 - 3,l/ha
2912,1000,48,34,1.5 - 3,l/ha
2913,1000,48,6,1.5 - 3,l/ha
2914,1000,48,52,1.5 - 3,l/ha
2915,1000,48,25,1.5 - 3,l/ha
2916,1001,29,64,-,
2917,1002,30,277,3,ml/l
2918,1002,140,564,2,ml/l
2919,1004,9,37,,-
2920,1004,9,100,2 - 3,l/ha
2921,1004,9,125,,-
2922,1004,9,54,2 - 3,l/ha
2923,1004,9,127,,-
2924,1004,9,565,,-
2925,1004,9,134,,-
2926,1004,9,41,,-
2927,1004,9,40,2 - 3,l/ha
2928,1004,9,42,,-
2929,1005,14,109,1,ml/l
2930,1005,4,45,1,ml/l
2931,1005,44,119,1,ml/l
2932,1005,44,118,1,ml/l
2933,1005,51,45,1,ml/l
2934,1005,2,114,0.4,ml/l
2935,1005,10,43,0.8,ml/l
2936,1006,29,64,-,
2937,1008,13,566,0.5,ml/pohon
2938,1009,29,64,-,%
2939,1010,13,64,"0,75",gr/Pohon
2940,1011,3,279,1,ml/l
2941,1012,2,14,1,ml/l
2942,1012,2,83,1,ml/l
2943,1013,2,188,3.75 g/l,g/l
2944,1013,50,167,1,g/l
2945,1014,2,188,5 g/kg benih,-
2946,1015,11,46,2,g/l
2947,1017,6,6,100-150,g/ha
2948,1017,6,567,100-150,g/ha
2949,1017,6,38,100-150,g/ha
2950,1017,6,35,100-150,g/ha
2951,1018,14,50,2,ml/l
2952,1019,14,50,2,g/l
2953,1019,11,46,3,g/l
2954,1020,6,57,3 - 4,l/ha
2955,1020,6,30,3 - 4,l/ha
2956,1020,6,9,3 - 4,l/ha
2957,1020,6,6,3 - 4,l/ha
2958,1020,6,36,3 - 4,l/ha
2959,1020,6,38,4 - 5,l/ha
2960,1021,10,43,2,ml/l
2961,1022,29,357,-,-
2962,1023,202,18,75,ml/ha
2963,1023,202,124,75,ml/ha
2964,1023,202,124,75,ml/ha
2965,1023,202,18,75,ml/ha
2966,1025,118,568,1,ml/l
2967,1026,37,569,,-
2968,1026,37,18,,-
2969,1026,37,124,,-
2970,1027,71,6,1 - 2,l/ha
2971,1027,71,66,1 - 2,l/ha
2972,1027,71,9,1 - 2,l/ha
2973,1028,51,45,2,g/l
2974,1028,4,45,2,g/l
2975,1028,3,14,"3,75",kg/ha
2976,1029,4,106,2,g/l
2977,1031,10,43,2,ml/l
2978,1032,55,570,1,ml/l
2979,1032,3,571,"1,5",ml/l
2980,1032,3,14,1,ml/l
2981,1033,203,572,75,g/l/pohon
2982,1034,35,6,"1,5 - 3",kg/ha
2983,1034,35,122,"1,5 - 3",kg/ha
2984,1034,35,29,"1,5 - 3",kg/ha
2985,1034,35,9,"1,5 - 3",kg/ha
2986,1034,35,66,"1,5 - 3",kg/ha
2987,1034,35,573,"1,5 - 3",kg/ha
2988,1034,35,574,"1,5 - 3",kg/ha
2989,1034,35,70,"1,5 - 3",kg/ha
2990,1034,35,55,"1,5 - 3",kg/ha
2991,1034,35,24,"1,5 - 3",kg/ha
2992,1034,35,31,"1,5 - 3",kg/ha
2993,1034,35,51,"1,5 - 3",kg/ha
2994,1034,35,36,"1,5 - 3",kg/ha
2995,1034,35,234,"1,5 - 3",kg/ha
2996,1034,35,69,"1,5 - 3",kg/ha
2997,1035,113,14,"0,5",g/l
2998,1036,4,45,0.5,ml/l
2999,1037,10,9,75 - 150,g/ha
3000,1037,10,122,75 - 150,g/ha
3001,1037,10,24,75 - 150,g/ha
3002,1037,10,69,75 - 150,g/ha
3003,1038,14,274,1,ml/l
3004,1040,10,250,2,ml/kg benih
3005,1040,10,575,"1,8",ml/kg benih
3006,1040,10,43,"2,4",ml/kg benih
3007,1040,10,45,"1,2",ml/kg benih
3008,1041,2,576,2,g/l
3009,1042,10,43,"1,5",ml/l
3010,1042,4,81,"1,5",ml/l
3011,1042,14,121,"0,75",ml/l
3012,1044,8,6,3 - 6,l/ha
3013,1044,8,66,,-
3014,1044,8,3,,
3015,1044,8,34,3 - 6,l/ha
3016,1044,8,38,,-
3017,1044,8,577,,
3018,1044,8,69,,
3019,1045,11,80,"0,25",g/l
3020,1046,2,188,2,g/l
3021,1047,10,43,2,g/l
3022,1047,44,119,1,g/l
3023,1047,44,118,1,g/l
3024,1048,10,43,1,g/l
3025,1048,14,121,2,g/l
3026,1050,13,578,"0,45",gr/Pohon
3027,1051,4,45,1.125,g/l
3028,1052,2,448,3,g/l
3029,1052,11,46,6,g/l
3030,1052,36,105,2.5,g/l
3031,1053,14,109,2.25,ml/l
3032,1054,48,34,1.5 - 3,l/ha
3033,1054,48,38,1.5 - 3,l/ha
3034,1054,48,3,1.5 - 3,l/ha
3035,1054,48,57,1.5 - 3,l/ha
3036,1054,48,25,1.5 - 3,l/ha
3037,1054,48,52,1.5 - 3,l/ha
3038,1054,48,6,1.5 - 3,l/ha
3039,1056,55,208,1.5,ml/l
3040,1057,14,111,2,ml/l
3041,1059,10,218,1.5,l/ha
3042,1059,10,4,1.5,l/ha
3043,1059,10,579,1.5,l/ha
3044,1059,10,30,1.5 - 2,l/ha
3045,1059,10,580,1.5 - 2,l/ha
3046,1059,10,112,1.5 - 2,l/ha
3047,1059,10,9,1.5 - 2,l/ha
3048,1060,3,581,"0,5-1",l/ha
3049,1060,3,582,"0,5-1",l/ha
3050,1060,3,39,"0,5-1",l/ha
3051,1060,3,97,"0,5-1",l/ha
3052,1060,3,74,"0,5-1",l/ha
3053,1060,3,147,0.5 - 1,l/ha
3054,1060,3,583,0.5 - 1,l/ha
3055,1061,37,92,,-
3056,1061,37,91,,-
3057,1061,37,18,,-
3058,1061,37,124,,-
3059,1061,37,584,,-
3060,1061,37,195,,-
3061,1062,4,44,2,ml/l
3062,1063,15,585,3-4,l/ha
3063,1063,15,30,,-
3064,1063,15,66,2-4,l/ha
3065,1063,15,76,,-
3066,1063,15,57,,-
3067,1063,15,6,,-
3068,1063,15,9,,-
3069,1063,15,445,,-
3070,1063,15,69,,-
3071,1063,15,38,,-
3072,1063,15,3,,-
3073,1063,15,35,2-4,l/ha
3074,1063,15,34,,-
3075,1063,20,9,,-
3076,1063,20,57,,-
3077,1063,20,6,2-4,l/ha
3078,1063,20,369,,-
3079,1063,20,35,,-
3080,1063,20,4,2-4,l/ha
3081,1063,20,69,,-
3082,1063,17,51,,-
3083,1063,17,34,2-4,l/ha
3084,1063,17,3,,-
3085,1063,17,130,,-
3086,1063,17,6,,-
3087,1063,17,52,3-4,l/ha
3088,1063,17,57,,-
3089,1063,17,34,,-
3090,1063,17,585,2-4,l/ha
3091,1063,24,55,,-
3092,1063,24,586,2-4,l/ha
3093,1063,24,587,,-
3094,1063,24,588,,-
3095,1063,24,6,,-
3096,1063,24,66,,-
3097,1063,24,34,,-
3098,1063,24,35,,-
3099,1063,24,51,2-4,l/ha
3100,1063,24,51,,
3101,1063,128,58,,-
3102,1063,128,9,2-4,l/ha
3103,1063,128,57,,-
3104,1063,128,34,2-4,l/ha
3105,1063,128,35,,-
3106,1063,128,36,,-
3107,1063,128,51,,-
3108,1063,21,589,2-4,l/ha
3109,1063,21,3,2-4,l/ha
3110,1063,21,34,,-
3111,1063,21,9,2-4,l/ha
3112,1063,21,223,,-
3113,1063,21,57,,-
3114,1063,26,3,2-4,l/ha
3115,1063,26,35,,-
3116,1063,26,66,2-4,l/ha
3117,1063,26,9,,-
3118,1063,26,6,,-
3119,1063,26,57,,-
3120,1063,26,590,,-
3121,1063,22,3,2-4,l/ha
3122,1063,18,591,2-4,l/ha
3123,1063,18,51,,-
3124,1063,18,3,,-
3125,1063,18,35,,-
3126,1063,18,38,,-
3127,1063,18,585,2-4,l/ha
3128,1063,18,408,,-
3129,1063,18,587,,-
3130,1063,18,263,,-
3131,1063,18,66,,-
3132,1063,18,6,,-
3133,1063,18,9,,-
3134,1063,18,592,2-3,l/ha
3135,1063,19,3,2-4,l/ha
3136,1065,28,46,2,g/l
3137,1067,51,137,3,ml/l
3138,1068,13,48,,-
3139,1069,37,195,25 g/l s.d hari ke-30,-
3140,1069,37,92,25 g/l s.d hari ke-30,-
3141,1069,37,91,,
3142,1071,14,50,1.5,g/l
3143,1071,4,102,1.5,g/l
3144,1071,4,106,1.5,g/l
3145,1072,14,109,2,ml/l
3146,1073,204,593,,
3147,1073,205,593,,
3148,1073,206,594,,
3149,1074,3,14,1,ml/l
3150,1075,29,64,-,
3151,1076,39,76,"2,25 - 3,75",l/ha
3152,1076,39,30,"2,25 - 3,75",l/ha
3153,1076,39,66,"2,25 - 3,75",l/ha
3154,1076,39,9,"2,25 - 3,75",l/ha
3155,1076,39,153,"2,25 - 3,75",l/ha
3156,1076,39,57,"2,25 - 3,75",l/ha
3157,1076,39,6,"2,25 - 3,75",l/ha
3158,1076,39,69,"2,25 - 3,75",l/ha
3159,1076,39,34,"2,25 - 3,75",l/ha
3160,1076,39,4,"2,25 - 3,75",l/ha
3161,1076,39,38,"2,25 - 3,75",l/ha
3162,1076,39,36,"2,25 - 3,75",l/ha
3163,1076,39,128,"2,25 - 3,75",l/ha
3164,1076,39,51,"2,25 - 3,75",l/ha
3165,1076,39,35,"2,25 - 3,75",l/ha
3166,1077,55,207,12,perangkap/ha
3167,1078,6,38,3-4,l/ha
3168,1078,6,34,3-4,l/ha
3169,1078,6,51,3-4,l/ha
3170,1078,6,35,3-4,l/ha
3171,1078,6,36,3-4,l/ha
3172,1078,6,66,3-4,l/ha
3173,1078,6,57,3-4,l/ha
3174,1078,6,9,3-4,l/ha
3175,1078,6,6,3-4,l/ha
3176,1078,6,30,3-4,l/ha
3177,1079,14,81,0.75,ml/l
3178,1080,148,595,"12,5-25",g/ha
3179,1081,10,205,"1,25",g/kg benih
3180,1082,2,14,2,g/l
3181,1083,4,44,"0,75",ml/l
3182,1084,29,64,-,
3183,1086,4,45,4,g/l
3184,1087,30,64,20 ml/l air/pohon,-
3185,1088,71,9,3-4,l/ha
3186,1088,71,190,3-4,l/ha
3187,1088,71,6,3-4,l/ha
3188,1088,71,30,3-4,l/ha
3189,1088,71,4,3-4,l/ha
3190,1088,71,36,3-4,l/ha
3191,1088,71,35,3-4,l/ha
3192,1089,35,405,"0,6 - 1,2",kg/ha
3193,1089,35,596,"0,6 - 1,2",kg/ha
3194,1089,35,6,"0,6 - 1,2",kg/ha
3195,1089,35,9,"0,6 - 1,2",kg/ha
3196,1089,35,122,"0,6 - 1,2",kg/ha
3197,1089,35,31,"0,6 -1",kg/ha
3198,1089,35,100,"0,6 - 1,2",kg/ha
3199,1089,35,4,"0,6 - 1,2",kg/ha
3200,1089,35,34,"0,6 - 1,2",kg/ha
3201,1090,116,597,"1,5 - 2",l/ha
3202,1090,116,598,"1,5 - 2",l/ha
3203,1090,116,599,"1,5 - 2",l/ha
3204,1090,116,600,"1,5 - 2",l/ha
3205,1090,116,601,"1,5 - 2",l/ha
3206,1092,4,561,1,g/l
3207,1093,207,602,1,g/l
3208,1095,9,42,"0,5 - 1,5",l/ha
3209,1095,9,95,"0,5 - 1,5",l/ha
3210,1095,9,79,,-
3211,1095,9,100,"0,5 - 1,5",l/ha
3212,1097,6,66,"1,5-2,5",l/ha
3213,1097,6,6,"1,5-2,5",l/ha
3214,1097,6,58,"1,5-2,5",l/ha
3215,1097,6,36,"1,5-2,5",l/ha
3216,1097,6,38,"1,5-2,5",l/ha
3217,1098,4,603,"1,5",ml/l
3218,1098,4,604,"1,5",ml/l
3219,1100,4,50,2,ml/l
3220,1101,156,434,NA,
3221,1102,208,605,"0,25",gr/ 5 liter air
3222,1103,36,170,"1,5",g/l
3223,1104,2,10,2,ml/l
3224,1105,3,83,1,ml/l
3225,1105,3,14,"1,5",ml/l
3226,1106,6,4,"2,25 - 3,75",l/ha
3227,1106,6,9,"2,25 - 3,75",l/ha
3228,1106,6,158,,
3229,1107,6,38,2 - 2.5,l/ha
3230,1107,6,66,,-
3231,1107,6,52,"2 - 2,5",l/ha
3232,1107,6,58,,-
3233,1108,2,10,"1,125",ml/l
3234,1108,2,188,"1,125",ml/l
3235,1109,113,14,1,g/l
3236,1110,20,606,"0,5625",l/ha
3237,1111,18,36,"1,5 - 2",l/ha
3238,1111,18,9,"1,5 - 2",l/ha
3239,1111,18,60,,-
3240,1111,6,58,"1,5 - 2",l/ha
3241,1111,6,9,,-
3242,1111,6,36,"1,5 - 2",l/ha
3243,1111,6,38,,-
3244,1112,14,50,2,ml/l
3245,1113,3,114,"1,5",g/l
3246,1113,28,142,"1,5 - 2",g/l
3247,1113,28,81,"1,5",g/l
3248,1113,28,16,"1,5",g/l
3249,1113,3,14,"0,75",kg/ha
3250,1113,3,83,"0,75",kg/ha
3251,1113,40,44,1,g/l
3252,1113,2,14,"0,75",kg/ha
3253,1113,11,81,"1,5",g/l
3254,1113,4,44,"1,5",g/l
3255,1113,4,16,1 - 2,g/l
3256,1113,4,81,1 - 2,g/l
3257,1114,6,66,1 - 1.5,l/ha
3258,1114,6,38,1 - 1.5,l/ha
3259,1115,14,64,2,ml/l
3260,1116,6,35,,-
3261,1116,6,51,,-
3262,1116,6,38,,-
3263,1116,6,607,"1,5 - 3,0",l/ha
3264,1116,6,6,,-
3265,1116,6,30,,-
3266,1116,6,66,,-
3267,1116,6,57,"1,5 - 3,0",l/ha
3268,1117,11,46,1,g/l
3269,1119,18,6,1.5 - 2,l/ha
3270,1119,18,66,1.5 - 2,l/ha
3271,1119,18,51,1.5 - 2,l/ha
3272,1119,18,36,1.5 - 2,l/ha
3273,1119,18,38,1.5 - 2,l/ha
3274,1120,14,50,2,ml/l
3275,1122,28,23,1,ml/l
3276,1123,42,9,1 - 1.5,l/ha
3277,1123,42,38,1 - 1.5,l/ha
3278,1123,42,94,1 - 1.5,l/ha
3279,1123,42,35,1 - 1.5,l/ha
3280,1123,87,90,3 - 4,l/ha
3281,1123,87,89,3 - 4,l/ha
3282,1123,87,2,3 - 4,l/ha
3283,1124,13,64,"0,9",g/l/pohon
3284,1125,4,44,1,ml/l
3285,1127,3,14,1,ml/l
3286,1127,3,83,1,ml/l
3287,1128,14,109,"0,375",ml/l
3288,1129,14,111,1,ml/l
3289,1130,132,608,,-
3290,1130,132,609,,
3291,1130,132,18,,
3292,1130,132,124,,-
3293,1131,29,64,-,ml/l
3294,1132,14,50,"1,5",ml/l
3295,1133,3,14,300,ml/ha
3296,1133,3,83,1,ml/l
3297,1133,4,81,"0,5",ml/l
3298,1133,4,610,"0,5",ml/l
3299,1134,2,114,1,ml/l
3300,1135,14,269,2,g/l
3301,1136,11,611,"7,5",g/ha/aplikasi (30 & 40 HST)
3302,1136,3,612,"8,4",g/ha/aplikasi (50 s/d & 70 HST)
3303,1136,14,613,5,g/ha/aplikasi (30 & 40 HST)
3304,1136,4,614,10,g/ha/aplikasi (30 & 40 HST)
3305,1137,11,46,2,g/l
3306,1138,29,64,-,%
3307,1139,3,72,0.75,g/l
3308,1140,6,25,1.5 - 3,l/ha
3309,1140,6,66,1.5 - 3,l/ha
3310,1140,6,36,1.5 - 3,l/ha
3311,1140,6,51,1.5 - 3,l/ha
3312,1141,48,38,"1,5 - 3",l/ha
3313,1141,48,35,,
3314,1141,48,30,,
3315,1141,48,9,"1,5 - 3",l/ha
3316,1141,48,6,,
3317,1142,3,615,1,gr/ 10 l air
3318,1143,4,102,3,ml/l
3319,1143,28,46,3,ml/l
3320,1144,45,35,225 - 450,ml/ha
3321,1144,45,69,225 - 450,ml/ha
3322,1144,45,616,225 - 450,ml/ha
3323,1144,45,128,225 - 450,ml/ha
3324,1144,45,4,225 - 450,ml/ha
3325,1145,11,46,2,g/l
3326,1146,2,14,"1,5",g/l
3327,1148,3,41,"0,75-1",l/ha
3328,1148,3,112,"0,75-1",l/ha
3329,1148,3,150,"0,75-1",l/ha
3330,1148,3,617,"0,75-1",l/ha
3331,1148,3,127,"0,75-1",l/ha
3332,1148,3,96,"0,75-1",l/ha
3333,1149,8,54,"125-156,25",g/l
3334,1149,8,9,"125-156,25",g/l
3335,1149,8,58,"125-156,25",g/l
3336,1149,8,66,"125-156,25",g/l
3337,1149,8,618,"125-156,25",g/l
3338,1149,9,619,10 - 20,g/ha
3339,1149,9,41,10 - 20,g/ha
3340,1149,9,77,10 - 20,g/ha
3341,1149,9,464,10 - 20,g/ha
3342,1151,29,64,-,
3343,1152,3,14,4,kg/ha
3344,1152,3,115,4,kg/ha
3345,1154,37,124,-,-
3346,1154,37,18,-,-
3347,1155,57,543,1125-2250,ml/ha
3348,1155,57,620,1125-2250,ml/ha
3349,1155,57,6,1125-2250,ml/ha
3350,1155,57,3,1125-2250,ml/ha
3351,1155,57,38,1125-2250,ml/ha
3352,1155,57,35,1125-2250,ml/ha
3353,1156,8,35,,
3354,1156,8,38,,-
3355,1156,8,4,"1,5 - 2,5",l/ha
3356,1156,8,34,,-
3357,1156,8,66,,-
3358,1156,8,6,,-
3359,1156,8,52,,-
3360,1156,8,9,"1,5 - 2,5",l/ha
3361,1158,14,50,2,ml/l
3362,1159,6,3,3 - 3.75,l/ha
3363,1159,209,4,1.25 - 2.5,l/ha
3364,1159,209,2,1.25 - 2.5,l/ha
3365,1159,209,127,1.25 - 2.5,l/ha
3366,1159,209,74,1.25 - 2.5,l/ha
3367,1159,209,95,1.25 - 2.5,l/ha
3368,1159,209,54,1.25 - 2.5,l/ha
3369,1159,209,42,1.25 - 2.5,l/ha
3370,1159,209,621,1.25 - 2.5,l/ha
3371,1160,6,38,"1,5 - 2",l/ha
3372,1160,6,36,"1,5 - 2",l/ha
3373,1160,6,66,"1,5 - 2",l/ha
3374,1160,6,9,"1,5 - 2",l/ha
3375,1160,6,58,"1,5 - 2",l/ha
3376,1161,4,81,1,ml/l
3377,1162,37,506,,-
3378,1163,1,203,,-
3379,1163,1,217,1 - 2,l/ha
3380,1164,37,92,,-
3381,1164,37,91,,-
3382,1164,37,124,,-
3383,1164,37,18,,-
3384,1164,37,195,,-
3385,1165,36,622,2,g/l
3386,1165,27,623,2,g/l
3387,1166,210,30,,-
3388,1166,210,6,,-
3389,1166,210,9,"2,25 - 3",l/ha
3390,1166,210,347,"2,25 - 3",l/ha
3391,1166,210,69,,-
3392,1167,79,64,"12,5",ml/ 10 liter air
3393,1167,81,64,2,ml/ 10 liter air
3394,1167,51,64,10,ml/ 10 liter air
3395,1167,3,64,10,ml/ 10 liter air
3396,1168,11,46,2,g/l
3397,1168,4,102,2,g/l
3398,1168,4,106,1,g/l
3399,1169,3,79,"0,6 - 1",l/ha
3400,1169,3,82,"0,6 - 1",l/ha
3401,1169,3,95,"0,6 - 1",l/ha
3402,1169,3,74,"0,6 - 1",l/ha
3403,1171,211,38,0.75 - 1.5,l/ha
3404,1171,211,543,0.75 - 1.5,l/ha
3405,1171,211,223,0.75 - 1.5,l/ha
3406,1171,211,66,0.75 - 1.5,l/ha
3407,1171,212,624,1.5 - 2,l/ha
3408,1171,212,6,1.5 - 2,l/ha
3409,1171,212,543,1.5 - 2,l/ha
3410,1171,212,620,1.5 - 2,l/ha
3411,1171,212,38,1.5 - 2,l/ha
3412,1172,14,109,1.5,ml/l
3413,1173,29,64,-,
3414,1174,29,206,-,-
3415,1177,30,625,10,ml/l/pohon
3416,1178,213,626,200,ml/ha
3417,1179,6,38,"1,5 -2",l/ha
3418,1179,6,57,"1,5 -2",l/ha
3419,1179,6,6,"1,5 -2",l/ha
3420,1179,6,53,"1,5 -2",l/ha
3421,1180,4,23,"2,25",ml/l
3422,1181,214,41,"1,5-3",l/ha
3423,1181,214,40,"1,5-3",l/ha
3424,1181,214,39,"1,5-3",l/ha
3425,1181,214,627,"1,5-3",l/ha
3426,1181,215,403,"1,5-3",l/ha
3427,1181,215,234,"1,5-3",l/ha
3428,1181,215,94,1.5-3,l/ha
3429,1182,216,628,15 -17,%
3430,1183,217,629,"0,75 g/5 l air",-
3431,1184,2,188,0.5,g/l
3432,1185,4,285,1,ml/l
3433,1186,37,195,,-
3434,1186,37,18,,-
3435,1186,37,124,,-
3436,1186,37,91,,-
3437,1186,37,92,,-
3438,1187,6,34,"2,35 - 3",l/ha
3439,1187,6,38,,-
3440,1187,6,9,,-
3441,1187,6,58,"2.,35 - 3",l/ha
3442,1187,6,66,"3.,75 - 4,5",l/ha
3443,1187,6,3,"2,35 - 3",l/ha
3444,1188,55,38,"2,2 - 4,4",l/ha
3445,1188,55,35,"2,2 - 4,4",l/ha
3446,1188,55,6,2.2 - 4.4,l/ha
3447,1188,55,66,2.2 - 4.4,l/ha
3448,1188,55,9,2.2 - 4.4,l/ha
3449,1191,4,102,"1,5",g/l
3450,1192,218,4,,-
3451,1192,218,69,,-
3452,1192,218,88,200 - 350,ml/ha
3453,1192,218,35,,-
3454,1192,218,30,,-
3455,1192,218,6,,-
3456,1192,218,70,,-
3457,1192,218,9,200-350,ml/ha
3458,1193,6,66,"1,5 - 2,5",l/ha
3459,1193,6,6,"1,5 - 2,5",l/ha
3460,1193,6,38,"1,5 - 2,5",l/ha
3461,1193,6,35,"1,5 - 2,5",l/ha
3462,1194,44,118,2,ml/l
3463,1195,4,45,"1,5",ml/l
3464,1196,10,205,1.25,ml/kg benih
3465,1197,219,60,1-2,l/ha
3466,1197,219,408,1-2,l/ha
3467,1197,219,52,1-2,l/ha
3468,1198,1,74,"2,5 - 3",kg/ha
3469,1198,1,630,"2,5 - 3",kg/ha
3470,1198,1,7,"2,5 - 3",kg/ha
3471,1198,1,6,"2,5 - 3",kg/ha
3472,1199,4,631,2,ml/l
3473,1199,2,14,1,ml/l
3474,1200,14,284,"1,5",g/l
3475,1201,14,70,"1 - 1,5",l/ha
3476,1201,14,4,"1 - 1,5",l/ha
3477,1202,10,632,"0,1",g/l
3478,1203,11,46,2,g/l
3479,1204,220,182,"0,75",ml/l
3480,1205,4,44,"0.,5",ml/l
3481,1206,4,16,"0,66",ml/l
3482,1206,4,44,"0,8",ml/l
3483,1206,4,81,"0,66",ml/l
3484,1206,28,16,"0,66",ml/l
3485,1206,28,142,"0,8",ml/l
3486,1206,28,81,"0,66",ml/l
3487,1206,14,111,"0,66",ml/l
3488,1206,14,109,"0,66",ml/l
3489,1207,132,18,,-
3490,1207,132,124,,-
3491,1208,3,448,1,ml/l
3492,1211,37,92,2,g/m2
3493,1211,37,91,2,g/m2
3494,1212,2,83,"1,5",ml/l
3495,1213,8,51,,-
3496,1213,8,38,1 - 3,l/ha
3497,1213,8,6,1 - 3,l/ha
3498,1213,8,66,,-
3499,1214,29,633,,
3500,1215,1,54,1 - 3,l/ha
3501,1215,1,152,1 - 3,l/ha
3502,1215,1,30,,-
3503,1215,1,29,1 - 3,l/ha
3504,1216,3,83,20,kg/ha
3505,1217,42,34,4 - 5,l/ha
3506,1217,42,38,4 - 5,l/ha
3507,1217,42,9,4 - 5,l/ha
3508,1217,42,634,4 - 5,l/ha
3509,1217,6,38,4 - 5,l/ha
3510,1217,6,35,4 - 5,l/ha
3511,1217,6,6,4 - 5,l/ha
3512,1218,14,635,60,g/ha
3513,1219,10,205,"4,41",ml/kg benih
3514,1221,2,14,1,g/l
3515,1224,3,83,10,kg/ha
3516,1224,3,14,15,kg/ha
3517,1225,55,254,"0,1",ml/l
3518,1225,51,636,"0,75",ml/l
3519,1225,51,137,"0,75",ml/l
3520,1225,51,123,"0,75",ml/l
3521,1226,14,637,1,ml/l
3522,1226,3,10,"1 - 1,5",ml/l
3523,1226,3,187,"1 - 1,5",ml/l
3524,1227,7,6,,-
3525,1227,7,26,,-
3526,1227,7,24,,-
3527,1227,7,88,,-
3528,1227,7,4,,-
3529,1227,7,69,75 - 150,ml/ha
3530,1228,29,64,-,%
3531,1229,2,14,"281,25",ml/ha
3532,1229,2,425,"281,25",ml/ha
3533,1230,42,38,"1,5 - 3",l/ha
3534,1230,42,6,"1,5 - 3",l/ha
3535,1230,42,9,"1,5 - 3",l/ha
3536,1230,6,9,"1,5 - 3",l/ha
3537,1230,6,38,"1,5 - 3",l/ha
3538,1230,6,36,"1,5 - 3",l/ha
3539,1230,221,30,"1,5 - 3",l/ha
3540,1230,221,35,"1,5 - 3",l/ha
3541,1230,221,128,"1,5 - 3",l/ha
3542,1232,1,30,1.5 - 2,l/ha
3543,1232,1,638,1.5 - 2,l/ha
3544,1232,1,9,1.5 - 2,l/ha
3545,1232,1,29,1.5 - 2,l/ha
3546,1232,3,42,0.75 - 1.25,l/ha
3547,1232,3,41,0.75 - 1.25,l/ha
3548,1233,11,46,"1,5",g/l
3549,1234,29,64,-,
3550,1235,6,3,3 - 4,l/ha
3551,1235,6,36,"1,5 - 3",l/ha
3552,1235,6,34,"1,5 - 3",l/ha
3553,1235,6,9,"1,5 - 3",l/ha
3554,1235,6,6,"1,5 - 3",l/ha
3555,1235,130,54,"3 - 4,5",l/ha
3556,1235,130,24,"3 - 4,5",l/ha
3557,1235,130,130,"3 - 4,5",l/ha
3558,1235,130,31,"3 - 4,5",l/ha
3559,1235,130,6,"3 - 4,5",l/ha
3560,1235,130,26,"3 - 4,5",l/ha
3561,1235,130,639,"3 - 4,5",l/ha
3562,1235,130,29,"3 - 4,5",l/ha
3563,1235,130,128,"3 - 4,5",l/ha
3564,1235,130,88,"3 - 4,5",l/ha
3565,1235,130,4,"3 - 4,5",l/ha
3566,1235,130,370,"3 - 4,5",l/ha
3567,1235,130,51,"3 - 4,5",l/ha
3568,1236,14,111,0.75,ml/l
3569,1237,3,2,,-
3570,1237,3,79,75 - 100,ml/ha
3571,1237,3,40,75 - 100,ml/ha
3572,1237,3,42,,-
3573,1237,3,39,,-
3574,1237,3,150,,-
3575,1237,3,41,,-
3576,1238,4,102,"1,5",g/l
3577,1238,4,106,"1,5",g/l
3578,1238,11,46,"1,5",g/l
3579,1239,9,82,"0,5-1",l/ha
3580,1239,9,97,"0,5-1",l/ha
3581,1239,9,42,,-
3582,1240,14,111,"1,5",ml/l
3583,1241,14,111,1,ml/l
3584,1242,3,14,1,g/l
3585,1243,13,64,0.6,gr/Pohon
3586,1244,37,195,,-
3587,1244,37,124,,-
3588,1244,37,18,,-
3589,1244,37,91,,-
3590,1244,37,92,,-
3591,1244,37,231,,-
3592,1245,57,66,"2,25 - 4,5",l/ha
3593,1245,57,451,"2,25 - 4,5",l/ha
3594,1245,57,52,"2,25 - 4,5",l/ha
3595,1245,57,57,"2,25 - 4,5",l/ha
3596,1245,57,640,"2,25 - 4,5",l/ha
3597,1245,57,129,"2,25 - 4,5",l/ha
3598,1245,57,641,"2,25 - 4,5",l/ha
3599,1245,57,642,"2,25 - 4,5",l/ha
3600,1245,57,643,"2,25 - 4,5",l/ha
3601,1245,57,644,"2,25 - 4,5",l/ha
3602,1245,57,645,"2,25 - 4,5",l/ha
3603,1246,57,30,"2,25 - 3",l/ha
3604,1246,57,3,,
3605,1246,57,6,"2,25 - 3",l/ha
3606,1246,57,9,"2,25 - 3",l/ha
3607,1246,57,36,"2,25 - 3",l/ha
3608,1246,57,38,"2,25 - 3",l/ha
3609,1247,48,130,800 - 1200,ml/ha
3610,1247,48,6,800 - 1200,ml/ha
3611,1247,48,52,800 - 1200,ml/ha
3612,1247,48,30,800 - 1200,ml/ha
3613,1247,48,25,800 - 1200,ml/ha
3614,1247,48,38,800 - 1200,ml/ha
3615,1247,48,35,800 - 1200,ml/ha
3616,1248,160,438,,
3617,1249,1,9,1 - 2,l/ha
3618,1249,1,30,1 - 2,l/ha
3619,1249,1,122,1 - 2,l/ha
3620,1250,14,646,"12,5 g/ha/aplikasi 30 dan 40 HST",-
3621,1252,222,14,5,ml/l
3622,1253,37,124,,-
3623,1253,37,18,,-
3624,1254,79,330,2,g/l
3625,1254,58,224,"12,5",g/kg
3626,1254,58,224,2,g/l
3627,1254,223,647,2,g/l
3628,1254,40,330,"1,5",g/l
3629,1254,80,50,"1,5",g/l
3630,1254,2,648,10,g/kg
3631,1254,2,648,1,kg/ha
3632,1254,74,330,"0,75",g/l
3633,1254,4,649,"1,5",g/l
3634,1254,4,168,"1,5",g/l
3635,1254,14,50,2,g/l
3636,1254,11,46,"0,75",kg/ha
3637,1254,45,650,"1,5",g/l
3638,1254,45,650,"12,5",g/kg
3639,1254,45,168,"12,5",g/kg
3640,1254,140,392,300,g/ha
3641,1254,28,46,1,kg/ha
3642,1254,50,167,"0,75",g/l
3643,1255,20,170,"1,5",g/l
3644,1257,3,14,2,g/l
3645,1258,4,81,1,ml/l
3646,1259,51,159,1,ml/l
3647,1259,51,45,"1,5",ml/l
3648,1259,51,137,1,ml/l
3649,1259,51,651,1,ml/l
3650,1259,50,652,1,ml/l
3651,1259,44,119,1,ml/l
3652,1259,44,118,1,ml/l
3653,1260,11,46,"1,5",g/l
3654,1261,8,38,2 - 4,l/ha
3655,1261,8,4,2 - 4,l/ha
3656,1261,8,35,2 - 4,l/ha
3657,1261,8,3,2 - 4,l/ha
3658,1261,8,36,2 - 4,l/ha
3659,1261,8,230,2 - 4,l/ha
3660,1261,8,6,2 - 4,l/ha
3661,1261,8,55,2 - 4,l/ha
3662,1261,8,9,2 - 4,l/ha
3663,1263,10,180,"0,5 - 1",ml/l
3664,1263,4,45,2 - 2.5,ml/l
3665,1264,14,346,1,ml/l
3666,1265,10,43,1,ml/l
3667,1265,44,118,0.5 - 1,ml/l
3668,1266,14,81,0.75,ml/l
3669,1267,37,18,,-
3670,1267,37,124,,-
3671,1268,4,81,"1,5",ml/l
3672,1269,64,653,1,tablet/m3
3673,1269,64,165,1,tablet/m3
3674,1269,64,171,1,tablet/m3
3675,1270,3,433,1,ml/l
3676,1271,11,80,2,g/l
3677,1272,64,654,3 ml/30 ml air/m2,
3678,1272,83,92,"0,5",ml/m2
3679,1272,83,91,"0,5",ml/m2
3680,1272,83,195,1,ml/m2
3681,1273,11,164,1.5,g/l
3682,1273,40,655,3,g/l
3683,1273,40,101,3,g/l
3684,1273,4,103,3,g/l
3685,1273,4,106,3,g/l
3686,1273,14,103,1.5,g/l
3687,1273,14,50,4,g/l
3688,1273,27,103,3,g/l
3689,1273,27,478,3,g/l
3690,1274,14,50,1,ml/l
3691,1275,29,64,-,%
3692,1276,3,42,,-
3693,1276,3,39,,-
3694,1276,3,41,60 - 120,g/ha
3695,1277,4,45,1,ml/l
3696,1278,2,64,"2 g/l (20, 30 & 40 HST)",-
3697,1280,18,38,1-2,l/ha
3698,1280,18,36,1-2,l/ha
3699,1280,18,58,1-2,l/ha
3700,1280,18,6,1-2,l/ha
3701,1280,18,57,1-2,l/ha
3702,1280,18,66,1-2,l/ha
3703,1281,10,656,2.25-3,l/ha
3704,1281,10,9,2.25-3,l/ha
3705,1281,10,4,2.25-3,l/ha
3706,1281,10,30,2.25-3,l/ha
3707,1281,10,128,2.25-3,l/ha
3708,1281,10,94,2.25-3,l/ha
3709,1282,42,6,"1,5 - 3",l/ha
3710,1282,42,34,"1,5 - 3",l/ha
3711,1283,4,23,"2,25",ml/l
3712,1284,150,657,1.9 - 2.3,l/ha
3713,1284,150,658,1.9 - 2.3,l/ha
3714,1285,3,659,"0,75 - 1",l/ha
3715,1285,3,41,"0,75 - 1",l/ha
3716,1285,3,90,1,l/ha
3717,1285,3,74,1,l/ha
3718,1286,37,124,,-
3719,1286,37,18,,-
3720,1287,8,38,,-
3721,1287,8,4,,-
3722,1287,8,36,,-
3723,1287,8,34,2 - 4,l/ha
3724,1287,8,6,,-
3725,1287,8,9,,-
3726,1287,8,66,,-
3727,1287,8,52,2 - 4,l/ha
3728,1287,8,58,,-
3729,1288,42,53,,-
3730,1288,42,58,,-
3731,1288,42,6,2 - 3,l/ha
3732,1288,42,35,2 - 3,l/ha
3733,1289,36,105,3,g/l
3734,1289,4,106,2,g/l
3735,1289,11,46,1,g/l
3736,1289,11,164,1,g/l
3737,1290,47,36,"1,5 - 2,5",l/ha
3738,1290,47,38,"1,5 - 2,5",l/ha
3739,1290,47,66,"1,5 - 2,5",l/ha
3740,1290,47,9,"1,5 - 2,5",l/ha
3741,1291,11,46,1,g/l
3742,1292,14,109,2,ml/l
3743,1293,6,38,"1,5 - 3",l/ha
3744,1293,6,4,"1,5 - 3,5",l/ha
3745,1293,6,6,"1,5 - 3",l/ha
3746,1293,6,58,,-
3747,1293,6,66,,-
3748,1293,6,218,"1,5 - 3",l/ha
3749,1293,39,76,,-
3750,1293,39,30,,-
3751,1293,39,6,,-
3752,1293,39,30,,
3753,1293,39,122,"1,5 - 3,5",l/ha
3754,1293,39,66,,
3755,1293,39,71,,-
3756,1293,39,69,,-
3757,1293,39,35,,-
3758,1293,39,34,,-
3759,1293,39,38,"1,5 - 3,5",l/ha
3760,1294,2,279,2,g/l
3761,1295,8,35,"1,5 – 3",l/ha
3762,1295,8,38,,-
3763,1295,8,51,,-
3764,1295,8,69,,-
3765,1295,8,36,,-
3766,1295,8,34,,-
3767,1295,8,6,,-
3768,1295,8,9,,-
3769,1295,8,66,"1,5 – 3",l/ha
3770,1295,8,58,,-
3771,1297,11,46,"1,5",g/l
3772,1298,6,38,1-3,l/ha
3773,1298,6,34,1-3,l/ha
3774,1298,6,30,1-3,l/ha
3775,1298,6,6,1-3,l/ha
3776,1299,33,73,2,ml/l
3777,1300,7,54,,-
3778,1300,7,218,"0,75 - 1,5",l/ha
3779,1300,7,660,,-
3780,1300,7,661,,-
3781,1300,7,6,,-
3782,1300,7,30,,-
3783,1300,7,29,,-
3784,1300,7,33,"0,75 - 1,5",l/ha
3785,1300,7,4,"0,75 - 1,5",l/ha
3786,1300,7,662,,-
3787,1300,7,663,,-
3788,1300,7,664,,-
3789,1300,7,665,,-
3790,1301,28,46,2,g/l
3791,1302,10,43,1,ml/l
3792,1303,13,423,5,ml/l
3793,1303,2,10,"0,5",ml/l
3794,1303,81,102,"0,5",ml/l
3795,1303,20,488,2,ml/l
3796,1304,28,23,1,ml/l
3797,1305,14,109,1.5,g/l
3798,1307,111,47,2.5,ml/l
3799,1307,111,666,2.5,ml/l
3800,1308,36,170,1,ml/l
3801,1308,224,73,1,ml/l
3802,1308,28,209,1,ml/l
3803,1308,10,252,2,ml/l
3804,1308,27,667,0.75,ml/l
3805,1308,27,668,1,ml/l
3806,1308,4,45,1,ml/l
3807,1308,4,668,0.75,ml/l
3808,1308,51,123,1,ml/l
3809,1308,2,120,0.75,ml/l
3810,1308,14,109,2,ml/l
3811,1309,8,4,"1,5 - 3",l/ha
3812,1309,8,38,"1,5 - 3",l/ha
3813,1309,8,36,"1,5 - 3",l/ha
3814,1309,8,34,"1,5 - 3",l/ha
3815,1309,8,51,"1,5 - 3",
3816,1309,8,9,"1,5 - 3",l/ha
3817,1309,8,57,"1,5 - 3",l/ha
3818,1309,8,66,"1,5 - 3",l/ha
3819,1309,8,6,"1,5 - 3",l/ha
3820,1309,8,52,"1,5 - 3",l/ha
3821,1310,6,6,1-1.5,l/ha
3822,1310,6,66,1-1.5,l/ha
3823,1311,42,6,,-
3824,1311,42,66,"1,5 - 2",l/ha
3825,1311,42,51,"1,5 - 2",l/ha
3826,1312,28,81,1,ml/l
3827,1312,4,81,1,ml/l
3828,1313,14,111,1,ml/l
3829,1314,8,255,1 - 2,l/ha
3830,1314,8,65,,-
3831,1314,8,52,,-
3832,1314,8,60,1 - 2,l/ha
3833,1314,8,54,1 - 2,l/ha
3834,1315,37,91,,-
3835,1315,37,92,,
3836,1315,37,669,Siap pakai,-
3837,1316,6,30,1-3,l/ha
3838,1316,6,544,1-3,l/ha
3839,1316,6,38,1-3,l/ha
3840,1316,6,616,1-3,l/ha
3841,1317,79,670,"2,25",g/l
3842,1317,14,185,"2,25",g/l
3843,1317,58,671,"0,5",g/l
3844,1317,58,482,1,g/l
3845,1317,11,46,2,g/l
3846,1317,44,479,2,g/kg
3847,1317,13,387,"1,5",g/l
3848,1317,103,276,4,g/l
3849,1317,4,106,,
3850,1317,4,479,,
3851,1317,4,346,1,g/l
3852,1317,2,448,,
3853,1317,2,188,2,g/l
3854,1317,50,672,"1,5",g/l
3855,1317,28,479,2,g/kg
3856,1317,40,101,"2,25",g/l
3857,1317,44,311,2,g/l
3858,1318,2,188,1.5,ml/l
3859,1319,198,9,0.75 - 1,l/ha
3860,1319,198,6,0.75 - 1,l/ha
3861,1319,198,88,0.75 - 1,l/ha
3862,1320,3,95,15 - 30,g/ha
3863,1320,3,42,15 - 30,g/ha
3864,1320,3,134,15 - 30,g/ha
3865,1320,3,97,15 - 30,g/ha
3866,1320,3,39,15 - 30,g/ha
3867,1320,21,673,100 - 175,g/ha
3868,1320,21,6,100 - 175,g/ha
3869,1320,21,9,100 - 175,g/ha
3870,1320,21,57,100 - 175,g/ha
3871,1320,6,9,100 - 150,g/ha
3872,1320,6,66,100 - 150,g/ha
3873,1320,6,385,100 - 150,g/ha
3874,1321,8,9,,-
3875,1321,8,6,,-
3876,1321,8,57,"1,5 - 3",l/ha
3877,1321,8,58,,-
3878,1321,8,38,"1,5 - 3",l/ha
3879,1321,8,36,,-
3880,1321,8,34,,-
3881,1321,8,3,,-
3882,1322,10,43,1,ml/l
3883,1323,6,38,"1,5 - 2,0",l/ha
3884,1323,6,36,"1,5 - 2,0",l/ha
3885,1323,6,66,"1,5 -2",l/ha
3886,1323,6,6,"1,5 -2",l/ha
3887,1324,14,109,2,g/l
3888,1325,2,14,12,kg/ha
3889,1326,3,72,"0,5",kg/ha
3890,1327,3,114,0.5,ml/l
3891,1327,3,674,0.75,ml/l
3892,1327,10,675,225,ml/ha
3893,1327,10,676,150,ml/ha
3894,1327,10,43,1,ml/l
3895,1328,10,51,"1,875 - 2,25",l/ha
3896,1328,10,69,"1,5 - 2,25",l/ha
3897,1328,10,677,"1,875 - 2,25",l/ha
3898,1328,10,30,"1,5 - 2,25",l/ha
3899,1328,10,9,"1,5 - 2,25",l/ha
3900,1328,10,378,"1,5 - 2,25",l/ha
3901,1329,1,30,1.5-2,l/ha
3902,1329,1,7,1.5-2,l/ha
3903,1329,1,122,1.5-2,l/ha
3904,1329,1,29,1.5-2,l/ha
3905,1329,1,27,1.5-2,l/ha
3906,1329,1,122,1.5-2.5,l/ha
3907,1329,1,9,1.5-2,l/ha
3908,1329,1,6,1.5-2.5,l/ha
3909,1329,1,4,1.5-2.5,l/ha
3910,1329,1,94,1.5-2,l/ha
3911,1329,1,88,1.5-2.5,l/ha
3912,1329,1,68,1.5-2,l/ha
3913,1329,1,4,1.5-2,l/ha
3914,1331,51,678,3,g/l
3915,1331,11,359,2,g/l
3916,1331,4,679,2,g/l
3917,1332,51,45,2,g/l
3918,1332,28,23,2,g/l
3919,1332,44,119,2,g/l
3920,1332,44,118,2,g/l
3921,1332,4,45,2,g/l
3922,1332,80,109,2,g/l
3923,1332,73,121,2,g/l
3924,1332,11,213,2,g/l
3925,1332,225,121,2,g/l
3926,1332,40,81,2,g/l
3927,1332,40,142,2,g/l
3928,1332,40,16,2,g/l
3929,1332,14,109,2,g/l
3930,1332,45,45,2,g/l
3931,1332,45,414,2,g/l
3932,1333,13,64,1,gr/Pohon
3933,1334,37,18,,-
3934,1334,37,124,,-
3935,1335,14,109,1.5,ml/l
3936,1336,6,30,3 - 7,l/ha
3937,1336,6,223,,-
3938,1336,6,58,,-
3939,1336,6,6,,-
3940,1336,6,38,3 - 7,l/ha
3941,1336,6,34,,-
3942,1337,81,102,2,g/l
3943,1337,10,205,10,g/kg
3944,1337,14,50,"1,5",g/l
3945,1337,226,63,"1,5",g/l
3946,1337,27,680,2,g/l
3947,1339,3,95,60 - 80,g/ha
3948,1339,3,42,,-
3949,1339,3,82,100,g/ha
3950,1339,3,41,,-
3951,1339,3,39,60 - 80,g/ha
3952,1340,27,668,"1,5",ml/l
3953,1341,44,118,"0,5",ml/l
3954,1342,10,43,0.3,ml/l
3955,1342,2,114,0.2,ml/l
3956,1342,28,23,0.3,ml/l
3957,1342,28,121,0.15,ml/l
3958,1342,28,45,0.3,ml/l
3959,1342,4,121,0.2,ml/l
3960,1342,4,23,0.4,ml/l
3961,1343,227,35,"0,5 - 1,5",l/ha
3962,1343,227,6,"0,5 - 1,5",l/ha
3963,1343,227,9,"0,5 - 1,5",l/ha
3964,1343,227,30,"0,5 - 1,5",l/ha
3965,1343,228,34,1-2,l/ha
3966,1343,228,58,1-2,l/ha
3967,1343,228,9,1-2,l/ha
3968,1344,28,121,"0,375",ml/l
3969,1346,14,50,2,g/l
3970,1346,2,279,2,g/l
3971,1347,3,14,"0,5",g/l
3972,1348,14,111,1,ml/l
3973,1349,55,58,"0,5 - 1",l/ha
3974,1349,55,66,"0,5 - 1",l/ha
3975,1349,55,9,"0,5 - 1",l/ha
3976,1349,55,255,"0,5 - 1",l/ha
3977,1350,10,4,"1,5 - 2,5",l/ha
3978,1350,10,30,"1,5 - 2,5",l/ha
3979,1350,10,24,"1,5 - 2,5",l/ha
3980,1350,10,6,"1,5 - 2,5",l/ha
3981,1350,10,9,"1,5 - 2,5",l/ha
3982,1351,229,34,"1,50 - 3,00",l/ha
3983,1351,229,38,"1,50 - 3,00",l/ha
3984,1351,229,6,"1,50 - 3,00",l/ha
3985,1351,229,57,"1,50 - 3,00",l/ha
3986,1351,229,29,"1,50 - 3,00",l/ha
3987,1351,229,9,"1,50 - 3,00",l/ha
3988,1351,229,30,"1,50 - 3,00",l/ha
3989,1351,229,76,"1,50 - 3,00",l/ha
3990,1352,11,46,2,g/l
3991,1353,2,681,1,ml/l
3992,1354,13,682,"0,9",gr/Pohon
3993,1356,230,6,3 - 4,l/ha
3994,1356,230,24,3 - 4,l/ha
3995,1356,230,9,3 - 4,l/ha
3996,1356,230,34,3 - 4,l/ha
3997,1356,230,69,3 - 4,l/ha
3998,1356,230,683,3 - 4,l/ha
3999,1357,14,109,"1,5",ml/l
4000,1358,4,81,0.75,ml/l
4001,1358,4,44,0.75,ml/l
4002,1359,8,9,,-
4003,1359,8,57,,-
4004,1359,8,6,2 – 3,l/ha
4005,1359,8,66,,-
4006,1359,8,58,,-
4007,1359,8,35,,-
4008,1359,8,34,,-
4009,1359,8,36,,-
4010,1359,8,38,,-
4011,1359,8,51,2 – 3,l/ha
4012,1359,8,69,,-
4013,1360,14,50,"1,5",ml/l
4014,1361,4,81,"2,5",ml/l
4015,1361,4,44,"2,5",ml/l
4016,1362,2,188,"0,75",g/l
4017,1363,50,290,10 ml/3 l air/m2,-
4018,1363,14,49,0.375,ml/l
4019,1363,231,290,10 ml/3 l air/m2,-
4020,1363,44,290,3,ml/l
4021,1363,4,290,2,ml/l
4022,1363,74,201,1.5,ml/l
4023,1363,11,46,3,ml/l
4024,1363,28,46,3,ml/l
4025,1364,14,111,1,ml/l
4026,1365,232,3,2 - 4,l/ha
4027,1365,232,684,,-
4028,1365,232,38,,-
4029,1365,232,544,,-
4030,1365,232,445,,-
4031,1365,232,76,,-
4032,1365,232,57,2 - 4,l/ha
4033,1366,6,36,1.5 - 2,l/ha
4034,1366,6,6,1.5 - 2,l/ha
4035,1366,6,66,1.5 - 2,l/ha
4036,1367,2,10,1,ml/l
4037,1368,51,137,2,g/l
4038,1368,14,109,"2,25",g/l
4039,1368,4,45,2,g/l
4040,1368,11,121,3,g/l
4041,1369,11,46,2,g/l
4042,1371,6,57,1.5 - 2,l/ha
4043,1371,6,66,1.5 - 2,l/ha
4044,1371,6,51,1.5 - 2,l/ha
4045,1371,6,38,1.5 - 2,l/ha
4046,1372,233,231,siap pakai,-
4047,1372,233,18,siap pakai,-
4048,1372,233,124,siap pakai,-
4049,1372,233,685,siap pakai,-
4050,1372,233,91,siap pakai,-
4051,1372,233,92,siap pakai,-
4052,1373,13,48,"0,9",g/l/pohon
4053,1375,10,686,1.6,ml/l
4054,1376,14,111,2,g/l
4055,1377,51,687,1,g/l
4056,1377,10,688,"1,5",g/l
4057,1377,4,45,"2,25",g/l
4058,1377,2,14,1.5,kg/ha
4059,1378,4,81,1,g/l
4060,1379,37,18,,-
4061,1379,37,124,,-
4062,1380,10,43,1,ml/l
4063,1381,18,6,0.75 - 1.25,l/ha
4064,1381,18,57,0.75 - 1.25,l/ha
4065,1381,18,130,0.75 - 1.25,l/ha
4066,1381,18,66,0.75 - 1.25,l/ha
4067,1381,18,35,0.75 - 1.25,l/ha
4068,1381,18,38,0.75 - 1.25,l/ha
4069,1382,34,6,,
4070,1382,34,9,,
4071,1382,34,33,,-
4072,1382,34,122,,
4073,1382,34,112,"1,5 - 3",l/ha
4074,1382,34,94,"1,5 - 3",l/ha
4075,1382,34,69,,-
4076,1383,6,66,"1,5 - 2",l/ha
4077,1383,6,6,,-
4078,1383,6,689,"1,5 - 2",l/ha
4079,1383,6,35,,-
4080,1384,2,14,1,g/l
4081,1386,11,46,"1,5",g/l
4082,1387,111,47,,-
4083,1388,132,195,,-
4084,1388,132,91,,-
4085,1388,132,92,,-
4086,1388,132,18,,-
4087,1388,132,124,,-
4088,1389,2,188,5,ml/kg benih
4089,1390,8,69,200 – 300,g/ha
4090,1390,8,38,,-
4091,1390,8,36,,-
4092,1390,8,35,,-
4093,1390,8,34,,-
4094,1390,8,6,,-
4095,1390,8,9,200 – 300,g/ha
4096,1390,8,57,,-
4097,1390,8,66,,-
4098,1390,8,58,,-
4099,1391,8,69,,-
4100,1391,8,128,,-
4101,1391,8,35,150 - 300,g/ha
4102,1391,8,4,,-
4103,1391,8,57,150 - 300,g/ha
4104,1391,8,6,,-
4105,1391,8,9,,-
4106,1392,156,517,TAD,%
4107,1393,234,690,-,g/l
4108,1394,3,691,"62,5 (30, 50 dan 70 hst)",ml/ha
4109,1395,82,3,"2,5-3,75",l/ha
4110,1397,4,81,0.25,ml/l
4111,1399,218,6,"0,75 - 1,5",l/ha
4112,1399,218,112,,-
4113,1399,218,94,,-
4114,1399,218,2,,-
4115,1399,218,234,"0,75 - 1,5",l/ha
4116,1400,3,72,"0,75",g/l
4117,1401,8,6,1 - 3,l/ha
4118,1401,8,9,1 - 3,l/ha
4119,1401,8,692,1 - 3,l/ha
4120,1401,8,34,1 - 3,l/ha
4121,1401,8,36,1 - 3,l/ha
4122,1401,8,35,1 - 3,l/ha
4123,1401,8,38,1 - 3,l/ha
4124,1401,8,3,1 - 3,l/ha
4125,1402,2,83,4,ml/kg
4126,1402,2,681,4,ml/kg
4127,1402,10,693,10,ml/kg
4128,1402,10,694,5,ml/kg
4129,1402,10,43,"7,5",ml/kg
4130,1403,29,64,,
4131,1404,3,448,3,ml/l
4132,1405,69,36,1.5 - 2.5,l/ha
4133,1405,69,58,1.5 - 2.5,l/ha
4134,1406,9,41,"1,5 - 2,25",l/ha
4135,1406,9,42,,-
4136,1406,9,126,"1,5 - 2,25",l/ha
4137,1406,9,79,,-
4138,1406,9,95,,
4139,1406,9,127,"1,5 - 2,25",l/ha
4140,1407,8,3,"0,625 - 0,9375",l/ha
4141,1407,8,66,"0,625 - 0,9375",l/ha
4142,1407,8,60,"0,625 - 0,9375",l/ha
4143,1407,8,34,"0,625 - 0,9375",l/ha
4144,1407,8,38,"0,625 - 0,9375",l/ha
4145,1407,8,36,"0,625 - 0,9375",l/ha
4146,1407,8,35,"0,625 - 0,9375",l/ha
4147,1408,14,111,1,ml/l
4148,1410,235,128,4 - 6,kg/ha
4149,1410,235,9,4 - 6,kg/ha
4150,1410,235,24,4 - 6,kg/ha
4151,1411,2,14,1,g/l
4152,1411,4,81,1,g/l
4153,1414,14,111,1,ml/l
4154,1415,236,695,,-
4155,1415,236,542,"1,5 - 3,5",ml/ha
4156,1415,236,696,,-
4157,1415,236,66,,-
4158,1415,236,697,,-
4159,1415,236,30,,-
4160,1415,236,122,,-
4161,1415,236,698,,-
4162,1415,236,9,,-
4163,1415,236,699,"1,5 - 3,5",ml/ha
4164,1415,236,218,-,-
4165,1416,27,179,1,ml/l
4166,1417,10,43,"0,75",ml/l
4167,1417,14,700,"0,75",ml/l
4168,1418,10,43,"0,6",l/ha
4169,1418,237,320,100 - 150,ml/ha
4170,1418,4,45,"0,15",ml/l
4171,1418,2,114,"112,5",ml/ha
4172,1418,2,320,150,ml/ha
4173,1418,2,433,200,ml/ha
4174,1418,14,109,"0,4",ml/l
4175,1419,11,46,2,g/l
4176,1420,131,66,,-
4177,1420,131,52,,-
4178,1420,131,57,3 - 4,l/ha
4179,1420,131,701,,-
4180,1420,131,35,,-
4181,1420,131,34,3 - 4,l/ha
4182,1420,131,38,,l/ha
4183,1421,19,4,1 - 2,l/ha
4184,1421,19,112,1 - 2,l/ha
4185,1421,42,702,2 - 4,l/ha
4186,1421,42,66,2 - 4,l/ha
4187,1421,42,6,2 - 4,l/ha
4188,1421,22,24,2 - 3,l/ha
4189,1421,22,128,2 - 3,l/ha
4190,1421,22,4,2 - 3,l/ha
4191,1421,18,703,2 - 4,l/ha
4192,1421,20,6,2 - 4,l/ha
4193,1422,238,64,-,-
4194,1423,2,14,2,ml/l
4195,1424,239,64,-,%
4196,1426,11,46,0.8,g/l
4197,1427,240,704,-,
4198,1428,14,346,1,g/l
4199,1429,241,588,"0,75 - 1,25",l/ha
4200,1429,241,9,"0,75 - 1,25",l/ha
4201,1429,241,6,"0,75 - 1,25",l/ha
4202,1429,241,542,"0,75 - 1,25",l/ha
4203,1429,241,66,"0,75 - 1,25",l/ha
4204,1429,241,705,"0,75 - 1,25",l/ha
4205,1429,241,52,"0,75 - 1,25",l/ha
4206,1430,6,689,"1,5 - 2,5",l/ha
4207,1430,6,38,,-
4208,1430,6,6,"1,5 - 2,5",l/ha
4209,1430,6,66,,-
4210,1431,2,10,2,ml/l
4211,1432,4,81,1,ml/l
4212,1433,8,35,1 - 2,l/ha
4213,1433,8,69,,
4214,1433,8,34,1 - 2,l/ha
4215,1433,8,51,1 - 2,l/ha
4216,1433,8,38,1 - 2,l/ha
4217,1433,8,36,1 - 2,l/ha
4218,1433,8,6,1 - 2,l/ha
4219,1433,8,706,1 - 2,l/ha
4220,1433,8,58,1 - 2,l/ha
4221,1434,2,14,2,ml/l
4222,1434,2,83,2,ml/l
4223,1435,1,35,"2,25 - 3",l/ha
4224,1435,1,122,"2,25 - 3",l/ha
4225,1435,1,405,"2,25 - 3",l/ha
4226,1435,1,9,"2,25 - 3",l/ha
4227,1436,44,118,2,ml/l
4228,1437,116,42,,-
4229,1437,116,112,,-
4230,1437,116,40,,-
4231,1437,116,39,"1 – 1,5",l/ha
4232,1437,116,41,,-
4233,1437,116,134,,-
4234,1438,242,118,2,ml/l
4235,1440,243,569,,-
4236,1440,243,124,,
4237,1441,1,69,1.5 - 3 kg/ha,kg/ha
4238,1441,1,122,,-
4239,1441,1,638,,-
4240,1441,1,29,1.5 - 3,kg/ha
4241,1442,4,102,1.5,ml/l
4242,1443,244,707,-,g/l
4243,1445,51,70,3.75 - 5,l/ha
4244,1445,51,708,3.75 - 5,l/ha
4245,1445,51,709,3.75 - 5,l/ha
4246,1445,51,2,3.75 - 5,l/ha
4247,1445,51,710,3.75 - 5,l/ha
4248,1447,2,188,2,g/l
4249,1448,3,72,375,g/ha
4250,1449,18,66,,
4251,1449,18,9,"1,5 - 2,25",liter/ha
4252,1449,18,451,,
4253,1449,18,35,,
4254,1449,18,34,"1,5 - 2,25",l/ha
4255,1449,18,38,,
4256,1450,14,127,1 - 2,l/ha
4257,1450,14,79,1 - 2,l/ha
4258,1451,37,18,,-
4259,1451,37,124,,-
4260,1452,3,150,1.5 - 2.5,l/ha
4261,1452,3,41,1.5 - 2.5,l/ha
4262,1452,3,40,1.5 - 2.5,l/ha
4263,1452,3,95,1.5 - 2.5,l/ha
4264,1453,8,34,,-
4265,1453,8,38,,-
4266,1453,8,35,"1.5 – 2,5",l/ha
4267,1453,8,6,,-
4268,1453,8,58,"1.5 - 2,5",l/ha
4269,1453,8,9,,-
4270,1453,8,66,,-
4271,1454,6,53,2 - 3,liter/ha
4272,1454,6,711,2 - 3,liter/ha
4273,1454,6,38,2 - 3,liter/ha
4274,1454,6,51,2 -3,liter/ha
4275,1455,200,82,2 - 3,l/ha
4276,1455,200,147,2 - 3,l/ha
4277,1455,200,74,1 - 2,l/ha
4278,1455,200,296,1 - 2,l/ha
4279,1455,200,42,2 - 3,l/ha
4280,1456,6,38,"1,5 - 2",l/ha
4281,1456,6,30,"1,5 - 2",l/ha
4282,1456,6,66,"1,5 - 2",l/ha
4283,1456,6,52,"1,5 - 2",l/ha
4284,1457,11,46,"1,6",ml/l
4285,1458,11,46,2,g/l
4286,1459,113,188,2,ml/l
4287,1460,51,123,2,ml/l
4288,1460,51,184,2,ml/l
4289,1460,3,14,2,ml/l
4290,1460,3,83,2,ml/l
4291,1460,11,121,"1,5",ml/l
4292,1461,10,76,1.5 - 3,kg/ha
4293,1461,10,24,1.5 - 3,kg/ha
4294,1461,10,30,"1,5 - 3",kg/ha
4295,1461,10,234,"1,5 - 3",kg/ha
4296,1461,10,712,1.5 - 3,kg/ha
4297,1461,10,94,"1,5 - 3",kg/ha
4298,1461,10,54,1.5 - 3,kg/ha
4299,1463,4,713,2,g/l
4300,1465,44,118,2,g/l
4301,1466,14,111,2,g/l
4302,1467,4,182,"0,375",ml/l
4303,1468,14,109,1,g/l
4304,1469,4,81,2,ml/l
4305,1470,21,9,,-
4306,1470,21,405,,-
4307,1470,21,66,"0,25 - 0,5",l/ha
4308,1470,13,9,"0,25 - 0,5",l/ha
4309,1470,13,405,,-
4310,1470,13,66,,-
4311,1470,18,30,"0,375 – 0,5",l/ha
4312,1470,18,714,,-
4313,1470,18,405,,-
4314,1470,18,9,,-
4315,1470,18,66,,-
4316,1471,40,715,3,g/l
4317,1471,44,716,3,g/l
4318,1471,28,717,3,g/l
4319,1471,4,718,3,g/l
4320,1471,11,718,3,g/l
4321,1473,192,95,"1,5 - 3",l/ha
4322,1473,192,74,"1,5 - 3",l/ha
4323,1473,192,79,"1,5 - 3",l/ha
4324,1473,192,42,"1,5 - 3",l/ha
4325,1473,192,82,"1,5 - 3",l/ha
4326,1474,245,95,,
4327,1474,245,74,,
4328,1474,245,719,"1,5 - 2",l/ha
4329,1474,245,41,,-
4330,1474,245,42,"1,5 - 2",l/ha
4331,1474,3,100,1.5 - 2,liter/ha
4332,1475,144,654,1 tablet/ton,-
4333,1475,144,720,1 tablet/ton,-
4334,1475,144,165,1 tablet/ton,-
4335,1476,82,9,0.5 - 1,l/ha
4336,1476,82,30,0.5 - 1,l/ha
4337,1476,82,34,0.5 - 1,l/ha
4338,1476,82,35,0.5 - 1,l/ha
4339,1477,51,404,"0,5",ml/l
4340,1478,10,250,20,kg/ha
4341,1479,8,34,"1,5 - 2,5",l/ha
4342,1479,8,38,,-
4343,1479,8,4,,-
4344,1479,8,57,,-
4345,1479,8,6,"1,5 - 2,5",l/ha
4346,1479,8,66,,-
4347,1480,4,81,1,ml/l
4348,1481,11,46,1.5,g/l
4349,1482,111,326,"2,5",ml/l
4350,1482,112,721,"2,5",ml/l
4351,1483,4,45,"1,5-2",ml/l
4352,1483,4,44,2,ml/l
4353,1483,4,81,2,ml/l
4354,1484,14,579,1-2,l/ha
4355,1484,14,88,1-2,l/ha
4356,1484,14,9,,-
4357,1484,14,122,1-2,l/ha
4358,1484,14,70,,-
4359,1484,14,30,,-
4360,1484,14,33,,-
4361,1485,35,29,"2,25 - 4,5",kg/ha
4362,1485,35,9,"2,25 - 4,5",kg/ha
4363,1485,35,27,"2,25 - 4,5",kg/ha
4364,1485,35,69,"2,25 - 4,5",kg/ha
4365,1485,35,4,"2,25 - 4,5",kg/ha
4366,1486,14,50,1,g/l
4367,1487,213,69,"6,75 - 9",kg/ha
4368,1487,213,234,"6,75 - 9",kg/ha
4369,1487,213,4,"6,75 - 9",kg/ha
4370,1487,213,70,"6,75 - 9",kg/ha
4371,1487,213,29,"6,75 - 9",kg/ha
4372,1487,213,122,"6,75 - 9",kg/ha
4373,1487,213,445,"6,75 - 9",kg/ha
4374,1487,213,722,"6,75 - 9",kg/ha
4375,1489,245,41,"0,75 - 1,50",l/ha
4376,1489,245,42,,-
4377,1489,245,79,"0,75 - 1,50",l/ha
4378,1489,245,74,"0,75 - 1,50",l/ha
4379,1489,245,296,,
4380,1489,245,95,,
4381,1490,13,223,0.75 - 1.25,liter/ha
4382,1490,6,9,0.75 - 1.25,liter/ha
4383,1490,246,9,1.25 - 1.5,l/ha
4384,1491,247,723,1,ml/l
4385,1492,27,179,1,ml/l
4386,1492,27,232,1,ml/l
4387,1492,74,44,1,ml/l
4388,1493,13,682,"0,9",gr/Pohon
4389,1494,14,724,"4,5",ml/l
4390,1494,2,725,6,ml/l
4391,1494,28,726,2,ml/l
4392,1494,248,727,"2,25",ml/l
4393,1494,128,728,6,ml/l
4394,1494,15,729,20 ml/l/20 ml air/pohon,-
4395,1495,249,730,"1,5",%
4396,1497,14,731,3,g/l
4397,1497,4,732,2,g/l
4398,1497,4,679,2,g/l
4399,1497,11,733,4,g/l
4400,1497,11,734,4,g/l
4401,1497,28,735,3,g/l
4402,1499,10,70,"1,5 - 2,5",l/ha
4403,1499,10,29,"1,5 - 2,5",l/ha
4404,1499,10,30,"1,5 - 2,5",l/ha
4405,1499,10,9,"1,5 - 2,5",l/ha
4406,1499,10,71,"1,5 - 2,5",l/ha
4407,1500,19,130,3 - 4.5,l/ha
4408,1500,19,736,3 - 4.5,l/ha
4409,1500,19,24,3 - 4.5,l/ha
4410,1500,19,69,3 - 4.5,l/ha
4411,1500,18,38,2.25 - 3,l/ha
4412,1500,18,34,2.25 - 3,l/ha
4413,1500,18,30,2.25 - 3,l/ha
4414,1500,18,6,2.25 - 3,l/ha
4415,1500,18,737,2.25 - 3,l/ha
4416,1500,250,24,2.25 - 3.75,l/ha
4417,1500,250,130,2.25 - 3.75,l/ha
4418,1500,250,30,2.25 - 3.75,l/ha
4419,1500,250,153,2.25 - 3.75,l/ha
4420,1500,250,6,2.25 - 3.75,l/ha
4421,1500,250,69,2.25 - 3.75,l/ha
4422,1500,250,4,2.25 - 3.75,l/ha
4423,1500,250,2,2.25 - 3.75,l/ha
4424,1500,251,35,1.5 - 3,l/ha
4425,1500,251,3,1.5 - 3,l/ha
4426,1500,251,36,1.5 - 3,l/ha
4427,1500,251,9,1.5 - 3,l/ha
4428,1500,251,58,1.5 - 3,l/ha
4429,1500,251,6,1.5 - 3,l/ha
4430,1500,35,128,2.5 - 4,l/ha
4431,1500,35,370,2.5 - 4,l/ha
4432,1500,35,4,2.5 - 4,l/ha
4433,1500,35,31,2.5 - 4,l/ha
4434,1500,35,130,2.5 - 4,l/ha
4435,1500,35,6,2.5 - 4,l/ha
4436,1500,35,24,2.5 - 4,l/ha
4437,1500,252,94,3 - 4.5,l/ha
4438,1500,252,248,3 - 4.5,l/ha
4439,1500,252,42,3 - 4.5,l/ha
4440,1500,252,95,3 - 4.5,l/ha
4441,1500,6,31,2.25 - 3.75,l/ha
4442,1500,6,34,2.25 - 3.75,l/ha
4443,1500,6,38,2.25 - 3.75,l/ha
4444,1501,4,102,"1,5",g/l
4445,1501,4,106,"1,5",g/l
4446,1502,9,82,"1,25 – 3",l/ha
4447,1502,9,95,"1,25 – 3",l/ha
4448,1502,9,127,,-
4449,1502,9,42,"1,25 – 3",l/ha
4450,1502,9,41,,-
4451,1503,253,738,1-3,%
4452,1504,29,633,-,-
4453,1505,254,34,"1,5 - 2,0",l/ha
4454,1505,254,9,,-
4455,1505,254,6,"1,5 - 2,0",l/ha
4456,1506,11,80,2,g/l
4457,1507,14,50,0.75,ml/l
4458,1508,255,171,,
4459,1508,255,172,,
4460,1508,255,165,3,ml/l
4461,1509,132,124,,-
4462,1509,132,18,,-
4463,1511,91,29,"1,5 - 3",l/ha
4464,1511,91,9,"1,5 - 3",l/ha
4465,1511,91,6,"1,5 - 3",l/ha
4466,1511,91,24,"1,5 - 3",l/ha
4467,1511,91,35,"1,5 - 3",l/ha
4468,1511,91,69,"1,5 - 3",l/ha
4469,1512,14,109,"1,5",g/l
4470,1513,6,739,,-
4471,1513,6,38,1.5 - 2,l/ha
4472,1513,6,9,,-
4473,1513,6,66,1.5 - 2,l/ha
4474,1514,1,212,1.5,ml/l
4475,1515,10,740,,-
4476,1515,256,741,,-
4477,1516,44,118,"0,5",ml/l
4478,1517,10,43,2,ml/l
4479,1518,48,25,2 - 3,l/ha
4480,1518,48,30,2 - 3,
4481,1518,48,6,2 - 3,l/ha
4482,1518,48,52,2 - 3,l/ha
4483,1518,48,38,2 - 3,l/ha
4484,1518,48,35,2 - 3,l/ha
4485,1519,3,742,4 l/ha saat 30 dan 50 HST,-
4486,1520,85,239,-,-
4487,1520,85,124,2.5 - 3.5 gram,-
4488,1521,4,743,75,ml/ha
4489,1522,11,46,2,g/l
4490,1522,28,46,2,g/l
4491,1522,3,744,2,g/l
4492,1523,37,18,,-
4493,1523,37,124,,-
4494,1524,11,46,"2,25",kg/ha
4495,1525,37,195,,-
4496,1525,37,18,,
4497,1525,37,124,,-
4498,1527,2,14,"0,75",g/l
4499,1528,51,64,2.5-5,ml/ 10 liter air
4500,1529,44,118,"1,5",ml/l
4501,1530,44,118,1.5,ml/l
4502,1530,44,119,1,ml/l
4503,1531,29,64,-,%
4504,1532,82,3,3 - 4,l/ha
4505,1533,6,36,"1,5 - 3",l/ha
4506,1533,6,38,,-
4507,1533,6,34,,-
4508,1533,6,35,,-
4509,1533,6,66,,-
4510,1533,6,58,"1,5 - 3",l/ha
4511,1533,6,9,,-
4512,1533,6,158,,-
4513,1533,6,57,,-
4514,1534,4,102,1.5,g/l
4515,1535,18,745,1.5 - 2,l/ha
4516,1535,18,746,1.5 - 2,l/ha
4517,1535,18,74,1.5 - 2,l/ha
4518,1535,51,747,150 - 300,ml/ha
4519,1535,51,54,200 - 300,ml/ha
4520,1535,257,748,"0,75-1,5",l/ha
4521,1535,44,54,187.5 - 225,ml/ha
4522,1535,44,746,187.5 - 225,ml/ha
4523,1535,44,749,187.5 - 225,ml/ha
4524,1535,161,750,150 - 200,ml/ha
4525,1535,161,751,150 - 200,ml/ha
4526,1535,161,752,150 - 200,ml/ha
4527,1535,50,753,225 - 300,ml/ha
4528,1535,50,754,225 - 300,ml/ha
4529,1535,50,755,225 - 300,ml/ha
4530,1536,4,81,0.5,ml/l
4531,1537,10,226,"1,5",ml/l
4532,1538,6,9,"1,5-3",l/ha
4533,1538,6,6,"1,5-3",l/ha
4534,1538,6,52,"1,5-3",l/ha
4535,1538,6,34,"1,5-3",l/ha
4536,1538,6,234,"1,5-3",l/ha
4537,1538,6,35,"1,5-3",l/ha
4538,1538,6,38,"1,5-3",l/ha
4539,1539,7,756,1 - 3,l/ha
4540,1539,7,757,,-
4541,1539,7,153,,-
4542,1539,7,9,"2,5-3",l/ha
4543,1539,7,112,,-
4544,1539,7,757,,-
4545,1539,7,4,,-
4546,1539,7,94,1 - 3,l/ha
4547,1540,37,92,,-
4548,1540,37,91,,-
4549,1540,37,18,,-
4550,1540,37,124,,-
4551,1540,37,195,,-
4552,1541,51,45,2,ml/l
4553,1542,8,34,,-
4554,1542,8,38,2 - 3,l/ha
4555,1542,8,9,,-
4556,1542,8,6,2 - 3,-
4557,1542,8,66,,-
4558,1544,2,14,"0,5",g/l
4559,1545,8,6,1 - 3,l/ha
4560,1545,8,9,,-
4561,1545,8,52,,-
4562,1545,8,57,,-
4563,1545,8,66,,-
4564,1547,13,758,"0,9 g/tanaman",-
4565,1548,5,759,75,ml/ha
4566,1548,5,18,,-
4567,1548,5,18,,-
4568,1548,5,759,75,ml/ha
4569,1548,37,760,50 ml/l sd 30 hari,-
4570,1548,37,195,50 ml/l sd 30 hari,-
4571,1548,37,92,50 ml/l sd 30 hari,-
4572,1548,37,91,,-
4573,1549,37,18,1 keping/40 l air,-
4574,1549,37,124,1 keping/40 l air,-
4575,1550,2,74,1.9 - 2.3,l/ha
4576,1550,2,88,1.9 - 2.3,l/ha
4577,1550,2,69,1.9 - 2.3,l/ha
4578,1550,2,126,1.9 - 2.3,l/ha
4579,1550,2,68,1.9 - 2.3,l/ha
4580,1550,2,657,1.9 - 2.3,l/ha
4581,1551,124,124,Siap pakai,%
4582,1551,124,18,Siap Pakai,%
4583,1552,65,173,18,g/m3
4584,1552,64,165,18,g/m3
4585,1553,4,44,2,ml/l
4586,1555,50,23,3 ml/l,ml/l
4587,1556,258,761,,-
4588,1558,42,66,3-5,l/ha
4589,1558,42,6,3-5,l/ha
4590,1558,42,9,3-5,l/ha
4591,1558,42,36,3-5,l/ha
4592,1558,42,34,3-5,l/ha
4593,1558,42,38,3-5,l/ha
4594,1559,55,254,1,ml/l
4595,1560,238,762,0,-
4596,1561,10,205,0.5,ml/l
4597,1562,4,45,1,ml/l
4598,1562,36,763,1,ml/l
4599,1562,36,110,1,ml/l
4600,1563,29,64,-,
4601,1564,88,195,2.5 - 3.5/spray,%
4602,1564,88,18,2.5 - 3.5/spray,%
4603,1564,88,124,2.5 - 3.5/spray,%
4604,1564,88,92,2.5 - 3.5/spray,%
4605,1564,88,91,2.5 - 3.5/spray,%
4606,1565,2,14,2,ml/l
4607,1566,10,43,"1,5",ml/l
4608,1567,11,764,4,g/l
4609,1568,11,46,2,g/l
4610,1569,2,14,"2,5",kg/ha
4611,1570,2,83,"0,75",ml/l
4612,1571,10,226,1,ml/l
4613,1571,36,170,"0,5",ml/l
4614,1571,3,14,"1,5",ml/l
4615,1571,3,83,3,ml/l
4616,1571,11,121,3,ml/l
4617,1571,51,123,2,ml/l
4618,1571,51,159,2,ml/l
4619,1571,45,73,2,ml/l
4620,1572,113,14,1,g/l
4621,1572,68,81,1,g/l
4622,1573,14,765,1,g/l
4623,1574,259,766,3.5 - 5,l/ha
4624,1574,259,6,"3.5 - 5,25",l/ha
4625,1574,259,27,"3.5 - 5,25",l/ha
4626,1574,259,9,"3.5 - 5,25",l/ha
4627,1574,259,30,"3.5 - 5,25",l/ha
4628,1574,259,767,"3.5 - 5,25",l/ha
4629,1576,29,64,-,
4630,1577,6,58,4-5,l/ha
4631,1577,6,6,4-5,l/ha
4632,1577,6,541,4-5,l/ha
4633,1577,6,35,4-5,l/ha
4634,1577,6,38,4-5,l/ha
4635,1578,37,18,,-
4636,1578,37,124,,-
4637,1579,111,47,0.5,ml/l
4638,1581,8,9,1 - 3,l/ha
4639,1581,8,35,,-
4640,1581,8,34,,-
4641,1581,8,3,,-
4642,1581,8,38,,-
4643,1581,8,36,1 - 3,l/ha
4644,1582,10,205,2,ml/l
4645,1582,36,105,1,ml/l
4646,1582,81,102,"1,5",ml/l
4647,1582,2,188,1,ml/l
4648,1582,2,311,1,ml/l
4649,1582,2,188,,5 ml/kg benih
4650,1582,2,279,1,ml/l
4651,1582,2,10,1,ml/l
4652,1582,27,62,2,ml/l
4653,1583,27,768,"0,5",ml/l
4654,1584,28,769,"2,5",l/ha
4655,1584,44,770,5,ml/l
4656,1584,3,771,10,ml/l
4657,1584,50,772,5,ml/l
4658,1584,4,773,2.5,l/ha
4659,1584,1,774,"2,5 ml/l (2,45 MST)",-
4660,1584,14,775,"2,5 l/ha/aplikasi",-
4661,1584,11,776,"2,5",l/ha
4662,1585,10,43,1,g/l
4663,1586,107,398,"1,5 - 3",l/ha
4664,1586,107,777,"1,5 - 3",l/ha
4665,1586,107,95,"1,5 - 3",l/ha
4666,1586,107,297,"1,5 - 3",l/ha
4667,1586,107,778,"1,5 - 3",l/ha
4668,1586,107,39,"1,5 - 3",l/ha
4669,1586,107,79,"1,5 - 3",l/ha
4670,1586,107,590,"1,5 - 3",l/ha
4671,1586,107,42,"1,5 - 3",l/ha
4672,1586,107,89,"1,5 - 3",l/ha
4673,1586,8,9,"1,5 - 3",l/ha
4674,1586,8,66,"1,5 - 3",l/ha
4675,1586,8,58,"1,5 - 3",l/ha
4676,1586,8,38,"1,5 - 3",l/ha
4677,1586,8,35,"1,5 - 3",l/ha
4678,1587,11,46,2,g/l
4679,1588,13,64,1,ml/pohon
4680,1589,3,206,,
4681,1590,2,83,2,ml/l
4682,1591,29,64,-,%
4683,1592,2,433,2,g/l
4684,1593,3,779,10,g/ha
4685,1594,3,82,0.75 - 1.25,l/ha
4686,1594,3,780,0.75 - 1.25,l/ha
4687,1594,3,41,0.75 - 1.25,l/ha
4688,1595,51,137,4,g/l
4689,1595,10,180,2,g/l
4690,1595,2,14,4,g/l
4691,1596,11,46,1,ml/l
4692,1596,260,46,,
4693,1596,14,50,1,ml/l
4694,1596,14,316,,
4695,1596,2,188,1,ml/l
4696,1596,68,199,,
4697,1597,261,781,tidak tersedia untuk ekspor,
4698,1598,29,64,-,g/l
4699,1599,262,42,"3 - 3,75",l/ha
4700,1599,262,41,"3 - 3,75",l/ha
4701,1599,262,69,"3 - 3,75",l/ha
4702,1599,262,82,"3 - 3,75",l/ha
4703,1599,262,74,"3 - 3,75",l/ha
4704,1599,262,95,"3 - 3,75",l/ha
4705,1599,263,30,"3 - 3,75",l/ha
4706,1599,263,9,"3 - 3,75",l/ha
4707,1599,263,29,"3 - 3,75",l/ha
4708,1599,263,94,"3 - 3,75",l/ha
4709,1599,263,4,"3 - 3,75",l/ha
4710,1599,263,51,"3 - 3,75",l/ha
4711,1599,47,35,"1,5 - 3",l/ha
4712,1599,47,51,"1,5 - 3",l/ha
4713,1599,47,541,"1,5 - 3",l/ha
4714,1599,47,6,"1,5 - 3",l/ha
4715,1600,34,70,1.5 - 2,l/ha
4716,1600,34,88,1.5 - 2,l/ha
4717,1600,34,4,1.5 - 2,l/ha
4718,1600,34,69,1.5 - 2,l/ha
4719,1601,10,43,2,ml/l
4720,1602,14,109,"0,5",ml/l
4721,1603,2,782,1 - 2,l/ha
4722,1603,2,41,1 - 2,l/ha
4723,1603,2,95,1 - 2,l/ha
4724,1603,2,74,1 - 2,l/ha
4725,1603,2,127,1 - 2,l/ha
4726,1603,10,783,"1,5 - 3",l/ha
4727,1603,10,9,"1,5 - 3",l/ha
4728,1603,10,30,"1,5 - 3",l/ha
4729,1604,3,72,"1,5",l/ha
4730,1605,129,365,-,%
4731,1606,202,18,60.0,ml/ha
4732,1606,202,124,60.0,ml/ha
4733,1606,202,784,60.0,ml/ha
4734,1606,202,785,60.0,ml/ha
4735,1607,17,34,10 - 20,g/ha
4736,1607,17,786,10 - 20,g/ha
4737,1608,3,14,1.5,g/l
4738,1609,9,74,"0,9 – 1,8",l/ha
4739,1609,9,42,"0,9 – 1,8",l/ha
4740,1609,9,41,"0,9 – 1,8",l/ha
4741,1609,9,79,"0,9 – 1,8",l/ha
4742,1610,4,396,0.125,ml/l
4743,1612,14,109,2,g/l
4744,1613,6,451,"2,0 - 3,0",l/ha
4745,1614,29,64,,
4746,1615,6,38,1-2,l/ha
4747,1615,6,30,,-
4748,1615,6,57,1-2,l/ha
4749,1615,6,9,,-
4750,1615,6,66,,-
4751,1616,48,38,2-3,l/ha
4752,1616,48,52,2-3,l/ha
4753,1616,48,57,2-3,l/ha
4754,1616,48,34,2-3,l/ha
4755,1616,48,129,2-3,l/ha
4756,1617,2,83,1,ml/l
4757,1618,9,82,400 - 600,g/ha
4758,1618,9,74,400 - 600,g/ha
4759,1618,9,95,,-
4760,1618,9,41,400 - 600,g/ha
4761,1618,9,42,,-
4762,1619,55,207,1 perangkap/ha,-
4763,1620,14,269,1,ml/l
4764,1621,27,787,1,ml/l
4765,1623,55,47,0.5,g/l
4766,1623,2,681,200,g/ha
4767,1623,1,178,100,g/ha
4768,1623,2,238,200,g/ha
4769,1623,2,14,200,g/ha
4770,1623,2,11,250,g/ha
4771,1623,1,788,100,g/ha
4772,1623,1,789,0.5,g/ha
4773,1623,52,790,1.5,g/l
4774,1623,2,120,200,g/ha
4775,1624,29,64,-,
4776,1628,39,6,2 - 4,l/ha
4777,1628,39,9,2 - 4,l/ha
4778,1628,39,30,2 - 4,l/ha
4779,1628,39,57,2 - 4,l/ha
4780,1628,39,51,2 - 4,l/ha
4781,1628,39,36,2 - 4,l/ha
4782,1628,39,38,2 - 4,l/ha
4783,1630,4,81,2,ml/l
4784,1631,264,791,3 - 6,l/ha
4785,1631,264,122,3 - 6,l/ha
4786,1631,264,9,3 - 6,l/ha
4787,1631,265,6,3 - 6,l/ha
4788,1631,265,35,3 - 6,l/ha
4789,1631,265,38,3 - 6,l/ha
4790,1631,266,38,"2 - 2,5",l/ha
4791,1631,266,30,"2 - 2,5",l/ha
4792,1631,266,6,"2 - 2,5",l/ha
4793,1631,267,34,3 - 6,l/ha
4794,1631,267,6,3 - 6,l/ha
4795,1631,267,9,3 - 6,l/ha
4796,1632,2,10,0.75,ml/l
4797,1633,156,434,NA,%
4798,1634,225,792,"3,75",g/ha
4799,1635,11,428,2,g/l
4800,1636,8,58,3 - 4,l/ha
4801,1636,8,9,3 - 4,l/ha
4802,1636,8,66,3 - 4,l/ha
4803,1636,8,6,3 - 4,l/ha
4804,1636,8,57,3 - 4,l/ha
4805,1636,8,69,3 - 4,l/ha
4806,1636,8,38,3 - 4,l/ha
4807,1636,8,36,3 - 4,l/ha
4808,1636,8,35,3 - 4,l/ha
4809,1637,161,134,"0,75 - 1",l/ha
4810,1637,161,42,"0,75 - 1",l/ha
4811,1637,161,74,"0,75 - 1",l/ha
4812,1637,161,95,"0,75 - 1",l/ha
4813,1640,3,83,1,ml/l
4814,1641,9,82,"1,5 – 3",l/ha
4815,1641,9,79,,-
4816,1641,9,74,1.5 – 3,l/ha
4817,1641,9,41,,-
4818,1641,9,42,,-
4819,1641,9,134,"1,5 – 3",l/ha
4820,1642,8,66,2 - 4,l/ha
4821,1642,8,9,,-
4822,1642,8,30,,-
4823,1642,8,793,,-
4824,1642,8,35,2 - 4,l/ha
4825,1642,8,38,,-
4826,1643,4,45,1,ml/l
4827,1644,14,111,"1,5",ml/l
4828,1645,10,794,2 - 3,l/ha
4829,1645,10,795,2 - 3,l/ha
4830,1646,8,683,3 - 4,l/ha
4831,1646,8,36,3 - 4,l/ha
4832,1646,8,34,3 - 4,l/ha
4833,1646,8,38,3 - 4,l/ha
4834,1646,8,9,3 - 4,l/ha
4835,1646,8,66,3 - 4,l/ha
4836,1646,8,6,3 - 4,l/ha
4837,1647,248,796,0.5,ml/l
4838,1647,52,797,0.25,ml/l
4839,1648,2,14,1,g/l
4840,1648,2,798,1,g/l
4841,1649,39,9,,-
4842,1649,39,6,1 - 2,l/ha
4843,1649,39,30,,-
4844,1649,39,76,,-
4845,1649,39,618,,-
4846,1649,39,34,,-
4847,1649,39,36,1 - 2,l/ha
4848,1649,39,35,,-
4849,1650,2,188,"1,5",g/l
4850,1651,268,74,,-
4851,1651,268,95,"0,75 - 1,5",l/ha
4852,1651,268,799,,-
4853,1651,268,800,"0,75 - 1,5",l/ha
4854,1651,268,42,"0,75 - 1,5",l/ha
4855,1651,245,112,,
4856,1651,245,42,"0,75 - 1,5",l/ha
4857,1651,245,801,,-
4858,1651,245,799,"0,75 - 1,5",l/ha
4859,1651,245,802,"0,75 - 1,5",l/ha
4860,1651,245,74,,-
4861,1652,55,208,10,gr/Pohon
4862,1653,37,91,1,ml/m2
4863,1653,37,803,50,ml/ha
4864,1653,37,804,50,ml/ha
4865,1653,37,805,50,ml/ha
4866,1653,37,806,50,ml/ha
4867,1653,37,195,1,ml/m2
4868,1653,72,807,100,ml/ha
4869,1653,72,808,100,ml/ha
4870,1653,72,809,100,ml/ha
4871,1653,72,810,50,ml/ha
4872,1654,130,30,"1,5 - 2",l/ha
4873,1654,130,153,,-
4874,1654,130,9,,-
4875,1654,130,35,,-
4876,1654,130,34,"1,5 - 2",l/ha
4877,1654,130,69,,-
4878,1654,130,4,,-
4879,1655,70,186,,
4880,1656,4,45,2,g/l
4881,1657,11,46,3,g/l
4882,1658,37,811,,-
4883,1658,37,124,,-
4884,1659,9,812,,-
4885,1659,9,74,"1,125 - 2,25",l/ha
4886,1659,9,813,"1,125 - 2,25",l/ha
4887,1659,9,814,,-
4888,1659,9,149,,-
4889,1659,9,41,,-
4890,1659,9,39,,-
4891,1662,3,41,"1,5 - 2,0",kg/ha
4892,1662,3,141,"1,5 - 2,0",kg/ha
4893,1663,4,86,"0,5",ml/l
4894,1663,4,81,"0,5",ml/l
4895,1663,4,45,3,ml/l
4896,1663,40,23,"1,5",ml/l
4897,1663,33,45,2,ml/l
4898,1663,33,73,2,ml/l
4899,1663,52,133,"0,5",ml/l
4900,1663,79,45,"1,5",ml/l
4901,1663,55,291,"0,75",ml/l
4902,1663,10,815,2,ml/l
4903,1663,10,23,1,ml/l
4904,1663,269,816,2,ml/l
4905,1663,27,817,1,ml/l
4906,1663,27,818,1,ml/l
4907,1663,80,109,1,ml/l
4908,1663,80,269,1,ml/l
4909,1663,20,84,"0,75",ml/l
4910,1663,36,110,"1,5",ml/l
4911,1663,36,170,"0,4",ml/l
4912,1663,44,118,1,ml/l
4913,1663,44,119,1,ml/l
4914,1663,51,45,"1,5",ml/l
4915,1663,51,137,"0,9375",ml/l
4916,1663,30,819,"0,5",ml/l
4917,1663,14,109,"1,5",ml/l
4918,1663,50,45,3 - 5 ml/10 l,
4919,1663,50,820,"1,5",ml/l
4920,1663,74,23,"1,5",ml/l
4921,1663,74,529,"0,9375",ml/l
4922,1663,11,142,1,ml/l
4923,1663,270,109,1,ml/l
4924,1663,28,209,"0,6",ml/l
4925,1664,10,43,1,ml/l
4926,1666,51,251,1,l/ha
4927,1667,271,821,Kebutuhan Export,
4928,1668,8,3,"1,5 - 3",l/ha
4929,1668,8,36,,-
4930,1668,8,38,,-
4931,1668,8,35,,-
4932,1668,8,9,,-
4933,1668,8,6,"1,5 - 3",l/ha
4934,1669,27,822,1,ml/l
4935,1670,14,823,"1,11",g/l
4936,1671,14,109,1.5,ml/l
4937,1671,3,14,2,ml/l
4938,1671,3,83,2,ml/l
4939,1672,7,94,,-
4940,1672,7,69,"1,5 – 3",l/ha
4941,1672,7,4,,-
4942,1672,7,122,,-
4943,1672,7,30,,-
4944,1672,7,9,,-
4945,1672,7,29,"1,5 – 3",l/ha
4946,1672,7,24,,
4947,1673,11,6,"0,75 - 1",ml/l
4948,1673,11,9,"0,75 - 1",ml/l
4949,1673,11,824,"0,75 - 1",ml/l
4950,1673,11,4,"0,75 - 1",ml/l
4951,1674,55,825,-,-
4952,1675,14,109,"1,5",ml/l
4953,1676,4,81,2,g/l
4954,1676,55,291,2,g/l
4955,1676,55,208,2,g/l
4956,1677,2,12,1,ml/l
4957,1677,2,14,1,ml/l
4958,1678,51,435,2,ml/l
4959,1679,14,44,"1,5",ml/l
4960,1680,14,111,4,g/l
4961,1681,8,36,"1,5 - 3",l/ha
4962,1681,8,35,"1,5 - 3",l/ha
4963,1681,8,38,"1,5 - 3",l/ha
4964,1681,8,6,"1,5 - 3",l/ha
4965,1681,8,9,"1,5 - 3",l/ha
4966,1681,8,57,"1,5 - 3",l/ha
4967,1682,272,51,"0,75-1,5",l/ha
4968,1682,272,94,"0,75-1,5",l/ha
4969,1682,272,69,"0,75-1,5",l/ha
4970,1682,272,34,"0,75-1,5",l/ha
4971,1682,272,4,"0,75-1,5",l/ha
4972,1682,272,24,"0,75-1,5",l/ha
4973,1682,272,77,"0,75-1,5",l/ha
4974,1682,272,30,"0,75-1,5",l/ha
4975,1682,272,9,"0,75-1,5",l/ha
4976,1682,272,29,"0,75-1,5",l/ha
4977,1682,272,6,"0,75-1,5",l/ha
4978,1683,3,42,"0,75 - 1,5",l/ha
4979,1683,3,41,"0,75-1,5",l/ha
4980,1684,33,284,0.4,ml/l
4981,1684,33,182,0.4,ml/l
4982,1684,33,73,0.4,ml/l
4983,1684,2,114,0.4,ml/l
4984,1684,4,45,0.6,ml/l
4985,1684,10,43,3,ml/l
4986,1684,44,118,0.4,ml/l
4987,1684,51,826,0.8,ml/l
4988,1684,45,73,0.4,ml/l
4989,1684,14,109,0.3,ml/l
4990,1684,50,45,"0,8",ml/l
4991,1684,50,23,0.2,ml/l
4992,1684,28,23,0.4,ml/l
4993,1685,6,36,3-4,l/ha
4994,1685,6,38,3-4,l/ha
4995,1685,6,6,3-4,l/ha
4996,1685,6,827,3-4,l/ha
4997,1685,6,30,3-4,l/ha
4998,1686,14,111,"0,375",ml/l
4999,1686,3,83,2,ml/l
5000,1686,3,14,2,ml/l
5001,1686,4,44,"0,375",ml/l
5002,1687,4,81,"0,3",ml/l
5003,1687,4,44,"0,3",ml/l
5004,1687,55,254,"0,1",ml/l
5005,1687,36,170,"0,125",ml/l
5006,1688,4,199,3,g/l
5007,1689,8,38,"1,5-3",l/ha
5008,1689,8,35,"1,5-3",l/ha
5009,1689,8,36,"1,5-3",l/ha
5010,1689,8,66,"1,5-3",l/ha
5011,1689,8,223,"1,5-3",l/ha
5012,1689,8,6,"1,5-3",l/ha
5013,1691,192,41,,-
5014,1691,192,42,"37,5 - 75",ml/ha
5015,1691,192,828,"37,5 - 75",ml/ha
5016,1691,192,74,"37,5 - 75",ml/ha
5017,1692,259,153,"1,5 - 2,5",kg/ha
5018,1692,259,24,,-
5019,1692,259,9,,-
5020,1692,259,6,,-
5021,1692,259,54,"1,5 - 2,5",kg/ha
5022,1692,259,128,,-
5023,1692,259,4,"1,5 - 2,5",kg/ha
5024,1693,156,517,TAD,%
5025,1694,30,829,"12,5",ml/pohon
5026,1696,2,83,"2,25",ml/l
5027,1696,2,14,"2,25",ml/l
5028,1697,3,75,"2,5",l/ha
5029,1697,3,74,"1,5 - 2",l/ha
5030,1697,3,41,"1,5 - 2",l/ha
5031,1697,3,830,,-
5032,1697,3,39,,-
5033,1697,3,42,,-
5034,1698,273,542,,-
5035,1698,273,696,,-
5036,1698,273,697,,-
5037,1698,273,30,,-
5038,1698,273,9,"1,8 - 3",l/ha
5039,1698,273,66,,-
5040,1698,273,218,,-
5041,1698,273,54,"1,8 - 3",l/ha
5042,1699,51,45,2,ml/l
5043,1699,4,44,2,ml/l
5044,1700,8,6,,-
5045,1700,8,57,3 - 5,l/ha
5046,1700,8,52,,-
5047,1700,8,66,,-
5048,1700,8,51,3 - 5,l/ha
5049,1700,8,4,,-
5050,1700,8,38,,-
5051,1700,8,36,,-
5052,1701,274,399,1 ml/30 ml/m2,-
5053,1701,274,241,,-
5054,1702,10,831,1,ml/l
5055,1702,14,109,1,ml/l
5056,1703,51,832,"2,5",ml/kg benih
5057,1704,11,44,1.5 - 2,ml/l
5058,1704,14,109,1.5,ml/l
5059,1705,37,18,,-
5060,1705,37,124,,-
5061,1706,82,58,30 - 40,g/ha
5062,1706,82,9,30 - 40,g/ha
5063,1706,82,6,30 - 40,g/ha
5064,1707,271,821,Kebutuhan Export,
5065,1708,50,833,1,ml/l
5066,1708,50,45,"1,5",ml/l
5067,1708,51,45,1,ml/l
5068,1708,51,519,"1,5",ml/l
5069,1708,51,834,2,ml/l
5070,1708,51,123,1,ml/l
5071,1708,4,45,1,ml/l
5072,1709,29,64,,
5073,1710,4,45,1,ml/l
5074,1711,11,46,"0,5",g/l
5075,1712,10,226,"0,75",ml/l
5076,1712,36,170,"0,5",ml/l
5077,1712,51,137,"0,5",ml/l
5078,1712,4,81,"1,5",ml/l
5079,1712,55,254,"0,25",ml/l
5080,1712,14,109,1,ml/l
5081,1713,4,346,30,gr/Pohon
5082,1714,77,43,2,g/l
5083,1715,14,50,1,ml/l
5084,1715,30,103,2,ml/l
5085,1716,29,64,-,%
5086,1717,11,46,2,g/l
5087,1718,48,451,,-
5088,1718,48,57,,-
5089,1718,48,6,"2,25 - 3,75",l/ha
5090,1718,48,66,,-
5091,1718,48,9,,-
5092,1718,48,38,"2,25 - 3,75",l/ha
5093,1718,48,35,,-
5094,1719,8,51,,-
5095,1719,8,35,2 - 4,l/ha
5096,1719,8,38,,-
5097,1719,8,6,,-
5098,1719,8,66,2 - 4,-
5099,1719,8,9,,-
5100,1720,11,81,1,ml/l
5101,1721,37,18,,-
5102,1721,37,124,,-
5103,1722,14,835,2,g/l
5104,1723,2,14,1.5,g/l
5105,1723,4,81,1.5,g/l
5106,1724,39,34,3-4,l/ha
5107,1724,39,51,3-4,l/ha
5108,1724,39,35,3-4,l/ha
5109,1724,39,4,3-4,l/ha
5110,1724,39,6,3-4,l/ha
5111,1724,7,4,"1,5-3",l/ha
5112,1724,7,836,"1,5-3",l/ha
5113,1724,7,30,"1,5-3",l/ha
5114,1724,7,9,"1,5-3",l/ha
5115,1724,7,29,"1,5-3",l/ha
5116,1725,14,109,2,ml/l
5117,1725,14,111,2,ml/l
5118,1725,14,142,2,ml/l
5119,1726,14,121,1.5,ml/l
5120,1727,14,109,2,ml/l
5121,1728,14,109,"1,5",ml/l
5122,1729,29,64,-,%
5123,1730,4,102,1,g/l
5124,1731,234,690,ekspor,g/l
5125,1732,2,14,2,g/l
5126,1733,37,124,,
5127,1733,37,18,,-
5128,1734,11,46,"0,6",g/l
5129,1734,50,837,1,g/l
5130,1734,10,205,"2,5 g/kg benih",-
5131,1734,4,106,3,g/l
5132,1734,40,102,"0,5",g/l
5133,1734,40,201,"0,5",g/l
5134,1734,28,46,1,g/l
5135,1735,55,208,"0,25",g/l
5136,1735,4,81,2,g/l
5137,1735,4,44,2,g/l
5138,1736,8,38,,-
5139,1736,8,35,"1,5 - 3",l/ha
5140,1736,8,6,"1,5 - 3",l/ha
5141,1737,3,14,"0,75",ml/l
5142,1738,132,195,-,-
5143,1738,132,124,-,-
5144,1738,132,18,,
5145,1738,132,838,-,-
5146,1739,44,118,2,ml/l
5147,1740,37,18,,-
5148,1740,37,124,,-
5149,1741,29,64,-,
5150,1742,11,46,"0,5",g/l
5151,1743,55,291,"0,075",ml/l
5152,1743,51,292,"1,5",ml/l
5153,1744,275,839,Tidak Ada Penggunaan Terdaftar (Pestisida Ekspor),
5154,1745,51,45,2,ml/l
5155,1746,55,825,,-
5156,1746,2,206,,-
5157,1748,11,46,2,g/l
5158,1749,163,269,1.00,ml/l
5159,1750,14,50,1,ml/l
5160,1751,6,6,"2,25-3,75",l/ha
5161,1751,6,58,"2,25-3,75",l/ha
5162,1751,6,66,"2,25-3,75",l/ha
5163,1751,6,36,"2,25-3,75",l/ha
5164,1751,106,34,"1,5-3",l/ha
5165,1751,106,51,"1,5-3",l/ha
5166,1751,106,9,"1,5-3",l/ha
5167,1751,106,76,"1,5-3",l/ha
5168,1751,106,840,"1,5 - 3",l/ha
5169,1751,106,841,"1,5-3",l/ha
5170,1751,221,51,"2,25-3",l/ha
5171,1751,221,35,"2,25-3",l/ha
5172,1751,221,9,"3,0-4,5",l/ha
5173,1751,221,6,"3,0-4,5",l/ha
5174,1751,221,58,"2,25-3",l/ha
5175,1751,42,31,"1,5-3",l/ha
5176,1751,42,9,"2,25-3",l/ha
5177,1751,42,38,"2,25-3",l/ha
5178,1751,42,34,"2,25-3",l/ha
5179,1753,2,842,1,ml/l
5180,1755,44,265,3,kg/ha
5181,1756,37,18,,-
5182,1756,37,124,,-
5183,1757,36,170,2,g/l
5184,1757,51,843,3,g/l
5185,1757,55,254,2,g/l
5186,1757,4,45,2,g/l
5187,1757,14,109,,
5188,1757,10,226,1,g/l
5189,1757,10,43,2,g/l
5190,1757,44,118,2,g/l
5191,1757,58,530,"2,5",g/l
5192,1757,28,209,4,g/l
5193,1757,45,251,"2,5",g/l
5194,1758,3,844,0.05,g/l
5195,1759,4,23,1,ml/l
5196,1760,8,4,2 - 3,l/ha
5197,1760,8,3,2 -3,l/ha
5198,1760,8,35,2 - 3,l/ha
5199,1760,8,76,2 - 3,l/ha
5200,1760,8,8,2 - 3,l/ha
5201,1760,8,6,2 - 3,l/ha
5202,1760,8,9,2 - 3,l/ha
5203,1760,8,190,2 - 3,l/ha
5204,1760,8,30,2 - 3,l/ha
5205,1761,7,30,"0,5 - 1",l/ha
5206,1761,7,6,"0,5 - 1",l/ha
5207,1761,7,69,"0,5 - 1",l/ha
5208,1761,7,35,"0,5 - 1",l/ha
5209,1762,71,9,3-4,l/ha
5210,1762,71,845,3-4,l/ha
5211,1762,71,6,3-4,l/ha
5212,1762,71,36,3-4,l/ha
5213,1762,71,4,3-4,l/ha
5214,1762,71,846,3-4,l/ha
5215,1763,6,35,"1,5 - 2",l/ha
5216,1763,6,38,"1,5 - 2",l/ha
5217,1763,6,6,"1,5 - 2",l/ha
5218,1763,6,9,"1,5 - 2",l/ha
5219,1763,6,30,"1,5 - 2",l/ha
5220,1764,3,41,"0,75 - 1,25",l/ha
5221,1764,3,112,"0,75 - 1,25",l/ha
5222,1764,3,42,"0,75 - 1,25",l/ha
5223,1764,35,57,"0,75 - 1",l/ha
5224,1764,35,27,"0,75 - 1",l/ha
5225,1764,35,26,"0,75 - 1",l/ha
5226,1764,35,847,"0,75 - 1",l/ha
5227,1764,35,24,"0,75 - 1",l/ha
5228,1764,3,95,"0,75 - 1,25",l/ha
5229,1765,2,83,1,ml/l
5230,1767,4,45,1,ml/l
5231,1767,36,110,2,ml/l
5232,1767,51,45,0.5,ml/l
5233,1768,29,64,-,
5234,1769,8,66,1 - 3,l/ha
5235,1769,8,9,1 - 3,l/ha
5236,1769,8,6,1 - 3,l/ha
5237,1769,8,35,1 - 3,l/ha
5238,1769,8,34,1 - 3,l/ha
5239,1769,8,38,1 - 3,l/ha
5240,1770,29,64,-,
5241,1771,13,64,0.5,gr/Pohon
5242,1773,132,18,,-
5243,1773,132,124,,-
5244,1773,132,195,,-
5245,1773,132,91,,-
5246,1773,132,92,Penyemprotan terbatas dan siap pakai,-
5247,1774,51,848,2,ml/l
5248,1775,2,14,2,ml/l
5249,1776,276,4,2.25 - 4.5,l/ha
5250,1776,1,35,1.5 - 3,l/ha
5251,1776,1,218,1.5 - 3,ml/ha
5252,1776,1,30,1.5 - 3,l/ha
5253,1776,1,77,1.5 - 3,l/ha
5254,1776,6,6,1.5 - 3,l/ha
5255,1776,6,66,1.5 - 3,l/ha
5256,1776,6,36,1.5 - 3,l/ha
5257,1776,6,38,1.5 - 3,l/ha
5258,1776,277,849,1 - 2,l/ha
5259,1776,278,35,1 - 2,l/ha
5260,1776,278,30,1 - 2,l/ha
5261,1776,42,66,1.5 - 3,
5262,1776,42,9,1.5 - 3,
5263,1776,42,38,1.5 - 3,l/ha
5264,1776,106,34,1.5 - 3,l/ha
5265,1776,106,38,1.5 - 3,l/ha
5266,1777,279,201,2.25,g/l
5267,1777,280,50,2.25,g/l
5268,1777,281,850,2,g/l
5269,1777,282,167,2.25,g/l
5270,1777,283,201,2.25,g/l
5271,1777,284,106,1.5,g/l
5272,1777,285,46,2.25,g/l
5273,1777,286,851,2.25,g/l
5274,1777,287,46,2.25,g/l
5275,1778,28,46,2,g/l
5276,1778,11,46,2,g/l
5277,1779,28,561,0.4,ml/l
5278,1779,28,16,2,ml/l
5279,1779,4,81,0.4,ml/l
5280,1779,4,16,2,ml/l
5281,1780,3,14,2,g/l
5282,1782,288,195,20 ml/l s/d 4 minggu,-
5283,1783,8,6,,l/ha
5284,1783,8,57,"1,5 - 3",l/ha
5285,1783,8,30,,-
5286,1783,8,35,,-
5287,1783,8,34,"1,5 - 3",l/ha
5288,1785,18,852,"1,5 - 3,75",l/ha
5289,1785,18,853,"1,5 - 3,75",l/ha
5290,1785,18,34,"1,5 - 3,75",l/ha
5291,1785,18,38,"1,5 - 3,75",l/ha
5292,1786,2,162,"0,5",ml/l
5293,1786,4,396,"2,0",ml/l
5294,1786,13,387,"0,5",ml/l
5295,1786,13,423,"2,5",ml/l
5296,1787,160,438,Untuk keperluan ekspor,
5297,1788,4,44,"0,75",ml/l
5298,1790,29,64,-,
5299,1791,44,119,"0,5",ml/l
5300,1791,44,118,"0,5",ml/l
5301,1792,29,206,-,-
5302,1792,29,825,-,-
5303,1793,37,18,,-
5304,1793,37,124,,-
5305,1794,8,51,,-
5306,1794,8,38,"1,5 - 3",l/ha
5307,1794,8,4,,
5308,1794,8,35,,-
5309,1794,8,58,,-
5310,1794,8,66,"1,5 - 3",l/ha
5311,1794,8,9,,-
5312,1794,8,30,,-
5313,1794,8,52,,-
5314,1794,8,6,,-
5315,1795,14,121,2,ml/l
5316,1795,10,43,"0,5",ml/l
5317,1796,289,195,"400 g/2,60 L air",
5318,1796,289,195,400 g/260 mL,
5319,1797,28,46,"1,5",g/l
5320,1797,28,164,"1,5",g/l
5321,1798,37,195,,
5322,1798,37,124,,
5323,1798,37,18,,
5324,1799,10,43,2,ml/l
5325,1800,11,80,2,g/l
5326,1802,53,415,150 – 300,g/ha
5327,1802,53,854,150 – 300,g/ha
5328,1802,53,2,150 – 300,g/ha
5329,1802,53,79,150 – 300,g/ha
5330,1803,29,64,0,%
5331,1804,7,36,,-
5332,1804,7,4,,-
5333,1804,7,34,"1 - 2,5",l/ha
5334,1804,7,69,,-
5335,1804,7,855,,-
5336,1804,7,856,,-
5337,1804,7,66,,-
5338,1804,7,6,,-
5339,1804,7,9,"1 - 2,5",l/ha
5340,1804,7,57,,-
5341,1804,7,30,,-
5342,1805,9,41,,-
5343,1805,9,39,"0,75 – 1,5",l/ha
5344,1805,9,42,,-
5345,1805,9,857,,-
5346,1805,9,248,"0,75 – 1,5",l/ha
5347,1806,55,254,2,ml/l
5348,1806,55,208,2,ml/l
5349,1806,4,81,3,ml/l
5350,1807,14,109,"1,5",g/l
5351,1808,129,365,-,
5352,1809,290,171,24,g/m3
5353,1809,290,858,24,g/m3
5354,1810,14,109,1,ml/l
5355,1811,4,45,"0,25",ml/l
5356,1812,8,30,"1,5 - 3",l/ha
5357,1812,8,6,"1,5 - 3",l/ha
5358,1812,8,9,"1,5 - 3",l/ha
5359,1812,8,4,"1,5 - 3",l/ha
5360,1812,8,34,"1,5 - 3",l/ha
5361,1813,1,56,,-
5362,1813,1,25,"0,5 - 1,5",l/ha
5363,1813,1,405,,-
5364,1814,14,111,1.5,g/l
5365,1815,53,2,200 - 300,ml/ha
5366,1815,53,40,200 - 300,ml/ha
5367,1815,53,41,200 - 300,ml/ha
5368,1815,53,42,200 - 300,ml/ha
5369,1815,53,294,200 - 300,ml/ha
5370,1815,53,39,200 - 300,ml/ha
5371,1815,53,95,200 - 300,ml/ha
5372,1816,116,41,,-
5373,1816,116,859,"1 - 1,5",l/ha
5374,1816,116,141,"1 - 1,5",l/ha
5375,1816,116,66,,
5376,1817,8,3,,-
5377,1817,8,35,,-
5378,1817,8,36,,-
5379,1817,8,38,"1,125 - 2,25",l/ha
5380,1817,8,9,,-
5381,1817,8,58,"1,125 - 2,25",l/ha
5382,1817,8,6,,-
5383,1817,8,860,,-
5384,1818,32,861,1 - 3,l/ha
5385,1818,32,4,1 - 3,l/ha
5386,1818,32,69,1 - 3,l/ha
5387,1818,32,54,1 - 3,l/ha
5388,1818,32,9,1 - 3,l/ha
5389,1818,32,122,1 - 3,l/ha
5390,1818,32,24,1 - 3,l/ha
5391,1818,32,29,1 - 3,l/ha
5392,1819,2,114,"1,5",ml/l
5393,1820,14,111,1.5,ml/l
5394,1821,51,519,"0,5",ml/l
5395,1822,48,862,75 - 100,g/ha
5396,1822,48,863,75 - 100,g/ha
5397,1822,48,864,75 - 100,g/ha
5398,1822,48,865,75 - 100,g/ha
5399,1822,48,866,75 - 100,g/ha
5400,1823,291,239,00,%
5401,1824,7,2,1 - 3,l/ha
5402,1824,7,146,1 - 3,l/ha
5403,1824,7,94,1 - 3,l/ha
5404,1824,7,128,1 - 3,l/ha
5405,1824,7,867,1 - 3,l/ha
5406,1824,7,6,1 - 3,l/ha
5407,1824,7,9,1 - 3,l/ha
5408,1824,7,868,1 - 3,l/ha
5409,1825,4,44,"0,4",ml/l
5410,1825,4,561,"0,4",ml/l
5411,1826,292,730,"1,5",%
5412,1827,6,35,"2,25 – 3,0",l/ha
5413,1827,6,38,"2,25 – 3,0",l/ha
5414,1827,6,6,"2,25 – 3,0",l/ha
5415,1827,6,58,"2,25 – 3,0",l/ha
5416,1827,6,52,"2,25 – 3,0",l/ha
5417,1828,8,6,,-
5418,1828,8,57,,-
5419,1828,8,9,,-
5420,1828,8,66,3 - 6,l/ha
5421,1828,8,256,3 - 6,l/ha
5422,1828,8,38,,-
5423,1828,8,69,,-
5424,1828,8,34,,-
5425,1829,293,147,450 - 900,g/ha
5426,1829,293,95,450 - 900,g/ha
5427,1829,293,127,450 - 900,g/ha
5428,1829,293,41,450 - 900,g/ha
5429,1829,293,42,450 - 900,g/ha
5430,1829,293,869,450 - 900,g/ha
5431,1829,293,39,450 - 900,g/ha
5432,1830,55,207,"0,6",ml/pohon
5433,1832,29,64,,
5434,1833,37,124,,-
5435,1833,37,221,,-
5436,1834,42,3,1.5-3,l/ha
5437,1834,42,6,1.5-3,l/ha
5438,1834,42,870,1.5-3,l/ha
5439,1834,42,66,1.5-3,l/ha
5440,1834,42,871,1.5-3,l/ha
5441,1834,42,872,1.5-3,l/ha
5442,1834,42,52,1.5-3,l/ha
5443,1834,42,54,1.5-3,l/ha
5444,1834,42,218,1.5-3,l/ha
5445,1834,6,203,1-2,l/ha
5446,1834,6,872,1-2,l/ha
5447,1835,4,44,2,g/l
5448,1837,37,18,,-
5449,1837,37,124,,-
5450,1839,50,837,"1 - 1,5",g/l
5451,1839,11,46,"1,5",g/l
5452,1839,10,205,4 - 5,g/kg benih
5453,1840,11,46,1,g/l
5454,1841,11,428,"1,5",g/l
5455,1842,37,221,,-
5456,1842,37,124,,-
5457,1843,3,72,"1,5",ml/l
5458,1844,6,54,"0,75-1,5",l/ha
5459,1844,6,234,"0,75-1,5",l/ha
5460,1844,6,38,"0,75-1,5",l/ha
5461,1844,6,34,"0,75-1,5",l/ha
5462,1844,6,35,"0,75-1,5",l/ha
5463,1844,6,6,"0,75-1,5",l/ha
5464,1844,6,52,"0,75-1,5",l/ha
5465,1844,6,9,"0,75-1,5",l/ha
5466,1845,294,18,,-
5467,1845,294,124,200,ml/ha
5468,1846,3,96,"1 - 1,5",l/ha
5469,1846,3,41,"0,5 - 1",l/ha
5470,1846,3,42,"0,5 - 1",l/ha
5471,1847,44,118,"1,5",ml/l
5472,1848,218,54,75-100,g/ha
5473,1848,218,415,75-100,g/ha
5474,1848,218,29,75-100,g/ha
5475,1848,8,69,75-150,g/ha
5476,1848,8,30,75-150,g/ha
5477,1848,8,9,75-150,g/ha
5478,1848,7,30,75-100,g/ha
5479,1848,7,9,75-100,g/ha
5480,1848,7,69,75-100,g/ha
5481,1850,4,44,"0,75",g/l
5482,1851,42,38,3 - 6,l/ha
5483,1851,42,6,3 - 6,l/ha
5484,1851,6,36,3 - 4,l/ha
5485,1851,6,6,3 - 4,l/ha
5486,1851,6,58,3 - 4,l/ha
5487,1852,3,10,2,ml/l
5488,1853,20,530,1,ml/l
5489,1853,36,170,5,ml/l
5490,1853,51,873,2,ml/l
5491,1854,13,572,1.875,ml/l
5492,1854,28,164,2.5,ml/l
5493,1855,152,206,,-
5494,1855,151,825,,-
5495,1856,82,34,"1,5 - 3",l/ha
5496,1856,82,58,"1,5 - 3",l/ha
5497,1856,82,6,"1,5 - 3",l/ha
5498,1857,14,50,2,g/l
5499,1858,51,123,"0,75",ml/l
5500,1858,51,137,"0,75",ml/l
5501,1858,51,519,"0,75",ml/l
5502,1859,44,118,0.75,ml/l
5503,1860,7,579,1.5 - 3,l/ha
5504,1860,7,4,1.5 - 3,l/ha
5505,1860,7,88,1.5 - 3,l/ha
5506,1860,7,30,1.5 - 3,l/ha
5507,1860,7,6,1.5 - 3,l/ha
5508,1860,7,9,1.5 - 3,l/ha
5509,1861,6,874,"1,125 - 2,25",l/ha
5510,1861,6,875,"1,125 - 2,25",l/ha
5511,1861,6,876,"1,125 - 2,25",l/ha
5512,1861,6,877,"1,125 - 2,25",l/ha
5513,1861,6,878,"1,125 - 2,25",l/ha
5514,1862,29,64,-,%
5515,1863,44,118,2,g/l
5516,1864,18,3,1.5 - 2.5,l/ha
5517,1864,18,38,1.5 - 2.5,l/ha
5518,1864,18,66,1.5 - 2.5,l/ha
5519,1864,18,6,1.5 - 2.5,l/ha
5520,1864,18,57,1.5 - 2.5,l/ha
5521,1865,4,81,1,ml/l
5522,1866,4,81,"0,4",ml/l
5523,1867,28,46,"0,5",ml/l
5524,1868,3,127,0.5 - 1,l/ha
5525,1868,3,879,0.5 - 1,l/ha
5526,1868,3,41,0.5 - 1,l/ha
5527,1868,3,42,0.5 - 1,l/ha
5528,1868,1,9,1 - 2,l/ha
5529,1868,1,856,1 - 2,l/ha
5530,1868,1,67,1 - 2,l/ha
5531,1868,1,77,1 - 2,l/ha
5532,1869,9,74,15 - 20,g/ha
5533,1869,9,39,15 - 20,g/ha
5534,1869,9,97,15 - 20,g/ha
5535,1869,9,42,15 - 20,g/ha
5536,1870,51,137,1,ml/l
5537,1871,14,50,2.5,ml/l
5538,1871,2,10,2.5,ml/l
5539,1873,14,109,"0,75",ml/l
5540,1874,2,14,1,g/l
5541,1875,8,6,"1,5 - 3",l/ha
5542,1875,8,9,,-
5543,1875,8,35,,
5544,1875,8,3,"1,5 - 3",l/ha
5545,1877,245,880,"1,5 - 2",l/ha
5546,1877,245,881,"1,5 - 2",l/ha
5547,1877,245,882,"1,5 - 2",l/ha
5548,1877,245,883,"1,5 - 2",l/ha
5549,1877,245,884,"1,5 - 2",l/ha
5550,1878,295,885,,-
5551,1878,295,38,,-
5552,1878,295,69,,-
5553,1878,295,4,"1,00 - 1,5",l/ha
5554,1878,295,34,,-
5555,1878,295,58,"1,00 - 1,5",l/ha
5556,1878,295,9,,-
5557,1878,295,112,,-
5558,1878,295,74,,-
5559,1878,295,95,"1,00 - 1,5",l/ha
5560,1879,64,171,10,ml/l
5561,1879,64,241,10,ml/l
5562,1879,64,241,10,ml/10000 m3
5563,1879,64,171,10,ml/10000 m3
5564,1880,37,18,,-
5565,1880,37,124,,
5566,1881,3,10,2,ml/l
5567,1882,1,9,"1,5 - 3",l/ha
5568,1882,1,7,"1,5 - 3",l/ha
5569,1882,1,8,"1,5 - 3",l/ha
5570,1882,1,6,"1,5 - 3",l/ha
5571,1882,1,5,"1,5 - 3",l/ha
5572,1882,1,4,"1,5 - 3",l/ha
5573,1882,1,2,"1,5 - 3",l/ha
5574,1882,1,1,"1,5 - 3",l/ha
5575,1882,1,3,"1,5 - 3",l/ha
5576,1882,19,153,"1 - 3,5",l/ha
5577,1882,19,6,"1 - 3,5",l/ha
5578,1882,19,9,"1 - 3,5",l/ha
5579,1882,19,30,"1 - 3,5",l/ha
5580,1882,19,69,"1 - 3,5",l/ha
5581,1882,19,35,"1 - 3,5",l/ha
5582,1883,2,115,1,ml/l
5583,1884,14,44,"1,5",ml/l
5584,1884,4,44,"1,5",ml/l
5585,1884,28,121,"1,5",ml/l
5586,1884,28,16,"1,5",ml/l
5587,1885,4,44,1,ml/l
5588,1886,48,69,,-
5589,1886,48,128,,-
5590,1886,48,94,,-
5591,1886,48,35,,-
5592,1886,48,34,,-
5593,1886,48,38,,-
5594,1886,48,4,,-
5595,1886,48,36,75 - 150,ml/ha
5596,1886,10,69,,-
5597,1886,10,128,,-
5598,1886,10,94,75 - 150,ml/ha
5599,1886,10,234,,-
5600,1886,10,2,,-
5601,1886,10,54,75 - 150,ml/ha
5602,1886,10,27,,-
5603,1886,10,76,,-
5604,1886,10,29,,-
5605,1886,10,24,,-
5606,1886,10,6,75 - 150,ml/ha
5607,1886,10,30,,-
5608,1887,14,269,"0,5",ml/l
5609,1887,14,111,"0,75",ml/l
5610,1887,14,109,"0,75",ml/l
5611,1887,4,44,"0,5",ml/l
5612,1887,4,81,"0,75",ml/l
5613,1889,51,278,3,ml/l
5614,1889,2,188,2,ml/l
5615,1890,160,438,Untuk keperluan ekspor,
5616,1891,37,91,,-
5617,1891,37,92,,-
5618,1891,37,124,,-
5619,1891,37,18,,-
5620,1891,37,195,,-
5621,1892,296,39,"0,5 - 1",l/ha
5622,1892,296,149,"0,5 - 1",l/ha
5623,1892,296,41,"0,5 - 1",l/ha
5624,1892,296,74,"0,5 - 1",l/ha
5625,1892,296,95,"0,5 - 1",l/ha
5626,1892,296,79,"0,5 - 1",l/ha
5627,1892,296,82,"0,5 - 1",l/ha
5628,1893,55,207,6,gr/Pohon
5629,1894,130,4,3 - 4,l/ha
5630,1894,130,51,3 - 4,l/ha
5631,1894,130,6,3 - 4,l/ha
5632,1894,130,122,3 - 4,l/ha
5633,1894,130,29,3 - 4,l/ha
5634,1894,130,9,3 - 4,l/ha
5635,1895,48,52,,-
5636,1895,48,6,"1,5 - 3",l/ha
5637,1895,48,30,,-
5638,1895,48,25,,-
5639,1895,48,35,,-
5640,1895,48,38,"1,5 - 3",l/ha
5641,1896,3,42,"0,5-1,5",l/ha
5642,1896,3,39,"0,5-1,5",l/ha
5643,1896,3,95,"0,5-1,5",l/ha
5644,1897,6,35,"1,5 - 3",l/ha
5645,1897,6,38,,-
5646,1897,6,9,,-
5647,1897,6,6,,-
5648,1897,6,58,"1,5 - 3",l/ha
5649,1898,4,23,"1,5",g/l
5650,1899,3,42,"0,75-1,25",l/ha
5651,1899,3,41,"0,75-1,25",l/ha
5652,1899,3,886,"0,75-1,25",l/ha
5653,1900,218,616,,-
5654,1900,218,69,,-
5655,1900,218,128,300 - 450,ml/ha
5656,1900,218,2,,-
5657,1900,218,4,,-
5658,1901,3,96,75 - 125,g/ha
5659,1901,3,42,75 - 125,g/ha
5660,1901,3,39,75 - 125,g/ha
5661,1901,3,41,75 - 125,g/ha
5662,1902,51,887,,-
5663,1902,51,3,,-
5664,1902,51,146,120 - 150,ml/ha
5665,1902,51,88,,-
5666,1902,51,69,,-
5667,1905,11,46,2,g/l
5668,1907,51,137,1,ml/l
5669,1908,14,109,2,ml/l
5670,1909,4,102,2,ml/l
5671,1910,37,18,,-
5672,1910,37,124,,-
5673,1912,18,38,75 - 150,g/ha
5674,1912,18,34,75 - 150,g/ha
5675,1912,18,66,75 - 150,g/ha
5676,1912,18,6,75 - 150,g/ha
5677,1912,18,548,75 - 150,g/ha
5678,1912,18,58,75 - 150,g/ha
5679,1913,113,888,"1,5",ml/l
5680,1913,113,83,"1,5",ml/l
5681,1914,8,54,"1,5 – 3",l/ha
5682,1914,8,9,,-
5683,1914,8,6,"1,5 – 3",l/ha
5684,1914,8,66,,-
5685,1914,8,35,,-
5686,1914,8,38,"1,5 – 3",l/ha
5687,1915,14,111,"1,5",ml/l
5688,1916,9,79,"1,5 - 3",l/ha
5689,1916,9,82,,-
5690,1916,9,95,"1,5 - 3",l/ha
5691,1916,9,74,,-
5692,1916,9,39,,-
5693,1916,9,112,,-
5694,1916,9,41,,-
5695,1916,9,42,,-
5696,1916,9,889,"1,5 - 3",l/ha
5697,1917,4,45,2,ml/l
5698,1917,55,254,1.5,ml/l
5699,1920,10,9,2 - 3,l/ha
5700,1920,10,29,2 - 3,l/ha
5701,1920,10,30,2 - 3,l/ha
5702,1920,10,69,2-3,l/ha
5703,1921,2,14,2,g/l
5704,1923,297,64,-,%
5705,1924,7,9,3 - 4,l/ha
5706,1924,7,890,3 - 4,l/ha
5707,1924,7,30,3 - 4,l/ha
5708,1924,7,4,3 - 4,l/ha
5709,1924,7,69,3 - 4,l/ha
5710,1926,8,30,"1,25 - 2",l/ha
5711,1926,8,9,"1,25 - 2",l/ha
5712,1926,8,60,"1,25 - 2",l/ha
5713,1927,14,109,3,g/l
5714,1927,55,254,8,gr/Pohon
5715,1928,3,95,,l/ha
5716,1928,3,74,"1 - 1,5",l/ha
5717,1928,3,891,"1 - 1,5",l/ha
5718,1928,3,147,,-
5719,1928,3,892,,-
5720,1928,3,41,,-
5721,1928,3,42,"1 - 1,5",l/ha
5722,1928,3,134,,-
5723,1929,71,36,4 - 6,l/ha
5724,1929,71,38,4 - 6,l/ha
5725,1929,71,34,4 - 6,l/ha
5726,1929,71,9,4 - 6,l/ha
5727,1929,71,6,4 - 6,l/ha
5728,1929,71,66,4 - 6,l/ha
5729,1929,71,52,4 - 6,l/ha
5730,1930,2,10,1,ml/l
5731,1931,18,3,"0,75 - 1,5",l/ha
5732,1931,18,38,"0,75 - 1,5",l/ha
5733,1931,18,35,"0,75 - 1,5",l/ha
5734,1931,18,893,"0,75 - 1,5",l/ha
5735,1931,18,894,"0,75 - 1,5",l/ha
5736,1931,18,52,"0,75 - 1,5",l/ha
5737,1931,18,6,"0,75 - 1,5",l/ha
5738,1931,18,25,"0,75 - 1,5",l/ha
5739,1932,111,326,15,ml/l
5740,1933,5,124,,-
5741,1933,5,18,100,ml/ha
5742,1935,118,64,1,ml/l
5743,1936,3,206,,-
5744,1937,2,120,2,ml/l
5745,1937,2,14,2,ml/l
5746,1939,81,81,"0,25",ml/l
5747,1939,81,44,"0,5",ml/l
5748,1940,135,374,62,%
5749,1941,42,6,3 - 4,l/ha
5750,1941,42,34,3 - 4,l/ha
5751,1942,28,23,"0,2",ml/l
5752,1943,14,50,2,g/l
5753,1944,14,269,2,ml/l
5754,1945,14,269,1,ml/l
5755,1946,42,38,2.25 - 3.75,l/ha
5756,1946,42,31,2.25 - 3.75,l/ha
5757,1946,42,9,2.25 - 3.75,l/ha
5758,1947,6,36,"0,75 - 1,5",l/ha
5759,1947,6,6,,-
5760,1947,6,66,"1,5 - 2",l/ha
5761,1949,298,38,0.75 - 1.5,l/ha
5762,1949,298,223,0.75 - 1.5,l/ha
5763,1949,298,543,0.75 - 1.5,l/ha
5764,1949,299,38,0.75 - 1.5,l/ha
5765,1949,299,543,0.75 - 1.5,l/ha
5766,1949,299,620,0.75 - 1.5,l/ha
5767,1949,299,6,0.75 - 1.5,l/ha
5768,1949,299,624,0.75 - 1.5,l/ha
5769,1951,55,344,1,g/l
5770,1952,48,52,2 - 3,l/ha
5771,1952,48,30,,-
5772,1952,48,6,,-
5773,1952,48,57,,-
5774,1952,48,25,,-
5775,1953,4,81,"1,5",ml/l
5776,1954,4,45,1.5,ml/l
5777,1955,38,98,2 - 4,l/ha
5778,1955,38,40,2 - 4,l/ha
5779,1955,38,41,2 - 4,l/ha
5780,1955,38,407,2 - 4,l/ha
5781,1955,38,42,2 - 4,l/ha
5782,1955,38,82,2 - 4,l/ha
5783,1955,38,95,2 - 4,l/ha
5784,1956,8,34,1.5 - 3,l/ha
5785,1956,8,36,1.5 - 3,l/ha
5786,1956,8,38,1.5 - 3,l/ha
5787,1956,8,895,1.5 - 3,l/ha
5788,1956,8,896,1.5 - 3,l/ha
5789,1956,8,66,1.5 - 3,l/ha
5790,1956,8,158,1.5 - 3,l/ha
5791,1957,14,121,0.5,ml/l
5792,1958,14,50,"0,375",ml/l
5793,1958,11,46,"0,375",ml/l
5794,1958,11,164,"0,375",ml/l
5795,1958,30,396,"0,5",ml/l
5796,1958,28,164,"0,75",ml/l
5797,1958,28,46,"0,75",ml/l
5798,1959,14,109,"1,5",ml/l
5799,1959,10,43,1,ml/l
5800,1960,3,188,2,ml/l
5801,1961,47,66,125 - 150,g/ha
5802,1961,47,30,125 - 150,g/ha
5803,1961,47,897,125 - 150,g/ha
5804,1961,47,9,125 - 150,g/ha
5805,1961,300,57,100 - 150,g/ha
5806,1961,300,29,75 - 150,g/ha
5807,1961,300,25,100 - 150,g/ha
5808,1961,300,9,100 - 150,g/ha
5809,1961,300,6,100 - 150,g/ha
5810,1961,293,74,15 - 30,g/ha
5811,1961,293,41,15 - 30,g/ha
5812,1961,293,898,15 - 30,g/ha
5813,1961,293,40,15 - 30,g/ha
5814,1962,129,365,-,%
5815,1963,4,45,2,ml/l
5816,1963,51,45,2,ml/l
5817,1964,77,234,"1 - 1,5",kg/ha
5818,1964,77,899,"1 - 1,5",kg/ha
5819,1964,77,235,"1 - 1,5",kg/ha
5820,1965,2,10,1,g/l
5821,1965,4,102,1,g/l
5822,1966,14,109,"2,25",g/l
5823,1968,37,124,,-
5824,1968,37,900,,
5825,1969,83,195,1.25,ml/m2
5826,1971,2,188,"0,5",g/l
5827,1972,8,9,,-
5828,1972,8,6,,-
5829,1972,8,66,,-
5830,1972,8,130,"56,25 - 131,25",g/ha
5831,1972,8,38,,-
5832,1972,8,51,,-
5833,1972,8,450,,-
5834,1972,8,35,,-
5835,1972,8,901,"56,25 - 131,25",g/ha
5836,1973,3,72,375,g/ha
5837,1974,2,10,2.5,g/l
5838,1975,6,9,1.5 - 2,l/ha
5839,1975,6,30,1.5 - 2,l/ha
5840,1975,6,902,1.5 - 2,l/ha
5841,1975,6,38,1.5 - 2,l/ha
5842,1976,2,903,0.5,ml/l
5843,1976,2,162,0.5,ml/l
5844,1976,2,904,0.5,ml/l
5845,1977,3,905,6,kg/ha
5846,1978,14,274,1,ml/l
5847,1978,301,50,1,ml/l
5848,1978,11,164,2,ml/l
5849,1978,28,164,1,ml/l
5850,1978,4,391,1,ml/l
5851,1979,11,46,2,ml/l
5852,1980,37,18,,
5853,1980,37,124,,-
5854,1981,8,450,,-
5855,1981,8,906,,-
5856,1981,8,38,,-
5857,1981,8,51,2 - 4,l/ha
5858,1981,8,35,,-
5859,1981,8,6,,-
5860,1981,8,57,2 - 4,l/ha
5861,1981,8,451,,-
5862,1981,8,30,,-
5863,1981,8,66,,-
5864,1981,8,52,,-
5865,1982,195,188,"7,5 g/kg benih",-
5866,1982,3,188,"2,25",g/l
5867,1983,37,18,-,-
5868,1983,37,124,-,-
5869,1984,51,45,1,ml/l
5870,1985,24,4,2-3,l/ha
5871,1985,24,34,2-3,l/ha
5872,1985,24,451,2-3,l/ha
5873,1985,24,6,2-3,l/ha
5874,1985,24,9,2-3,l/ha
5875,1985,24,112,2-3,l/ha
5876,1986,37,91,,-
5877,1986,37,92,,-
5878,1986,37,231,,-
5879,1986,37,124,,-
5880,1986,37,18,,-
5881,1986,37,195,,-
5882,1987,4,45,2,ml/l
5883,1988,218,35,,-
5884,1988,218,69,,-
5885,1988,218,88,180 - 540,ml/ha
5886,1989,302,240,0.5,kg/ha
5887,1990,2,14,2,g/l
5888,1991,261,781,tidak tersedia untuk ekspor,ml/ha
5889,1993,4,81,"0,5",ml/l
5890,1994,29,64,-,
5891,1995,29,64,TAD,%
5892,1996,4,285,1,ml/l
5893,1997,14,346,50,kg/ha
5894,1998,4,81,1,g/l
5895,1998,4,182,1,g/l
5896,1998,4,907,1,g/l
5897,1998,2,14,"0,376",g/l
5898,1998,2,226,1,g/l
5899,1998,2,12,"0,5",g/l
5900,1999,4,23,2,ml/l
5901,2000,11,908,2,ml/l
5902,2001,4,45,"2,5",ml/l
5903,2002,79,909,1,ml/l
5904,2003,37,910,,-
5905,2005,29,64,-,
5906,2006,303,195,Siap Pakai,-
5907,2006,303,91,Siap Pakai,-
5908,2006,303,18,Siap Pakai,-
5909,2006,303,124,Siap Pakai,-
5910,2006,303,92,Siap Paki,-
5911,2007,37,92,,-
5912,2007,37,91,,-
5913,2007,37,195,,-
5914,2007,37,124,,-
5915,2007,37,18,,-
5916,2008,2,188,2,ml/l
5917,2008,4,911,2,ml/l
5918,2009,38,42,,-
5919,2009,38,25,,-
5920,2009,38,912,"2,25 - 4.5",l/ha
5921,2009,38,90,"2,25 - 4,5",l/ha
5922,2009,38,82,"2,25 - 4,5",l/ha
5923,2009,71,6,"2,25 - 3",l/ha
5924,2009,71,35,"2,25 - 3",l/ha
5925,2009,71,34,,-
5926,2009,8,38,,-
5927,2009,8,34,"1,5 - 3",l/ha
5928,2009,8,39,,
5929,2009,8,6,,-
5930,2009,8,913,"1,5 - 3",l/ha
5931,2010,71,914,"1,5 - 3",l/ha
5932,2010,71,915,"1,5 - 3",l/ha
5933,2010,71,916,"1,5 - 3",l/ha
5934,2010,3,917,"0,75 - 1,25",l/ha
5935,2010,3,918,"0,75 - 1,25",l/ha
5936,2010,3,919,"0,75 - 1,25",l/ha
5937,2010,3,920,"0,75 - 1,25",l/ha
5938,2010,3,921,"0,75 - 1,25",l/ha
5939,2010,6,922,"1,5 - 1,25",l/ha
5940,2010,6,923,"1,5 - 1,25",l/ha
5941,2010,6,924,"1,5 - 1,25",l/ha
5942,2012,3,72,"0,75",g/l
5943,2013,37,925,,
5944,2013,37,124,,-
5945,2013,37,18,,
5946,2014,37,18,siap pakai,-
5947,2014,37,124,,
5948,2015,29,64,-,%
5949,2016,4,103,4,ml/l
5950,2016,4,102,4,ml/l
5951,2016,13,926,3,ml/l
5952,2016,40,396,"0,75",ml/l
5953,2016,2,188,15,ml/kg benih
5954,2016,2,188,"1,5",l/ha
5955,2016,14,50,4,l/ha
5956,2016,50,167,"1,5",l/ha
5957,2016,79,330,2,ml/l
5958,2017,4,44,2,ml/l
5959,2018,4,45,0.5,g/l
5960,2019,6,927,"1,5 - 2,5",l/ha
5961,2019,6,928,"1,5 - 2,5",l/ha
5962,2019,6,929,"1,5 - 2,5",l/ha
5963,2019,6,930,"1,5 - 2,5",l/ha
5964,2019,6,931,"1,5 - 2,5",l/ha
5965,2019,6,932,"1,5 - 2,5",l/ha
5966,2019,6,933,"1,5 - 2,5",l/ha
5967,2020,44,934,"1,5",ml/l
5968,2021,28,46,"1,5",g/l
5969,2021,14,50,"2,25",g/l
5970,2021,11,46,3,g/l
5971,2021,4,102,3,g/l
5972,2022,3,161,"0,75",g/l
5973,2023,3,386,"2,25",ml/l
5974,2023,3,279,"2,25",ml/l
5975,2023,3,10,"2,25",ml/l
5976,2024,4,45,1,ml/l
5977,2025,2,14,1,g/l
5978,2026,11,46,2,g/l
5979,2027,76,210,97,%
5980,2028,18,66,1 - 1.5,l/ha
5981,2028,18,6,1 - 1.5,l/ha
5982,2028,18,38,1 - 1.5,l/ha
5983,2030,6,57,"0,5 - 1,5",l/ha
5984,2030,6,51,,-
5985,2030,6,35,,-
5986,2030,6,4,"0,5 - 1,5",l/ha
5987,2030,6,34,,-
5988,2030,6,38,,-
5989,2031,3,141,,-
5990,2031,3,127,,-
5991,2031,3,90,1 - 2,l/ha
5992,2031,3,82,1 - 2,l/ha
5993,2031,3,41,1 - 2,l/ha
5994,2031,195,127,,-
5995,2031,195,90,1 - 2,l/ha
5996,2031,195,41,1 - 2,l/ha
5997,2031,195,125,,-
5998,2031,195,82,1 - 2,l/ha
5999,2033,44,81,2,ml/l
6000,2033,44,118,2,ml/l
6001,2034,1,7,"1 - 1,5",kg/ha
6002,2034,1,6,"1 - 1,5",kg/ha
6003,2034,1,4,"1 - 1,5",kg/ha
6004,2035,8,935,1.5 - 3,l/ha
6005,2035,8,38,1.5 - 3,l/ha
6006,2035,8,6,1.5 - 3,l/ha
6007,2035,8,66,1.5 - 3,l/ha
6008,2035,8,30,1.5 - 3,l/ha
6009,2035,8,57,1.5 - 3,l/ha
6010,2035,71,38,1.5 - 3,l/ha
6011,2035,71,57,1.5 - 3,l/ha
6012,2035,71,9,1.5 - 3,l/ha
6013,2036,6,58,"1,5 - 3",l/ha
6014,2036,6,52,"1,5 - 3",l/ha
6015,2036,6,183,"1,5 - 3",l/ha
6016,2036,6,35,"1,5 - 3",l/ha
6017,2036,6,38,"1,5 - 3",l/ha
6018,2037,29,64,-,
6019,2039,4,45,1,ml/l
6020,2039,36,936,"1 - 1,5",ml/l
6021,2039,36,170,"0,5 - 1",ml/l
6022,2040,29,64,-,%
6023,2041,51,137,2,ml/l
6024,2042,2,14,3,ml/l
6025,2043,3,134,"1,5 - 3",l/ha
6026,2043,3,41,,-
6027,2043,3,42,,-
6028,2043,3,95,,
6029,2043,3,74,"1,5 - 3",l/ha
6030,2043,3,100,"1,5 - 3",l/ha
6031,2044,51,45,"1,5",ml/l
6032,2045,2,412,"1,5",ml/l
6033,2046,4,44,1,g/l
6034,2049,51,45,1,ml/l
6035,2049,4,45,2,ml/l
6036,2050,50,23,2,ml/l
6037,2051,6,38,"1,5 - 2",l/ha
6038,2051,6,6,"1,5 - 2",l/ha
6039,2052,10,937,1,ml/l
6040,2053,8,34,1.5-2.5,l/ha
6041,2053,8,60,1.5-2.5,l/ha
6042,2053,8,9,1.5-2.5,l/ha
6043,2053,87,74,1-2,l/ha
6044,2053,87,90,1-2,l/ha
6045,2053,87,41,1-2,l/ha
6046,2053,87,42,1-2,l/ha
6047,2053,87,82,1-2,l/ha
6048,2053,22,938,2-3,l/ha
6049,2053,22,42,2-3,l/ha
6050,2053,22,41,2-3,l/ha
6051,2053,22,9,2-3,l/ha
6052,2053,22,30,2-3,l/ha
6053,2053,22,6,2-3,l/ha
6054,2053,22,134,2-3,l/ha
6055,2053,22,938,2-3,l/ha
6056,2053,22,4,2-3,l/ha
6057,2053,22,38,2-3,l/ha
6058,2053,22,69,2-3,l/ha
6059,2053,22,35,2-3,l/ha
6060,2053,22,51,2-3,l/ha
6061,2053,22,128,2-3,l/ha
6062,2053,20,35,1-2,l/ha
6063,2053,20,34,1-2,l/ha
6064,2053,20,6,1-2,l/ha
6065,2053,42,6,1.5-2,l/ha
6066,2053,42,35,1.5-2,l/ha
6067,2053,42,34,1.5-2,l/ha
6068,2054,2,14,"1,5",ml/l
6069,2055,37,124,,-
6070,2055,37,18,,-
6071,2056,107,296,"2 - 2,5",l/ha
6072,2056,107,939,"2 - 2,5",l/ha
6073,2056,6,38,2 - 3,l/ha
6074,2056,6,6,"1,5 - 3",l/ha
6075,2056,6,66,"1,5 - 3",l/ha
6076,2056,42,36,2 - 3,l/ha
6077,2056,42,35,2 - 3,l/ha
6078,2056,42,38,2 - 3,l/ha
6079,2056,106,35,"2,5 - 3",l/ha
6080,2056,106,38,2 - 3,l/ha
6081,2056,10,35,2 - 3,l/ha
6082,2056,10,9,2 - 3,l/ha
6083,2057,44,119,450,ml/ha
6084,2059,29,64,-,
6085,2060,29,64,-,%
6086,2061,44,118,"0,25",ml/l
6087,2062,34,840,,-
6088,2062,34,33,2 - 3,l/ha
6089,2062,34,190,,-
6090,2062,34,9,,-
6091,2062,34,191,,-
6092,2062,34,34,,-
6093,2062,34,146,,-
6094,2062,34,94,,-
6095,2062,34,88,2 - 3,l/ha
6096,2064,2,150,150 - 200,ml/ha
6097,2064,2,294,150 - 200,ml/ha
6098,2064,2,41,150 - 200,ml/ha
6099,2064,2,95,150 - 200,ml/ha
6100,2064,2,79,150 - 200,ml/ha
6101,2065,6,57,,-
6102,2065,6,451,,-
6103,2065,6,6,,-
6104,2065,6,66,"1,5 - 2",l/ha
6105,2065,6,38,"2 - 2,5",l/ha
6106,2065,6,36,"1,5 - 2",l/ha
6107,2065,6,51,,-
6108,2066,3,14,2,ml/l
6109,2067,3,96,"0,75 - 1,5",l/ha
6110,2067,3,41,"0,75 - 1,5",l/ha
6111,2067,3,294,"0,75 - 1,5",l/ha
6112,2067,3,42,"0,75 - 1,5",l/ha
6113,2067,1,940,"0,75 - 1,5",l/ha
6114,2067,1,9,"0,75 - 1,5",l/ha
6115,2067,1,53,"0,75 - 1",l/ha
6116,2069,2,188,2,g/l
6117,2070,4,81,1,ml/l
6118,2071,6,4,4 - 6,l/ha
6119,2071,6,35,,-
6120,2071,6,38,3 - 4,l/ha
6121,2071,6,9,3 - 4,l/ha
6122,2072,28,46,"1,5",g/l
6123,2072,11,46,"1,5",g/l
6124,2072,50,837,9,g/l
6125,2073,7,9,0.9 – 1.5,l/ha
6126,2073,7,6,0.9 – 1.5,l/ha
6127,2073,7,4,0.9 – 1.5,l/ha
6128,2073,7,54,0.9 – 1.5,l/ha
6129,2074,44,118,1,ml/l
6130,2075,7,6,"1,5 - 2",l/ha
6131,2075,7,9,"1,5 - 2",l/ha
6132,2075,7,35,2,l/ha
6133,2075,39,30,"2,5",l/ha
6134,2075,39,9,"2,5",l/ha
6135,2075,39,35,"2- 2,5",l/ha
6136,2076,10,43,0.75,g/l
6137,2077,6,51,3 - 5,l/ha
6138,2077,6,38,3 - 5,l/ha
6139,2077,6,36,3 - 5,l/ha
6140,2077,6,941,3 - 5,l/ha
6141,2077,6,6,3 - 5,l/ha
6142,2077,6,9,3 - 5,l/ha
6143,2077,6,57,3 - 5,l/ha
6144,2077,6,66,3 - 5,l/ha
6145,2078,7,942,"2,25 - 4,5",l/ha
6146,2078,7,24,,-
6147,2078,7,29,"2,25 - 4,5",l/ha
6148,2078,7,943,,-
6149,2078,7,25,,-
6150,2078,7,4,,-
6151,2078,7,38,"2,25 - 4,5",l/ha
6152,2078,7,69,,-
6153,2079,14,109,2,ml/l
6154,2080,4,102,2,g/l
6155,2080,11,46,4,g/l
6156,2080,14,765,2,g/l
6157,2080,28,46,2,g/l
6158,2081,8,35,,-
6159,2081,8,4,1 - 2,l/ha
6160,2081,8,51,,-
6161,2081,8,38,,-
6162,2081,8,6,,-
6163,2081,8,9,1 - 2,l/ha
6164,2082,48,38,,-
6165,2082,48,35,"1,5 - 3",l/ha
6166,2082,48,25,,-
6167,2082,48,52,"1,5 - 3",-
6168,2082,48,6,,-
6169,2083,3,188,2,g/l
6170,2084,44,265,3,kg/ha
6171,2085,2,10,2,ml/l
6172,2086,29,64,-,
6173,2087,37,195,0.6,gr/m2
6174,2088,13,682,"0,8",ml/pohon
6175,2089,10,23,2,g/l
6176,2090,3,206,,-
6177,2091,2,944,0.5,ml/l
6178,2092,304,92,,-
6179,2092,304,91,,
6180,2092,304,253,,-
6181,2092,304,945,,-
6182,2092,304,506,,
6183,2093,11,46,1.5,g/l
6184,2094,29,64,-,-
6185,2095,14,111,2,g/l
6186,2097,6,3,3 - 4,l/ha
6187,2097,6,6,3 - 4,l/ha
6188,2098,5,124,,
6189,2098,5,430,225,ml/ha
6190,2098,5,124,,-
6191,2098,5,430,225,ml/ha
6192,2098,5,18,"17,5 ml/l s.d 30 hari",
6193,2098,5,124,"7,5 ml/l s.d 30 hari",
6194,2099,301,284,"1,6",ml/l
6195,2099,28,561,"1,2",ml/l
6196,2099,28,668,"1,2",ml/l
6197,2099,28,284,"1,2",ml/l
6198,2099,28,16,1.2,ml/l
6199,2099,27,179,"0,8",ml/l
6200,2099,27,182,"0,8",ml/l
6201,2099,27,84,"0,8",ml/l
6202,2099,4,81,"0,6",ml/l
6203,2099,4,16,1.2,ml/l
6204,2099,4,182,"1,6",ml/l
6205,2099,4,668,"1,2",ml/l
6206,2099,14,111,"1,5",ml/l
6207,2099,74,81,"0,6",ml/l
6208,2099,74,16,"1,2",ml/l
6209,2099,11,284,"1,6",ml/l
6210,2099,40,81,"0,6",ml/l
6211,2099,40,16,"1,2",ml/l
6212,2100,8,38,"1,5 - 3",l/ha
6213,2100,8,51,"1,5 - 3",l/ha
6214,2100,8,3,"1,5 - 3",l/ha
6215,2100,8,66,"1,5 - 3",l/ha
6216,2100,8,6,"1,5 - 3",l/ha
6217,2100,8,57,"1,5 - 3",l/ha
6218,2100,8,9,"1,5 - 3",l/ha
6219,2101,2,946,"0,5",ml/l
6220,2101,10,947,"1,5",ml/l
6221,2102,4,45,1,ml/l
6222,2102,36,177,1,ml/l
6223,2102,36,170,1,ml/l
6224,2102,51,45,1,ml/l
6225,2103,1,54,1-3,l/ha
6226,2103,1,948,1-3,l/ha
6227,2103,1,153,1-3,l/ha
6228,2103,1,6,1-3,l/ha
6229,2103,1,9,1-3,l/ha
6230,2103,1,375,1-3,l/ha
6231,2104,2,82,"0,375 - 0,75",l/ha
6232,2104,2,79,,-
6233,2104,2,949,"0,375 - 0,75",l/ha
6234,2104,2,950,,
6235,2104,2,41,,
6236,2104,2,95,,
6237,2104,2,74,"0,375 - 0,75",l/ha
6238,2105,4,23,"1,5",g/l
6239,2106,305,142,2,ml/l
6240,2106,122,45,2,ml/l
6241,2106,306,81,2,ml/l
6242,2106,307,693,1,ml/l
6243,2106,40,182,4,ml/l
6244,2106,40,81,3,ml/l
6245,2106,308,142,2,ml/l
6246,2108,64,171,0.25,ml/30 ml larutan/m2
6247,2109,10,226,"1,5",ml/l
6248,2109,36,110,1,ml/l
6249,2109,14,284,"1,5",ml/l
6250,2109,44,118,"1,5",ml/l
6251,2109,4,45,"0,75",ml/l
6252,2110,14,269,"1,125",ml/l
6253,2111,8,59,3 - 4,l/ha
6254,2111,8,6,3 - 4,l/ha
6255,2111,8,66,3 - 4,l/ha
6256,2111,8,34,3 - 4,l/ha
6257,2111,8,951,3 - 4,l/ha
6258,2111,8,36,3 - 4,l/ha
6259,2112,28,46,1,ml/l
6260,2112,11,46,1,ml/l
6261,2113,28,16,2,g/l
6262,2113,28,182,2,g/l
6263,2113,4,16,2,g/l
6264,2113,4,182,2,g/l
6265,2114,33,283,1,g/l
6266,2114,33,73,1,g/l
6267,2115,309,162,5,g/m2
6268,2115,309,952,"7,5",g/m2
6269,2115,309,290,"7,5",g/m2
6270,2116,29,64,-,
6271,2117,2,10,"0,5",g/l
6272,2117,13,387,2,g/l
6273,2119,14,50,2,g/l
6274,2122,6,9,"2,25-3",l/ha
6275,2122,6,30,,-
6276,2122,6,38,,-
6277,2122,6,36,"2,25-3",l/ha
6278,2123,2,14,"1,5",ml/l
6279,2124,4,46,0.25,ml/l
6280,2124,36,105,1.2,ml/l
6281,2124,11,46,1.5,ml/l
6282,2124,74,101,0.5,ml/l
6283,2124,74,953,1.5,ml/l
6284,2125,51,137,"1,5",ml/l
6285,2127,37,124,,-
6286,2127,37,18,,-
6287,2128,10,35,,-
6288,2128,10,88,,-
6289,2128,10,69,,-
6290,2128,10,94,,-
6291,2128,10,4,"1,5 - 2,5",l/ha
6292,2128,10,24,,-
6293,2128,10,27,,-
6294,2128,10,31,"1,5 - 2,5",l/ha
6295,2128,10,74,"1,5 - 2,5",l/ha
6296,2130,8,451,"1,5 - 2",l/ha
6297,2130,8,6,,-
6298,2130,8,9,,-
6299,2130,8,66,,-
6300,2130,8,30,,-
6301,2130,8,52,,-
6302,2131,44,954,1,ml/l
6303,2132,4,45,"0,75",g/l
6304,2132,55,208,"0,5",g/l
6305,2134,1,29,"1,5-2",l/ha
6306,2134,1,94,"1,5-2",l/ha
6307,2134,1,955,"1,5-2",l/ha
6308,2135,51,956,1,ml/l
6309,2135,4,957,2,ml/l
6310,2137,44,118,2,ml/l
6311,2137,44,119,2,ml/l
6312,2137,4,45,2,ml/l
6313,2138,3,14,1,kg/ha
6314,2139,37,18,,-
6315,2139,37,124,,-
6316,2140,4,44,0.5,ml/l
6317,2141,2,648,"1,5",ml/l
6318,2141,14,50,2,ml/l
6319,2142,4,44,2,ml/l
6320,2142,4,81,,
6321,2143,3,72,375,g/ha
6322,2144,58,958,2,ml/l
6323,2144,2,188,2,ml/l
6324,2145,81,959,0.75,g/l
6325,2146,3,95,10 - 15,g/ha
6326,2146,3,41,10 - 15,g/ha
6327,2146,3,42,10 - 15,g/ha
6328,2146,3,40,10 - 15,g/ha
6329,2146,6,30,75 - 150,g/ha
6330,2146,6,60,75 - 150,g/ha
6331,2146,6,6,75 - 150,g/ha
6332,2146,6,9,75 - 150,g/ha
6333,2146,42,58,120 - 150,g/ha
6334,2146,42,66,120 - 150,g/ha
6335,2146,42,57,120 - 150,g/ha
6336,2146,42,52,120 - 150,g/ha
6337,2147,4,106,"1,5",ml/l
6338,2148,310,960,,
6339,2148,310,172,2,g/m3
6340,2148,310,171,,
6341,2150,44,118,0.5,ml/l
6342,2151,3,14,2,ml/l
6343,2151,3,114,2,ml/l
6344,2152,11,213,2,ml/l
6345,2153,14,111,1,ml/l
6346,2154,51,184,2,g/l
6347,2154,51,414,"1,5 - 2",g/l
6348,2154,51,16,"1,5",g/l
6349,2154,14,109,2,g/l
6350,2154,20,84,"1,5",g/l
6351,2154,55,344,2,g/l
6352,2154,55,961,1,g/l
6353,2154,55,962,1,g/l
6354,2154,55,208,2,g/l
6355,2154,55,963,1,g/l
6356,2154,4,45,2,g/l
6357,2154,10,226,2,g/l
6358,2155,14,111,"0,75",ml/l
6359,2156,2,83,1,kg/ha
6360,2156,3,14,1.25,kg/ha
6361,2156,3,83,1.25,kg/ha
6362,2157,270,851,2,g/l
6363,2157,14,50,1.5,g/l
6364,2157,311,964,,
6365,2157,74,201,1,g/l
6366,2157,11,46,4,g/l
6367,2157,40,201,1,g/l
6368,2157,312,46,,
6369,2158,10,45,4,ml/l
6370,2159,14,109,1,ml/l
6371,2162,10,252,15,kg/ha
6372,2163,13,64,0.9,gr/Pohon
6373,2164,29,64,-,
6374,2166,4,44,1,ml/l
6375,2167,8,38,"1,5 - 3",l/ha
6376,2167,8,36,"1,5 - 3",l/ha
6377,2167,8,6,"1,5 - 3",l/ha
6378,2167,8,57,"1,5 - 3",l/ha
6379,2167,8,9,"1,5 - 3",l/ha
6380,2167,8,847,"1,5 - 3",l/ha
6381,2169,6,791,"1,5-3",l/ha
6382,2169,6,52,,-
6383,2169,6,6,"1,5-3",l/ha
6384,2169,41,127,,-
6385,2169,41,141,"1,5-2",l/ha
6386,2169,41,40,,-
6387,2169,41,41,"1,5-2",l/ha
6388,2169,22,9,2-4,l/ha
6389,2169,22,35,,-
6390,2169,22,965,2-4,l/ha
6391,2169,313,38,"1,5-3",l/ha
6392,2170,14,50,2,g/l
6393,2170,11,966,1,g/l
6394,2170,28,966,4,g/l
6395,2170,4,102,2,g/l
6396,2170,4,106,2,g/l
6397,2171,5,18,56.25,ml/ha
6398,2171,5,124,56.25,ml/ha
6399,2171,5,124,56.25,ml/ha
6400,2171,5,967,56.25,ml/ha
6401,2172,11,46,3,g/l
6402,2173,14,109,"1,5",ml/l
6403,2174,14,968,2,ml/l
6404,2175,55,208,2,g/l
6405,2176,14,81,"0,5",ml/l
6406,2177,51,969,"1,5 l/ha sd. 50 HST",-
6407,2178,10,281,1.5,g/l
6408,2179,37,124,,-
6409,2179,37,18,,-
6410,2180,14,109,2,ml/l
6411,2180,44,119,2,ml/l
6412,2180,44,118,1,ml/l
6413,2180,4,45,2,ml/l
6414,2180,51,970,2,ml/l
6415,2180,51,137,2,ml/l
6416,2183,11,46,3,g/l
6417,2185,29,64,-,%
6418,2186,14,269,2,ml/l
6419,2187,24,24,,-
6420,2187,24,9,"1,5 - 2,25",l/ha
6421,2187,24,35,"1,5 - 2,25",l/ha
6422,2188,3,14,1,g/l
6423,2189,8,54,1.5-2,l/ha
6424,2189,8,6,,-
6425,2189,8,9,"1,5-3",l/ha
6426,2189,8,35,"1,5-3",l/ha
6427,2190,64,171,90,g/90 m3
6428,2191,192,127,250 - 375,ml/ha
6429,2191,192,74,250 - 375,ml/ha
6430,2191,192,39,250 - 375,ml/ha
6431,2191,192,41,250 - 375,ml/ha
6432,2191,192,971,250 - 375,ml/ha
6433,2191,192,79,250 - 375,ml/ha
6434,2191,192,82,250 - 375,ml/ha
6435,2192,7,74,"0,75 - 1,5",l/ha
6436,2192,7,9,"0,75 - 1,5",l/ha
6437,2192,7,6,"0,75 - 1,5",-
6438,2192,7,36,"0,75 - 1,5",l/ha
6439,2192,71,9,,-
6440,2192,71,6,"0,75 - 1,5",l/ha
6441,2192,71,36,,-
6442,2192,71,38,"0,75 - 1,5",l/ha
6443,2193,235,972,150-200,g/ha
6444,2193,235,973,200 - 300,g/ha
6445,2193,235,974,150-200,g/ha
6446,2193,235,975,150-200,g/ha
6447,2193,235,976,150-200,g/ha
6448,2193,235,977,150-200,g/ha
6449,2193,235,978,200 - 300,g/ha
6450,2193,235,979,150-200,g/ha
6451,2193,235,980,150-200,g/ha
6452,2193,235,981,150-200,g/ha
6453,2193,235,982,150-200,g/ha
6454,2193,235,983,150-200,g/ha
6455,2193,235,984,250-300,g/ha
6456,2193,235,985,150-200,g/ha
6457,2193,235,986,250-300,
6458,2194,44,118,1,ml/l
6459,2195,14,987,2,ml/l
6460,2196,314,9,,-
6461,2196,314,30,,-
6462,2196,314,6,2 - 3,l/ha
6463,2196,314,38,,-
6464,2196,314,34,2 -3,l/ha
6465,2198,11,46,2,g/l
6466,2199,4,209,2,ml/l
6467,2199,4,45,2,ml/l
6468,2199,4,81,2,ml/l
6469,2199,4,44,2,ml/l
6470,2200,8,94,,-
6471,2200,8,38,2 - 3,l/ha
6472,2200,8,34,,-
6473,2200,8,35,,-
6474,2200,8,69,,-
6475,2200,8,6,,-
6476,2200,8,445,,-
6477,2200,8,153,,-
6478,2200,8,32,,-
6479,2200,8,385,,-
6480,2200,8,223,,-
6481,2200,8,122,2 - 3,l/ha
6482,2200,8,54,,-
6483,2200,8,218,2 - 3,l/ha
6484,2201,14,109,2,ml/l
6485,2203,3,224,"187,5",ml/ha
6486,2204,8,30,,
6487,2204,8,58,"1,875–2,5",l/ha
6488,2204,8,9,,
6489,2204,8,76,,-
6490,2204,8,51,,-
6491,2204,8,36,"1,875–2,5",l/ha
6492,2204,8,3,,
6493,2206,3,112,0.75 - 1,l/ha
6494,2206,3,41,0.75 - 1,l/ha
6495,2206,3,42,0.75 - 1,l/ha
6496,2207,69,57,,-
6497,2207,69,66,,-
6498,2207,69,6,2 - 3,l/ha
6499,2207,69,51,,-
6500,2207,69,34,,-
6501,2207,69,69,,-
6502,2207,69,38,2 - 3,l/ha
6503,2207,69,36,,-
6504,2208,8,58,2 - 3,l/ha
6505,2208,8,6,2 - 3,l/ha
6506,2208,8,29,2 - 3,l/ha
6507,2208,8,218,2 - 3,l/ha
6508,2208,8,38,2 - 3,l/ha
6509,2208,8,35,2 - 3,l/ha
6510,2209,13,566,0.8,gr/Pohon
6511,2210,1,158,1-2,l/ha
6512,2210,1,153,1-2,l/ha
6513,2210,1,895,1-2,l/ha
6514,2211,11,46,0.5,g/l
6515,2212,315,988,30,%
6516,2213,3,83,1,ml/l
6517,2214,4,81,"0,8",ml/l
6518,2214,4,23,"0,4",ml/l
6519,2214,27,818,"0,4",ml/l
6520,2214,27,989,"0,4",ml/l
6521,2214,40,45,,
6522,2214,40,990,"0,8",ml/l
6523,2214,40,817,"0,8",ml/l
6524,2214,40,142,"0,8",ml/l
6525,2214,14,111,"0,8",ml/l
6526,2214,14,269,"0,8",ml/l
6527,2214,79,991,"0,4",ml/l
6528,2214,79,909,"0,3",ml/l
6529,2214,28,817,"0,8",ml/l
6530,2214,28,23,"0,8",ml/l
6531,2214,11,817,"0,5",ml/l
6532,2214,11,213,"0,5",ml/l
6533,2214,30,992,"0,4",ml/l
6534,2214,30,993,"0,4",ml/l
6535,2214,30,907,"0,4",ml/l
6536,2214,242,817,"0,8",ml/l
6537,2214,242,118,,
6538,2214,242,119,"0,8",ml/l
6539,2215,28,23,"1,5",ml/l
6540,2215,3,120,2,ml/l
6541,2215,3,14,1,ml/l
6542,2217,11,994,"1,5",ml/l
6543,2219,3,161,250,g/ha
6544,2220,8,4,,-
6545,2220,8,34,,-
6546,2220,8,38,,-
6547,2220,8,36,"1,5 - 3",l/ha
6548,2220,8,58,,-
6549,2220,8,30,"1,5 - 3",l/ha
6550,2220,8,66,,-
6551,2220,8,6,,-
6552,2220,8,57,,-
6553,2221,7,153,"2,25 - 3,75",l/ha
6554,2221,7,30,,-
6555,2221,7,9,,-
6556,2221,7,74,"2,25 - 3,75",l/ha
6557,2221,7,218,,-
6558,2221,7,35,"2,25 - 3,75",l/ha
6559,2221,7,4,,-
6560,2221,7,69,,-
6561,2224,37,124,,-
6562,2224,37,18,,-
6563,2225,4,995,1,ml/l
6564,2226,44,118,1,ml/l
6565,2226,28,16,2,ml/l
6566,2226,28,142,1.5,ml/l
6567,2226,52,996,0.75,ml/l
6568,2226,52,997,0.75,ml/l
6569,2226,74,16,2,ml/l
6570,2226,74,142,2,ml/l
6571,2226,27,989,10,ml/l
6572,2226,27,179,0.5,ml/l
6573,2226,27,997,0.5,ml/l
6574,2226,27,232,0.25,ml/l
6575,2226,316,998,0.5,ml/l
6576,2226,4,44,1,ml/l
6577,2226,4,81,1,ml/l
6578,2226,4,16,0.75,l/ha
6579,2226,40,16,1.5,ml/l
6580,2226,40,142,1.5,ml/l
6581,2226,79,182,1,ml/l
6582,2226,79,909,0.5,ml/l
6583,2226,50,16,1,ml/l
6584,2226,50,81,1,ml/l
6585,2226,317,999,2,ml/l
6586,2226,30,993,2,ml/l
6587,2226,30,992,2,ml/l
6588,2226,11,817,1,ml/l
6589,2226,11,142,1.5,ml/l
6590,2226,11,121,1,ml/l
6591,2226,11,16,2,ml/l
6592,2226,11,213,1,ml/l
6593,2226,14,269,1,ml/l
6594,2226,14,81,1,ml/l
6595,2227,30,1000,20 ml/l air/ pohon,-
6596,2228,6,66,,-
6597,2228,6,52,,-
6598,2228,6,6,,-
6599,2228,6,451,"0,75 - 1,25",l/ha
6600,2228,6,30,,-
6601,2229,20,1001,"0,5",l/ha
6602,2229,44,118,"0,5",l/ha
6603,2229,27,1002,"0,75",l/ha
6604,2229,4,81,"0,75",l/ha
6605,2229,4,907,"0,75",l/ha
6606,2230,158,436,-,
6607,2231,318,9,1 - 2,l/ha
6608,2231,318,6,1 - 2,l/ha
6609,2231,318,38,1 - 2,l/ha
6610,2231,319,30,"1,5 - 2",l/ha
6611,2231,319,34,"1,5 - 2",l/ha
6612,2231,319,36,"1,5 - 2",l/ha
6613,2231,320,34,1-2,l/ha
6614,2231,320,9,1-2,l/ha
6615,2231,320,30,1-2,l/ha
6616,2232,11,46,2,g/l
6617,2233,144,172,1 tablet/ton,-
6618,2234,108,18,50,ml/ha
6619,2234,108,124,40,ml/ha
6620,2235,3,83,,-
6621,2236,44,118,1,ml/l
6622,2237,13,48,0.45,gr/Pohon
6623,2238,29,64,,
6624,2240,4,44,2,ml/l
6625,2241,55,825,,-
6626,2242,65,241,20 ml/air/20 m2,-
6627,2242,65,241,500 ml/10 l/ha,-
6628,2242,64,654,500 ml/10 l/ha,-
6629,2242,64,1003,,-
6630,2242,64,654,,-
6631,2242,64,241,20 ml/air/20 m2,-
6632,2243,132,18,,-
6633,2243,132,124,,-
6634,2243,132,91,,-
6635,2243,132,92,,-
6636,2243,132,195,,-
6637,2244,321,100,"1,5 - 2",l/ha
6638,2244,321,74,"1,5 - 2",l/ha
6639,2244,321,40,"1,5 - 2",l/ha
6640,2244,321,41,"1,5 - 2",l/ha
6641,2244,321,42,"1,5 - 2",l/ha
6642,2244,321,98,"1,5 - 2",l/ha
6643,2246,37,160,,-
6644,2246,37,124,,-
6645,2247,4,45,"0,5",ml/l
6646,2248,150,42,"1 - 1,75",l/ha
6647,2248,150,74,"1 - 1,75",l/ha
6648,2249,37,253,larutan siap pakai,-
6649,2250,11,46,2,g/l
6650,2251,6,38,1.5 - 2.5,l/ha
6651,2251,6,34,1.5 - 2.5,l/ha
6652,2251,6,36,1.5 - 2.5,l/ha
6653,2251,6,66,1.5 - 2.5,l/ha
6654,2251,6,9,1.5 - 2.5,l/ha
6655,2251,6,6,1.5 - 2.5,l/ha
6656,2252,6,51,3 - 4,l/ha
6657,2252,6,38,3 - 4,l/ha
6658,2252,6,1004,3 - 4,l/ha
6659,2252,6,6,3 - 4,l/ha
6660,2253,14,109,2,ml/l
6661,2255,29,64,-,
6662,2256,14,250,1,ml/l
6663,2257,7,153,1.5 - 3,l/ha
6664,2257,7,25,1.5 - 3,l/ha
6665,2257,7,28,1.5 - 3,l/ha
6666,2257,7,24,1.5 - 3,l/ha
6667,2257,7,54,1.5 - 3,l/ha
6668,2257,7,1005,1.5 - 2,l/ha
6669,2258,10,43,1.5,ml/l
6670,2259,2,74,7.5,g/ha
6671,2259,2,1006,7.5,g/ha
6672,2259,2,41,7.5,g/ha
6673,2259,2,1007,7.5,g/ha
6674,2260,11,164,1.5,g/l
6675,2260,3,1008,1.5,g/l
6676,2261,42,1009,3-4.5,l/ha
6677,2261,42,567,3-4.5,l/ha
6678,2261,42,30,3-4.5,l/ha
6679,2261,42,35,3-4.5,l/ha
6680,2261,42,36,3-4.5,l/ha
6681,2261,42,38,3-4.5,l/ha
6682,2261,6,9,3-4.5,l/ha
6683,2261,6,30,3-4.5,l/ha
6684,2261,6,31,3-4.5,l/ha
6685,2261,6,1010,3-4.5,l/ha
6686,2261,6,38,3-4.5,l/ha
6687,2262,37,231,,-
6688,2262,37,92,,-
6689,2262,37,91,,-
6690,2262,37,195,,-
6691,2262,37,124,,-
6692,2262,37,18,,-
6693,2264,14,109,1.5,ml/l
6694,2265,9,42,,-
6695,2265,9,41,,-
6696,2265,9,39,1 - 2,l/ha
6697,2265,9,95,1 - 2,l/ha
6698,2265,9,74,,-
6699,2265,9,79,1 - 2,l/ha
6700,2265,9,82,,-
6701,2266,14,111,"0,8",ml/l
6702,2266,2,1011,"1,2",ml/l
6703,2266,2,681,"0,6",ml/l
6704,2266,2,83,"1,2",ml/l
6705,2267,8,34,3-4,l/ha
6706,2267,8,35,3-4,l/ha
6707,2267,8,54,3-4,l/ha
6708,2267,8,6,3-4,l/ha
6709,2267,8,9,3-4,l/ha
6710,2268,29,64,-,%
6711,2269,4,44,1,ml/l
6712,2270,4,102,1,g/l
6713,2271,4,45,34,kg/ha
6714,2271,14,109,8.5,kg/ha
6715,2271,51,1012,4.25,kg/ha
6716,2271,51,45,20,kg/ha
6717,2271,2,14,25.5,kg/ha
6718,2271,2,120,15,kg/ha
6719,2271,2,1013,17,kg/ha
6720,2271,2,397,17,kg/ha
6721,2271,2,674,25.5,kg/ha
6722,2271,2,11,8,kg/ha
6723,2273,28,23,2,g/l
6724,2273,55,208,"11,25",gr/Pohon
6725,2274,4,44,1,ml/l
6726,2274,4,81,1,ml/l
6727,2275,10,43,1.5,ml/l
6728,2276,29,64,-,%
6729,2277,4,81,1,ml/l
6730,2278,322,6,0.75 - 1.5,l/ha
6731,2278,322,57,0.75 - 1.5,l/ha
6732,2278,322,25,0.75 - 1.5,l/ha
6733,2278,322,38,0.75 - 1.5,l/ha
6734,2278,322,34,0.75 - 1.5,l/ha
6735,2279,2,10,1,ml/l
6736,2280,37,124,,-
6737,2280,37,18,,-
6738,2282,3,114,1,ml/l
6739,2283,36,1014,3,g/l
6740,2283,11,46,3,g/l
6741,2284,2,14,3,g/l
6742,2285,38,42,3 - 4,l/ha
6743,2285,38,41,3 - 4,l/ha
6744,2285,38,248,3 - 4,l/ha
6745,2285,38,90,3 - 4,l/ha
6746,2285,38,127,3 - 4,l/ha
6747,2286,3,14,"0,1",g/l
6748,2287,156,434,NA,%
6749,2288,2,83,"1,5",ml/l
6750,2288,2,1015,"1,5",ml/l
6751,2290,14,111,0.75,ml/l
6752,2291,55,208,2,g/l
6753,2292,46,6,"1,5 - 3",l/ha
6754,2292,46,9,"1,5 - 3",l/ha
6755,2292,46,30,"1,5 - 3",l/ha
6756,2292,46,34,"1,5 - 3",l/ha
6757,2292,46,4,"1,5 - 3",l/ha
6758,2293,2,95,,
6759,2293,2,74,"0,75 - 1,5",l/ha
6760,2293,2,82,"0,75 - 1,5",l/ha
6761,2293,2,42,"0,75 - 1,5",l/ha
6762,2294,37,195,"1,5 g/l sampai minggu ke-4",
6763,2294,37,253,2 g/l sampai minggu ke-4,
6764,2294,37,231,1 g/m2 sampai minggu ke-4,
6765,2294,37,91,6 g/l sampai minggu ke-4,
6766,2294,37,92,1 g/l sampai minggu ke-4,
6767,2295,2,14,1,g/l
6768,2295,4,1016,1,g/l
6769,2295,27,179,1,g/l
6770,2296,51,435,3,g/l
6771,2296,11,46,2,g/l
6772,2297,2,10,1,ml/l
6773,2298,29,64,-,
6774,2300,30,1017,"0,5",ml/l/pohon
6775,2301,13,64,"0,75",ml/l
6776,2301,248,64,"0,25",ml/l
6777,2303,37,124,,-
6778,2303,37,18,,-
6779,2304,44,265,2,kg/ha
6780,2306,65,165,50 g/cu.m,-
6781,2306,64,165,50 g/cu.m,-
6782,2307,14,111,"0,5",ml/l
6783,2307,4,44,10,ml/l
6784,2307,28,121,10,ml/l
6785,2307,28,16,10,ml/l
6786,2308,6,1018,2,g/l
6787,2308,20,488,"0,133",g/l
6788,2308,15,105,1,g/l
6789,2308,52,486,6,g/l
6790,2309,53,1006,"0,75 - 1,25",l/ha
6791,2309,53,40,"0,75 - 1,25",l/ha
6792,2309,53,41,"0,75 - 1,25",l/ha
6793,2309,53,79,"0,75 - 1,25",l/ha
6794,2309,53,100,"0,75 - 1,25",l/ha
6795,2310,10,43,"0,75",ml/l
6796,2310,2,115,"0,75",ml/l
6797,2311,323,124,dosis siap pakai,%
6798,2311,323,221,dosis siap pakai,%
6799,2312,323,124,dosis siap pakai,%
6800,2312,323,221,dosis siap pakai,%
6801,2313,323,124,dosis siap pakai,%
6802,2313,323,221,dosis siap pakai,%
6803,2314,2,14,1.5,g/l
6804,2315,11,46,"1,5",g/l
6805,2316,6,57,"0,75-1,25",l/ha
6806,2316,6,35,"0,75-1,25",l/ha
6807,2317,6,35,"1,5 - 2",kg/ha
6808,2317,6,1019,"1,5 - 2",kg/ha
6809,2317,6,38,"1,5 - 2",kg/ha
6810,2317,6,66,"1,5 - 2",kg/ha
6811,2317,6,9,"1,5 - 2",kg/ha
6812,2317,6,129,"1,5 - 2",kg/ha
6813,2318,2,188,1,ml/l
6814,2319,4,44,1,ml/l
6815,2320,14,109,1.5,ml/l
6816,2321,3,1020,,-
6817,2321,3,79,"37,5 - 75",ml/ha
6818,2321,3,42,"37,5 - 75",ml/ha
6819,2321,3,74,"37,5 - 75",ml/ha
6820,2321,3,96,,-
6821,2322,36,110,1.5,ml/l
6822,2323,39,34,3 - 4,l/ha
6823,2323,39,3,3 - 4,l/ha
6824,2323,39,38,3 - 4,l/ha
6825,2323,39,51,3 - 4,l/ha
6826,2323,39,35,3 - 4,l/ha
6827,2323,39,66,3 - 4,l/ha
6828,2323,39,9,3 - 4,l/ha
6829,2323,39,116,3 - 4,l/ha
6830,2323,39,6,3 - 4,l/ha
6831,2323,39,58,3 - 4,l/ha
6832,2323,39,54,3 - 4,l/ha
6833,2324,4,413,"1,5",g/l
6834,2324,4,106,1,g/l
6835,2324,11,46,2,g/l
6836,2324,14,50,"1,5",g/l
6837,2325,37,91,-,-
6838,2325,37,92,-,-
6839,2327,324,1021,tidak tersedia untuk bahan teknis,
6840,2328,152,206,,
6841,2329,14,109,"2,25",g/l
6842,2330,130,94,"1,5 - 3",l/ha
6843,2330,130,35,,-
6844,2330,130,36,,-
6845,2330,130,29,,-
6846,2330,130,112,,-
6847,2330,130,6,,-
6848,2330,130,9,,-
6849,2330,130,30,,-
6850,2330,130,76,"1,5 - 3",l/ha
6851,2331,2,14,"12,75",kg/ha
6852,2331,2,83,"12,75",kg/ha
6853,2332,18,35,2.25 - 3,l/ha
6854,2332,18,38,2.25 - 3,l/ha
6855,2332,18,25,2.25 - 3,l/ha
6856,2332,18,6,2.25 - 3,l/ha
6857,2332,18,445,2.25 - 3,l/ha
6858,2332,18,52,2.25 - 3,l/ha
6859,2332,18,66,2.25 - 3,l/ha
6860,2332,18,3,2.25 - 3,l/ha
6861,2333,4,44,0.5,ml/l
6862,2334,132,221,,-
6863,2334,132,124,,-
6864,2335,3,41,"0,75 - 1",kg/ha
6865,2335,3,42,,-
6866,2335,3,82,"0,75 - 1",kg/ha
6867,2337,6,36,"0,75-1,50",l/ha
6868,2337,6,9,"0,75-1,50",l/ha
6869,2337,6,60,"0,75-1,50",l/ha
6870,2337,6,6,"0,75-1,50",l/ha
6871,2338,4,102,"2,25",g/l
6872,2340,11,46,3,g/l
6873,2342,325,23,3,ml/l
6874,2344,11,164,"1,5",g/l
6875,2345,1,69,"1,5 - 3",kg/ha
6876,2345,1,9,"1,5 - 3",kg/ha
6877,2345,1,27,,-
6878,2346,326,118,"11,25",ml/l
6879,2346,326,81,"11,25",ml/l
6880,2346,4,16,"3,75",ml/l
6881,2347,14,50,"1,5",g/l
6882,2348,111,1022,1,ml/l
6883,2348,12,47,1,ml/l
6884,2350,11,10,1.5,ml/l
6885,2350,3,10,2,ml/l
6886,2351,14,109,0.75,ml/l
6887,2353,132,91,1,ml/l
6888,2353,132,92,1,ml/l
6889,2353,132,231,1,ml/l
6890,2354,11,46,"2,25",g/l
6891,2355,327,24,1-1.5,l/ha
6892,2355,327,71,1-1.5,l/ha
6893,2355,327,1023,1-1.5,l/ha
6894,2355,327,382,1-1.5,l/ha
6895,2355,327,54,1-1.5,l/ha
6896,2355,327,56,1-1.5,l/ha
6897,2355,327,27,1-1.5,l/ha
6898,2355,327,66,1-1.5,l/ha
6899,2355,327,1024,1-1.5,l/ha
6900,2355,327,6,1-1.5,l/ha
6901,2355,327,26,1-1.5,l/ha
6902,2356,7,4,1 - 1.5,l/ha
6903,2356,7,69,1 - 1.5,l/ha
6904,2356,7,29,1 - 1.5,l/ha
6905,2356,7,1025,1 - 1.5,l/ha
6906,2356,7,122,1 - 1.5,l/ha
6907,2356,7,9,1 - 1.5,l/ha
6908,2357,11,46,2,g/l
6909,2358,328,569,1,"tetes/2,5 l"
6910,2358,328,1026,1,"tetes/2,5 l"
6911,2358,328,124,1,"tetes/2,5 l"
6912,2359,29,64,-,
6913,2360,329,950,,-
6914,2360,329,971,,-
6915,2360,329,39,,
6916,2360,329,41,"0,25 - 0,75",l/ha
6917,2360,329,9,,
6918,2360,329,74,"0,25 - 0,75",l/ha
6919,2360,329,95,,-
6920,2361,51,94,,-
6921,2361,51,4,,-
6922,2361,51,35,,-
6923,2361,51,69,390-780,ml/ha
6924,2362,4,81,2,ml/l
6925,2363,243,18,0.005,%
6926,2363,243,124,0.005,%
6927,2364,18,34,"1,5 - 3",l/ha
6928,2364,18,38,,-
6929,2364,18,6,,-
6930,2364,18,66,"1,5 - 3",l/ha
6931,2364,18,57,,-
6932,2365,36,170,"0,5 - 1",g/l
6933,2365,4,45,1,g/l
6934,2366,11,46,1,g/l
6935,2367,330,42,"0,5 - 1,5",l/ha
6936,2367,330,41,"0,5 - 1,5",l/ha
6937,2367,330,82,"0,5 - 1,5",l/ha
6938,2367,330,74,"0,5 - 1,5",l/ha
6939,2369,2,114,"0,8",ml/l
6940,2370,218,54,200-300,ml/ha
6941,2370,218,35,200-300,ml/ha
6942,2370,218,4,200-300,ml/ha
6943,2370,218,234,200-300,ml/ha
6944,2370,218,94,200-300,ml/ha
6945,2370,218,34,200-300,ml/ha
6946,2371,4,44,1,ml/l
6947,2372,11,93,2,ml/l
6948,2373,4,81,"0,5",ml/l
6949,2373,4,44,"0,5",ml/l
6950,2374,37,124,100,ml/ 10 liter air
6951,2374,37,430,100,ml/ 10 liter air
6952,2375,4,44,2,ml/l
6953,2376,4,45,1.5,ml/l
6954,2376,331,208,1,ml/l
6955,2378,332,901,1.5 - 2,l/ha
6956,2378,332,51,2 - 3,l/ha
6957,2378,332,66,,-
6958,2378,332,6,,-
6959,2378,332,57,1.5 - 2,l/ha
6960,2379,3,14,1.5,g/l
6961,2380,333,47,1.5,ml/l
6962,2380,333,282,1.5,ml/l
6963,2381,6,4,1.5 - 2.5,kg/ha
6964,2381,6,30,1.5 - 2.5,kg/ha
6965,2381,6,6,1.5 - 2.5,kg/ha
6966,2381,6,9,1.5 - 2.5,kg/ha
6967,2382,14,50,1,ml/l
6968,2383,3,72,"0,75",ml/l
6969,2384,334,64,-,%
6970,2385,8,36,,-
6971,2385,8,35,"1,5 - 3",l/ha
6972,2385,8,66,,-
6973,2385,8,6,"1,5 - 3",l/ha
6974,2386,3,83,12,kg/ha
6975,2386,3,14,12,kg/ha
6976,2386,51,414,12,kg/ha
6977,2387,156,517,-,-
6978,2388,8,35,,-
6979,2388,8,4,,-
6980,2388,8,36,150 - 300,g/ha
6981,2388,8,6,,-
6982,2388,8,9,,-
6983,2388,8,58,,-
6984,2388,8,1025,150 - 300,g/ha
6985,2389,14,50,"1,5",g/l
6986,2390,11,46,2,g/l
6987,2391,14,69,"0,5 - 0,75",l/ha
6988,2391,14,88,"0,5 - 0,75",l/ha
6989,2391,14,70,"0,5 - 0,75",l/ha
6990,2391,335,1027,"0,5 - 0,75",l/ha
6991,2391,335,70,"0,5 - 0,75",l/ha
6992,2391,335,234,"0,5 - 0,75",l/ha
6993,2391,335,94,"0,5 - 0,75",l/ha
6994,2392,48,38,"3 - 4,5",l/ha
6995,2392,48,34,"3 - 4,5",l/ha
6996,2392,48,263,"3 - 4,5",l/ha
6997,2392,48,6,"3 - 4,5",l/ha
6998,2392,48,52,C,l/ha
6999,2392,48,25,"3 - 4,5",l/ha
7000,2393,6,35,,-
7001,2393,6,38,"0,75-1,5",l/ha
7002,2393,6,6,,-
7003,2393,6,66,"0,75-1,5",l/ha
7004,2394,31,234,200 - 400,ml/ha
7005,2394,31,94,200 - 400,ml/ha
7006,2394,31,4,200 - 400,ml/ha
7007,2395,6,6,1.5 - 3,l/ha
7008,2395,6,9,1.5 - 3,l/ha
7009,2395,6,35,"1,5 - 3",l/ha
7010,2395,6,38,"1,5 - 3",l/ha
7011,2396,336,671,3.75,g/l
7012,2396,337,670,1,g/l
7013,2396,338,346,1,g/l
7014,2396,339,478,3,g/l
7015,2396,340,106,1,g/l
7016,2396,340,102,1,g/l
7017,2396,341,1028,3.75,g/l
7018,2396,342,850,2,g/l
7019,2396,342,277,2,g/l
7020,2396,343,46,1,g/l
7021,2396,344,1029,4,g/l
7022,2396,45,1028,3.75,g/l
7023,2396,345,388,"3,75",g/l
7024,2396,346,46,1,g/l
7025,2397,235,24,,-
7026,2397,235,6,,-
7027,2397,235,29,"3 - 4,5",kg/ha
7028,2397,235,128,"3 - 4,5",kg/ha
7029,2398,1,68,"1,5 - 3",l/ha
7030,2398,1,71,,-
7031,2398,1,9,,-
7032,2398,1,122,,-
7033,2398,1,6,"1,5 - 3",l/ha
7034,2398,1,384,,-
7035,2398,1,7,,-
7036,2400,13,1030,"0,9 g/pohon",-
7037,2402,134,240,2,mg/l
7038,2404,37,124,,-
7039,2404,37,18,,-
7040,2405,6,9,150 - 200,g/ha
7041,2405,6,30,150 - 200,g/ha
7042,2405,6,34,150 - 200,g/ha
7043,2405,6,35,150 - 200,g/ha
7044,2406,2,188,10,ml/l
7045,2406,13,103,10,ml/l
7046,2407,51,45,1,ml/l
7047,2407,4,45,1,ml/l
7048,2407,36,170,2,ml/l
7049,2408,53,79,"1,125 - 2,25",l/ha
7050,2408,53,82,"1,125 - 2,25",l/ha
7051,2408,53,42,"1,125 - 2,25",l/ha
7052,2408,53,98,"1,125 - 2,25",l/ha
7053,2408,53,1031,"1,125 - 2,25",l/ha
7054,2409,2,72,"0,94",g/l
7055,2410,347,94,75 - 150,ml/ha
7056,2410,347,35,,-
7057,2410,347,34,,-
7058,2410,347,69,,-
7059,2410,347,30,75 - 150,ml/ha
7060,2410,347,33,,-
7061,2410,347,218,,-
7062,2410,347,54,75 - 150,ml/ha
7063,2410,347,74,,-
7064,2412,10,281,2,g/l
7065,2413,6,66,"1 - 1,5",l/ha
7066,2413,6,6,"1 - 1,5",l/ha
7067,2413,6,38,"1 - 1,5",l/ha
7068,2414,348,164,"0,75",ml/l
7069,2414,349,10,"0,625",ml/l
7070,2414,349,1032,"0,625",ml/l
7071,2414,350,106,"0,75",ml/l
7072,2414,351,330,"0,75",ml/l
7073,2414,352,50,"0,75",ml/l
7074,2415,35,9,0.75 - 1.5,l/ha
7075,2415,35,30,0.75 - 1.5,l/ha
7076,2415,35,153,0.75 - 1.5,l/ha
7077,2415,35,2,0.75 - 1.5,l/ha
7078,2415,35,71,0.75 - 1.5,l/ha
7079,2415,35,4,0.75 - 1.5,l/ha
7080,2417,79,1033,2,g/l
7081,2417,2,10,1,g/l
7082,2418,232,543,"1,5 - 2,5",l/ha
7083,2418,232,9,,-
7084,2418,232,6,,-
7085,2418,232,30,,-
7086,2418,232,58,,-
7087,2418,232,34,,-
7088,2418,232,4,"1,5 - 2,5",l/ha
7089,2419,37,195,,-
7090,2419,37,92,,-
7091,2419,37,91,,-
7092,2419,37,18,,-
7093,2419,37,124,,-
7094,2420,8,38,,-
7095,2420,8,35,"1,5 - 3",l/ha
7096,2420,8,57,,-
7097,2420,8,9,,-
7098,2420,8,66,,-
7099,2420,8,6,"1,5 - 3",l/ha
7100,2422,14,121,1.5,g/l
7101,2424,3,14,1,ml/l
7102,2426,4,45,"2,5",ml/l
7103,2427,11,1034,36,ml/l air
7104,2428,29,64,0,ml/l
7105,2429,7,9,,-
7106,2429,7,30,1 - 2,l/ha
7107,2429,7,69,1 - 2,l/ha
7108,2429,7,4,,-
7109,2429,221,51,"1,5 - 3",l/ha
7110,2429,221,38,,-
7111,2429,221,34,,-
7112,2429,221,9,"1,5 - 3",l/ha
7113,2429,221,29,,-
7114,2429,87,41,1 - 2,l/ha
7115,2429,87,42,,-
7116,2429,87,1035,1 - 2,l/ha
7117,2430,8,24,100-300,g/ha
7118,2430,8,128,,-
7119,2430,8,57,,-
7120,2430,8,378,,-
7121,2430,8,4,,-
7122,2430,8,35,100-300,g/ha
7123,2431,132,18,,-
7124,2431,132,124,,-
7125,2432,4,23,2,ml/l
7126,2433,4,106,2,g/l
7127,2434,37,18,250,ml/ha
7128,2434,37,124,375,ml/ha
7129,2434,37,124,125,ml/ha
7130,2434,37,18,125,ml/ha
7131,2434,72,18,375,ml/ha
7132,2434,72,124,375,ml/ha
7133,2434,72,18,500,ml/ha
7134,2434,72,124,375,ml/ha
7135,2435,37,91,"1,5",gr/m2
7136,2435,37,1036,"2,5",g/m2
7137,2436,87,1035,1-2,l/ha
7138,2436,87,859,1-2,l/ha
7139,2436,87,42,1-2,l/ha
7140,2436,87,41,1-2,l/ha
7141,2436,87,95,1-2,l/ha
7142,2436,87,74,1-2,l/ha
7143,2436,232,29,"1,5-3",l/ha
7144,2436,232,9,"1,5-3",l/ha
7145,2436,232,51,"1,5-3",l/ha
7146,2436,232,38,"1,5-3",l/ha
7147,2436,232,34,"1,5-3",l/ha
7148,2436,19,30,1-2,l/ha
7149,2436,19,9,1-2,l/ha
7150,2436,19,6,1-2,l/ha
7151,2436,19,4,1-2,l/ha
7152,2436,19,69,1-2,l/ha
7153,2436,42,66,1-2,l/ha
7154,2436,42,6,1-2,l/ha
7155,2436,42,38,1-2,l/ha
7156,2436,22,9,"1,5-2",l/ha
7157,2436,22,30,"1,5-2",l/ha
7158,2436,22,6,"1,5-2",l/ha
7159,2436,22,69,"1,5-2",l/ha
7160,2436,22,4,"1,5-2",l/ha
7161,2436,8,38,1-2,l/ha
7162,2436,8,6,1-2,l/ha
7163,2436,8,66,1-2,l/ha
7164,2436,117,30,"1,5-2,5",l/ha
7165,2436,117,6,"1,5-2,5",l/ha
7166,2436,117,223,"1,5-2,5",l/ha
7167,2436,117,66,"1,5-2,5",l/ha
7168,2436,117,51,"1,5-2,5",l/ha
7169,2436,117,35,"1,5-2,5",l/ha
7170,2436,117,38,"1,5-2",l/ha
7171,2437,353,76,,-
7172,2437,353,701,,
7173,2437,353,6,1 - 3,l/ha
7174,2437,353,9,,-
7175,2437,353,30,,-
7176,2437,353,29,,-
7177,2437,353,35,,
7178,2437,353,36,,
7179,2437,353,51,,-
7180,2437,353,34,1 - 3,l/ha
7181,2437,353,4,,-
7182,2437,232,9,,-
7183,2437,232,6,,-
7184,2437,232,57,1 - 3,l/ha
7185,2437,232,57,,
7186,2437,232,6,,
7187,2437,232,218,1 - 3,l/ha
7188,2437,232,4,1 - 3,l/ha
7189,2437,232,51,,-
7190,2437,354,35,,-
7191,2437,354,34,1 - 3,l/ha
7192,2437,354,4,,-
7193,2437,354,51,,
7194,2437,354,30,1 - 3,l/ha
7195,2437,354,6,,-
7196,2437,354,9,,-
7197,2437,354,153,,-
7198,2437,131,218,1 - 3,l/ha
7199,2437,131,29,,
7200,2437,131,9,,-
7201,2437,131,378,,-
7202,2437,131,57,1 - 3,l/ha
7203,2437,131,4,1 - 3,l/ha
7204,2437,131,684,,-
7205,2437,30,36,,
7206,2437,30,4,,-
7207,2437,30,34,1 - 3,l/ha
7208,2437,30,35,,
7209,2437,30,51,,
7210,2437,30,29,,-
7211,2437,30,6,,-
7212,2437,30,9,1 - 3,l/ha
7213,2437,30,30,,-
7214,2437,355,35,,-
7215,2437,355,51,,-
7216,2437,355,4,1 - 3,l/ha
7217,2437,355,29,,-
7218,2437,355,9,,-
7219,2437,355,6,,-
7220,2437,355,57,1 - 3,ml/ha
7221,2438,232,9,,-
7222,2438,232,76,,
7223,2438,232,29,"1,5 - 3",l/ha
7224,2438,232,51,,
7225,2438,232,34,"1,5 - 3",l/ha
7226,2438,232,38,,-
7227,2440,356,50,4,g/l
7228,2440,357,1037,3,g/l
7229,2440,357,102,3,g/l
7230,2440,358,46,4,g/l
7231,2440,359,46,2,g/l
7232,2440,360,105,3,g/l
7233,2442,3,1038,"1 - 1,25",l/ha
7234,2442,3,407,,-
7235,2442,3,42,,-
7236,2442,3,41,"1 - 1,25",l/ha
7237,2443,51,137,2,g/l
7238,2444,5,195,75,ml/ha
7239,2444,5,91,10,ml/l
7240,2444,5,92,10,
7241,2444,5,231,10 ml/l,
7242,2444,5,124,25,ml/ha
7243,2444,5,18,25,ml/ha
7244,2445,3,433,2,ml/l
7245,2446,8,6,"2,5 - 4,5",l/ha
7246,2446,8,30,,-
7247,2446,8,38,,-
7248,2446,8,547,"2,5 - 4,5",l/ha
7249,2446,8,35,,-
7250,2447,3,1039,0.75 - 1.50,l/ha
7251,2447,3,1040,0.75 - 1.50,l/ha
7252,2447,3,1041,0.75 - 1.50,l/ha
7253,2447,3,1042,0.75 - 1.50,l/ha
7254,2448,3,72,10,kg/ha
7255,2448,3,14,10,kg/ha
7256,2449,361,90,,-
7257,2449,361,1043,"1,5 - 3",l/ha
7258,2449,361,1044,"3 - 4,5",l/ha
7259,2449,6,38,,-
7260,2449,6,36,"1,5 - 3",l/ha
7261,2449,6,58,,-
7262,2449,6,9,,-
7263,2449,6,66,"1,5 - 3",l/ha
7264,2450,2,1045,"0,5",ml/l
7265,2450,2,14,1,ml/l
7266,2450,2,114,"0,5",ml/l
7267,2450,2,1046,"0,5",ml/l
7268,2450,2,1047,"0,5",ml/l
7269,2450,2,322,"0,5",ml/l
7270,2450,4,321,"0,5",ml/l
7271,2450,4,81,"0,5",ml/l
7272,2450,4,700,"0,5",ml/l
7273,2450,27,1048,1,ml/l
7274,2450,27,1049,1,ml/l
7275,2450,27,179,1,ml/l
7276,2450,11,700,"0,5",ml/l
7277,2450,11,121,"0,5",ml/l
7278,2450,11,246,"0,5",ml/l
7279,2451,18,223,1.5 - 3,l/ha
7280,2451,18,6,1.5 - 3,l/ha
7281,2451,18,870,1.5 - 3,l/ha
7282,2451,18,34,1.5 - 3,l/ha
7283,2451,18,51,1.5 - 3,l/ha
7284,2451,18,38,1.5 - 3,l/ha
7285,2452,82,9,"1,5 - 2",l/ha
7286,2452,82,34,"1,5 - 2",l/ha
7287,2452,82,36,"1,5 - 2",l/ha
7288,2453,82,9,75 - 125,g/ha
7289,2453,82,52,75 - 125,g/ha
7290,2453,82,30,75 - 125,g/ha
7291,2453,82,58,75 - 125,g/ha
7292,2454,37,124,,
7293,2454,37,18,,
7294,2455,6,38,2 - 4,l/ha
7295,2455,6,66,2 - 4,l/ha
7296,2455,6,6,2 - 4,l/ha
7297,2455,87,148,3 – 4,l/ha
7298,2455,87,147,3 – 4,l/ha
7299,2455,87,150,3 – 4,l/ha
7300,2455,87,149,3 – 4,l/ha
7301,2455,87,41,3 – 4,l/ha
7302,2455,87,134,3 – 4,l/ha
7303,2455,87,40,3 – 4,l/ha
7304,2455,87,95,3-4,l/ha
7305,2455,18,30,1 - 3,l/ha
7306,2455,18,9,1 - 3,l/ha
7307,2455,18,6,1 - 3,l/ha
7308,2455,18,38,1 - 3,l/ha
7309,2456,67,10,1,ml/l
7310,2457,14,111,2,ml/l
7311,2458,14,109,"0,75",ml/l
7312,2459,163,46,1.5,g/l
7313,2460,3,72,375,g/ha
7314,2461,37,195,"2,5",g/m2
7315,2464,2,83,"0,5",ml/l
7316,2465,3,1050,"1,5",ml/ 10 liter air
7317,2466,48,35,,
7318,2466,48,35,1 - 3,l/ha
7319,2466,48,38,,
7320,2466,48,6,,-
7321,2466,48,9,,
7322,2466,48,66,1 - 3,l/ha
7323,2466,130,9,,-
7324,2466,130,384,,-
7325,2466,130,6,"0,75 - 1,5",l/ha
7326,2466,130,34,"0,75 - 1,5",l/ha
7327,2466,130,94,,
7328,2467,8,38,2 - 4,l/ha
7329,2467,8,34,2 - 4,l/ha
7330,2467,8,6,,-
7331,2467,8,66,,-
7332,2467,8,58,,-
7333,2467,8,153,2 - 4,l/ha
7334,2467,8,9,,-
7335,2467,8,218,2 - 4,l/ha
7336,2468,44,119,1,ml/l
7337,2468,14,111,1,ml/l
7338,2468,10,43,1.5,ml/l
7339,2470,135,1051,62,%
7340,2471,11,46,"1,5",ml/l
7341,2472,3,10,2,ml/l
7342,2473,11,46,"1,5",g/l
7343,2475,4,81,1,ml/l
7344,2475,4,44,1,ml/l
7345,2476,37,18,375,ml/ha
7346,2476,37,124,375,ml/ha
7347,2476,72,18,500,ml/ha
7348,2476,72,124,375,ml/ha
7349,2477,11,46,3,g/l
7350,2478,11,80,2,g/l
7351,2479,8,4,,-
7352,2479,8,35,,-
7353,2479,8,38,,-
7354,2479,8,36,"1,5 - 3",l/ha
7355,2479,8,52,"1,5 - 3",l/ha
7356,2479,8,30,,-
7357,2479,8,66,,-
7358,2479,8,57,,-
7359,2479,8,58,,-
7360,2479,8,6,,-
7361,2480,3,14,"1,5",ml/l
7362,2481,147,57,"1 - 1,5",l/ha
7363,2481,147,66,,-
7364,2481,147,1052,,-
7365,2481,147,60,,-
7366,2482,37,231,8,g/l
7367,2482,37,1036,8,g/l
7368,2482,37,91,,-
7369,2482,37,195,8,g/l
7370,2484,82,35,3 - 4,l/ha
7371,2484,82,9,3 - 4,l/ha
7372,2484,82,30,3 - 4,l/ha
7373,2484,82,58,3 - 4,l/ha
7374,2485,35,54,"0,5 - 1,5",l/ha
7375,2485,35,30,,-
7376,2485,35,24,,-
7377,2485,35,29,"0,5 - 1,5",l/ha
7378,2485,35,9,,-
7379,2485,35,6,,-
7380,2485,35,4,,-
7381,2485,35,2,,-
7382,2485,35,948,,-
7383,2485,35,69,"0,5 - 1,5",l/ha
7384,2485,35,68,,-
7385,2485,35,128,,-
7386,2486,18,6,1.5-3,l/ha
7387,2486,18,66,1.5-3,l/ha
7388,2486,18,35,1.5-3,l/ha
7389,2486,362,6,0.75-1.5,l/ha
7390,2486,362,32,0.75-1.5,l/ha
7391,2486,362,9,0.75-1.5,l/ha
7392,2486,362,34,1-1.5,l/ha
7393,2487,10,226,2,kg/ha
7394,2488,42,6,,-
7395,2488,42,66,,-
7396,2488,42,30,,-
7397,2488,42,9,"1,5-2,0",l/ha
7398,2488,42,36,,-
7399,2488,42,35,"1,5-2,0",l/ha
7400,2489,2,188,1,ml/l
7401,2490,153,30,"1,5-2",l/ha
7402,2490,153,9,"1,5-2",l/ha
7403,2490,153,76,"1,5-2",l/ha
7404,2490,153,57,"1,5-2",l/ha
7405,2490,153,6,"1,5-2",l/ha
7406,2490,153,77,"1,5-2",l/ha
7407,2492,3,14,"2,25",ml/l
7408,2492,3,115,"2,25",ml/l
7409,2493,48,52,,-
7410,2493,48,6,,-
7411,2493,48,25,2 - 3,l/ha
7412,2493,48,35,2 - 3,l/ha
7413,2493,48,38,,-
7414,2494,10,43,8,ml/l
7415,2495,363,66,"0,6 - 1,2",l/ha
7416,2495,363,9,,-
7417,2495,48,9,"0,6 - 1,2",l/ha
7418,2495,48,6,,-
7419,2496,7,29,1.5 - 2,l/ha
7420,2496,7,24,1.5 - 2,l/ha
7421,2496,7,1053,1.5 - 2,l/ha
7422,2496,7,2,1.5 - 2,l/ha
7423,2496,7,382,1.5 - 2,l/ha
7424,2496,7,74,2.5 - 3,l/ha
7425,2497,148,81,1,g/l
7426,2498,35,218,150 - 250,g/ha
7427,2498,35,29,150 - 250,g/ha
7428,2498,35,56,150 - 250,g/ha
7429,2498,35,9,150 - 250,g/ha
7430,2498,35,25,150 - 250,g/ha
7431,2498,35,27,150 - 250,g/ha
7432,2498,35,1054,150 - 250,g/ha
7433,2498,35,28,150 - 250,g/ha
7434,2498,35,58,150 - 250,g/ha
7435,2498,35,415,150 - 250,g/ha
7436,2498,35,52,150 - 250,g/ha
7437,2498,35,31,150 - 250,g/ha
7438,2498,35,24,150 - 250,g/ha
7439,2498,35,128,150 - 250,g/ha
7440,2498,35,69,150 - 250,g/ha
7441,2498,35,35,150 - 250,g/ha
7442,2498,35,370,150 - 250,g/ha
7443,2498,35,2,150 - 250,g/ha
7444,2498,35,51,150 - 250,g/ha
7445,2500,2,448,1,g/l
7446,2501,4,182,500,ml/ha
7447,2502,28,164,"0,5",g/l
7448,2503,55,208,15,gr/Pohon
7449,2503,4,45,2,g/l
7450,2504,128,1055,3,ml/l
7451,2505,9,126,,-
7452,2505,9,79,500 – 1000,ml/ha
7453,2505,9,74,500 – 1000,ml/ha
7454,2505,9,41,,-
7455,2505,9,42,500 – 1000,ml/ha
7456,2507,3,14,0.6,g/l
7457,2508,44,1056,225,kg/ha
7458,2509,84,47,"0,625",ml/l
7459,2509,111,326,"0,5",ml/l
7460,2510,51,137,3,ml/l
7461,2511,28,164,0.43,g/l
7462,2512,111,326,"0,625",%
7463,2512,111,1057,"0,625",%
7464,2512,111,1058,"0,625",%
7465,2512,111,282,"0,625",%
7466,2513,67,188,1,ml/l
7467,2513,67,10,0.75,ml/l
7468,2514,28,46,2,g/l
7469,2515,2,10,"2,0",ml/l
7470,2518,243,1059,"2,5 g/100 L air",-
7471,2519,55,208,1,g/l
7472,2520,8,158,"0,75 - 1",l/ha
7473,2520,8,9,"0,75 - 1",liter/ha
7474,2521,3,1060,"0,75 - 1,5",l/ha
7475,2521,3,1061,"0,75 - 1,5",l/ha
7476,2521,3,1062,"0,75 - 1,5",l/ha
7477,2522,14,109,"1,5",ml/l
7478,2524,4,44,"1,5",ml/l
7479,2525,3,248,"1 - 1,5",kg/ha
7480,2525,3,141,"1 - 1,5",kg/ha
7481,2525,3,782,"1 - 1,5",kg/ha
7482,2525,3,40,,-
7483,2525,3,41,,-
7484,2526,37,195,,-
7485,2526,37,18,,-
7486,2526,37,124,,-
7487,2526,37,92,,-
7488,2526,37,194,,-
7489,2527,4,44,"0,5",ml/l
7490,2528,51,233,2,ml/l
7491,2529,6,6,1.5-2,kg/ha
7492,2529,6,58,1.5-2,kg/ha
7493,2529,6,66,1.5-2,kg/ha
7494,2529,6,38,1.5-2,kg/ha
7495,2529,1,1063,"1,125 - 1,5",kg/ha
7496,2529,1,24,"1,125 - 2,625",kg/ha
7497,2529,1,1064,"1,125 - 2,625",kg/ha
7498,2529,1,6,"1,125 - 2,625",kg/ha
7499,2530,77,43,1.0,g/l
7500,2531,4,81,2,ml/l
7501,2532,152,206,,
7502,2533,11,46,2,g/l
7503,2534,3,448,3,ml/l
7504,2535,4,106,2,g/l
7505,2535,4,102,2,g/l
7506,2535,11,46,2,g/l
7507,2536,13,1065,2,ml/l/pohon
7508,2537,38,39,2 - 4,l/ha
7509,2537,38,1066,2 - 4,l/ha
7510,2537,38,41,2 - 4,l/ha
7511,2537,38,42,2 - 4,l/ha
7512,2537,38,74,2 - 4,l/ha
7513,2537,38,36,2 - 4,l/ha
7514,2537,38,94,2 - 4,l/ha
7515,2537,38,69,2 - 4,l/ha
7516,2538,116,42,450 - 600,g/ha
7517,2538,116,41,,
7518,2538,116,39,,-
7519,2538,116,127,450 - 600,g/ha
7520,2538,116,95,,-
7521,2539,4,81,1,ml/l
7522,2540,364,223,1.5 - 2.5,l/ha
7523,2540,364,129,1.5 - 2.5,l/ha
7524,2540,364,66,1.5 - 2.5,l/ha
7525,2540,364,51,1.5 - 2.5,l/ha
7526,2540,364,36,2 - 2.5,l/ha
7527,2540,13,38,"1,5 - 2",l/ha
7528,2540,13,223,1.5 - 2,l/ha
7529,2542,365,30,"0,75 - 1,5",l/ha
7530,2542,365,235,"0,75 - 1,5",l/ha
7531,2542,365,29,"0,75 - 1,5",l/ha
7532,2542,365,32,"0,75 - 1,5",l/ha
7533,2542,365,152,"0,75 - 1,5",l/ha
7534,2542,365,71,"0,75 - 1,5",l/ha
7535,2543,29,64,-,%
7536,2544,37,91,4,ml/l
7537,2544,37,92,4,ml/l
7538,2545,3,72,2,l/ha
7539,2546,4,81,1,ml/l
7540,2548,6,31,"3,75",l/ha
7541,2548,6,34,,-
7542,2548,6,38,,-
7543,2548,6,35,"3,75",l/ha
7544,2549,20,488,"0,75",g/l
7545,2549,11,46,"1,5",g/l
7546,2549,81,1067,3,g/l
7547,2549,2,311,4,g/l
7548,2549,79,670,2,g/l
7549,2549,50,837,2,g/l
7550,2549,28,46,"1,5",g/l
7551,2549,36,105,"1,5",g/l
7552,2550,14,109,18,kg/ha
7553,2551,81,44,1,ml/l
7554,2554,14,111,1,ml/l
7555,2555,8,51,"1,5 – 3",l/ha
7556,2555,8,35,"1,5 – 3",l/ha
7557,2555,8,69,,-
7558,2555,8,4,,-
7559,2555,8,38,,-
7560,2555,8,9,"1,5 – 3",l/ha
7561,2555,8,6,,-
7562,2555,8,58,,-
7563,2555,8,66,,-
7564,2556,11,46,4,g/l
7565,2559,8,256,,-
7566,2559,8,34,,-
7567,2559,8,51,,-
7568,2559,8,69,,-
7569,2559,8,38,3 - 6,l/ha
7570,2559,8,6,,-
7571,2559,8,66,,-
7572,2559,8,52,3 - 6,l/ha
7573,2559,8,9,,-
7574,2560,55,344,150,g/ha
7575,2560,55,291,150,g/ha
7576,2560,44,118,1,g/l
7577,2560,44,1068,1,g/l
7578,2560,1,212,1200,g/ha
7579,2560,1,1069,1200,g/ha
7580,2561,6,3,"1,5 - 3",l/ha
7581,2561,6,66,"1,5 - 3",l/ha
7582,2562,18,38,2- 3,l/ha
7583,2562,18,35,2- 3,l/ha
7584,2562,18,25,2- 3,l/ha
7585,2562,18,52,2- 3,l/ha
7586,2562,18,6,2- 3,l/ha
7587,2564,44,118,"1,5",ml/l
7588,2564,44,119,"1,5",ml/l
7589,2565,57,35,"3 - 4,5",l/ha
7590,2565,57,38,"3 - 4,5",l/ha
7591,2565,57,4,"3 - 4,5",l/ha
7592,2565,57,6,"3 - 4,5",l/ha
7593,2565,57,24,"3 - 4,5",l/ha
7594,2565,57,57,"3 - 4,5",l/ha
7595,2565,57,30,"3 - 4,5",l/ha
7596,2565,57,130,"3 - 4,5",l/ha
7597,2567,3,14,"0,5",ml/l
7598,2568,4,44,1,ml/l
7599,2569,271,821,Kebutuhan Export,
7600,2570,44,118,"1,5",g/l
7601,2570,10,45,2,g/l
7602,2570,10,43,2,g/l
7603,2571,37,18,,-
7604,2571,37,124,,
7605,2572,2,14,"2,5",ml/l
7606,2572,2,83,2,ml/l
7607,2573,14,64,1.5,ml/l
7608,2573,13,64,0.125,ml/pohon
7609,2573,36,64,2,l/ha
7610,2573,3,64,2,ml/l
7611,2573,11,64,3,ml/l
7612,2573,4,64,2,ml/l
7613,2573,52,64,3,ml/l
7614,2573,28,64,2,ml/l
7615,2573,10,64,2,ml/l
7616,2573,20,64,2,ml/l
7617,2573,103,64,0.5,l/ha
7618,2574,28,1070,2,ml/l
7619,2576,7,26,"2,25-3",kg/ha
7620,2576,7,153,"2,25-3",kg/ha
7621,2576,7,24,"2,25-3",kg/ha
7622,2576,7,69,"2,25-3",kg/ha
7623,2576,7,4,"2,25-3",kg/ha
7624,2577,4,16,0.5,g/l
7625,2578,10,30,"1,5 - 2",l/ha
7626,2579,8,38,1 - 3,l/ha
7627,2579,8,34,1 - 3,l/ha
7628,2579,8,66,1 - 3,l/ha
7629,2579,8,116,1 - 3,l/ha
7630,2579,8,9,1 - 3,l/ha
7631,2579,8,6,1 - 3,l/ha
7632,2579,8,218,1 - 3,l/ha
7633,2580,366,30,0.75-1,l/ha
7634,2580,366,9,0.75-1,l/ha
7635,2580,366,52,0.75-1,l/ha
7636,2580,366,66,0.75-1,l/ha
7637,2581,29,64,,
7638,2582,6,1066,,-
7639,2582,6,1071,"1,5 - 3,5",l/ha
7640,2582,6,35,,-
7641,2582,6,34,,-
7642,2582,6,38,"1,5 - 3,5",l/ha
7643,2584,37,124,,-
7644,2584,37,18,,-
7645,2585,51,45,1,ml/l
7646,2585,44,118,1,ml/l
7647,2585,44,119,"1,5",ml/l
7648,2587,4,45,1,ml/l
7649,2588,37,124,,-
7650,2588,37,18,,-
7651,2589,2,10,2,ml/l
7652,2591,44,118,200,g/ha
7653,2591,44,119,100,g/ha
7654,2591,3,83,100,g/ha
7655,2591,28,23,0.4,g/l
7656,2591,28,45,0.3,g/l
7657,2591,4,23,0.4,g/l
7658,2591,55,1072,0.2,g/l
7659,2591,55,208,0.14,g/l
7660,2591,14,109,300,g/ha
7661,2592,51,16,2,ml/l
7662,2592,51,123,2,ml/l
7663,2593,11,46,"1,5",g/l
7664,2594,14,50,2,g/l
7665,2595,82,9,3 - 4,l/ha
7666,2595,82,34,3 - 4,l/ha
7667,2597,2,1073,0.6,g/l
7668,2598,1,122,,-
7669,2598,1,69,"1,5 - 2",kg/ha
7670,2598,1,1074,,-
7671,2598,1,9,,-
7672,2599,255,171,9 ml/50 ml/m2,-
7673,2599,255,165,9 ml/ 50 ml/m2,-
7674,2600,11,164,"0,5",ml/l
7675,2601,37,18,,
7676,2601,37,124,,-
7677,2602,11,1075,"1,1",g/l
7678,2603,2,14,"0,5",ml/l
7679,2603,2,83,"0,5",ml/l
7680,2605,9,42,,-
7681,2605,9,855,60 - 90,g/ha
7682,2605,9,134,,-
7683,2605,9,41,,-
7684,2605,9,40,,-
7685,2605,9,1076,60 - 90,g/ha
7686,2605,9,100,60 - 90,g/ha
7687,2606,14,44,2,ml/l
7688,2608,3,83,2,ml/l
7689,2609,6,66,"1,5 - 2,5",kg/ha
7690,2609,6,9,"1,5 - 2,5",kg/ha
7691,2609,6,36,"1,5 - 2,5",kg/ha
7692,2610,4,44,2,ml/l
7693,2611,11,46,6,ml/l
7694,2611,2,188,6,ml/l
7695,2612,14,111,1,ml/l
7696,2613,11,269,0.5 - 1,ml/l
7697,2613,11,121,0.5 - 1,ml/l
7698,2613,2,114,1.5,ml/l
7699,2613,2,14,1.5,ml/l
7700,2613,2,83,1.5,ml/l
7701,2613,14,269,0.5 - 1,ml/l
7702,2613,14,111,0.5 - 1,ml/l
7703,2613,4,45,1 - 1.5,ml/l
7704,2614,261,781,tidak tersedia untuk ekspor,
7705,2615,48,35,,-
7706,2615,48,38,2- 3,l/ha
7707,2615,48,25,,-
7708,2615,48,52,2- 3,l/ha
7709,2615,48,6,,-
7710,2618,2,188,"1,5",ml/l
7711,2619,367,41,37.5 - 56.25,ml/ha
7712,2619,367,42,37.5 - 56.25,ml/ha
7713,2619,367,1077,37.5 - 56.25,ml/ha
7714,2619,367,74,37.5 - 56.25,ml/ha
7715,2620,3,448,2,ml/l
7716,2621,11,1078,300,g/ha
7717,2622,33,73,"0,75",ml/l
7718,2623,51,45,1,ml/l
7719,2624,368,205,"2,5 ml/kg benih",-
7720,2625,132,91,,-
7721,2625,132,92,,-
7722,2625,132,124,,-
7723,2625,132,18,,-
7724,2625,132,195,,-
7725,2626,37,18,,-
7726,2626,37,124,,-
7727,2627,106,38,,-
7728,2627,106,35,5-6,l/ha
7729,2627,106,9,,-
7730,2627,106,6,5-6,l/ha
7731,2628,11,46,"1,5",g/l
7732,2629,44,118,1.5,ml/l
7733,2630,27,321,"1,5",ml/l
7734,2631,29,64,-,
7735,2632,8,38,,-
7736,2632,8,34,"1,5 - 3",l/ha
7737,2632,8,35,,-
7738,2632,8,9,,-
7739,2632,8,6,1.5 - 3,l/ha
7740,2632,8,66,,
7741,2632,8,58,,-
7742,2633,11,46,1.5,g/l
7743,2635,1,211,2,ml/l
7744,2635,2,83,1,ml/l
7745,2635,2,14,1,ml/l
7746,2636,2,115,1,ml/l
7747,2636,10,43,1,ml/l
7748,2637,37,195,,-
7749,2637,37,18,,-
7750,2637,37,124,,
7751,2638,14,109,"1,5",g/l
7752,2639,48,6,"1.5 - 2,5",l/ha
7753,2639,48,25,"1.5 - 2,5",l/ha
7754,2639,48,130,"1.5 - 2,5",l/ha
7755,2639,48,38,"1.5 - 2,5",l/ha
7756,2639,48,34,"1.5 - 2,5",l/ha
7757,2639,48,35,"1.5 - 2,5",l/ha
7758,2640,2,83,"0,8",ml/l
7759,2641,4,45,2,ml/l
7760,2642,36,170,"0,25",ml/l
7761,2642,51,137,"0,75",ml/l
7762,2643,9,74,"1,5 - 3",l/ha
7763,2643,9,1079,"1,5 - 3",l/ha
7764,2643,9,141,"1,5 - 3",l/ha
7765,2643,9,95,"1,5 - 3",l/ha
7766,2643,9,41,"1,5 - 3",l/ha
7767,2643,9,42,"1,5 - 3",l/ha
7768,2643,9,98,"1,5 - 3",l/ha
7769,2643,9,134,"1,5 - 3",l/ha
7770,2643,9,1080,"1,5 - 3",l/ha
7771,2643,9,79,"1,5 - 3",l/ha
7772,2644,3,1081,"2,25-3",l/ha
7773,2645,4,44,"0,25",ml/l
7774,2645,3,14,"0,25",ml/l
7775,2646,230,696,2.25 - 3.75,l/ha
7776,2646,230,9,2.25 - 3.75,l/ha
7777,2646,230,6,2.25 - 3.75,l/ha
7778,2646,230,7,2.25 - 3.75,l/ha
7779,2646,230,69,2.25 - 3.75,l/ha
7780,2646,230,36,2.25 - 3.75,l/ha
7781,2646,230,34,2.25 - 3.75,l/ha
7782,2647,29,64,-,
7783,2648,37,18,,-
7784,2648,37,124,,-
7785,2649,39,35,1.5-3,l/ha
7786,2649,39,9,1.5-3,l/ha
7787,2649,39,30,1.5-3,l/ha
7788,2649,39,6,1.5-3,l/ha
7789,2650,55,208,"0,08",ml/l
7790,2650,55,1072,"0,12",ml/l
7791,2650,55,344,"0,12",ml/l
7792,2650,1,212,"0,13",ml/l
7793,2650,1,211,"0,13",ml/l
7794,2650,10,43,"0,26",ml/l
7795,2651,7,94,"1,5 - 3",l/ha
7796,2651,7,128,"1,5 - 3",l/ha
7797,2651,7,2,"1,5 - 3",l/ha
7798,2651,7,70,"1,5 - 3",l/ha
7799,2651,7,868,"1,5 - 3",l/ha
7800,2651,7,867,"1,5 - 3",l/ha
7801,2651,7,548,"1,5 - 3",l/ha
7802,2652,29,64,-,
7803,2653,225,1082,0.5,ml/ 10 liter air
7804,2654,4,44,"1,5",ml/l
7805,2655,232,35,2-3,l/ha
7806,2655,232,34,2-3,l/ha
7807,2655,232,4,2-3,l/ha
7808,2655,232,543,2-3,l/ha
7809,2655,232,9,2-3,l/ha
7810,2655,232,451,2-3,l/ha
7811,2655,232,6,2-3,l/ha
7812,2656,3,83,"0,75",ml/l
7813,2656,3,14,"0,75",ml/l
7814,2657,3,100,,-
7815,2657,3,94,100 - 200,ml/ha
7816,2657,3,1083,,-
7817,2657,3,40,,-
7818,2657,3,42,,-
7819,2657,3,67,100 - 200,ml/ha
7820,2658,369,57,"2,25 - 3,75",l/ha
7821,2658,369,6,"2,25 - 3,75",l/ha
7822,2658,369,52,"2,25 - 3,75",l/ha
7823,2658,369,66,"2,25 - 3,75",l/ha
7824,2658,369,451,"2,25 - 3,75",l/ha
7825,2658,369,30,"2,25 - 3,75",l/ha
7826,2658,369,223,"2,25 - 3,75",l/ha
7827,2658,369,450,"2,25 - 3,75",l/ha
7828,2658,369,35,"2,25 - 3,75",l/ha
7829,2658,369,906,"2,25 - 3,75",l/ha
7830,2658,369,51,"2,25 - 3,75",l/ha
7831,2658,369,1084,"2,25 - 3,75",l/ha
7832,2659,48,6,1.875 - 3.75,l/ha
7833,2659,48,25,1.875 - 3.75,l/ha
7834,2659,48,52,1.875 - 3.75,l/ha
7835,2659,48,9,1.875 - 3.75,l/ha
7836,2659,48,130,1.875 - 3.75,l/ha
7837,2659,48,35,1.875 - 3.75,l/ha
7838,2659,48,38,1.875 - 3.75,l/ha
7839,2660,14,70,0.5 – 1,l/ha
7840,2660,14,722,0.5 – 1,l/ha
7841,2660,14,74,0.5 – 1,l/ha
7842,2660,14,69,0.5 – 1,l/ha
7843,2660,14,94,0.5 – 1,l/ha
7844,2660,14,4,0.5 – 1,l/ha
7845,2662,8,35,2 - 4,l/ha
7846,2662,8,38,,-
7847,2662,8,51,,-
7848,2662,8,6,,-
7849,2662,8,30,,-
7850,2662,8,122,,-
7851,2662,8,9,2 - 4,l/ha
7852,2663,14,1085,2,ml/l
7853,2664,370,1086,,-
7854,2664,370,1087,24,g/m3
7855,2664,144,1086,,-
7856,2664,144,1087,24,g/m3
7857,2664,144,165,,-
7858,2664,144,173,,-
7859,2664,10,171,24,g/m3
7860,2665,11,1088,0.5,ml/l
7861,2665,40,182,0.5,ml/l
7862,2665,40,23,1.5,ml/l
7863,2665,36,170,0.75,ml/l
7864,2665,4,45,0.25,ml/l
7865,2665,44,1068,0.8,ml/l
7866,2665,28,23,1,ml/l
7867,2665,44,118,0.8,ml/l
7868,2665,45,292,0.25-0.5,l/ha
7869,2665,79,45,1,ml/l
7870,2665,4,81,0.5,ml/l
7871,2665,74,23,1.5,ml/l
7872,2665,269,1089,0.1-0.2,ml/l
7873,2665,11,142,0.5,ml/l
7874,2665,51,1090,0.75,ml/l
7875,2665,371,45,1,ml/l
7876,2665,4,907,0.5,ml/l
7877,2665,33,1091,0.25-0.5,l/ha
7878,2665,20,84,0.75,ml/l
7879,2665,55,207,0.25,ml/l
7880,2665,372,990,0.75-1,ml/l
7881,2665,269,816,0.1-0.2,ml/l
7882,2665,51,1092,0.75,ml/l
7883,2665,4,182,1,ml/l
7884,2665,74,990,1,ml/l
7885,2665,10,1093,3,ml/l
7886,2665,51,636,0.75,ml/l
7887,2665,27,179,1,ml/l
7888,2665,50,1094,0.2,l/ha
7889,2665,269,1095,0.1-0.2,ml/l
7890,2665,40,817,0.5,ml/l
7891,2665,51,292,1,ml/l
7892,2665,51,45,2,ml/l
7893,2665,14,109,1,ml/l
7894,2665,10,180,0.6-0.8,l/ha
7895,2665,55,291,0.075,l/ha
7896,2665,50,45,0.6,l/ha
7897,2665,52,133,0.5-1,ml/l
7898,2667,2,681,"1,5",ml/l
7899,2668,132,195,,-
7900,2668,132,18,,-
7901,2668,132,124,,-
7902,2668,132,91,,-
7903,2668,132,92,,-
7904,2669,2,188,1,ml/l
7905,2670,3,72,250,g/ha
7906,2671,4,81,2,g/l
7907,2672,373,52,2 - 3,l/ha
7908,2672,373,6,2 - 3,l/ha
7909,2672,373,9,2 - 3,l/ha
7910,2672,374,52,2 - 3,l/ha
7911,2672,374,122,2 - 3,l/ha
7912,2672,374,1096,2 - 3,l/ha
7913,2672,374,9,2 - 3,l/ha
7914,2672,375,42,"0,75 - 1,25",l/ha
7915,2672,375,407,"0,75 - 1,25",l/ha
7916,2672,375,95,"0,75 - 1,25",l/ha
7917,2672,376,52,1 - 2,l/ha
7918,2672,376,66,1 - 2,l/ha
7919,2672,376,58,1 - 2,l/ha
7920,2673,4,102,1,ml/l
7921,2674,44,118,1,ml/l
7922,2674,44,1068,1,ml/l
7923,2676,4,81,2,g/l
7924,2677,4,102,2,g/l
7925,2677,3,10,2,g/l
7926,2678,6,38,"1,5-3",l/ha
7927,2678,6,51,"1,5-3",l/ha
7928,2678,6,36,"1,5-3",l/ha
7929,2678,6,57,"1,5-3",l/ha
7930,2678,6,6,"1,5-3",l/ha
7931,2678,6,66,"1,5-3",l/ha
7932,2679,6,30,75 - 150,g/ha
7933,2679,6,66,75 - 150,g/ha
7934,2679,6,6,75 - 150,g/ha
7935,2679,6,9,75 - 150,g/ha
7936,2680,9,74,30 - 40,g/ha
7937,2680,9,41,30 - 40,g/ha
7938,2680,9,39,30 - 40,g/ha
7939,2680,9,40,30 - 40,g/ha
7940,2681,8,38,,-
7941,2681,8,69,2 - 4,l/ha
7942,2681,8,51,,-
7943,2681,8,36,,-
7944,2681,8,57,,-
7945,2681,8,6,,-
7946,2681,8,9,,-
7947,2681,8,66,,-
7948,2681,8,58,2 - 4,l/ha
7949,2682,1,9,"1,5 - 2",kg/ha
7950,2682,1,29,"1,5 - 2",kg/ha
7951,2683,377,1097,,
7952,2684,377,1097,,
7953,2685,14,109,2,ml/l
7954,2686,6,36,1.5 - 3,l/ha
7955,2686,6,38,1.5 - 3,l/ha
7956,2686,6,66,1.5 - 3,l/ha
7957,2686,6,6,1.5 - 3,l/ha
7958,2687,81,106,2,g/l
7959,2687,81,102,2,g/l
7960,2687,11,46,2,g/l
7961,2688,2,14,1,ml/l
7962,2689,10,43,2,ml/l
7963,2690,130,347,,-
7964,2690,130,35,3 - 4,l/ha
7965,2690,130,69,,-
7966,2690,130,6,,-
7967,2690,130,30,,-
7968,2690,130,9,3 - 4,l/ha
7969,2692,378,45,2,ml/l
7970,2692,379,45,1-2,ml/l
7971,2693,11,121,1,ml/l
7972,2693,14,111,"0,5",ml/l
7973,2693,2,114,2,ml/l
7974,2693,44,119,"0,5",ml/l
7975,2693,36,170,"0,5",ml/l
7976,2693,2,14,2,ml/l
7977,2693,33,73,1,ml/l
7978,2693,28,121,1,ml/l
7979,2693,10,226,"1,5",ml/l
7980,2693,51,123,"1,5",ml/l
7981,2693,50,81,1,ml/l
7982,2693,50,16,"0,5",ml/l
7983,2693,2,83,1,ml/l
7984,2693,55,208,1,ml/l
7985,2693,4,44,"0,5",ml/l
7986,2693,380,121,1,ml/l
7987,2694,81,44,"0,75",ml/l
7988,2694,44,119,"0,75",ml/l
7989,2694,44,118,"1,125",ml/l
7990,2694,14,109,3,ml/l
7991,2694,27,232,2,ml/l
7992,2694,51,123,"0,75",ml/l
7993,2694,51,137,"1,5",ml/l
7994,2694,11,142,3,l/ha
7995,2694,11,81,3,l/ha
7996,2695,8,38,1 - 2,l/ha
7997,2695,8,35,1 - 2,l/ha
7998,2695,8,30,1 - 2,l/ha
7999,2696,3,74,100 - 150,ml/ha
8000,2696,3,95,100 - 150,ml/ha
8001,2696,3,42,100 - 150,ml/ha
8002,2696,3,82,100 - 150,ml/ha
8003,2698,10,43,"0,5",g/l
8004,2699,51,1091,1,ml/l
8005,2700,3,1098,1.5 - 2,kg/ha
8006,2700,3,41,1.5 - 2,kg/ha
8007,2700,3,141,1.5 - 2,kg/ha
8008,2700,3,95,1.5 - 2,kg/ha
8009,2701,55,254,10,ml/ha
8010,2701,50,45,0.25 - 0.5,ml/l
8011,2701,14,109,0.5,ml/l
8012,2701,51,123,1,ml/l
8013,2701,51,45,1,ml/l
8014,2701,51,137,1,ml/l
8015,2701,28,23,1,ml/l
8016,2703,14,50,"1,5",g/l
8017,2704,37,195,,-
8018,2704,37,18,,-
8019,2704,37,124,Siap Pakai,-
8020,2704,37,91,,-
8021,2704,37,92,,-
8022,2704,37,231,,-
8023,2705,51,123,1.5,ml/l
8024,2706,8,69,3-4,l/ha
8025,2706,8,4,,-
8026,2706,8,38,,-
8027,2706,8,36,,-
8028,2706,8,35,,-
8029,2706,8,57,,-
8030,2706,8,9,3 - 4,l/ha
8031,2706,8,66,,-
8032,2706,8,6,,-
8033,2707,13,1099,1,gr/Pohon
8034,2708,4,45,2,ml/l
8035,2709,107,1100,1.5 - 2.25,l/ha
8036,2710,53,1101,"1,5 - 2,5",l/ha
8037,2710,53,40,"1,5 - 2,5",l/ha
8038,2710,53,42,"1,5 - 2,5",l/ha
8039,2710,53,134,"1,5 - 2,5",l/ha
8040,2711,37,1102,0.3,g/m2
8041,2711,37,1103,0.3,g/m2
8042,2711,37,1104,0.13,g/m2
8043,2711,37,1105,0.2,g/m2
8044,2712,4,199,1,ml/l
8045,2712,10,205,5,ml/kg benih
8046,2713,37,231,,-
8047,2713,37,1106,,-
8048,2713,37,1107,,-
8049,2713,37,195,,-
8050,2714,181,1108,1.5,g/l
8051,2714,381,46,2,g/l
8052,2714,382,46,1.25 - 2.5,g/l
8053,2714,383,1109,4,g/l
8054,2714,4,102,2,g/l
8055,2714,4,199,2.5,g/l
8056,2715,28,46,2,g/l
8057,2715,11,46,2,g/l
8058,2716,55,208,5,gr/Pohon
8059,2717,3,14,20,kg/ha
8060,2717,103,207,8,gr/Pohon
8061,2719,6,3,"2,25 - 3,75",l/ha
8062,2719,6,55,"2,25 - 3,75",l/ha
8063,2719,6,1110,"2,25 - 3,75",l/ha
8064,2719,6,9,"2,25 - 3,75",l/ha
8065,2719,6,203,"2,25 - 3,75",l/ha
8066,2719,6,429,"2,25 - 3,75",l/ha
8067,2719,6,6,"2,25 - 3,75",l/ha
8068,2720,10,43,"1,5",g/l
8069,2721,10,38,"2,25 - 3",l/ha
8070,2721,10,153,"2,25 - 3",l/ha
8071,2721,10,1111,"2,25 - 3",l/ha
8072,2721,10,1112,"2,25 - 3",l/ha
8073,2721,10,235,"2,25 - 3",l/ha
8074,2721,10,830,"2,25 - 3",l/ha
8075,2721,10,54,"2,25 - 3",l/ha
8076,2722,13,1113,"0,450",gr/Pohon
8077,2725,2,41,7.5 - 17.5,g/ha
8078,2725,2,82,7.5 - 17.5,g/ha
8079,2725,8,66,,-
8080,2725,8,9,125 - 156.25,g/ha
8081,2726,10,226,2,ml/l
8082,2727,4,81,0.75,ml/l
8083,2727,4,44,0.75,ml/l
8084,2728,29,64,-,
8085,2729,10,43,3,g/l
8086,2729,55,208,250,g/ha
8087,2729,4,45,1,kg/ha
8088,2729,2,1114,0.25-0.5,kg/ha
8089,2729,2,114,0.5-1,kg/ha
8090,2729,2,83,0.25-0.5,kg/ha
8091,2730,44,118,"1,5",ml/l
8092,2730,4,182,"1,5",ml/l
8093,2731,384,1115,0.5 - 1,mg/l
8094,2731,3,1116,"0,3",gr/ 10 l air
8095,2732,37,124,-,-
8096,2732,37,18,,
8097,2733,2,10,1 - 1.5,ml/l
8098,2734,75,1117,2 - 3,kg/ha
8099,2734,75,1118,2 - 3,kg/ha
8100,2734,1,1119,1 - 2,kg/ha
8101,2734,1,1120,1 - 2,kg/ha
8102,2735,28,1121,"0,5",ml/l
8103,2736,35,6,"0,75 - 1,5",kg/ha
8104,2736,35,31,"0,75 - 1,5",kg/ha
8105,2736,35,7,"0,75 - 1,5",kg/ha
8106,2737,55,208,30,gr/Pohon
8107,2737,4,44,2,g/l
8108,2738,385,482,2,ml/l
8109,2738,348,164,0.75,ml/l
8110,2738,386,486,1,ml/l
8111,2738,387,274,0.25,ml/l
8112,2738,388,1122,,-
8113,2738,51,1123,,
8114,2738,51,1124,0.75,ml/l
8115,2738,389,670,0.25,ml/l
8116,2738,4,1125,0.5,ml/l
8117,2738,4,106,1,ml/l
8118,2738,390,201,0.4,ml/l
8119,2738,391,274,0.5,ml/l
8120,2738,392,535,1.5,ml/l
8121,2738,393,423,3.75,ml/pohon
8122,2739,10,43,"1,5",ml/l
8123,2740,85,506,,-
8124,2741,55,208,"1,5",ml/l
8125,2742,394,34,,-
8126,2742,394,38,,-
8127,2742,394,35,"1 - 3,5",l/ha
8128,2742,394,58,,-
8129,2742,394,6,"1-3,5",l/ha
8130,2742,394,9,,-
8131,2743,4,182,2,g/l
8132,2743,3,120,2,g/l
8133,2743,3,14,"1,5",g/l
8134,2743,33,328,2,g/l
8135,2745,36,84,"1,5",ml/l
8136,2747,6,66,2 - 3,l/ha
8137,2747,6,6,2 - 3,l/ha
8138,2747,6,35,1.5 - 3,l/ha
8139,2747,6,36,2 - 3,l/ha
8140,2748,2,14,2,g/l
8141,2749,8,36,"1,5-2",l/ha
8142,2749,8,35,2,l/ha
8143,2749,8,30,2,l/ha
8144,2749,8,9,"1,5-2",l/ha
8145,2749,8,57,"2,5 - 3",l/ha
8146,2751,116,294,1200 - 1800,ml/ha
8147,2751,116,41,1200 - 1800,ml/ha
8148,2751,116,42,1200 - 1800,ml/ha
8149,2751,116,79,1200 - 1800,ml/ha
8150,2751,116,82,1200 - 1800,ml/ha
8151,2751,116,74,1200 - 1800,ml/ha
8152,2752,14,50,2,g/l
8153,2753,8,35,,-
8154,2753,8,38,3 - 4,l/ha
8155,2753,8,51,,-
8156,2753,8,36,,-
8157,2753,8,58,"3,0-7,0",l/ha
8158,2753,8,66,"3,0-7,0",l/ha
8159,2753,8,57,"3,0-7,0",l/ha
8160,2753,8,6,"3,0-7,0",l/ha
8161,2753,8,9,,
8162,2754,6,1126,"1,5 - 2",l/ha
8163,2754,6,1127,"1,5 - 2",l/ha
8164,2754,6,9,"1,5 - 2",l/ha
8165,2754,6,57,"1,5 - 2",l/ha
8166,2754,6,30,"1,5 - 2",l/ha
8167,2754,6,6,"1,5 - 2",l/ha
8168,2754,6,66,"1,5 - 2",l/ha
8169,2757,395,74,75-100,g/ha
8170,2757,395,248,75-100,g/ha
8171,2757,395,100,75-100,g/ha
8172,2757,395,98,75-100,g/ha
8173,2757,395,97,75-100,g/ha
8174,2759,4,45,1,g/l
8175,2759,55,208,0.8,kg/ha
8176,2760,8,58,"1,875 - 2,5",l/ha
8177,2760,8,9,"1,875 - 2,5",l/ha
8178,2760,8,6,"1,875 - 2,5",l/ha
8179,2760,8,57,"1,875 - 2,5",l/ha
8180,2760,8,66,"1,875 - 2,5",l/ha
8181,2760,8,36,"1,875 - 2,5",l/ha
8182,2760,8,38,"1,875 - 2,5",l/ha
8183,2760,8,34,"1,875 - 2,5",l/ha
8184,2761,8,35,,-
8185,2761,8,38,,-
8186,2761,8,36,,-
8187,2761,8,3,"1 - 2,5",l/ha
8188,2761,8,34,,-
8189,2761,8,9,"1 - 2,5",l/ha
8190,2761,8,6,,-
8191,2762,8,256,2 - 4,l/ha
8192,2762,8,69,2 - 4,l/ha
8193,2762,8,57,2 - 6,l/ha
8194,2762,8,52,2 - 6,l/ha
8195,2762,8,66,2 - 6,l/ha
8196,2763,44,119,1,g/l
8197,2763,44,118,1,g/l
8198,2763,55,208,15,gr/Pohon
8199,2764,396,74,15 - 20,kg/ha
8200,2764,396,560,15 - 20,kg/ha
8201,2764,396,41,15 - 20,kg/ha
8202,2764,396,42,15 - 20,kg/ha
8203,2764,321,560,10 - 15,kg/ha
8204,2764,321,41,,-
8205,2764,321,39,10 - 15,kg/ha
8206,2764,321,42,,-
8207,2764,321,1083,10 - 15,kg/ha
8208,2765,4,81,1,g/l
8209,2766,397,205,5,ml/kg benih
8210,2767,14,1128,"0,625 tablet/50 l air (3 dan 6 MST)",-
8211,2768,33,817,1,ml/l
8212,2768,74,182,"0,5",ml/l
8213,2768,40,182,"0,375",ml/l
8214,2768,11,81,"0,25",l/ha
8215,2768,52,528,"0,25",ml/l
8216,2768,27,232,2,ml/l
8217,2768,50,81,1,l/ha
8218,2768,79,81,1,ml/l
8219,2768,51,45,1,l/ha
8220,2768,44,81,"1,5",ml/l
8221,2768,4,182,"0,125",ml/l
8222,2768,4,81,"0,125",ml/l
8223,2769,6,35,1.5 - 2.5,l/ha
8224,2769,6,51,2 - 3,l/ha
8225,2769,6,38,2 - 3,l/ha
8226,2769,6,6,,-
8227,2769,6,9,,-
8228,2769,6,66,1.5 - 2.5,l/ha
8229,2770,8,34,"1,5 - 3",l/ha
8230,2770,8,1129,"1,5 - 3",l/ha
8231,2770,8,38,"1,5 - 3",l/ha
8232,2770,8,3,"1,5 - 3",l/ha
8233,2770,8,6,"1,5 - 3",l/ha
8234,2770,8,9,"1,5 - 3",l/ha
8235,2772,238,762,0,%
8236,2773,82,60,125 - 150,g/ha
8237,2773,82,53,125 - 150,g/ha
8238,2774,2,188,2,ml/l
8239,2776,30,487,2,g/l
8240,2776,4,102,"1,5",g/l
8241,2776,140,392,4,g/l
8242,2776,398,396,"2,25",g/l
8243,2776,14,346,2,g/l
8244,2777,27,179,1.5,ml/l
8245,2778,5,124,,-
8246,2778,5,18,,-
8247,2779,3,188,1,ml/l
8248,2780,2,14,0.5,ml/l
8249,2781,132,92,,-
8250,2781,132,91,,-
8251,2781,132,124,,-
8252,2781,132,160,,-
8253,2781,132,195,,-
8254,2782,4,81,"1,125",ml/l
8255,2782,4,44,"1,125",ml/l
8256,2783,3,1130,20 - 30,g/ha
8257,2783,3,37,20 - 30,g/ha
8258,2783,3,79,,-
8259,2783,3,126,,-
8260,2783,3,42,20 - 30,g/ha
8261,2783,3,41,,-
8262,2784,44,265,3,kg/ha
8263,2785,399,239,-,%
8264,2787,4,102,2,ml/l
8265,2787,2,188,1,ml/l
8266,2788,10,4,"2 - 2,5",l/ha
8267,2788,10,30,"2 - 2,5",l/ha
8268,2788,10,122,"2 - 2,5",l/ha
8269,2788,10,9,"2 - 2,5",l/ha
8270,2789,14,109,"1,5",ml/l
8271,2790,6,58,"1,5 - 3",l/ha
8272,2790,6,36,"1,5 - 3",l/ha
8273,2790,6,4,"1,5 - 3",l/ha
8274,2791,14,109,2,ml/l
8275,2792,14,109,"1,5",g/l
8276,2793,14,109,2,ml/l
8277,2795,28,80,2,g/l
8278,2796,8,76,,-
8279,2796,8,6,,-
8280,2796,8,9,1 - 3,l/ha
8281,2796,8,34,1-3,l/ha
8282,2796,8,38,,-
8283,2796,8,35,,-
8284,2796,8,36,,-
8285,2797,14,109,28,kg/ha
8286,2798,4,182,200,g/ha
8287,2798,4,81,200,g/ha
8288,2798,2,352,100,g/ha
8289,2799,14,50,2,g/l
8290,2800,2,114,"0,4",ml/l
8291,2801,1,297,"1 - 1,5",l/ha
8292,2801,1,6,"1 - 1,5",l/ha
8293,2801,1,9,"1 - 1,5",l/ha
8294,2801,1,35,"1 - 1,5",l/ha
8295,2802,4,102,2,g/l
8296,2802,4,106,2,g/l
8297,2802,28,46,3,g/l
8298,2802,20,488,1,gr/ 10 l air
8299,2803,2,1131,"0,75",ml/l
8300,2804,3,100,100-300,g/ha
8301,2804,3,74,100-300,g/ha
8302,2804,3,41,,
8303,2804,3,39,,
8304,2804,3,42,,
8305,2804,3,1132,100-300,g/ha
8306,2805,4,44,1,ml/l
8307,2807,400,6,1 - 2,l/ha
8308,2807,400,9,1 - 2,l/ha
8309,2807,400,34,1 - 2,l/ha
8310,2807,400,36,1 - 2,l/ha
8311,2808,108,430,"0,03125",g/m2
8312,2808,108,1133,"0,2",g/m2
8313,2809,6,1134,1.2 - 1.5,l/ha
8314,2809,6,1135,1.2 - 1.5,l/ha
8315,2809,6,66,1.2 - 1.5,l/ha
8316,2809,6,35,1.2 - 1.5,l/ha
8317,2809,6,38,1.2 - 1.5,l/ha
8318,2811,401,112,,-
8319,2811,401,41,,-
8320,2811,401,9,"3,75 - 5",kg/ha
8321,2812,51,159,"1,5",ml/l
8322,2812,2,83,"0,56",l/ha
8323,2812,2,14,"0,75",l/ha
8324,2813,4,44,1,ml/l
8325,2814,4,16,"1,5",ml/l
8326,2814,4,817,1,ml/l
8327,2814,27,179,"0,75",ml/l
8328,2814,27,817,"0,5",ml/l
8329,2814,50,81,1,ml/l
8330,2814,50,16,1,ml/l
8331,2814,114,16,750,ml/ha
8332,2814,114,530,750,ml/ha
8333,2814,28,16,750,ml/ha
8334,2814,28,817,500,ml/ha
8335,2815,6,1136,3 - 5,l/ha
8336,2815,6,158,3 - 5,l/ha
8337,2815,6,52,3 - 5,l/ha
8338,2815,6,9,3 - 5,l/ha
8339,2815,6,94,3 - 5,l/ha
8340,2815,6,445,3 - 5,l/ha
8341,2815,6,30,3 - 5,l/ha
8342,2815,6,38,3 - 5,l/ha
8343,2815,6,34,3 - 5,l/ha
8344,2815,6,36,3 - 5,l/ha
8345,2815,6,35,3 - 5,l/ha
8346,2816,4,23,1,ml/l
8347,2817,64,171,"0,25",ml/30 ml larutan/m2
8348,2818,83,195,2,g/m2
8349,2819,9,100,"0,5 - 1,5",l/ha
8350,2819,9,94,"0,5 - 1,5",l/ha
8351,2819,9,41,"0,5 - 1,5",l/ha
8352,2819,9,42,"0,5 - 1,5",l/ha
8353,2819,9,95,"0,5 - 1,5",l/ha
8354,2819,9,74,"0,5 - 1,5",l/ha
8355,2820,4,102,"1,5",g/l
8356,2821,2,14,1,ml/l
8357,2822,3,10,1,ml/l
8358,2823,2,72,"37,5",kg/ha
8359,2824,14,109,0.5,ml/l
8360,2824,4,44,0.5,ml/l
8361,2826,304,195,,-
8362,2826,304,18,,-
8363,2826,304,124,,-
8364,2826,304,91,,-
8365,2826,304,92,,-
8366,2827,36,105,5,g/l
8367,2827,269,199,5,gr/Pohon
8368,2827,27,1137,"2,5",g/l
8369,2827,11,46,5,g/l
8370,2827,74,201,5,g/l
8371,2827,28,46,"3,75",g/l
8372,2829,10,1138,10,ml/kg benih
8373,2830,18,57,2 – 3,l/ha
8374,2830,18,6,2 – 3,l/ha
8375,2830,18,38,2 – 3,l/ha
8376,2830,18,35,2 – 3,l/ha
8377,2830,363,6,2 – 3,l/ha
8378,2830,363,66,2 – 3,l/ha
8379,2830,363,94,2 – 3,l/ha
8380,2830,363,35,2 – 3,l/ha
8381,2832,29,64,-,g/l
8382,2833,3,83,1.5,ml/l
8383,2835,11,46,"1,5",g/l
8384,2836,40,23,1,ml/l
8385,2836,44,119,3,ml/l
8386,2836,44,118,3,ml/l
8387,2836,4,23,800,ml/ha
8388,2836,51,23,2,ml/l
8389,2836,51,123,2,ml/l
8390,2836,10,43,2,ml/l
8391,2836,2,114,1,ml/l
8392,2837,11,46,"1,5",g/l
8393,2838,4,45,1,ml/l
8394,2840,6,38,2 - 3,l/ha
8395,2840,6,36,2 - 3,l/ha
8396,2840,6,30,2 - 3,l/ha
8397,2840,6,9,2 - 3,l/ha
8398,2840,6,6,2 - 3,l/ha
8399,2841,3,95,10 - 20,g/ha
8400,2841,3,97,10 - 20,g/ha
8401,2841,3,1139,10 - 20,g/ha
8402,2841,3,39,10 - 20,g/ha
8403,2841,6,1140,50 - 75,g/ha
8404,2841,6,30,50 - 75,g/ha
8405,2841,6,9,50 - 75,g/ha
8406,2842,2,14,2.25,ml/l
8407,2842,2,83,2.25,ml/l
8408,2842,14,111,2.25,ml/l
8409,2842,14,109,2.25,ml/l
8410,2843,4,44,"1,5",g/l
8411,2844,9,95,480 - 640,g/ha
8412,2844,9,42,480 - 640,g/ha
8413,2844,9,134,480 - 640,g/ha
8414,2844,9,40,480 - 640,g/ha
8415,2844,9,41,480 - 640,g/ha
8416,2845,29,64,0,%
8417,2846,14,109,"1,5",ml/l
8418,2847,402,42,0.75-1.5,l/ha
8419,2847,402,82,0.75-1.5,l/ha
8420,2847,402,79,0.75-1.5,l/ha
8421,2847,402,74,0.75-1.5,l/ha
8422,2847,402,95,0.75-1.5,l/ha
8423,2847,395,42,0.75-1.5,l/ha
8424,2847,395,112,0.75-1.5,l/ha
8425,2847,395,74,0.75-1.5,l/ha
8426,2847,395,95,0.75-1.5,l/ha
8427,2847,395,82,0.75-1.5,l/ha
8428,2847,395,79,0.75-1.5,l/ha
8429,2848,44,118,"1,5",ml/l
8430,2848,44,119,"1,5",ml/l
8431,2849,8,4,2 - 3,l/ha
8432,2849,8,38,2 - 3,l/ha
8433,2849,8,36,2 - 3,l/ha
8434,2849,8,66,2 - 3,l/ha
8435,2849,8,158,2 - 3,l/ha
8436,2849,8,57,2 - 3,l/ha
8437,2849,8,52,2 - 3,l/ha
8438,2849,8,9,2 - 3,l/ha
8439,2850,11,213,2,g/l
8440,2851,3,42,200-300,ml/ha
8441,2851,3,1132,200-300,ml/ha
8442,2851,3,95,200-300,ml/ha
8443,2851,3,82,200-300,ml/ha
8444,2851,3,94,200-300,ml/ha
8445,2852,14,50,1,g/l
8446,2854,221,6,"1,5 - 2",l/ha
8447,2854,221,35,"1,5 - 2",l/ha
8448,2854,221,51,"1,5 - 2",l/ha
8449,2854,221,34,"1,5 - 2",l/ha
8450,2854,91,9,"1,5 - 3",l/ha
8451,2854,91,30,"1,5 - 3",l/ha
8452,2854,91,6,"1,5 - 3",l/ha
8453,2854,91,4,"1,5 - 3",l/ha
8454,2854,91,69,"1,5 - 3",l/ha
8455,2854,22,9,1-2,l/ha
8456,2854,22,30,1-2,l/ha
8457,2854,22,35,1-2,l/ha
8458,2854,269,34,"1,5 - 2",l/ha
8459,2854,269,30,"1,5 - 2",l/ha
8460,2854,269,9,"1,5 - 2",l/ha
8461,2854,106,9,1 - 2,l/ha
8462,2854,60,42,"1,5 - 3",l/ha
8463,2854,60,147,"1,5-3",l/ha
8464,2854,6,58,"1,5 - 2",l/ha
8465,2854,6,30,"1,5 - 2",l/ha
8466,2854,6,9,"1,5 - 2",l/ha
8467,2854,6,36,"1,5 - 2",l/ha
8468,2854,6,38,"1,5 - 2",l/ha
8469,2854,42,38,"1,5 - 3",l/ha
8470,2854,42,36,"1,5 - 3",l/ha
8471,2854,42,9,"1,5-3",l/ha
8472,2854,42,6,"1,5-3",l/ha
8473,2855,10,23,"1,5",ml/l
8474,2857,403,43,1,g/l
8475,2858,35,443,,-
8476,2858,35,79,"1,5 - 3",l/ha
8477,2858,35,1141,,-
8478,2858,35,70,,-
8479,2858,35,1142,"1,5 - 3",l/ha
8480,2858,35,95,"1,5 - 3",l/ha
8481,2859,404,35,"1,5 - 3",l/ha
8482,2859,404,4,"1,5 - 3",l/ha
8483,2859,404,69,"1,5 - 3",l/ha
8484,2859,404,9,"1,5 - 3",l/ha
8485,2859,404,6,"1,5 - 3",l/ha
8486,2859,404,30,"1,5 - 3",l/ha
8487,2860,51,137,"1,25",ml/l
8488,2861,30,64,"11,25",ml/pohon
8489,2863,3,83,10,kg/ha
8490,2863,1,1143,30 - 45,kg/ha
8491,2863,1,211,30 - 45,kg/ha
8492,2863,1,789,30,kg/ha
8493,2863,1,1144,30 - 45,kg/ha
8494,2863,55,207,5,gr/Pohon
8495,2864,132,124,,-
8496,2864,132,18,,
8497,2865,51,636,1,ml/l
8498,2866,161,2,750 - 1500,ml/ha
8499,2866,161,79,750 - 1500,ml/ha
8500,2866,161,41,750 - 1500,ml/ha
8501,2866,161,89,750 - 1500,ml/ha
8502,2866,161,1145,750 - 1500,ml/ha
8503,2866,161,90,750 - 1500,ml/ha
8504,2866,161,95,750 - 1500,ml/ha
8505,2866,161,74,750 - 1500,ml/ha
8506,2867,14,50,"1,125",g/l
8507,2869,36,790,1,ml/l
8508,2869,36,47,1,ml/l
8509,2869,36,177,"1,25",ml/l
8510,2869,51,123,"1,5",ml/l
8511,2869,13,47,"0,5 - 1",ml/l
8512,2869,14,284,"1,5 - 2",ml/l
8513,2869,269,816,"0,5",ml/l
8514,2869,269,1146,"0,5 - 1",ml/l
8515,2869,2,120,2,ml/l
8516,2869,2,114,2,ml/l
8517,2869,2,83,2,ml/l
8518,2869,11,497,"0,5",ml/l
8519,2869,11,142,"0,5",ml/l
8520,2869,44,118,"1,5 - 2",ml/l
8521,2870,9,134,,-
8522,2870,9,42,,-
8523,2870,9,98,"1,5 – 3",l/ha
8524,2870,9,82,"1,5 – 3",l/ha
8525,2870,9,79,,-
8526,2870,9,74,,-
8527,2870,9,95,"1,5 – 3",l/ha
8528,2871,88,91,2.5 - 3.5/spray,%
8529,2871,88,92,2.5 - 3.5/spray,%
8530,2871,88,124,2.5 - 3.5/spray,%
8531,2871,88,195,2.5 - 3.5/spray,%
8532,2871,88,18,2.5 - 3.5/spray,%
8533,2872,10,43,1,ml/l
8534,2873,2,188,"1,5",ml/l
8535,2874,261,781,tidak tersedia untuk ekspor,g/l
8536,2876,4,81,1,ml/l
8537,2876,4,1147,1,ml/l
8538,2877,111,47,"1,25 ml/l retensi: 3,92 km/m3",-
8539,2877,84,47,"2,5",ml/l
8540,2878,14,50,3,g/l
8541,2878,79,670,1,g/l
8542,2878,4,102,4,g/l
8543,2878,28,46,4,g/l
8544,2878,11,46,4,g/l
8545,2879,218,30,,-
8546,2879,218,122,,-
8547,2879,218,9,"0,8 - 1",l/ha
8548,2879,218,4,,-
8549,2879,218,69,"0,8 - 1",l/ha
8550,2881,8,35,,-
8551,2881,8,71,,-
8552,2881,8,4,,-
8553,2881,8,38,,-
8554,2881,8,3,2 - 4,l/ha
8555,2881,8,76,,-
8556,2881,8,6,,-
8557,2881,8,9,2 - 4,l/ha
8558,2881,8,7,,-
8559,2882,53,39,0.5 - 1,kg/ha
8560,2882,53,41,0.5 - 1,kg/ha
8561,2882,53,42,0.5 - 1,kg/ha
8562,2882,53,147,0.5 - 1,kg/ha
8563,2882,53,79,0.5 - 1,kg/ha
8564,2882,53,100,0.5 - 1,kg/ha
8565,2882,53,74,0.5 - 1,kg/ha
8566,2882,53,95,0.5 - 1,kg/ha
8567,2883,2,114,150,ml/ha
8568,2884,11,46,"1,5",g/l
8569,2885,405,124,Pembakaran,-
8570,2885,405,18,Pembakaran,-
8571,2886,29,64,,
8572,2887,2,386,1.5,ml/l
8573,2887,2,10,1.5,ml/l
8574,2888,8,66,,-
8575,2888,8,9,,-
8576,2888,8,52,,-
8577,2888,8,57,,-
8578,2888,8,6,1 - 3,l/ha
8579,2888,8,4,1 - 3,l/ha
8580,2888,8,36,,-
8581,2888,8,69,,-
8582,2888,8,38,,-
8583,2888,8,34,,-
8584,2889,14,109,"1,5",ml/l
8585,2890,4,81,"1,5",ml/l
8586,2891,406,1148,"0,5",ml/l
8587,2891,407,1149,8,ml/l/pohon
8588,2891,408,1150,2,ml/l
8589,2892,6,38,,-
8590,2892,6,36,3-4,l/ha
8591,2892,6,6,,-
8592,2892,6,9,3-4,l/ha
8593,2893,160,438,Untuk keperluan ekspor,
8594,2894,2,83,2,ml/l
8595,2895,50,837,1,g/l
8596,2895,409,205,"1,25",g/kg benih
8597,2896,410,128,75 – 125,ml/ha
8598,2896,410,6,75 – 125,ml/ha
8599,2896,410,26,75 – 125,ml/ha
8600,2896,410,24,75 – 125,ml/ha
8601,2896,411,35,60-100,ml/ha
8602,2896,411,94,60-100,ml/ha
8603,2896,411,36,60-100,ml/ha
8604,2896,411,69,60-100,ml/ha
8605,2896,411,4,60-100,ml/ha
8606,2897,11,121,2,ml/l
8607,2898,10,205,2 ml/l (1 l/ha),ml/l
8608,2898,10,205,17,ml/kg benih
8609,2898,11,46,"0,92",ml/l
8610,2899,221,66,2-4,l/ha
8611,2899,221,9,2-4,l/ha
8612,2899,221,6,2-4,l/ha
8613,2899,221,35,2-4,l/ha
8614,2899,221,38,2-4,l/ha
8615,2900,132,18,,-
8616,2900,132,124,,-
8617,2901,8,36,1 - 3,l/ha
8618,2901,8,38,1 - 3,l/ha
8619,2901,8,411,1 - 3,l/ha
8620,2901,8,827,1 - 3,l/ha
8621,2901,8,30,1 - 3,l/ha
8622,2901,8,34,1 - 3,l/ha
8623,2901,8,223,1 - 3,l/ha
8624,2903,55,344,2,g/l
8625,2903,55,208,20,gr/Pohon
8626,2904,235,69,375 - 500,g/ha
8627,2904,235,74,375 - 500,g/ha
8628,2904,235,6,375 - 500,g/ha
8629,2905,50,45,2,l/ha
8630,2905,14,109,2,ml/l
8631,2905,10,23,2,ml/l
8632,2905,10,45,1-2,ml/l
8633,2905,51,45,1,l/ha
8634,2905,51,137,1,l/ha
8635,2905,51,519,1,l/ha
8636,2905,51,636,1,l/ha
8637,2905,51,251,1,l/ha
8638,2905,51,123,1,l/ha
8639,2905,28,23,1,ml/l
8640,2905,4,45,2,ml/l
8641,2905,137,1151,1,ml/l
8642,2905,33,73,"0,5-1",ml/l
8643,2905,36,1152,"0,5",ml/l
8644,2905,36,170,"0,5",ml/l
8645,2906,11,46,2,g/l
8646,2907,44,118,2,g/l
8647,2908,2,1153,"57,14 ml/ha, (pada 30 HST, 50 HST dan 70 HST)",-
8648,2908,10,1154,"2 ml/14 l air, (3,5,7 MST)",-
8649,2908,27,1155,300,ml/ha
8650,2910,4,44,1,ml/l
8651,2911,30,1156,10,ml/l/pohon
8652,2911,45,1157,"0,5",ml/l
8653,2912,2,188,1,ml/l
8654,2913,9,90,"1,5 - 3",l/ha
8655,2913,9,40,,-
8656,2913,9,42,,-
8657,2913,9,134,"1,5 - 3",l/ha
8658,2913,9,88,"1,5 - 3",l/ha
8659,2914,10,479,3,ml/kg
8660,2915,7,4,100 - 150,ml/ha
8661,2915,7,69,100 - 150,ml/ha
8662,2915,7,35,100 - 150,ml/ha
8663,2915,7,6,100 - 150,ml/ha
8664,2915,7,33,100 - 150,ml/ha
8665,2915,7,25,100 - 150,ml/ha
8666,2915,7,9,100 - 150,ml/ha
8667,2916,2,72,450,g/ha
8668,2917,7,30,0.75 - 1.5,l/ha
8669,2917,7,6,0.75 - 1.5,l/ha
8670,2917,7,9,0.75 - 1.5,l/ha
8671,2917,7,33,0.75 - 1.5,l/ha
8672,2917,7,35,0.75 - 1.5,l/ha
8673,2917,7,94,0.75 - 1.5,l/ha
8674,2917,7,146,0.75 - 1.5,l/ha
8675,2918,4,44,"2,25",g/l
8676,2919,35,9,2-3,l/ha
8677,2919,35,58,2 - 3,l/ha
8678,2919,35,1025,2-3,l/ha
8679,2919,35,6,2-3,l/ha
8680,2919,35,29,2 - 3,
8681,2919,35,4,2-3,l/ha
8682,2919,35,36,2-3,l/ha
8683,2920,37,1158,,-
8684,2920,37,18,,-
8685,2921,14,50,2,ml/l
8686,2923,37,124,,-
8687,2923,37,18,,
8688,2924,3,206,,-
8689,2925,412,240,1,kg/ha
8690,2927,3,206,,-
8691,2928,8,57,,-
8692,2928,8,1159,,-
8693,2928,8,588,,-
8694,2928,8,847,150 - 300,g/ha
8695,2928,8,378,,-
8696,2928,8,26,,-
8697,2928,8,69,,-
8698,2928,8,398,,-
8699,2928,8,51,,-
8700,2928,8,36,150 - 300,g/ha
8701,2928,8,1160,,-
8702,2928,8,369,,
8703,2929,4,106,2,g/l
8704,2931,2,448,2,g/l
8705,2932,2,14,1,g/l
8706,2933,2,14,0.5,g/l
8707,2934,29,64,-,
8708,2935,8,9,"1,5 - 3",l/ha
8709,2935,8,58,"1,5 - 3",l/ha
8710,2935,8,66,"1,5 - 3",l/ha
8711,2935,8,51,"1,5 - 3",l/ha
8712,2935,8,38,"1,5 - 3",l/ha
8713,2936,37,91,,-
8714,2936,37,1036,,
8715,2937,4,44,1,ml/l
8716,2938,4,44,1,g/l
8717,2940,413,30,3 - 4,l/ha
8718,2940,413,98,3 - 4,l/ha
8719,2940,413,722,3 - 4,l/ha
8720,2940,413,9,3 - 4,l/ha
8721,2940,413,34,3 - 4,l/ha
8722,2940,413,4,3 - 4,l/ha
8723,2940,413,69,3 - 4,l/ha
8724,2940,413,94,3 - 4,l/ha
8725,2940,362,94,3 - 4,l/ha
8726,2940,362,69,3 - 4,l/ha
8727,2940,362,4,3 - 4,l/ha
8728,2940,362,34,3 - 4,l/ha
8729,2940,362,29,3 - 4,l/ha
8730,2940,362,98,3 - 4,l/ha
8731,2940,362,6,3 - 4,l/ha
8732,2940,362,9,3 - 4,l/ha
8733,2940,362,30,3 - 4,l/ha
8734,2941,132,124,,-
8735,2941,132,18,,-
8736,2941,132,195,,-
8737,2941,132,92,,-
8738,2941,132,91,,-
8739,2942,4,1161,1,ml/l
8740,2943,6,57,2 - 4,l/ha
8741,2943,6,66,2 - 4,l/ha
8742,2943,6,9,2 - 4,l/ha
8743,2943,6,52,2 - 4,l/ha
8744,2943,6,6,2 - 4,l/ha
8745,2943,6,36,2 - 4,l/ha
8746,2943,6,34,2 - 4,l/ha
8747,2943,6,38,2 - 4,l/ha
8748,2943,6,69,2 - 4,l/ha
8749,2944,8,58,,-
8750,2944,8,6,"1,5 - 3",l/ha
8751,2944,8,9,,-
8752,2944,8,66,,-
8753,2944,8,38,,-
8754,2944,8,34,,-
8755,2944,8,35,"1,5 – 3",l/ha
8756,2945,8,36,2.5 - 3.5,l/ha
8757,2945,8,38,2.5 - 3.5,l/ha
8758,2945,8,66,2.5 - 3.5,l/ha
8759,2945,8,52,2.5 - 3.5,l/ha
8760,2945,8,57,2.5 - 3.5,l/ha
8761,2945,8,6,2.5 - 3.5,l/ha
8762,2946,8,34,2-3,l/ha
8763,2946,8,35,,-
8764,2946,8,9,,-
8765,2946,8,31,2- 3,l/ha
8766,2946,8,6,,-
8767,2947,144,171,24,g/m3
8768,2948,4,44,"0,5",ml/l
8769,2949,13,38,"1,5-3",l/ha
8770,2950,17,57,,-
8771,2950,17,34,,-
8772,2950,17,52,,
8773,2950,17,60,3 - 4,l/ha
8774,2950,17,35,,-
8775,2950,17,38,,-
8776,2950,17,1162,3 - 4,l/ha
8777,2950,130,26,,-
8778,2950,130,29,,-
8779,2950,130,6,3 - 4,l/ha
8780,2950,130,24,,-
8781,2950,130,130,,-
8782,2950,130,370,,-
8783,2950,130,128,,
8784,2950,130,69,3 - 4,-
8785,2950,130,4,,-
8786,2950,18,6,,-
8787,2950,18,52,,
8788,2950,18,57,,-
8789,2950,18,130,3 - 4,l/ha
8790,2950,18,60,,-
8791,2950,18,58,,-
8792,2950,18,38,3 - 4,l/ha
8793,2950,18,35,,-
8794,2950,38,74,5 - 6,l/ha
8795,2950,38,367,,-
8796,2950,38,147,5 - 6,l/ha
8797,2950,38,40,,-
8798,2950,38,134,,-
8799,2950,38,42,5 - 6,l/ha
8800,2951,51,137,2,g/l
8801,2952,6,6,1-3,l/ha
8802,2952,6,689,1-3,l/ha
8803,2952,6,38,1-3,l/ha
8804,2953,414,1163,25 g/ha (20 HST dan 40 HST),g/ha
8805,2953,415,1164,"0,5",tablet / 50 L
8806,2953,416,1165,1,gram / 200 ml
8807,2954,3,134,375-500,g/ha
8808,2954,3,97,,-
8809,2954,3,98,,-
8810,2954,3,1166,,-
8811,2954,3,39,,-
8812,2955,10,9,,-
8813,2955,10,33,,-
8814,2955,10,24,,-
8815,2955,10,6,,-
8816,2955,10,30,,-
8817,2955,10,1167,75 - 150,ml/ha
8818,2955,10,218,75 - 150,ml/ha
8819,2955,10,69,75 - 150,ml/ha
8820,2955,10,51,,-
8821,2955,10,35,,-
8822,2955,10,71,,-
8823,2955,10,4,,-
8824,2956,35,6,"1-1,5",kg/ha
8825,2956,35,7,"1-1,5",kg/ha
8826,2959,6,36,"1,25 – 2,5",l/ha
8827,2959,6,3,"1,25 – 2,5",l/ha
8828,2959,6,616,"1,25 – 2,5",l/ha
8829,2959,6,38,"1,25 – 2,5",l/ha
8830,2959,6,369,"1,25 – 2,5",l/ha
8831,2959,6,9,"1,25 – 2,5",l/ha
8832,2961,2,83,"0,5",ml/l
8833,2962,4,45,2,ml/l
8834,2962,44,118,2,ml/l
8835,2962,44,119,2,ml/l
8836,2962,14,109,2,ml/l
8837,2963,6,3,3 - 6,l/ha
8838,2963,106,35,"1,5 - 3",l/ha
8839,2963,106,9,"1,5 - 3",l/ha
8840,2963,71,38,"1,5 - 3",l/ha
8841,2963,71,36,,-
8842,2963,71,58,,-
8843,2963,71,9,"1,5 - 3",l/ha
8844,2964,55,52,0.75 - 1.5,l/ha
8845,2964,55,58,0.75 - 1.5,l/ha
8846,2964,55,65,0.75 - 1.5,l/ha
8847,2964,55,1168,0.75 - 1.5,l/ha
8848,2964,13,130,0.25 - 0.5,l/ha
8849,2964,13,57,0.25 - 0.5,l/ha
8850,2964,13,1169,0.25 - 0.5,l/ha
8851,2964,13,6,0.25 - 0.5,l/ha
8852,2964,13,1170,50 - 100,ml/l
8853,2966,417,1171,2,ml/l
8854,2967,3,14,2,ml/l
8855,2968,42,31,3 - 4,l/ha
8856,2968,42,9,3 - 4,l/ha
8857,2968,42,548,3 - 4,l/ha
8858,2968,42,218,3 - 4,l/ha
8859,2968,6,38,"1,5 - 3",l/ha
8860,2968,6,9,"1,5 - 3",l/ha
8861,2968,6,1025,"1,5 - 3",l/ha
8862,2968,6,902,"1,5 - 3",l/ha
8863,2968,61,1172,2 - 4,l/ha
8864,2968,61,51,2 - 4,l/ha
8865,2968,61,53,2 - 4,l/ha
8866,2968,61,58,2 - 4,l/ha
8867,2968,61,9,2 - 4,l/ha
8868,2968,35,4,"2,5 - 3,75",l/ha
8869,2968,35,30,"2,5 - 3,75",l/ha
8870,2968,35,9,"2,5 - 3,75",l/ha
8871,2970,6,9,"1,5 - 3",l/ha
8872,2970,6,66,"1,5 - 3",l/ha
8873,2970,6,57,"1,5 - 3",l/ha
8874,2970,6,6,"1,5 - 3",l/ha
8875,2970,6,683,"1,5 - 3",l/ha
8876,2970,6,36,"1,5 - 3",l/ha
8877,2970,6,34,"1,5 - 3",l/ha
8878,2970,6,38,"1,5 - 3",l/ha
8879,2971,3,127,"1,5-3,5",l/ha
8880,2971,3,1173,"1,5-2",l/ha
8881,2971,3,1174,"1,5-2",l/ha
8882,2971,3,464,,
8883,2971,1,169,1-2,l/ha
8884,2971,1,405,1-2,l/ha
8885,2972,333,47,"3,5",ml/l
8886,2972,418,47,"3,5",ml/l
8887,2973,271,821,Kebutuhan Export,
8888,2974,321,127,330-400,ml/ha
8889,2974,321,1175,330-400,ml/ha
8890,2974,321,1176,330-400,ml/ha
8891,2974,321,39,330-400,ml/ha
8892,2974,321,41,330-400,ml/ha
8893,2974,321,126,330-450,ml/ha
8894,2974,321,79,330-450,ml/ha
8895,2974,321,1177,330-450,ml/ha
8896,2974,321,74,330-450,ml/ha
8897,2974,321,134,330-450,ml/ha
8898,2975,1,9,"1,5 - 2",l/ha
8899,2975,1,30,"1,5 - 2",l/ha
8900,2975,1,122,"1,5 - 2",l/ha
8901,2975,1,638,"1,5 - 2",l/ha
8902,2976,419,1178,-,
8903,2977,27,179,1,ml/l
8904,2977,27,1049,1,ml/l
8905,2978,2,14,2,ml/l
8906,2978,14,111,2,ml/l
8907,2980,33,73,0.75,ml/l
8908,2980,2,14,0.75,ml/l
8909,2980,2,114,1,ml/l
8910,2980,2,83,1,ml/l
8911,2980,28,121,0.75,ml/l
8912,2980,73,81,0.75,ml/l
8913,2980,73,44,0.75,ml/l
8914,2980,4,44,0.5,ml/l
8915,2980,4,81,0.5,ml/l
8916,2981,20,606,"0,75-1",l/ha
8917,2981,27,822,250,ml/ha
8918,2982,6,60,"0,75 - 1,5",l/ha
8919,2982,6,6,"0,75 - 1,5",l/ha
8920,2982,6,9,"0,75 - 1,5",l/ha
8921,2982,6,66,"0,75 - 1,5",l/ha
8922,2982,6,3,"0,75 - 1,5",l/ha
8923,2982,6,36,"0,75 - 1,5",l/ha
8924,2983,55,1179,"4 botol/Ha, 1 botol = 10 ml",sachet/ha
8925,2984,132,195,,-
8926,2984,132,92,,-
8927,2984,132,91,Penyemprotan terbatas dan siap pakai,-
8928,2984,132,18,,-
8929,2984,132,124,,-
8930,2985,9,79,"0,75 - 1,5",l/ha
8931,2985,9,296,,-
8932,2985,9,126,,-
8933,2985,9,74,"0,75 - 1,5",l/ha
8934,2985,9,42,"0,75 - 1,5",l/ha
8935,2985,9,41,,-
8936,2986,2,14,"1,5",ml/l
8937,2986,2,83,3,ml/l
8938,2986,2,114,3,ml/l
8939,2987,2,10,1,ml/l
8940,2988,8,4,"1,2 - 2,8",l/ha
8941,2988,8,35,"1,2 - 2,8",l/ha
8942,2988,8,451,"1,2 - 2,8",l/ha
8943,2988,8,9,"1,2 - 2,8",l/ha
8944,2988,8,57,"1,2 - 2,8",l/ha
8945,2988,8,52,"1,2 - 2,8",l/ha
8946,2989,10,43,"1,5",ml/l
8947,2989,14,111,"2,25",ml/l
8948,2989,14,109,"2,25",ml/l
8949,2989,44,119,"0,5",ml/l
8950,2989,44,118,"0,5",ml/l
8951,2989,2,114,3,ml/l
8952,2989,2,83,"2,25",ml/l
8953,2989,2,14,"2,25",ml/l
8954,2990,4,45,1,g/l
8955,2990,50,81,1,g/l
8956,2991,28,46,"1,5",ml/l
8957,2992,4,45,0.75,ml/l
8958,2994,14,111,1,ml/l
8959,2995,55,254,"0,5",ml/l
8960,2995,4,44,0.75,ml/l
8961,2996,9,127,240 - 400,g/ha
8962,2996,9,42,,-
8963,2996,9,82,240 - 400,g/ha
8964,2996,9,134,,-
8965,2997,14,50,1,ml/l
8966,2997,2,10,1,ml/l
8967,2998,261,781,tidak tersedia untuk ekspor,g/l
8968,3000,35,4,1.5 - 2,l/ha
8969,3000,35,638,,-
8970,3000,35,30,,-
8971,3000,35,29,1.5 - 2,l/ha
8972,3001,420,1180,1,ml/l
8973,3002,6,58,2 - 4,l/ha
8974,3002,6,66,2 - 4,l/ha
8975,3002,6,9,2 - 4,l/ha
8976,3002,6,34,2 - 4,l/ha
8977,3003,51,45,"1,5",ml/l
8978,3004,14,81,1,ml/l
8979,3005,235,1181,"1,5 - 2",kg/ha
8980,3005,235,24,"1,5 - 2",kg/ha
8981,3005,235,29,"1,5 - 2",kg/ha
8982,3005,235,27,"1,5 - 2",kg/ha
8983,3005,235,74,"1,5 - 2",kg/ha
8984,3005,235,4,"1,5 - 2",kg/ha
8985,3005,235,2,"1,5 - 2",kg/ha
8986,3005,235,128,"1,5 - 2",kg/ha
8987,3006,14,50,"1,5",ml/l
8988,3007,42,66,1 - 2,l/ha
8989,3007,42,53,1 - 2,g/l
8990,3007,42,35,1 - 2,g/l
8991,3007,42,38,1 - 2,g/l
8992,3007,8,58,1 - 2,l/ha
8993,3007,8,870,1 - 2,l/ha
8994,3007,8,27,1 - 2,l/ha
8995,3007,8,38,1 - 2,l/ha
8996,3008,3,188,2,g/l
8997,3009,242,119,1,ml/l
8998,3009,55,344,1,ml/l
8999,3009,55,208,1,ml/l
9000,3010,14,1182,500 - 1000,ml/ha
9001,3011,14,109,2,ml/l
9002,3012,421,64,-,%
9003,3015,4,44,"0,75",ml/l
9004,3016,3,72,"1,5",g/l
9005,3017,1,88,"1,5 - 2,5",l/ha
9006,3017,1,9,,-
9007,3017,1,27,"1,5 - 2,5",l/ha
9008,3018,2,10,0.25,ml/l
9009,3019,42,1183,,-
9010,3019,42,870,,-
9011,3019,42,9,,-
9012,3019,42,66,1.5 - 3,l/ha
9013,3019,42,6,,-
9014,3019,42,52,,-
9015,3019,42,3,1.5 - 3,l/ha
9016,3019,42,54,,-
9017,3019,42,218,1.5 - 3,l/ha
9018,3019,6,9,1 - 2,l/ha
9019,3020,79,668,2,ml/l
9020,3020,4,285,2,ml/l
9021,3021,37,221,,-
9022,3021,37,124,,-
9023,3022,44,119,2,ml/l
9024,3022,44,118,2,ml/l
9025,3022,36,170,1,ml/l
9026,3024,43,54,"0,5 - 1,25",kg/ha
9027,3024,43,9,"0,5 - 1,25",kg/ha
9028,3024,43,94,"0,5 - 1,25",kg/ha
9029,3024,43,68,"0,5 - 1,25",kg/ha
9030,3025,2,188,2,ml/l
9031,3025,2,10,2,ml/l
9032,3026,2,114,1.5,ml/l
9033,3026,2,83,1.5,ml/l
9034,3026,10,43,0.7,ml/l
9035,3026,14,109,2,ml/l
9036,3027,11,46,2,g/l
9037,3028,69,34,3 - 4,l/ha
9038,3028,69,256,3 - 4,l/ha
9039,3028,69,38,3 - 4,l/ha
9040,3028,69,6,3 - 4,l/ha
9041,3028,69,52,3 - 4,l/ha
9042,3028,69,66,3 - 4,l/ha
9043,3028,69,9,3 - 4,l/ha
9044,3029,37,124,,
9045,3029,37,18,,-
9046,3030,232,38,,-
9047,3030,232,34,2 - 4,l/ha
9048,3030,232,29,,-
9049,3030,232,1184,,
9050,3030,232,76,,-
9051,3030,232,445,,-
9052,3030,232,57,2 - 4,l/ha
9053,3030,232,1185,,-
9054,3031,77,43,1,ml/l
9055,3032,4,907,1,ml/l
9056,3033,422,97,1.5 - 2,l/ha
9057,3033,422,42,1.5 - 2,l/ha
9058,3033,422,82,1.5 - 2,l/ha
9059,3034,423,1186,2,l/ha
9060,3035,8,9,"1,5 - 3",l/ha
9061,3035,8,6,"1,5 - 3",l/ha
9062,3035,8,4,"1,5 - 3",l/ha
9063,3035,8,51,"1,5 - 3",l/ha
9064,3035,8,38,"1,5 - 3",l/ha
9065,3035,8,34,"1,5 - 3",l/ha
9066,3035,8,36,"1,5 - 3",l/ha
9067,3037,11,46,1,g/l
9068,3038,424,1187,15,perangkap/ha
9069,3038,30,1187,18,perangkap/ha
9070,3038,4,1187,5 / 0.2,perangkap/ha
9071,3039,2,188,1.5,ml/l
9072,3039,2,279,1.5,ml/l
9073,3039,2,10,1.5,ml/l
9074,3040,425,82,75 - 100,ml/ha
9075,3040,425,96,75 - 100,ml/ha
9076,3040,425,74,75 - 100,ml/ha
9077,3040,425,42,75 - 100,ml/ha
9078,3041,3,1188,"5 ml/10 l air (30,50 & 70 HST)",-
9079,3042,4,45,4,ml/l
9080,3042,14,109,3,ml/l
9081,3043,4,1189,2,ml/l
9082,3043,28,330,2,ml/l
9083,3043,11,330,2,ml/l
9084,3045,29,64,0,ml/l
9085,3046,10,1190,2,ml/l
9086,3047,2,14,0.5,ml/l
9087,3048,1,550,1 - 2,l/ha
9088,3048,1,153,1 - 2,l/ha
9089,3048,1,9,1 - 2,l/ha
9090,3048,1,27,1 - 2,l/ha
9091,3048,1,1191,1 - 2,l/ha
9092,3048,1,243,1 - 2,l/ha
9093,3048,3,235,1 - 2,l/ha
9094,3048,3,74,1 - 2,l/ha
9095,3048,42,9,1.5 - 3,l/ha
9096,3048,42,66,1.5 - 3,l/ha
9097,3048,42,190,1.5 - 3,l/ha
9098,3048,42,235,1.5 - 3,l/ha
9099,3048,42,1192,1.5 - 3,l/ha
9100,3048,42,6,1.5 - 3,l/ha
9101,3049,3,14,2,g/l
9102,3050,1,69,1 - 2,l/ha
9103,3050,1,122,,-
9104,3050,1,9,1 - 2,l/ha
9105,3050,1,27,,-
9106,3050,426,69,1 - 2,l/ha
9107,3050,426,9,1 - 2,l/ha
9108,3050,426,30,,-
9109,3050,426,24,,-
9110,3050,427,24,,-
9111,3050,427,30,,-
9112,3050,427,9,1 - 2,l/ha
9113,3050,427,69,1 - 2,l/ha
9114,3051,428,1193,5,ml/m2
9115,3051,429,47,49,ml/m2
9116,3052,14,111,1,ml/l
9117,3053,37,506,,-
9118,3053,37,18,,
9119,3053,37,124,,-
9120,3053,37,91,,
9121,3053,37,92,,-
9122,3053,37,195,,-
9123,3054,28,23,2,ml/l
9124,3055,7,9,"1,5 - 3",l/ha
9125,3055,7,158,"1,5 - 3",l/ha
9126,3055,7,24,"1,5 - 3",l/ha
9127,3055,7,36,"1,5 - 3",l/ha
9128,3055,7,69,"1,5 - 3",l/ha
9129,3056,3,14,0.4,g/l
9130,3057,79,1194,2,ml/l
9131,3057,4,1195,2,ml/l
9132,3057,27,668,2,ml/l
9133,3058,156,821,NA,
9134,3060,8,9,1 - 1.5,l/ha
9135,3060,8,66,1 - 1.5,l/ha
9136,3060,8,52,1 - 1.5,l/ha
9137,3061,132,124,,-
9138,3061,132,18,,-
9139,3062,11,80,4,ml/l
9140,3063,3,39,,-
9141,3063,3,42,,-
9142,3063,3,464,2 - 2.4,l/ha
9143,3063,3,127,2 - 2.4,l/ha
9144,3064,3,41,,-
9145,3064,3,42,,-
9146,3064,3,39,"0,3 - 0,4",l/ha
9147,3065,10,43,"1,5",ml/l
9148,3065,44,118,"1,5",ml/l
9149,3065,14,111,"1,5",ml/l
9150,3066,9,95,"1 - 1,5",l/ha
9151,3066,9,74,,-
9152,3066,9,41,"1 - 1,5",l/ha
9153,3066,9,42,,-
9154,3067,2,83,"0,75",g/l
9155,3067,2,14,"0,75",g/l
9156,3068,71,38,1.5 - 3,l/ha
9157,3068,71,36,1.5 - 3,l/ha
9158,3068,71,34,1.5 - 3,l/ha
9159,3068,71,66,1.5 - 3,l/ha
9160,3068,71,158,1.5 - 3,l/ha
9161,3068,71,9,1.5 - 3,l/ha
9162,3069,238,762,0,%
9163,3070,3,14,3,ml/l
9164,3070,3,83,3,ml/l
9165,3071,74,1196,1,g/l
9166,3072,48,6,1.5-3,l/ha
9167,3072,48,52,1.5-3,l/ha
9168,3072,48,35,1.5-3,l/ha
9169,3072,48,38,1.5-3,l/ha
9170,3073,430,241,"0,25",l/ha
9171,3073,430,654,,
9172,3073,430,654,,
9173,3073,430,241,250 ml/15 l air/500 m2,
9174,3073,310,241,250 ml/15 l air/500 m2,
9175,3073,310,654,,
9176,3073,310,241,"0,25",l/ha
9177,3073,310,654,,
9178,3073,431,241,"0,25",l/ha
9179,3073,431,654,,
9180,3073,431,654,,
9181,3073,431,241,250 ml/15 l air/500 m2,
9182,3074,14,50,1.5,g/l
9183,3075,4,106,2,g/l
9184,3076,8,60,,-
9185,3076,8,31,,-
9186,3076,8,30,,-
9187,3076,8,66,0.75 - 1.25,l/ha
9188,3076,8,51,,-
9189,3076,8,4,"0,75 - 1,5",l/ha
9190,3076,8,38,,
9191,3076,8,1197,0.75- 1.25,l/ha
9192,3076,9,95,"0,75 - 1,5",l/ha
9193,3076,9,42,,-
9194,3076,9,41,"0,75 - 1,5",l/ha
9195,3076,9,79,"0,75 - 1,5",l/ha
9196,3076,9,82,,-
9197,3078,432,1198,"1,5 - 3",kg/ha
9198,3078,432,9,"1,5 - 3",kg/ha
9199,3078,235,29,"1,5 - 3",kg/ha
9200,3078,235,24,"1,5 - 3",kg/ha
9201,3078,235,369,"1,5 - 3",kg/ha
9202,3078,235,69,"1,5 - 3",kg/ha
9203,3079,14,109,"1,5",g/l
9204,3080,14,64,1,ml/l
9205,3080,30,64,5,ml/pohon
9206,3080,79,64,1 -2,ml/l/pohon
9207,3081,8,6,,-
9208,3081,8,66,,-
9209,3081,8,9,"1,5 - 3",l/ha
9210,3081,8,58,,-
9211,3081,8,35,,-
9212,3081,8,38,"1,5 - 3",l/ha
9213,3082,42,122,3 - 4.5,l/ha
9214,3082,42,223,3 - 4.5,l/ha
9215,3082,42,9,3 - 4.5,l/ha
9216,3082,42,66,3 - 4.5,l/ha
9217,3082,42,1199,3 - 4.5,l/ha
9218,3082,42,34,3 - 4.5,l/ha
9219,3082,17,34,1.5 - 3,l/ha
9220,3082,17,786,1.5 - 3,l/ha
9221,3083,433,1200,"0,5",kg/ha
9222,3084,36,177,1 - 1.5,ml/l
9223,3084,4,45,1,ml/l
9224,3086,106,35,,-
9225,3086,106,51,"0,75 - 1,5",l/ha
9226,3086,106,69,,-
9227,3086,106,6,"0,75 - 1,5",l/ha
9228,3086,106,1201,,-
9229,3086,106,30,,-
9230,3086,6,9,"0,75 - 1,5",l/ha
9231,3086,6,38,"0,75 - 1,5",l/ha
9232,3086,42,51,,-
9233,3086,42,38,"0,75 - 1,5",l/ha
9234,3086,42,34,,-
9235,3086,42,31,,-
9236,3086,42,9,"0,75 - 1,5",l/ha
9237,3087,11,46,"1,5",g/l
9238,3087,28,46,2,g/l
9239,3088,42,36,3 - 4,l/ha
9240,3088,42,4,3 - 4,l/ha
9241,3088,42,38,3 - 4,l/ha
9242,3088,42,6,4 - 5,l/ha
9243,3088,42,66,4 - 5,l/ha
9244,3088,42,9,4 - 5,l/ha
9245,3089,4,44,1,ml/l
9246,3092,4,81,2,ml/l
9247,3092,4,23,2,ml/l
9248,3092,36,170,2,ml/l
9249,3093,14,1202,2,ml/l
9250,3094,8,38,,-
9251,3094,8,34,,
9252,3094,8,69,,-
9253,3094,8,4,3 - 4,l/ha
9254,3094,8,52,,-
9255,3094,8,6,,-
9256,3094,8,66,,-
9257,3094,8,9,3 - 4,l/ha
9258,3095,2,14,2,ml/l
9259,3096,27,62,1,ml/l
9260,3096,40,1203,2,ml/l
9261,3096,2,10,2,ml/l
9262,3096,10,1204,1,ml/l
9263,3097,13,1205,0.9,gr/Pohon
9264,3098,6,38,,-
9265,3098,6,35,3 - 5,l/ha
9266,3098,6,66,,-
9267,3098,6,57,3 - 5,l/ha
9268,3098,107,74,"1,5 - 3",l/ha
9269,3098,20,66,3 - 5,l/ha
9270,3098,20,38,3 - 5,l/ha
9271,3098,20,35,,-
9272,3098,221,218,2 - 3,l/ha
9273,3098,221,38,2 - 3,l/ha
9274,3098,106,35,1 - 2,l/ha
9275,3098,19,35,2 - 4,l/ha
9276,3098,19,30,2 - 4,l/ha
9277,3098,42,66,2 - 4,l/ha
9278,3098,42,35,,-
9279,3098,42,38,2 - 4,l/ha
9280,3099,7,9,"1,5 - 3",l/ha
9281,3099,7,30,,-
9282,3099,7,112,,
9283,3099,7,4,"1,5 - 3",l/ha
9284,3099,7,94,,-
9285,3099,7,35,,-
9286,3099,7,69,,-
9287,3100,1,6,"2,5-3",l/ha
9288,3100,1,630,,-
9289,3100,1,68,,-
9290,3100,1,94,"2,5-3",l/ha
9291,3101,434,10,1,g/l
9292,3102,69,36,"1,5 - 3",l/ha
9293,3102,69,66,"1,5 - 3",l/ha
9294,3102,69,58,"1,5 - 3",l/ha
9295,3102,69,30,"1,5 - 3",l/ha
9296,3102,69,6,"1,5 - 3",l/ha
9297,3104,33,817,1,ml/l
9298,3104,4,182,1,ml/l
9299,3105,8,6,,
9300,3105,8,58,"1,5 - 3",l/ha
9301,3105,8,9,,-
9302,3105,8,30,,-
9303,3105,8,52,,-
9304,3106,3,72,1,g/l
9305,3107,6,58,"1,5 - 3",l/ha
9306,3107,6,66,"1,5 - 3",l/ha
9307,3107,6,6,"1,5 - 3",l/ha
9308,3107,6,38,"1,5 - 3",l/ha
9309,3107,6,36,"1,5 - 3",l/ha
9310,3109,8,3,,-
9311,3109,8,34,,-
9312,3109,8,36,,-
9313,3109,8,35,,-
9314,3109,8,38,1 - 3,l/ha
9315,3109,8,6,1 - 3,l/ha
9316,3109,8,9,,-
9317,3110,3,134,2 - 3,l/ha
9318,3110,3,150,2 - 3,l/ha
9319,3110,3,74,2 - 3,l/ha
9320,3110,3,1206,2 - 3,l/ha
9321,3110,3,368,2 - 3,l/ha
9322,3111,8,3,3 - 4,kg/ha
9323,3111,8,51,3 - 4,kg/ha
9324,3111,8,9,3 - 4,kg/ha
9325,3111,38,77,"1,5 - 2,5",kg/ha
9326,3111,38,41,"1,5 - 2,5",kg/ha
9327,3111,38,42,"1,5 - 2,5",kg/ha
9328,3111,38,74,"1,5 - 2,5",kg/ha
9329,3111,38,95,"1,5 - 2,5",kg/ha
9330,3111,38,94,"1,5 - 2,5",kg/ha
9331,3111,38,2,"1,5 - 2,5",kg/ha
9332,3111,38,79,"1,5 - 2,5",kg/ha
9333,3112,14,50,"1,5",ml/l
9334,3112,14,1207,"1,5",ml/l
9335,3113,3,14,"1,5",g/l
9336,3114,435,1208,5,ml/l
9337,3115,1,789,1,kg/ha
9338,3115,3,425,1,kg/ha
9339,3116,10,43,1,ml/l
9340,3118,64,171,2 tablet/ton beras,-
9341,3118,64,173,2 tablet/ton beras,-
9342,3118,64,653,2 tablet/ton beras,-
9343,3119,6,1209,1.5 - 2,l/ha
9344,3119,6,1210,1.5 - 2,l/ha
9345,3119,6,1211,1.5 - 2,l/ha
9346,3119,6,1212,1.5 - 2,l/ha
9347,3119,6,1213,1.5 - 2,l/ha
9348,3119,6,1214,1.5 - 2,l/ha
9349,3120,81,106,2,g/l
9350,3121,6,69,1 - 2,l/ha
9351,3121,6,71,,-
9352,3121,6,2,,-
9353,3121,6,29,1 - 2,l/ha
9354,3121,6,9,,-
9355,3121,6,405,,-
9356,3121,6,6,,-
9357,3122,313,35,1.5-3,l/ha
9358,3122,313,38,1.5-3,l/ha
9359,3122,313,31,1.5-3,l/ha
9360,3122,313,1215,1.5-3,l/ha
9361,3122,313,1216,1.5-3,l/ha
9362,3122,313,567,1.5-3,l/ha
9363,3122,313,30,1.5-3,l/ha
9364,3122,436,891,2.5-3,l/ha
9365,3122,436,41,2.5-3,l/ha
9366,3122,436,1083,2.5-3,l/ha
9367,3122,436,127,2.5-3,l/ha
9368,3122,437,34,3,l/ha
9369,3122,437,30,2-3,
9370,3122,437,1217,2-3,
9371,3122,437,235,2-3,
9372,3122,437,9,2-3,
9373,3123,13,38,1.5 - 3,l/ha
9374,3124,10,23,1,ml/l
9375,3125,3,433,"1,5",g/l
9376,3126,7,94,2 - 3,l/ha
9377,3126,7,146,2 - 3,l/ha
9378,3126,7,69,"2,5 - 3",l/ha
9379,3126,7,9,2 - 3,l/ha
9380,3126,7,6,2 - 3,l/ha
9381,3126,7,24,2 - 3,l/ha
9382,3127,2,83,1,ml/l
9383,3127,2,14,1,ml/l
9384,3127,2,12,1,ml/l
9385,3127,2,1218,0.75,ml/l
9386,3127,2,120,0.75,ml/l
9387,3128,113,95,,
9388,3128,113,95,"(1 - 1,5 kg/ha)",
9389,3128,113,82,"(1 - 1,5 kg/ha)",
9390,3128,113,39,"(1 - 1,5 kg/ha)",
9391,3128,113,41,"(1 - 1,5 kg/ha)",
9392,3129,11,46,3,g/l
9393,3129,81,106,"1,25",g/l
9394,3129,14,50,4,g/l
9395,3129,36,105,"1,25",g/l
9396,3130,438,71,2-4,g/l
9397,3130,438,35,2-4,g/l
9398,3130,438,1219,2-4,g/l
9399,3130,438,69,2-4,g/l
9400,3130,438,36,2-4,g/l
9401,3130,438,1220,2-4,g/l
9402,3130,438,94,2-4,g/l
9403,3130,438,234,2-4,g/l
9404,3130,438,547,2-4,g/l
9405,3130,438,196,2-4,g/l
9406,3130,438,1221,2-4,g/l
9407,3130,438,1222,2-4,g/l
9408,3130,438,58,2-4,g/l
9409,3130,438,6,2-4,g/l
9410,3130,438,30,2-4,g/l
9411,3130,438,548,2-4,g/l
9412,3130,438,1223,2-4,g/l
9413,3131,6,9,75 - 150,g/ha
9414,3131,6,6,75 - 150,g/ha
9415,3131,6,66,75 - 150,g/ha
9416,3132,432,54,"1,875 - 2,5",l/ha
9417,3132,432,74,,-
9418,3132,432,1224,,-
9419,3132,432,9,,-
9420,3132,432,6,,-
9421,3132,432,122,,-
9422,3132,432,30,,-
9423,3132,432,445,,-
9424,3132,432,52,"1,875 - 2,5",l/ha
9425,3132,432,1225,"1,875 - 2,5",l/ha
9426,3132,432,35,,-
9427,3132,432,51,,-
9428,3132,432,3,,-
9429,3132,432,4,,-
9430,3132,432,38,,-
9431,3133,14,50,2,g/l
9432,3134,11,80,1,g/l
9433,3135,439,1226,-,%
9434,3136,82,4,3 - 4,l/ha
9435,3136,82,66,3 - 4,l/ha
9436,3136,82,58,3 - 4,l/ha
9437,3136,82,52,3 - 4,l/ha
9438,3137,2,448,"0,5",g/l
9439,3138,29,1227,,-
9440,3139,156,517,TAD,%
9441,3140,6,35,,-
9442,3140,6,51,,-
9443,3140,6,38,"1,5 - 2",l/ha
9444,3140,6,36,,-
9445,3140,6,66,,-
9446,3140,6,9,,-
9447,3140,6,57,,
9448,3140,6,6,"1,5 - 2",l/ha
9449,3140,6,58,,-
9450,3141,4,81,1,ml/l
9451,3141,4,23,1,ml/l
9452,3143,14,109,"1,5",g/l
9453,3145,4,44,1,ml/l
9454,3146,2,83,1,ml/l
9455,3147,2,79,,-
9456,3147,2,1228,"0,3 - 0,45",l/ha
9457,3148,13,3,3-4,l/ha
9458,3148,6,51,3-4,l/ha
9459,3148,6,3,3-4,l/ha
9460,3148,6,9,3-4,l/ha
9461,3148,20,35,3-4,l/ha
9462,3148,20,24,3-4,l/ha
9463,3148,440,74,"1,5 - 2,5",l/ha
9464,3148,440,1229,"1,5 - 2,5",l/ha
9465,3148,440,939,"1,5 - 2,5",l/ha
9466,3148,440,1230,"1,5 - 2,5",l/ha
9467,3148,440,94,"1,5 - 2,5",l/ha
9468,3148,440,2,"1,5 - 2,5",l/ha
9469,3148,440,77,"1,5 - 2,5",l/ha
9470,3148,440,41,"1,5 - 2,5",l/ha
9471,3148,440,42,"1,5 - 2,5",l/ha
9472,3149,42,235,2.5 - 3,liter/ha
9473,3149,42,38,2.5 - 3,liter/ha
9474,3149,42,35,2 - 3,liter/ha
9475,3149,6,38,1.25 - 1.5,liter/ha
9476,3149,6,6,1.25 - 1.5,liter/ha
9477,3150,2,10,"0,5",g/l
9478,3150,2,10,"0,5",g/l
9479,3151,111,326,"2,5",ml/l
9480,3154,11,46,1,g/l
9481,3156,2,188,1.5,ml/l
9482,3156,2,10,1.5,ml/l
9483,3156,2,279,1.5,ml/l
9484,3157,27,1231,45 - 60,g/ha
9485,3157,27,9,45 - 60,g/ha
9486,3157,27,867,45 - 60,g/ha
9487,3157,18,57,40 - 60,g/ha
9488,3157,18,9,40 - 60,g/ha
9489,3157,18,573,40 - 60,g/ha
9490,3157,19,6,30 - 60,g/ha
9491,3157,19,9,30 - 60,g/ha
9492,3157,19,24,30 - 60,g/ha
9493,3157,19,27,30 - 60,g/ha
9494,3157,24,1232,50 - 100,g/ha
9495,3157,24,6,83.3 – 100,g/ha
9496,3157,24,9,50 - 100,g/ha
9497,3157,24,541,50-100,g/ha
9498,3157,24,55,83.3 – 100,g/ha
9499,3157,441,1233,100 - 200,g/ha
9500,3158,132,18,1,gr/ 10 l air
9501,3158,132,124,1,gr/ 10 l air
9502,3159,6,38,6-8,l/ha
9503,3159,6,66,6-8,l/ha
9504,3159,6,6,6-8,l/ha
9505,3161,35,4,2 - 3,l/ha
9506,3161,35,69,2 - 3,l/ha
9507,3161,35,54,"1,5 - 3",l/ha
9508,3161,35,30,"1,5 - 3",l/ha
9509,3161,35,77,2 - 3,l/ha
9510,3161,35,29,"1,5 - 3",l/ha
9511,3161,35,9,"1,5 - 3",l/ha
9512,3161,35,24,"1,5 - 3",l/ha
9513,3161,35,6,"1,5 - 3",l/ha
9514,3162,1,56,1 - 1.5,l/ha
9515,3162,1,6,1 - 1.5,l/ha
9516,3162,1,27,1 - 1.5,l/ha
9517,3162,1,1234,1 - 1.5,l/ha
9518,3162,107,1235,1.5 - 2,l/ha
9519,3162,107,1236,1.5 - 2,l/ha
9520,3162,107,235,1.5 - 2,l/ha
9521,3162,10,30,1 - 2,l/ha
9522,3162,10,9,1 - 2,l/ha
9523,3162,10,35,1 - 2,l/ha
9524,3162,18,25,2 - 3,l/ha
9525,3162,18,736,3,l/ha
9526,3162,442,38,1 - 2,l/ha
9527,3162,442,302,1 - 2,l/ha
9528,3162,442,66,1 - 2,l/ha
9529,3164,28,164,"1,5",ml/l
9530,3166,51,137,1.00,ml/l
9531,3167,7,4,,
9532,3167,7,94,"1 - 1,5",l/ha
9533,3167,7,122,,
9534,3167,7,76,,
9535,3167,7,243,,-
9536,3167,7,29,,-
9537,3167,7,24,,
9538,3167,7,30,"1 - 1,5",l/ha
9539,3167,7,9,,-
9540,3168,443,288,20,%
9541,3169,444,1237,,-
9542,3172,9,79,"0,75 - 1,5",l/ha
9543,3172,9,41,"0,75 - 1,5",l/ha
9544,3172,9,42,,-
9545,3172,9,74,"0,75 - 1,5",l/ha
9546,3172,9,1077,,
9547,3173,51,45,"0,5",ml/l
9548,3174,445,1238,150 - 300,ml/ha
9549,3174,445,6,150 - 300,ml/ha
9550,3174,445,9,150 - 300,ml/ha
9551,3174,445,229,150 - 300,ml/ha
9552,3174,446,1239,200 - 300,ml/ha
9553,3174,446,1238,200 - 300,ml/ha
9554,3174,446,6,200 - 300,ml/ha
9555,3174,446,9,200 - 300,ml/ha
9556,3174,446,229,200 - 300,ml/ha
9557,3174,6,6,150 - 300,ml/ha
9558,3174,6,9,150 - 300,ml/ha
9559,3174,6,1238,150 - 300,ml/ha
9560,3175,4,44,"1,5",ml/l
9561,3176,11,46,3,ml/l
9562,3177,4,1240,0.75,ml/l
9563,3177,4,44,0.75,ml/l
9564,3177,4,81,0.75,ml/l
9565,3178,8,271,1 - 2,l/ha
9566,3178,8,543,,-
9567,3178,8,58,,-
9568,3178,8,52,,-
9569,3178,8,158,,-
9570,3178,8,9,,-
9571,3179,135,1241,,-
9572,3179,135,124,,-
9573,3180,37,124,,-
9574,3180,37,18,,-
9575,3181,44,311,2,ml/l
9576,3182,14,109,"0,5",ml/l
9577,3182,44,118,"0,5",ml/l
9578,3182,28,23,"0,5",ml/l
9579,3183,37,195,5,g/m2
9580,3183,37,91,5,g/m2
9581,3183,37,92,5,g/m2
9582,3183,37,231,5,g/m2
9583,3184,6,6,"1,5 - 3",l/ha
9584,3184,6,66,"1,5 - 3",l/ha
9585,3184,6,38,"1,5 - 3",l/ha
9586,3184,6,51,"1,5 - 3",l/ha
9587,3185,2,10,"0,75",ml/l
9588,3186,51,45,1,ml/l
9589,3186,4,45,1,ml/l
9590,3187,10,43,2,ml/l
9591,3188,4,561,"0,5",ml/l
9592,3190,4,81,"0,5",ml/l
9593,3191,14,109,2,ml/l
9594,3192,3,72,375,g/ha
9595,3193,8,66,,-
9596,3193,8,6,,-
9597,3193,8,9,75 - 150,g/ha
9598,3194,42,6,2 - 4,l/ha
9599,3194,42,9,2 - 4,l/ha
9600,3194,42,38,2 - 4,l/ha
9601,3194,42,35,2 - 4,l/ha
9602,3195,6,38,"0,75 - 1",kg/ha
9603,3195,6,35,"0,75 - 1",kg/ha
9604,3195,6,66,"0,75 - 1",kg/ha
9605,3195,6,58,"0,75 - 1",kg/ha
9606,3196,37,18,Pemanasan dengan alat lsitrik,Pemanasan dengan alat listrik
9607,3196,37,124,Pemanasan dengan alat lsitrik,Pemanasan dengan alat listrik
9608,3197,37,124,Siap,-
9609,3197,37,18,,
9610,3198,307,43,1,ml/l
9611,3198,447,23,1,ml/l
9612,3198,448,109,1,ml/l
9613,3198,449,118,1,ml/l
9614,3198,450,23,1,ml/l
9615,3199,451,1242,5-10,%
9616,3199,451,1243,>25,%
9617,3199,451,628,5-10,%
9618,3200,13,572,100 ml/liter/pohon,ml/l
9619,3201,11,46,1.5,g/l
9620,3202,4,81,"0,5 - 1",ml/l
9621,3202,4,45,1,ml/l
9622,3202,4,44,"1,5 - 2",ml/l
9623,3203,55,1244,"0,75 l/pohon",-
9624,3204,4,224,2,ml/l
9625,3205,48,38,"1,5 - 3",l/ha
9626,3205,48,35,,-
9627,3205,48,1245,,
9628,3205,48,52,,-
9629,3205,48,6,"1,5 - 3",l/ha
9630,3205,48,25,,-
9631,3206,372,201,3,ml/l
9632,3206,74,201,4,ml/l
9633,3206,40,201,4,ml/l
9634,3206,28,46,4,ml/l
9635,3207,27,321,2,ml/l
9636,3208,2,14,"0,5",g/l
9637,3209,14,50,3,g/l
9638,3209,11,46,3,g/l
9639,3209,4,1246,2,g/l
9640,3209,4,106,2,g/l
9641,3211,29,64,-,
9642,3212,3,1247,"60 mg/ha/aplikasi (30, 50 dan 70 HST)",-
9643,3213,2,10,2,ml/l
9644,3215,11,275,2,g/l
9645,3216,2,83,2,ml/l
9646,3217,39,6,2 - 4,l/ha
9647,3217,39,9,2 - 4,l/ha
9648,3217,39,34,2 - 4,l/ha
9649,3217,71,35,2 - 4,l/ha
9650,3217,71,128,2 - 4,l/ha
9651,3217,71,9,2 - 4,l/ha
9652,3217,71,736,2 - 4,l/ha
9653,3218,47,6,"1 - 1,5",l/ha
9654,3218,47,9,"1 - 1,5",l/ha
9655,3218,47,36,"1 - 1,5",l/ha
9656,3218,47,38,"1 - 1,5",l/ha
9657,3219,11,46,2,g/l
9658,3220,46,76,"1,5 - 3",l/ha
9659,3220,46,9,"1,5 - 3",l/ha
9660,3220,46,30,"1,5 - 3",l/ha
9661,3220,46,234,"1,5 - 3",l/ha
9662,3220,46,4,"1,5 - 3",l/ha
9663,3220,46,36,"1,5 - 3",l/ha
9664,3220,46,69,"1,5 - 3",l/ha
9665,3221,2,188,1,ml/l
9666,3222,3,14,2,ml/l
9667,3224,4,182,1.5,ml/l
9668,3225,2,1248,10 ml/15 l,-
9669,3225,10,1249,10 ml/15 l,-
9670,3226,4,285,"0,5",ml/l
9671,3226,51,16,"0,5",ml/l
9672,3226,20,530,"0,125",ml/l
9673,3226,2,11,1,ml/l
9674,3226,2,14,1,ml/l
9675,3227,6,9,3 - 4,l/ha
9676,3227,6,409,3 - 4,l/ha
9677,3227,6,6,3 - 4,l/ha
9678,3227,6,38,3 - 4,l/ha
9679,3227,6,35,3 - 4,l/ha
9680,3228,14,111,"1,5",ml/l
9681,3229,14,269,2,ml/l
9682,3229,14,109,2,ml/l
9683,3229,14,817,2,ml/l
9684,3231,14,50,2,g/l
9685,3231,11,46,1,g/l
9686,3232,452,38,"1,5 - 2,5",l/ha
9687,3232,452,35,"1,5 - 2,5",l/ha
9688,3232,452,1250,"1,5 - 2,5",l/ha
9689,3232,452,9,"1,5 - 2,5",l/ha
9690,3232,452,6,"1,5 - 2,5",l/ha
9691,3232,374,9,2 - 3,l/ha
9692,3232,374,52,2 - 3,l/ha
9693,3232,374,1251,2 - 3,l/ha
9694,3232,374,567,2 - 3,l/ha
9695,3232,374,29,2 - 3,l/ha
9696,3232,374,69,2 - 3,l/ha
9697,3232,374,51,2 - 3,l/ha
9698,3232,374,54,2 - 3,l/ha
9699,3232,453,34,1 - 3,l/ha
9700,3232,453,38,1 - 3,l/ha
9701,3232,453,35,1 - 3,l/ha
9702,3232,453,36,1 - 3,l/ha
9703,3232,453,9,1 - 3,l/ha
9704,3232,453,6,1 - 3,l/ha
9705,3232,454,56,"1,5 - 2",l/ha
9706,3232,454,4,"1,5 - 2",l/ha
9707,3232,454,51,"1,5 - 2",l/ha
9708,3232,455,36,"1,5 - 3",l/ha
9709,3232,455,9,"1,5 - 3",l/ha
9710,3232,455,6,"1,5 - 3",l/ha
9711,3232,455,30,"1,5 - 3",l/ha
9712,3233,14,50,2,g/l
9713,3234,13,682,"1,0",ml/pohon
9714,3234,248,1252,"1,5",ml/l
9715,3235,52,1253,18,perangkap/ha
9716,3236,8,6,50 - 100,g/ha
9717,3236,8,60,50 - 100,g/ha
9718,3236,8,9,50 - 100,g/ha
9719,3237,14,50,1,g/l
9720,3238,10,831,1,ml/l
9721,3238,4,44,2,ml/l
9722,3239,11,81,"0,25",ml/l
9723,3239,11,142,"0,3",ml/l
9724,3239,10,676,"0,75",ml/l
9725,3239,20,170,"0,5",ml/l
9726,3239,3,14,"0,5",ml/l
9727,3239,3,12,"0,5",ml/l
9728,3239,27,817,100,ml/ha
9729,3239,27,179,150,ml/ha
9730,3239,27,818,250,ml/ha
9731,3239,28,817,"0,75",ml/l
9732,3239,30,992,1,ml/l
9733,3239,30,993,0.75,ml/l
9734,3239,73,182,"0,3",ml/l
9735,3239,73,817,"0,2",ml/l
9736,3239,50,81,1,ml/l
9737,3239,79,182,200,ml/ha
9738,3239,79,817,150,ml/ha
9739,3239,4,81,"0,75",ml/l
9740,3239,4,44,"0,75",ml/l
9741,3239,33,283,0.5,ml/l
9742,3239,33,530,0.75,ml/l
9743,3239,40,817,"0,66",ml/l
9744,3239,40,182,"0,66",ml/l
9745,3240,4,46,"2,5",ml/liter
9746,3241,28,1254,1,ml/l
9747,3243,14,50,1,ml/l
9748,3244,48,38,2 - 3,l/ha
9749,3244,48,3,2 - 3,l/ha
9750,3244,48,35,2 - 3,l/ha
9751,3244,48,34,2 - 3,l/ha
9752,3244,48,6,2 - 3,l/ha
9753,3244,48,25,2 - 3,l/ha
9754,3244,48,52,2 - 3,l/ha
9755,3245,18,66,,
9756,3245,18,52,,
9757,3245,18,6,"1-1,5",l/ha
9758,3246,3,14,"0,45",g/l
9759,3247,14,50,"1,5",ml/l
9760,3248,27,179,1,g/l
9761,3249,51,1091,1,ml/l
9762,3250,130,30,4 - 5,l/ha
9763,3250,130,9,4 - 5,l/ha
9764,3250,130,1255,4 - 5,l/ha
9765,3250,130,4,4 - 5,l/ha
9766,3250,130,69,4 - 5,l/ha
9767,3251,11,80,"0,625",g/l
9768,3252,3,95,"37,5 - 62,5",ml/ha
9769,3252,3,41,"37,5 - 62,5",ml/ha
9770,3252,3,42,"37,5 - 62,5",ml/ha
9771,3253,37,18,-,-
9772,3253,37,124,-,-
9773,3254,64,171,6.25,ml/l
9774,3254,64,165,6.25,ml/l
9775,3255,11,80,2,ml/l
9776,3256,11,164,2,g/l
9777,3256,11,46,2,g/l
9778,3256,4,106,2,g/l
9779,3257,6,66,3 - 5,l/ha
9780,3257,6,57,,-
9781,3257,6,36,4 - 5,l/ha
9782,3258,8,1256,"3 – 3,75",l/ha
9783,3258,8,38,"2,25 - 3,75",l/ha
9784,3258,8,58,"2,25 - 3,75",l/ha
9785,3258,8,9,"2,25 - 3,75",l/ha
9786,3259,4,81,1,ml/l
9787,3260,27,330,3,g/l
9788,3260,30,103,3 - 4,g/l
9789,3260,30,1257,3 - 4,g/l
9790,3260,14,164,3 - 4,g/l
9791,3260,14,103,3 - 4,g/l
9792,3260,11,46,4,g/l
9793,3260,4,106,2,g/l
9794,3260,4,103,2,g/l
9795,3260,2,10,4,g/l
9796,3262,2,14,2,ml/l
9797,3263,3,42,"0,75 - 1,5",l/ha
9798,3263,3,41,"0,75 - 1,5",l/ha
9799,3264,10,43,"1,5",ml/l
9800,3265,2,14,"1,5",ml/l
9801,3266,1,6,"1,5 - 3,5",kg/ha
9802,3266,1,783,,-
9803,3267,3,188,2,g/l
9804,3268,11,46,"1,5",g/l
9805,3269,8,30,2 - 3,l/ha
9806,3269,8,9,2 - 3,l/ha
9807,3269,8,38,2 - 3,l/ha
9808,3270,71,379,75 - 150,g/ha
9809,3270,71,58,75 - 150,g/ha
9810,3270,71,53,75 - 150,g/ha
9811,3270,8,58,75 - 150,g/ha
9812,3270,8,9,75 - 150,g/ha
9813,3270,8,6,75 - 150,g/ha
9814,3270,87,77,37.5 - 75,g/ha
9815,3270,87,42,37.5 - 75,g/ha
9816,3270,87,40,37.5 - 75,g/ha
9817,3270,87,79,37.5 - 75,g/ha
9818,3270,87,95,37.5 - 75,g/ha
9819,3271,4,45,"0,5",ml/l
9820,3272,3,14,"0,8",g/l
9821,3274,87,1258,1-2,l/ha
9822,3274,17,1259,1.5-3,l/ha
9823,3274,17,1260,1.5-3,l/ha
9824,3274,17,297,1.5-3,l/ha
9825,3274,17,450,1.5-3,l/ha
9826,3274,6,158,1.5-3,l/ha
9827,3274,6,1261,1.5-3,l/ha
9828,3274,6,116,1.5-3,l/ha
9829,3274,6,450,1.5-3,l/ha
9830,3274,19,70,2-3,liter/ha
9831,3274,19,9,2-3,liter/ha
9832,3274,19,1259,2-3,liter/ha
9833,3274,19,94,2-3,liter/ha
9834,3274,19,54,2-3,liter/ha
9835,3276,3,1262,,-
9836,3277,7,4,75 - 150,ml/ha
9837,3277,7,94,,-
9838,3277,7,69,,-
9839,3277,7,24,,-
9840,3277,7,6,75 - 150,ml/ha
9841,3277,7,9,,-
9842,3277,7,30,,-
9843,3278,27,668,2,ml/l
9844,3279,3,14,"0,4",g/l
9845,3280,10,43,1,g/l
9846,3281,18,208,0.5,g/l
9847,3281,4,23,1,g/l
9848,3282,6,36,3 – 5,l/ha
9849,3282,6,196,3 – 5,l/ha
9850,3282,6,57,3 – 5,l/ha
9851,3282,6,6,3 – 5,l/ha
9852,3284,44,118,"0,4",l/ha
9853,3286,3,83,1,ml/l
9854,3287,37,195,0.003/0.0001,kg/ha
9855,3288,4,81,"0,5",ml/l
9856,3288,10,1263,1,ml/l
9857,3288,50,81,1,ml/l
9858,3288,28,16,1,ml/l
9859,3288,36,170,"0,5",ml/l
9860,3288,11,44,"0,5",ml/l
9861,3288,2,14,2,ml/l
9862,3288,55,254,"0,5",ml/l
9863,3288,20,530,1,ml/l
9864,3288,51,519,1,ml/l
9865,3289,4,44,2,ml/l
9866,3291,44,118,0.375,ml/l
9867,3292,29,64,-,
9868,3293,37,124,siap pakai,-
9869,3293,37,18,siap pakai,-
9870,3294,11,46,2,g/l
9871,3294,4,102,2,g/l
9872,3294,2,10,2,g/l
9873,3294,14,50,"1,5",g/l
9874,3296,51,123,1,ml/l
9875,3296,3,83,1,ml/l
9876,3296,3,14,1,ml/l
9877,3297,2,10,"1,6",ml/l
9878,3298,7,24,,-
9879,3298,7,26,,-
9880,3298,7,6,,-
9881,3298,7,9,150 - 300,ml/ha
9882,3298,7,4,150 - 300,ml/ha
9883,3298,7,69,,
9884,3299,4,44,"1,5",ml/l
9885,3300,432,122,,-
9886,3300,432,52,"1,5 - 3",l/ha
9887,3300,432,9,,-
9888,3300,432,6,,-
9889,3300,432,30,,-
9890,3300,432,74,,-
9891,3300,432,54,"1,5 - 3",l/ha
9892,3300,432,38,,-
9893,3300,432,35,"1,5 - 3",l/ha
9894,3300,432,3,,-
9895,3300,432,51,,-
9896,3301,3,83,150,g/ha
9897,3301,3,14,50,g/ha
9898,3302,4,81,"1,5",ml/l
9899,3303,28,46,1,g/l
9900,3303,28,164,3,g/l
9901,3303,50,1264,2,g/l
9902,3303,14,50,2,g/l
9903,3303,30,103,1,g/l
9904,3303,30,277,0.83,g/l
9905,3303,4,106,1.5,g/l
9906,3303,4,102,1.5,g/l
9907,3304,7,1265,"1,125 – 1,5",l/ha
9908,3305,10,43,1,ml/l
9909,3306,34,69,"1,5 - 2,5",l/ha
9910,3306,34,88,,-
9911,3306,34,33,,-
9912,3306,34,70,"1,5 - 2,5",l/ha
9913,3306,34,30,,-
9914,3306,34,9,,-
9915,3306,34,122,,-
9916,3310,10,180,1,ml/l
9917,3310,2,180,2,ml/l
9918,3310,2,14,1,ml/l
9919,3310,36,84,1,ml/l
9920,3311,2,14,2,g/l
9921,3312,456,41,,-
9922,3312,456,42,"1-1,5",l/ha
9923,3312,456,39,,-
9924,3312,106,1266,"3,5",l/ha
9925,3312,106,6,"2,5-3,5",l/ha
9926,3312,106,66,3.5,l/ha
9927,3312,106,30,"3,5",l/ha
9928,3312,106,697,3.5,l/ha
9929,3312,106,9,3.5,l/ha
9930,3312,106,696,3.5,l/ha
9931,3312,106,542,3.5,l/ha
9932,3312,106,223,"2,5-3,5",l/ha
9933,3312,1,6,,-
9934,3312,1,7,"0,5-1",l/ha
9935,3312,1,736,,-
9936,3312,42,52,,-
9937,3312,42,30,,-
9938,3312,42,9,"1,5-3",l/ha
9939,3312,42,6,,-
9940,3312,42,25,,-
9941,3312,42,38,"1,5-3",l/ha
9942,3312,42,35,,-
9943,3313,10,43,1,ml/l
9944,3314,4,106,1,g/l
9945,3315,106,38,,-
9946,3315,106,35,"2,5 - 4,5",l/ha
9947,3315,106,9,"2,5 - 4,5",l/ha
9948,3315,106,6,,-
9949,3315,6,66,2 - 3,l/ha
9950,3315,6,6,,-
9951,3315,6,38,2 - 3,l/ha
9952,3315,6,35,,-
9953,3316,14,109,2,ml/l
9954,3317,457,64,0,ml/l
9955,3318,11,80,1,g/l
9956,3320,4,44,"2,25",ml/l
9957,3321,44,118,3,g/l
9958,3323,34,4,,-
9959,3323,34,79,,-
9960,3323,34,94,300 - 600,ml/ha
9961,3323,34,69,,-
9962,3323,34,2,,-
9963,3324,131,30,,-
9964,3324,131,57,,-
9965,3324,131,9,2 - 4,l/ha
9966,3324,131,34,,-
9967,3324,131,38,2 - 4,l/ha
9968,3324,131,616,,-
9969,3325,217,1267,,
9970,3325,217,18,,-
9971,3325,217,124,,-
9972,3325,217,569,,-
9973,3326,29,64,-,-
9974,3327,4,44,1,ml/l
9975,3328,2,83,15,kg/ha
9976,3329,37,124,,-
9977,3329,37,18,,-
9978,3329,37,92,,-
9979,3329,37,91,,-
9980,3329,37,195,,-
9981,3329,37,231,,-
9982,3331,233,124,30 hari/8 jam 1 hari,-
9983,3331,233,18,30 hari/8 jam 1 hari,-
9984,3332,29,64,95,%
9985,3333,14,269,"0,4",g/l
9986,3334,3,42,"112,5 - 262,5",g/ha
9987,3334,3,40,"112,5 - 262,5",g/ha
9988,3334,3,41,"112,5 - 262,5",g/ha
9989,3335,6,58,1.5 - 3,l/ha
9990,3335,6,6,1.5 - 3,l/ha
9991,3335,6,36,1.5 - 3,l/ha
9992,3335,6,35,1.5 - 3,l/ha
9993,3336,5,18,150,ml/ha
9994,3336,5,124,150,ml/ha
9995,3337,11,46,4,g/l
9996,3338,29,64,0,%
9997,3339,458,31,2-4,l/ha
9998,3339,458,9,2-4,l/ha
9999,3339,458,35,2-4,l/ha
10000,3339,459,1268,"2,25 - 3",l/ha
10001,3339,459,1269,"2,25 - 3",l/ha
10002,3340,2,14,"1,5",g/l
10003,3341,2,681,2,ml/l
10004,3342,51,1270,1,ml/l
10005,3343,37,124,,-
10006,3343,37,18,,-
10007,3344,14,44,2,ml/l
10008,3345,8,34,"3 - 4,5",
10009,3345,8,35,,
10010,3345,8,3,,
10011,3345,8,9,,-
10012,3345,8,30,,
10013,3345,8,76,,
10014,3345,8,6,"3 - 4,5",l/ha
10015,3346,412,1271,0.5,kg/ha
10016,3347,50,820,4,ml/l
10017,3347,50,45,4,ml/l
10018,3347,51,414,4,ml/l
10019,3347,44,1068,3,ml/l
10020,3347,10,1272,1,ml/l
10021,3347,138,1068,3,ml/l
10022,3347,20,530,8,ml/l
10023,3347,36,84,4,ml/l
10024,3348,4,45,1,ml/l
10025,3348,51,45,1,ml/l
10026,3349,37,124,,-
10027,3349,37,18,,-
10028,3350,42,58,"1,5 - 3",l/ha
10029,3350,42,53,,-
10030,3350,42,52,,-
10031,3350,42,66,,-
10032,3351,460,66,200 - 300,ml/ha
10033,3351,460,60,200 - 300,ml/ha
10034,3351,460,57,200 - 300,ml/ha
10035,3351,6,66,200 - 300,ml/ha
10036,3351,6,52,200 - 300,ml/ha
10037,3351,6,58,200 - 300,ml/ha
10038,3351,6,9,200 - 300,ml/ha
10039,3351,461,57,200 - 300,ml/ha
10040,3351,461,66,200 - 300,ml/ha
10041,3351,461,129,200 - 300,ml/ha
10042,3351,461,59,200 - 300,ml/ha
10043,3352,2,14,1,ml/l
10044,3352,2,83,2,ml/l
10045,3352,52,1273,"1,5",ml/l
10046,3353,10,205,5,ml/kg benih
10047,3354,368,69,"1,5 - 2,5",kg/ha
10048,3354,368,29,,-
10049,3354,368,9,"1,5 - 2,5",kg/ha
10050,3355,37,18,,-
10051,3355,37,124,,-
10052,3356,9,294,,-
10053,3356,9,41,"1,5 - 3",kg/ha
10054,3356,9,42,,
10055,3356,9,82,"1,5 - 3",kg/ha
10056,3356,9,79,,-
10057,3356,9,74,"1,5 - 3",kg/ha
10058,3357,405,18,,-
10059,3357,405,124,,-
10060,3358,462,172,2,tablet/m3
10061,3358,462,171,2,tablet/m3
10062,3359,11,46,1,g/l
10063,3360,269,199,150,gr/Pohon
10064,3362,192,95,100-150,ml/ha
10065,3362,192,74,100-150,ml/ha
10066,3362,192,41,100-150,ml/ha
10067,3362,192,42,100-150,ml/ha
10068,3363,42,223,2-3,l/ha
10069,3363,42,34,"1,5 - 3",l/ha
10070,3363,42,38,"1,5 - 3",l/ha
10071,3363,6,234,"1,5-3",l/ha
10072,3363,6,9,"1,5-3",l/ha
10073,3363,6,1274,"1,5-3",l/ha
10074,3363,437,35,1-2,l/ha
10075,3363,437,9,1-2,l/ha
10076,3363,437,6,1-2,l/ha
10077,3364,42,223,2-3,l/ha
10078,3364,42,34,"1,5 - 3",l/ha
10079,3364,42,38,"1,5 - 3",l/ha
10080,3364,6,234,"1,5-3",l/ha
10081,3364,6,9,"1,5-3",l/ha
10082,3364,6,1274,"1,5-3",l/ha
10083,3364,437,35,1-2,l/ha
10084,3364,437,9,1-2,l/ha
10085,3364,437,6,1-2,l/ha
10086,3365,3,188,1,ml/l
10087,3367,37,18,,-
10088,3367,37,124,,
10089,3368,79,483,"1,5",g/l
10090,3368,14,50,2,g/l
10091,3368,11,46,2,g/l
10092,3370,3,14,2,g/l
10093,3371,10,1275,2,ml/l
10094,3372,14,50,1,ml/l
10095,3373,2,14,17,kg/ha
10096,3374,4,81,"0,75",ml/l
10097,3374,4,44,"0,75",ml/l
10098,3375,51,45,5,ml/l
10099,3375,4,45,2,ml/l
10100,3376,51,45,2,ml/l
10101,3376,20,84,"1,5",ml/l
10102,3376,4,45,2,ml/l
10103,3377,29,64,0,%
10104,3380,10,33,"0,5 - 0,75",l/ha
10105,3380,10,54,"0,5 - 0,75",l/ha
10106,3380,10,94,"0,5 - 0,75",l/ha
10107,3382,3,72,1,g/l
10108,3384,14,50,"1,5",ml/l
10109,3385,1,9,,-
10110,3385,1,1276,,-
10111,3385,1,6,"2 - 2,5",l/ha
10112,3385,1,29,,-
10113,3385,3,42,"0,75 - 1",l/ha
10114,3385,3,41,,-
10115,3385,3,134,,-
10116,3385,3,127,"0,75 - 1",l/ha
10117,3387,4,102,"0,5",ml/l
10118,3387,2,279,"0,5",ml/l
10119,3387,2,10,"0,5",ml/l
10120,3387,14,50,"0,5",ml/l
10121,3388,48,66,2 - 3,l/ha
10122,3388,48,9,,-
10123,3388,48,6,,-
10124,3388,48,25,,-
10125,3388,48,52,,-
10126,3388,48,38,,-
10127,3388,48,35,,-
10128,3388,48,1277,,
10129,3388,48,4,2 - 3,l/ha
10130,3390,129,365,-,
10131,3391,6,9,100 - 200,g/ha
10132,3391,6,29,100 - 200,g/ha
10133,3391,6,6,100 - 200,g/ha
10134,3391,6,30,100 - 200,g/ha
10135,3392,43,1027,,-
10136,3392,43,9,,-
10137,3392,43,405,,-
10138,3392,43,76,,-
10139,3392,43,33,"1 - 1,5",kg/ha
10140,3392,43,69,"1 - 1,5",kg/ha
10141,3392,28,76,,-
10142,3392,28,405,"1 - 1,5",kg/ha
10143,3392,28,33,,-
10144,3392,28,1027,,-
10145,3392,28,69,"1 - 1,5",kg/ha
10146,3393,463,47,"2,5",ml/l
10147,3393,33,44,4,ml/l
10148,3393,33,16,3,ml/l
10149,3393,33,283,4,ml/l
10150,3393,464,181,10,ml/kg benih
10151,3393,465,16,3,ml/l
10152,3393,465,44,3,ml/l
10153,3393,466,110,1,ml/l
10154,3393,3,83,1,ml/l
10155,3393,3,114,2,ml/l
10156,3393,467,120,2,ml/l
10157,3395,14,94,,-
10158,3395,14,88,1 - 2,l/ha
10159,3395,14,9,,-
10160,3395,14,1278,1 - 2,l/ha
10161,3396,468,50,1,ml/l
10162,3397,14,109,"1,5",ml/l
10163,3399,3,83,0.75,ml/l
10164,3399,3,322,0.75,ml/l
10165,3400,14,50,2,g/l
10166,3402,469,854,"0,75 - 2",kg/ha
10167,3402,469,415,,-
10168,3402,469,2,"0,75 - 2",kg/ha
10169,3402,469,79,,-
10170,3403,470,435,1,ml/l
10171,3403,2,188,200,ml/ha
10172,3403,2,187,150,ml/ha
10173,3404,32,9,1 - 2,l/ha
10174,3404,32,24,1 - 2,l/ha
10175,3404,32,30,1 - 2,l/ha
10176,3404,32,69,1 - 2,l/ha
10177,3404,32,4,1 - 2,l/ha
10178,3405,2,14,2,g/l
10179,3405,4,45,1 - 2,g/l
10180,3406,4,45,2,ml/l
10181,3408,2,10,2,ml/l
10182,3408,10,281,2,ml/l
10183,3409,160,438,Untuk keperluan ekspor,ml/ha
10184,3410,14,50,1,g/l
10185,3411,7,35,,
10186,3411,7,4,,-
10187,3411,7,234,"2,25 - 3",l/ha
10188,3411,7,9,,-
10189,3411,7,76,,
10190,3411,7,153,,
10191,3411,7,30,"2,25 - 3",l/ha
10192,3411,7,6,,-
10193,3411,48,35,,-
10194,3411,48,4,"2,25 - 3",l/ha
10195,3411,48,6,,-
10196,3411,48,29,"2,25 - 3",l/ha
10197,3411,48,9,,-
10198,3411,48,30,,
10199,3412,106,51,"1,5 - 2",l/ha
10200,3412,106,9,"1,5 - 2",l/ha
10201,3412,106,6,"1,5 - 2",l/ha
10202,3412,106,66,"1,5 - 2",l/ha
10203,3414,3,320,"0,3",ml/l
10204,3415,2,14,"1,5",g/l
10205,3417,471,171,2,tablet/ton beras
10206,3417,471,1279,2,tablet/ton beras
10207,3418,4,81,"0,75",ml/l
10208,3420,8,57,,-
10209,3420,8,66,,
10210,3420,8,9,,-
10211,3420,8,6,3 - 5,-
10212,3420,8,36,,-
10213,3420,8,38,,-
10214,3420,8,35,3 - 5,l/ha
10215,3420,8,34,,
10216,3421,111,47,"1,25",ml/l
10217,3421,111,326,"1,25",ml/l
10218,3422,85,124,6.66,g/l
10219,3422,85,239,-,g/l
10220,3423,37,506,,-
10221,3423,37,91,,-
10222,3423,37,92,,
10223,3423,37,195,,-
10224,3423,37,18,,
10225,3423,37,124,,-
10226,3424,254,77,"1,2-2",l/ha
10227,3424,254,9,"1,2-2",l/ha
10228,3424,254,30,"1,2-2",l/ha
10229,3424,254,69,"1,2-2",l/ha
10230,3424,254,4,"1,2-2",l/ha
10231,3425,4,44,"0,75",ml/l
10232,3426,14,109,"0,75",ml/l
10233,3427,113,74,"0,75 - 1",l/ha
10234,3427,113,90,"0,75 - 1",l/ha
10235,3427,113,134,"0,75 - 1",l/ha
10236,3427,113,659,"0,75 - 1",l/ha
10237,3427,113,41,"0,75 - 1",l/ha
10238,3428,245,42,"0,5 - 1",l/ha
10239,3428,245,39,"0,5 - 1",l/ha
10240,3428,245,41,"0,5 - 1",l/ha
10241,3429,107,42,1.5 - 3,l/ha
10242,3429,107,296,1.5 - 3,l/ha
10243,3429,10,71,1 - 2,l/ha
10244,3429,10,9,1 - 2,l/ha
10245,3429,10,6,1 - 2,l/ha
10246,3429,6,38,1.5 - 2,l/ha
10247,3431,2,10,1,ml/l
10248,3431,4,102,1,ml/l
10249,3432,7,4,"1,5 - 3",l/ha
10250,3432,7,29,,-
10251,3432,7,9,"1,5 - 3",l/ha
10252,3432,7,24,,
10253,3432,7,25,,-
10254,3432,7,30,,-
10255,3433,2,886,"0,75 - 1,50",l/ha
10256,3433,2,74,"0,75 - 1,5",l/ha
10257,3433,2,39,"0,75 - 1,50",l/ha
10258,3433,2,41,"0,75 - 1,50",l/ha
10259,3433,2,42,"0,75 - 1,50",l/ha
10260,3433,2,859,"0,75 - 1,50",l/ha
10261,3435,37,124,siap pakai,-
10262,3435,37,18,siap pakai,-
10263,3436,2,14,2,g/l
10264,3436,2,1280,1,g/l
10265,3436,81,285,2,g/l
10266,3436,20,530,1,g/l
10267,3436,51,16,4,g/l
10268,3437,462,171,"1-2 sachet/11,3 ton beras",-
10269,3437,462,241,"1-2 sachet/11,3 ton beras",-
10270,3438,39,51,2 - 4,l/ha
10271,3438,39,34,,-
10272,3438,39,38,,-
10273,3438,39,29,2 - 4,l/ha
10274,3438,39,9,,-
10275,3438,39,6,,-
10276,3439,30,103,1,ml/l
10277,3440,4,106,2,g/l
10278,3441,472,52,1 - 2,l/ha
10279,3441,472,58,1 - 2,l/ha
10280,3443,81,1281,1.5,ml/l
10281,3443,28,209,3,ml/l
10282,3443,51,45,4,ml/l
10283,3443,51,1282,3,ml/l
10284,3443,27,179,2,ml/l
10285,3443,11,142,3,ml/l
10286,3443,40,817,3,ml/l
10287,3443,14,109,3,ml/l
10288,3444,44,118,1,ml/l
10289,3444,4,23,1,ml/l
10290,3444,14,111,1,ml/l
10291,3445,64,165,50 tablet/28 m3,-
10292,3446,11,46,1,g/l
10293,3447,51,45,2.5,ml/l
10294,3448,51,16,1,g/l
10295,3448,4,81,"0,5",g/l
10296,3449,6,9,"0,75 - 1",kg/ha
10297,3449,6,6,"0,75 - 1",kg/ha
10298,3449,6,1283,"0,75 - 1",kg/ha
10299,3450,2,14,"18,75",kg/ha
10300,3451,14,50,2,g/l
10301,3452,457,64,0,g/l
10302,3453,473,64,-,%
10303,3454,6,1284,1.5 - 3,l/ha
10304,3454,6,1285,1.5 - 3,l/ha
10305,3454,6,1286,1.5 - 3,l/ha
10306,3454,17,1287,3 - 4.5,l/ha
10307,3454,17,1288,3 - 4.5,l/ha
10308,3454,17,1289,3 - 4.5,l/ha
10309,3454,42,1290,1.5 - 2.5,l/ha
10310,3454,42,1291,1.5 - 2.5,l/ha
10311,3454,42,1292,1.5 - 2.5,l/ha
10312,3455,8,66,"1,5 - 3",l/ha
10313,3455,8,76,"1,5 - 3",l/ha
10314,3455,8,9,"1,5 - 3",l/ha
10315,3455,8,6,"1,5 - 3",l/ha
10316,3455,8,58,"1,5 - 3",l/ha
10317,3455,8,116,"1,5 - 3",l/ha
10318,3455,8,38,"1,5 - 3",l/ha
10319,3455,8,3,"1,5 - 3",l/ha
10320,3455,8,51,"1,5 - 3",l/ha
10321,3455,8,35,"1,5 - 3",l/ha
10322,3455,8,34,"1,5 - 3",l/ha
10323,3455,8,54,"1,5 - 3",l/ha
10324,3457,10,23,2,ml/l
10325,3458,87,98,1.5 - 2.5,l/ha
10326,3458,87,41,1.5 - 2.5,l/ha
10327,3458,87,42,1.5 - 2.5,l/ha
10328,3458,87,88,"1,5 - 2,5",l/ha
10329,3458,87,1083,1.5 - 2.5,l/ha
10330,3459,51,137,1,ml/l
10331,3460,55,208,7.5,gr/Pohon
10332,3460,4,45,2,g/l
10333,3461,19,54,"0,75 - 1,75",l/ha
10334,3461,19,6,,-
10335,3461,19,25,,-
10336,3461,19,1293,,-
10337,3461,19,244,,-
10338,3461,19,24,,-
10339,3461,19,153,"0,75 - 1,75",l/ha
10340,3461,19,69,"0,75 - 1,75",l/ha
10341,3461,19,68,,-
10342,3462,18,9,2 - 3,l/ha
10343,3462,18,38,,
10344,3463,4,81,1,ml/l
10345,3463,28,1294,1,ml/l
10346,3463,28,81,1,ml/l
10347,3463,33,283,1,ml/l
10348,3465,44,118,1,ml/l
10349,3466,271,186,Kebutuhan Ekspor,
10350,3467,2,14,1.5,g/l
10351,3468,2,14,"0,84",g/l
10352,3469,1,122,2 - 3,kg/ha
10353,3469,1,29,2 - 3,kg/ha
10354,3469,1,30,2 - 3,kg/ha
10355,3469,1,88,2 - 3,kg/ha
10356,3470,51,123,1,ml/l
10357,3471,6,53,2 - 3,l/ha
10358,3471,6,58,2 - 3,l/ha
10359,3471,6,66,2 - 3,l/ha
10360,3472,304,18,,-
10361,3472,304,124,,-
10362,3473,3,112,"1,5 - 3",l/ha
10363,3473,3,42,"1,5 - 3",l/ha
10364,3473,3,41,"1,5 - 3",l/ha
10365,3473,3,134,"1,5 - 3",l/ha
10366,3473,3,82,"1,5 - 3",l/ha
10367,3473,3,802,"1,5 - 3",l/ha
10368,3473,3,141,"1,5 - 3",l/ha
10369,3474,10,415,225 - 375,ml/ha
10370,3474,10,24,225 - 375,ml/ha
10371,3474,10,29,225 - 375,ml/ha
10372,3474,10,152,225 - 375,ml/ha
10373,3474,10,128,225 - 375,ml/ha
10374,3475,2,14,"1,5",ml/l
10375,3476,53,74,1 - 2,l/ha
10376,3476,53,82,1 - 2,l/ha
10377,3476,53,42,,-
10378,3476,53,41,1 - 2,l/ha
10379,3477,4,44,1,ml/l
10380,3479,71,34,,
10381,3479,71,1295,,-
10382,3479,71,3,,
10383,3479,71,35,2 - 4,l/ha
10384,3479,71,9,,-
10385,3479,71,30,2 - 4,l/ha
10386,3479,71,6,,-
10387,3480,1,550,1 - 2,l/ha
10388,3480,1,243,1 - 2,l/ha
10389,3480,1,9,2 - 3,l/ha
10390,3480,1,856,1 - 2,l/ha
10391,3480,1,67,1 - 2,l/ha
10392,3480,3,74,"0,75 - 1",l/ha
10393,3480,3,90,"0,75 - 1",l/ha
10394,3480,3,134,"0,75 - 1",l/ha
10395,3480,3,659,"0,75 - 1",l/ha
10396,3482,2,10,1,ml/l
10397,3482,2,386,1,ml/l
10398,3482,4,106,1,ml/l
10399,3483,14,50,3,g/l
10400,3483,11,537,3,g/l
10401,3483,4,102,3,g/l
10402,3483,13,423,4,g/l/pohon
10403,3484,4,44,"3,75",kg/ha
10404,3485,2,14,2,g/l
10405,3487,1,69,"1,5 - 2,5",kg/ha
10406,3487,1,24,"1,5 - 2,5",kg/ha
10407,3487,1,30,"1,5 - 2,5",kg/ha
10408,3488,14,269,15,kg/ha
10409,3489,2,72,"1,5",g/l
10410,3490,14,50,2,g/l
10411,3491,2,120,1 - 2,g/l
10412,3491,2,83,"1,5 - 2",g/l
10413,3491,2,14,"1,5 - 2",g/l
10414,3491,4,45,1,g/l
10415,3492,3,41,30-40,g/ha
10416,3492,3,42,30-40,g/ha
10417,3492,3,294,30-40,g/ha
10418,3492,6,30,"112,5 - 225",g/ha
10419,3492,6,58,"112,5 - 225",g/ha
10420,3492,6,31,"112,5 - 225",g/ha
10421,3492,6,9,"112,5 - 225",g/ha
10422,3492,6,52,"112,5 - 225",g/ha
10423,3493,9,42,,-
10424,3493,9,294,,-
10425,3493,9,98,"0,75 - 1,25",l/ha
10426,3493,9,41,,-
10427,3493,9,886,"0,75 - 1,25",l/ha
10428,3494,42,4,1.5 - 3,l/ha
10429,3494,42,34,1.5 - 3,l/ha
10430,3494,42,35,1.5 - 3,l/ha
10431,3494,42,38,1.5 - 3,l/ha
10432,3494,42,9,1.5 - 3,l/ha
10433,3494,42,116,1.5-3,l/ha
10434,3494,42,203,1.5 - 3,l/ha
10435,3495,235,56,"1 - 1,5",kg/ha
10436,3495,235,217,"1 - 1,5",kg/ha
10437,3495,235,129,"1 - 1,5",kg/ha
10438,3495,235,29,"1 - 1,5",kg/ha
10439,3495,235,27,"1 - 1,5",kg/ha
10440,3496,197,563,"0,375",g/l
10441,3497,129,365,-,-
10442,3498,71,6,"2,25 - 4,5",l/ha
10443,3498,71,223,,-
10444,3498,71,9,,-
10445,3498,71,1296,,-
10446,3498,71,34,,-
10447,3498,71,35,"2,25 - 4,5",l/ha
10448,3498,71,38,,-
10449,3499,7,1297,0.75 - 1.5,l/ha
10450,3499,7,71,0.75 - 1.5,l/ha
10451,3499,7,1071,0.75 - 1.5,l/ha
10452,3499,7,30,0.75 - 1.5,l/ha
10453,3500,2,14,1,g/l
10454,3501,8,6,3 - 4,l/ha
10455,3501,8,9,3 - 4,l/ha
10456,3501,8,4,3 - 4,l/ha
10457,3501,8,34,3 - 4,l/ha
10458,3502,111,47,"0,625",ml/l
10459,3502,111,326,"0,625",ml/l
10460,3503,10,30,"1,5 - 3",l/ha
10461,3503,10,9,"1,5 - 3",l/ha
10462,3503,10,6,"1,5 - 3",l/ha
10463,3503,10,69,"1,5 - 3",l/ha
10464,3504,3,14,"0,12",g/l
10465,3505,44,119,"0,56",ml/l
10466,3505,14,109,375,ml/ha
10467,3505,55,254,25,ml/ha
10468,3505,4,44,100,ml/ha
10469,3505,51,636,375,ml/ha
10470,3507,3,14,1,ml/l
10471,3508,3,161,1.5,ml/l
10472,3509,2,14,2,ml/l
10473,3510,28,45,1.125,ml/l
10474,3512,39,57,"1,5 - 3",l/ha
10475,3512,39,30,"1,5 - 3",l/ha
10476,3512,39,76,"1,5 - 3",l/ha
10477,3512,39,69,"1,5 - 3",l/ha
10478,3512,39,51,"1,5 - 3",l/ha
10479,3512,39,34,"1,5 - 3",l/ha
10480,3512,39,71,"1,5 - 3",l/ha
10481,3512,39,38,"1,5 - 3",l/ha
10482,3512,39,35,"1,5 - 3",l/ha
10483,3512,6,218,"1,5 - 3",l/ha
10484,3512,6,6,"1,5 - 3",l/ha
10485,3512,6,38,"1,5 - 3",l/ha
10486,3512,6,4,"1,5 - 3",l/ha
10487,3514,3,188,2,ml/l
10488,3515,4,1298,1,kg/ha
10489,3516,2,10,4,g/l
10490,3518,8,9,1 - 2,l/ha
10491,3518,8,58,1 - 2,l/ha
10492,3518,8,34,1 - 2,l/ha
10493,3519,4,81,2,ml/l
10494,3520,4,199,"0,5",ml/l
10495,3520,11,46,"0,5",ml/l
10496,3521,245,41,,-
10497,3521,245,424,1 - 2,l/ha
10498,3521,245,74,,
10499,3521,245,96,1 - 2,l/ha
10500,3521,245,127,,-
10501,3522,8,385,,-
10502,3522,8,6,,-
10503,3522,8,153,,-
10504,3522,8,445,,-
10505,3522,8,32,"1,5 - 3",l/ha
10506,3522,8,54,,-
10507,3522,8,218,"1,5 - 3",l/ha
10508,3522,8,122,,
10509,3522,8,69,,-
10510,3522,8,34,,-
10511,3522,8,94,,-
10512,3522,8,35,,-
10513,3522,8,38,"1,5 - 3",l/ha
10514,3523,2,14,2,g/l
10515,3524,51,817,1,ml/l
10516,3526,37,124,,-
10517,3526,37,18,,-
10518,3528,8,639,,-
10519,3528,8,128,225 - 450,ml/ha
10520,3528,8,1299,,-
10521,3528,8,1300,,-
10522,3528,8,26,,-
10523,3528,8,1301,,-
10524,3528,8,57,,-
10525,3528,8,395,,-
10526,3528,8,24,,-
10527,3528,8,4,,-
10528,3528,8,4,225 - 450,ml/ha
10529,3528,8,398,,-
10530,3529,4,44,2,g/l
10531,3529,4,81,2,g/l
10532,3530,10,43,5,kg/ha
10533,3531,14,1302,2,ml/l
10534,3532,148,50,1.00,ml/l
10535,3533,29,64,-,-
10536,3534,3,14,1.5,ml/l
10537,3535,10,205,"1,5",ml/kg benih
10538,3536,10,205,10,ml/kg benih
10539,3537,9,1303,,-
10540,3537,9,79,"0,75 - 1,5",kg/ha
10541,3537,9,74,"0,75 - 1,5",kg/ha
10542,3537,9,127,,-
10543,3537,9,41,,-
10544,3537,9,1304,"0,75 - 1,5",kg/ha
10545,3537,9,40,,
10546,3538,48,6,2 - 3,l/ha
10547,3538,48,130,,
10548,3538,48,34,,
10549,3538,48,52,,-
10550,3538,48,57,,
10551,3538,48,30,,
10552,3538,48,25,,-
10553,3538,48,38,2 - 3,l/ha
10554,3539,51,45,3,ml/l
10555,3540,108,1305,"0,5 ml/9 ml air (500 ml larutan/ha)",-
10556,3540,108,1306,"0,5 ml/9 ml air (500 ml larutan/ha)",-
10557,3540,108,1307,2 ml/9 ml air (500 ml larutan/ha),-
10558,3540,5,1308,1 ml/99 ml air (10 l larutan/ha),-
10559,3540,5,1309,"0,5 ml/99 ml air (10 l larutan/ha)",-
10560,3540,5,1310,"0,5 ml/99 ml air (10 l larutan/ha)",-
10561,3541,2,448,"1,5",ml/l
10562,3542,71,35,,
10563,3542,71,38,,
10564,3542,71,34,"1,5 - 3",l/ha
10565,3542,71,9,"1,5 - 3",l/ha
10566,3542,71,6,,-
10567,3542,71,30,,-
10568,3542,71,1311,,-
10569,3543,202,124,,-
10570,3543,202,1312,,-
10571,3544,51,137,"1,5",g/l
10572,3545,11,46,2,ml/l
10573,3547,474,609,10,ml/l
10574,3547,474,195,10,ml/l
10575,3547,474,1313,20 ml/ 5 l solar,-
10576,3547,474,1314,,-
10577,3548,10,69,"1,875 - 2,500",l/ha
10578,3548,10,4,"1,875 - 2,500",l/ha
10579,3548,10,638,"1,875 - 2,500",l/ha
10580,3548,10,130,"1,875 - 2,500",l/ha
10581,3548,10,31,"1,875 - 2,500",l/ha
10582,3548,10,24,"1,875 - 2,500",l/ha
10583,3550,3,14,3,ml/l
10584,3550,3,83,2,ml/l
10585,3550,51,137,3,ml/l
10586,3551,2,1315,"0,5",ml/l
10587,3552,4,81,"1,5",ml/l
10588,3553,7,54,"1,5 - 3",l/ha
10589,3553,7,30,,-
10590,3553,7,6,,-
10591,3553,7,33,,-
10592,3553,7,76,,-
10593,3553,7,24,"1,5 - 3",l/ha
10594,3553,7,4,,-
10595,3553,7,234,,-
10596,3553,7,69,"1,5 - 3",l/ha
10597,3556,132,124,,-
10598,3556,132,18,,-
10599,3557,44,118,2,ml/l
10600,3557,44,119,2,ml/l
10601,3557,36,84,2,ml/l
10602,3557,14,109,"1,7",ml/l
10603,3557,3,1316,1,ml/l
10604,3557,3,681,1,ml/l
10605,3557,3,1280,2,ml/l
10606,3557,3,14,2,ml/l
10607,3557,55,254,"1,4",ml/l
10608,3557,51,123,2,ml/l
10609,3557,51,45,4,ml/l
10610,3557,50,833,1,ml/l
10611,3557,50,45,1,ml/l
10612,3558,6,9,"2,25 - 3",l/ha
10613,3558,6,1317,"2,25 - 3",l/ha
10614,3558,6,30,"2,25 - 3",l/ha
10615,3558,6,38,"2,25 - 3",l/ha
10616,3558,6,36,"2,25 - 3",l/ha
10617,3558,17,6,"1,5 - 3",l/ha
10618,3558,17,38,"1,5 - 3",l/ha
10619,3559,14,50,2,g/l
10620,3560,475,636,1,ml/l
10621,3561,4,16,2,ml/l
10622,3561,4,250,2,ml/l
10623,3562,12,1318,umpan siap pakai,-
10624,3563,13,578,1,gr/Pohon
10625,3564,6,38,"1,5 - 2",l/ha
10626,3564,6,6,,-
10627,3564,6,66,"1,5 - 2",l/ha
10628,3565,48,51,,-
10629,3565,48,35,"1,5 - 3",l/ha
10630,3565,48,57,,
10631,3565,48,66,"1,5 - 3",l/ha
10632,3565,48,25,,-
10633,3565,48,52,,-
10634,3566,323,221,dosis siap pakai,%
10635,3567,28,23,2,g/l
10636,3569,2,14,3,ml/l
10637,3569,2,236,"1,5",ml/ha
10638,3569,2,83,2,ml/l
10639,3569,55,208,40,ml/pohon
10640,3569,51,45,3,ml/l
10641,3569,4,45,3,ml/l
10642,3570,44,118,1,ml/l
10643,3570,3,14,1,ml/l
10644,3570,3,83,1,ml/l
10645,3571,8,58,4 - 6,l/ha
10646,3571,8,66,4 - 6,l/ha
10647,3571,8,6,4 - 6,l/ha
10648,3571,8,9,4 - 6,l/ha
10649,3571,8,36,4 - 6,l/ha
10650,3571,8,450,4 - 6,l/ha
10651,3571,8,38,4 - 6,l/ha
10652,3572,85,18,4.6,mg/pcs
10653,3572,85,124,4.6,mg/pcs
10654,3575,29,64,-,%
10655,3576,6,66,"1,5 - 2,5",l/ha
10656,3576,6,30,"1,5 - 2,5",l/ha
10657,3576,6,6,"1,5 - 2,5",l/ha
10658,3576,6,38,"1,5 - 2,5",l/ha
10659,3576,6,36,"1,5 - 2,5",l/ha
10660,3577,35,1319,"1,5 - 3,5",l/ha
10661,3577,35,6,"1,5 - 3,5",l/ha
10662,3577,35,190,1.5 - 3.5,l/ha
10663,3577,35,24,"1,5 - 3,5",l/ha
10664,3577,35,71,"1,5 - 3,5",l/ha
10665,3577,35,94,"1,5 - 3,5",l/ha
10666,3578,245,42,,-
10667,3578,245,98,,-
10668,3578,245,41,"0,25 - 0,75",l/ha
10669,3578,245,95,,-
10670,3578,245,74,"0,25 - 0,75",l/ha
10671,3579,11,46,2,ml/l
10672,3580,27,179,0.25,ml/l
10673,3582,55,208,10 g/pohon,-
10674,3583,10,1320,1,ml/l
10675,3583,52,486,"0,5",ml/l
10676,3583,14,50,"0,75",ml/l
10677,3583,4,102,"0,75",ml/l
10678,3583,30,103,"0,5",ml/l
10679,3583,27,478,"0,5",ml/l
10680,3585,34,70,,-
10681,3585,34,29,,
10682,3585,34,33,"1,5- 2",l/ha
10683,3585,34,9,,
10684,3585,34,2,"1,5- 2",l/ha
10685,3586,29,64,-,
10686,3587,28,330,"1,125",ml/l
10687,3589,132,195,"0,5",ml/l
10688,3589,132,231,"0,5",ml/l
10689,3589,132,91,"0,5",ml/l
10690,3589,132,92,"0,5",ml/l
10691,3590,3,2,,-
10692,3590,3,147,,-
10693,3590,3,79,450-600,g/ha
10694,3590,3,41,450-600,g/ha
10695,3590,3,42,,-
10696,3590,3,39,,-
10697,3590,3,95,450-600,g/ha
10698,3590,3,127,,-
10699,3591,10,205,"0,5",ml/l
10700,3591,11,46,"0,5",ml/l
10701,3592,19,6,3-4,l/ha
10702,3592,19,122,3-4,l/ha
10703,3592,19,9,3-4,l/ha
10704,3592,19,94,3-4,l/ha
10705,3592,19,71,3-4,l/ha
10706,3592,19,34,3-4,l/ha
10707,3592,42,34,2-3,l/ha
10708,3592,42,71,2-3,l/ha
10709,3592,42,35,2-3,l/ha
10710,3592,42,52,2-3,l/ha
10711,3592,42,6,2-3,l/ha
10712,3592,42,9,2-3,l/ha
10713,3592,476,30,3-4,l/ha
10714,3592,476,6,3-4,l/ha
10715,3592,476,9,3-4,l/ha
10716,3592,476,69,3-4,l/ha
10717,3592,476,54,3-4,l/ha
10718,3594,11,164,2,ml/l
10719,3594,30,103,2,ml/l
10720,3594,4,102,2,ml/l
10721,3594,2,279,2,ml/l
10722,3594,2,188,2,ml/l
10723,3594,10,205,2,ml/l
10724,3594,14,50,2,ml/l
10725,3595,64,653,,
10726,3595,64,654,"10 ml/l setara dengan 0,5ml/50ml/m2",-
10727,3595,64,165,,
10728,3596,11,46,1,ml/l
10729,3597,51,137,2,g/l
10730,3597,14,109,3,g/l
10731,3598,36,110,9,perangkap/ha
10732,3599,37,124,,-
10733,3599,37,18,,-
10734,3601,37,92,,-
10735,3601,37,91,,-
10736,3601,37,195,,-
10737,3601,37,18,,-
10738,3601,37,124,,-
10739,3602,233,18,45 hari/8 jam 1 hari,-
10740,3602,233,124,45 hari/8 jam 1 hari,-
10741,3603,35,100,"1,5 - 3",kg/ha
10742,3603,35,27,,-
10743,3603,35,30,"1,5 - 3",kg/ha
10744,3605,37,124,,-
10745,3605,37,18,,
10746,3606,14,50,"0,5",ml/l
10747,3608,3,1321,"300 g/ha/aplikasi (30, 40, 50, 60 HST)",-
10748,3609,477,82,1-2,kg/ha
10749,3609,477,95,1-2,kg/ha
10750,3609,477,74,1-2,kg/ha
10751,3609,477,41,1-2,kg/ha
10752,3609,477,42,1-2,kg/ha
10753,3609,478,42,1-2,kg/ha
10754,3609,478,41,1-2,kg/ha
10755,3609,478,95,1-2,kg/ha
10756,3609,478,74,1-2,kg/ha
10757,3609,478,82,1-2,kg/ha
10758,3610,44,118,"1,5",g/l
10759,3611,6,6,"1,5 - 3",l/ha
10760,3611,6,52,,-
10761,3611,6,66,,-
10762,3611,6,51,"1,5 - 3",l/ha
10763,3612,8,38,"1,5 - 3",l/ha
10764,3612,8,34,"1,5 - 3",l/ha
10765,3612,8,35,"1,5 - 3",l/ha
10766,3612,8,6,"1,5 - 3",l/ha
10767,3612,8,9,"1,5 - 3",l/ha
10768,3613,8,57,,-
10769,3613,8,6,"2,25 - 4,5",l/ha
10770,3613,8,30,,-
10771,3613,8,34,"2,25 - 4,5",l/ha
10772,3613,8,38,,-
10773,3615,8,66,"1,5-3",l/ha
10774,3615,8,9,"1,5-3",l/ha
10775,3615,8,6,"1,5-3",l/ha
10776,3615,8,9,"1,5-3",l/ha
10777,3615,8,57,"1,5-3",l/ha
10778,3615,8,58,"1,5-3",l/ha
10779,3615,8,35,"1,5-3",l/ha
10780,3615,8,51,"1,5-3",l/ha
10781,3615,8,36,"1,5-3",l/ha
10782,3615,8,38,"1,5-3",l/ha
10783,3616,44,119,1,ml/l
10784,3617,14,109,1,ml/l
10785,3618,11,46,1.5,g/l
10786,3619,18,6,"0,75- 1,5",l/ha
10787,3619,18,58,"0,75- 1,5",l/ha
10788,3619,18,9,"0,75- 1,5",l/ha
10789,3619,18,38,"0,75- 1,5",l/ha
10790,3619,18,36,"0,75- 1,5",l/ha
10791,3619,19,9,"0,75- 1,5",l/ha
10792,3619,19,1111,"0,75- 1,5",l/ha
10793,3619,19,116,"0,75- 1,5",l/ha
10794,3619,19,128,"0,75- 1,5",l/ha
10795,3619,19,35,"0,75- 1,5",l/ha
10796,3619,19,616,"0,75- 1,5",l/ha
10797,3619,257,223,"0,75 - 1,25",l/ha
10798,3619,257,116,"0,75 - 1,25",l/ha
10799,3619,257,9,"0,75 - 1,25",l/ha
10800,3619,257,1111,"0,75 - 1,25",l/ha
10801,3619,257,616,"0,75 - 1,25",l/ha
10802,3619,257,35,"0,75 - 1,25",l/ha
10803,3619,257,38,"0,75 - 1,25",l/ha
10804,3619,3,100,"1,25 - 1,75",l/ha
10805,3619,3,79,"1,25 - 1,75",l/ha
10806,3619,3,127,"1,25 - 1,75",l/ha
10807,3619,3,89,"1,25 - 1,75",l/ha
10808,3619,3,1322,"1,25 - 1,75",l/ha
10809,3619,3,41,"1,25 - 1,75",l/ha
10810,3619,6,9,"0,375 - 0,625",l/ha
10811,3619,6,66,"0,375 - 0,625",l/ha
10812,3619,6,6,"0,375 - 0,625",l/ha
10813,3619,6,35,"0,75- 1,5",l/ha
10814,3619,446,34,"0,75 - 1,25",l/ha
10815,3619,446,35,"0,75 - 1,25",l/ha
10816,3619,446,616,"0,75 - 1,25",l/ha
10817,3619,446,38,"0,75 - 1,25",l/ha
10818,3619,446,9,"0,75 - 1,25",l/ha
10819,3619,446,223,"0,75 - 1,25",l/ha
10820,3621,14,50,2,g/l
10821,3622,14,1323,750,ml/ha
10822,3622,51,1324,750,ml/ha
10823,3622,36,1325,"0,125",ml/l
10824,3622,44,1326,0.5 - 1,ml/l
10825,3622,44,1327,2,ml/l
10826,3622,4,1328,125,ml/ha
10827,3622,4,1329,125,ml/ha
10828,3623,37,18,,-
10829,3623,37,124,,-
10830,3624,11,46,2,g/l
10831,3625,4,45,1,ml/l
10832,3627,3,188,2,ml/l
10833,3628,4,45,1,ml/l
10834,3628,51,45,1,ml/l
10835,3629,479,64,-,g/l
10836,3631,11,46,3,g/l
10837,3631,2,412,1,g/l
10838,3631,14,50,2,g/l
10839,3632,53,82,"0,75 - 1,5",l/ha
10840,3632,53,79,"0,75 - 1,5",l/ha
10841,3632,53,95,"0,75 - 1,5",l/ha
10842,3632,53,42,"0,75 - 1,5",l/ha
10843,3632,53,41,"0,75 - 1,5",l/ha
10844,3632,57,66,"0,75 - 1,5",l/ha
10845,3632,57,30,"0,75 - 1,5",l/ha
10846,3632,57,31,"0,75 - 1,5",l/ha
10847,3632,57,60,"0,75 - 1,5",l/ha
10848,3632,57,1330,"0,75 - 1,5",l/ha
10849,3632,57,4,"0,75 - 1,5",l/ha
10850,3632,57,34,"0,75 - 1,5",l/ha
10851,3632,57,35,"0,75 - 1,5",l/ha
10852,3632,57,38,"0,75 - 1,5",l/ha
10853,3633,29,64,-,-
10854,3634,42,35,,-
10855,3634,42,1331,,-
10856,3634,42,38,"3 - 4,5",l/ha
10857,3634,42,53,,-
10858,3634,42,567,,-
10859,3634,42,66,"3 - 4,5",l/ha
10860,3634,42,31,,-
10861,3634,20,51,1 - 2,l/ha
10862,3634,20,1332,,-
10863,3634,20,1333,,-
10864,3634,20,9,1 - 2,l/ha
10865,3634,20,429,,-
10866,3635,10,1236,"1,5 - 2",l/ha
10867,3635,10,4,"1,5 - 2",l/ha
10868,3635,1,68,2-3,l/ha
10869,3635,1,7,2-3,l/ha
10870,3635,1,384,2-3,l/ha
10871,3636,6,30,2 - 3,l/ha
10872,3636,6,6,2 - 3,l/ha
10873,3636,6,9,2 - 3,l/ha
10874,3636,6,38,2 - 3,l/ha
10875,3637,3,95,75 - 100,g/ha
10876,3637,3,42,75 - 100,g/ha
10877,3637,3,407,,g/ha
10878,3637,3,41,,-
10879,3637,3,40,,-
10880,3638,14,109,"1,5",ml/l
10881,3638,51,137,2,ml/l
10882,3640,3,1334,20 - 30,g/ha
10883,3640,3,1335,20 - 30,g/ha
10884,3640,3,42,20 - 30,g/ha
10885,3640,3,1083,20 - 30,g/ha
10886,3642,27,1137,"0,4",ml/l
10887,3643,14,109,4,g/l
10888,3644,4,44,"1,5",ml/l
10889,3645,11,46,1,g/l
10890,3646,14,109,"0,75",ml/l
10891,3647,51,45,2.5,ml/l
10892,3648,111,1336,"2,5",ml/l
10893,3649,2,188,2,g/l
10894,3650,42,38,"3 - 4,5",l/ha
10895,3650,42,66,"3 - 4,5",l/ha
10896,3650,42,870,"3 - 4,5",l/ha
10897,3650,42,6,"3 - 4,5",l/ha
10898,3650,6,9,"1,5 - 3",l/ha
10899,3650,6,58,"1,5 - 3",l/ha
10900,3650,6,35,"1,5 - 3",l/ha
10901,3650,6,51,"1,5 3",l/ha
10902,3651,11,46,"1,5",g/l
10903,3652,17,405,"1,5 - 3",l/ha
10904,3652,17,122,"1,5 - 3",l/ha
10905,3652,17,9,"1,5 - 3",l/ha
10906,3652,1,6,"0,5 - 1,5",l/ha
10907,3652,1,30,"0,5 - 1,5",l/ha
10908,3652,1,29,"0,5 - 1,5",l/ha
10909,3652,1,9,"0,5 - 1,5",l/ha
10910,3652,1,24,"0,5 - 1,5",l/ha
10911,3652,10,24,"0,5 - 1,5",l/ha
10912,3652,10,9,"0,5 - 1,5",l/ha
10913,3652,10,541,"0,5 - 1,5",l/ha
10914,3652,10,30,"0,5 - 1,5",l/ha
10915,3652,10,6,"0,5 - 1,5",l/ha
10916,3652,10,29,"0,5 - 1,5",l/ha
10917,3652,3,95,"0,5 - 1",l/ha
10918,3652,3,859,"0,5 - 1",l/ha
10919,3652,3,41,"0,5 - 1",l/ha
10920,3652,3,42,"0,5 - 1",l/ha
10921,3652,6,66,1 - 2,l/ha
10922,3652,6,9,1 - 2,l/ha
10923,3652,6,223,1 - 2,l/ha
10924,3653,2,10,"1,5",ml/l
10925,3654,132,194,,-
10926,3654,132,92,,-
10927,3654,132,124,,-
10928,3654,132,160,,-
10929,3654,132,195,,-
10930,3655,480,223,30 - 50,g/ha
10931,3655,480,543,30 - 50,g/ha
10932,3655,480,52,30 - 50,g/ha
10933,3655,480,66,30 - 50,g/ha
10934,3655,480,38,30 - 50,g/ha
10935,3655,481,31,30 - 50,g/ha
10936,3655,481,6,30 - 50,g/ha
10937,3655,481,1337,30 - 50,g/ha
10938,3655,481,34,30 - 50,g/ha
10939,3655,481,38,30 - 50,g/ha
10940,3656,2,14,"0,75",g/l
10941,3656,2,83,"0,75",g/l
10942,3657,130,30,"1,5 - 2",l/ha
10943,3657,130,9,"1,5 - 2",l/ha
10944,3657,130,77,"1,5 - 2",l/ha
10945,3657,130,1338,"1,5 - 2",l/ha
10946,3657,130,4,"1,5 - 2",l/ha
10947,3658,482,1339,,
10948,3659,483,53,3 - 4,l/ha
10949,3659,483,6,3 - 4,l/ha
10950,3659,483,57,3 - 4,l/ha
10951,3659,483,9,3 - 4,l/ha
10952,3659,483,35,3 - 4,l/ha
10953,3659,483,38,3 - 4,l/ha
10954,3659,483,36,3 - 4,l/ha
10955,3660,444,825,,-
10956,3660,444,206,,-
10957,3661,484,10,"0,1375",ml/l
10958,3661,485,50,"0,3",ml/l
10959,3661,486,164,"0,2",ml/l
10960,3661,487,281,"0,5",ml/l
10961,3662,9,368,,
10962,3662,9,141,"0,25 - 0,75",l/ha
10963,3662,9,74,,
10964,3662,9,42,,
10965,3662,9,859,"0,25 - 0,75",l/ha
10966,3662,9,41,,-
10967,3663,10,1340,2,g/l
10968,3663,270,477,2,g/l
10969,3663,2,10,2,g/l
10970,3663,2,279,2,g/l
10971,3663,28,46,2,g/l
10972,3663,44,388,2,g/l
10973,3663,14,50,2,g/l
10974,3663,27,478,2,g/l
10975,3663,11,46,2,g/l
10976,3663,4,106,1.5,g/l
10977,3663,4,102,1.5,g/l
10978,3664,37,1341,,
10979,3664,37,194,,
10980,3664,37,124,,
10981,3664,37,18,,
10982,3664,37,195,,
10983,3665,4,321,2.0,ml/l
10984,3665,44,1068,"1,5",ml/l
10985,3665,44,118,"1,5",ml/l
10986,3665,14,109,1,ml/l
10987,3666,2,83,10,kg/ha
10988,3666,2,14,10,kg/ha
10989,3667,37,18,,-
10990,3667,37,124,,
10991,3668,2,10,2,ml/l
10992,3669,83,195,3,ml/l
10993,3669,83,467,3,ml/l
10994,3672,3,79,150 - 250,ml/ha
10995,3672,3,248,150 - 250,ml/ha
10996,3672,3,82,150 - 250,ml/ha
10997,3672,3,74,150 - 250,ml/ha
10998,3673,3,72,"0,75",g/l
10999,3674,3,1342,1-2,l/ha
11000,3674,14,90,1-2,l/ha
11001,3674,14,33,"1,5-2",l/ha
11002,3674,14,1342,1-2,l/ha
11003,3674,14,88,1-2,l/ha
11004,3674,51,30,1-2,l/ha
11005,3674,51,38,1-2,l/ha
11006,3675,8,34,,-
11007,3675,8,35,3 – 5,l/ha
11008,3675,8,38,,-
11009,3675,8,9,,-
11010,3675,8,66,3 – 5,l/ha
11011,3675,8,6,,-
11012,3675,8,25,,-
11013,3678,83,467,1.25,ml/m2
11014,3679,4,102,"1,5",g/l
11015,3680,2,14,1.5,ml/l
11016,3681,9,95,,-
11017,3681,9,74,"1,5 - 3",l/ha
11018,3681,9,42,1.5 - 3,l/ha
11019,3681,9,41,,-
11020,3681,9,294,,-
11021,3681,9,37,"1,5 - 3",l/ha
11022,3682,37,92,,
11023,3682,37,91,,-
11024,3682,37,506,,-
11025,3683,14,274,"1,5",g/l
11026,3685,3,72,"1,5",g/l
11027,3686,4,102,1.5,ml/l
11028,3686,2,1343,1.5,ml/l
11029,3686,14,50,2,ml/l
11030,3688,29,64,,
11031,3689,14,109,1.5,ml/l
11032,3690,4,44,"0,375",ml/l
11033,3691,29,64,0,%
11034,3692,488,36,"1,5 - 2,5",l/ha
11035,3692,488,35,"1,5 - 2,5",l/ha
11036,3692,488,53,"1,5 - 2,5",l/ha
11037,3692,488,6,"1,5 - 2,5",l/ha
11038,3692,489,55,"1 - 1,25",l/ha
11039,3692,489,696,"1 - 1,25",l/ha
11040,3692,489,6,"1 - 1,25",l/ha
11041,3692,489,128,"1 - 1,25",l/ha
11042,3692,489,94,"1 - 1,25",l/ha
11043,3692,489,616,"1 - 1,25",l/ha
11044,3692,489,35,"1 - 1,25",l/ha
11045,3692,489,3,"1 - 1,25",l/ha
11046,3692,489,69,"1 - 1,25",l/ha
11047,3694,74,1344,1.5,g/l
11048,3694,74,201,1.5,g/l
11049,3694,4,106,1,g/l
11050,3694,4,102,0.5,g/l
11051,3696,48,30,,
11052,3696,48,130,,
11053,3696,48,57,,-
11054,3696,48,9,,
11055,3696,48,25,,-
11056,3696,48,52,,-
11057,3696,48,6,2 - 3,l/ha
11058,3697,123,195,1,ml/l
11059,3697,123,124,"6,25",ml/l
11060,3697,123,569,"2,5",ml/10 m2
11061,3697,123,569,"0,75 ml/10 m2 kelambu",-
11062,3697,123,91,4.5,ml/10 m2
11063,3697,123,92,"1,5",ml/10 m2
11064,3698,37,92,,
11065,3698,37,91,,
11066,3698,37,18,,
11067,3698,37,124,,-
11068,3698,37,195,,
11069,3699,44,1068,1.5,ml/l
11070,3699,44,118,1.5,ml/l
11071,3700,14,109,"1,5",ml/l
11072,3701,2,187,3,g/l
11073,3703,42,66,75,g/ha
11074,3703,42,9,50-75,g/ha
11075,3703,42,30,50-75,g/ha
11076,3703,42,235,50-75,g/ha
11077,3703,42,31,50-75,g/ha
11078,3703,42,6,65.5-75,g/ha
11079,3703,6,9,75-150,g/ha
11080,3703,6,30,75-150,g/ha
11081,3703,6,29,75-150,g/ha
11082,3703,6,6,75-150,g/ha
11083,3703,3,95,7.5-20,g/ha
11084,3703,3,74,7.5-20,g/ha
11085,3703,3,79,7.5-20,g/ha
11086,3703,3,407,7.5-20,g/ha
11087,3703,3,39,7.5-20,g/ha
11088,3703,3,41,7.5-20,g/ha
11089,3704,4,45,2,g/l
11090,3705,238,762,0,%
11091,3707,14,50,0.75,g/l
11092,3708,248,1345,2,ml/l
11093,3708,2,14,2,ml/l
11094,3708,2,83,2,ml/l
11095,3708,2,1346,2,ml/l
11096,3708,20,84,"1,5",ml/l
11097,3708,20,530,"1,5",ml/l
11098,3710,8,38,,-
11099,3710,8,34,"2,25 - 3,75",l/ha
11100,3710,8,9,,-
11101,3710,8,223,,-
11102,3710,8,66,"2,25 - 3,75",l/ha
11103,3711,3,14,2,ml/l
11104,3712,82,53,"1,5 - 3",l/ha
11105,3712,82,6,"1,5 - 3",l/ha
11106,3712,82,9,"1,5 - 3",l/ha
11107,3712,82,38,2 - 3,l/ha
11108,3714,14,109,1,ml/l
11109,3714,4,44,1,ml/l
11110,3715,2,14,2,g/l
11111,3716,11,1347,"0,25",ml/l
11112,3717,3,42,"0,75 - 1,5",l/ha
11113,3717,3,1348,"0,75 - 1,5",l/ha
11114,3717,3,39,"0,75 - 1,5",l/ha
11115,3717,3,41,"0,75 - 1,5",l/ha
11116,3717,3,74,"0,75 - 1,5",l/ha
11117,3717,3,95,"0,75 - 1,5",l/ha
11118,3718,10,1349,"2,8 - 5,6",kg/ha
11119,3719,11,164,1.125,g/l
11120,3720,3,1350,1,g/l
11121,3721,268,74,75 - 125,ml/ha
11122,3721,268,95,,-
11123,3721,268,82,75 - 125,ml/ha
11124,3721,268,42,75 - 125,ml/ha
11125,3721,268,41,,-
11126,3722,4,106,1,ml/l
11127,3722,4,102,1,ml/l
11128,3723,197,719,2 - 3,l/ha
11129,3723,197,82,2 - 3,l/ha
11130,3723,197,41,2 - 3,l/ha
11131,3724,261,781,tidak tersedia untuk ekspor,g/l
11132,3725,2,10,2,ml/l
11133,3726,28,209,1,ml/l
11134,3727,4,81,2,ml/l
11135,3728,2,114,1,ml/l
11136,3729,29,64,,
11137,3730,37,18,,-
11138,3730,37,124,,-
11139,3730,37,92,,-
11140,3730,37,91,,-
11141,3730,37,195,,-
11142,3730,37,1351,,-
11143,3731,400,38,1.5 - 3,l/ha
11144,3731,400,34,1.5 - 3,l/ha
11145,3731,400,35,1.5 - 3,l/ha
11146,3731,400,6,1.5 - 3,l/ha
11147,3731,400,9,1.5 - 3,l/ha
11148,3732,82,3,2.5 - 3.75,l/ha
11149,3733,4,1352,10,g/l
11150,3734,3,473,375 g/ha,g/ha
11151,3734,490,1353,1-2,g/l
11152,3734,490,1354,1-2,g/l
11153,3735,7,6,2 - 2.5,l/ha
11154,3735,7,9,2 - 2.5,l/ha
11155,3735,7,3,2 - 2.5,l/ha
11156,3735,7,35,2 - 2.5,l/ha
11157,3736,4,44,2,ml/l
11158,3736,4,81,2,ml/l
11159,3737,48,130,"2,25 - 3,75",l/ha
11160,3737,48,57,"2,25 - 3,75",l/ha
11161,3737,48,9,"2,25 - 3,75",l/ha
11162,3737,48,38,"2,25 - 3,75",l/ha
11163,3737,48,35,"2,25 - 3,75",l/ha
11164,3738,132,91,,-
11165,3738,132,92,,-
11166,3739,4,81,2,g/l
11167,3740,2,83,1,ml/l
11168,3740,2,14,1,ml/l
11169,3741,29,64,-,
11170,3742,3,97,,-
11171,3742,3,42,,-
11172,3742,3,134,"1 - 1,5",l/ha
11173,3742,3,82,"1 - 1,5",l/ha
11174,3742,3,74,"1 - 1,5",l/ha
11175,3743,4,81,1,g/l
11176,3744,8,3,,-
11177,3744,8,34,,-
11178,3744,8,35,,-
11179,3744,8,38,"1,5 - 3 l/ha",l/ha
11180,3744,8,51,,-
11181,3744,8,6,,-
11182,3744,8,30,,-
11183,3744,8,116,,-
11184,3744,8,9,,-
11185,3744,8,58,,-
11186,3744,8,66,"1,5 - 3 l/ha",l/ha
11187,3744,8,54,,-
11188,3744,8,95,"1,5 - 3 l/ha",l/ha
11189,3745,36,1355,"1,5",ml/l
11190,3745,2,10,"1,5",ml/l
11191,3746,11,46,"1,5",g/l
11192,3748,29,64,-,
11193,3749,29,64,5,%
11194,3750,129,365,Izin tetap ulang bahan teknis,
11195,3752,3,94,1.5-3,l/ha
11196,3752,3,79,1.5-3,l/ha
11197,3752,3,88,1.5-3,l/ha
11198,3752,3,780,1.5-3,l/ha
11199,3752,3,41,1.5-3,l/ha
11200,3754,28,1356,2,ml/l
11201,3755,42,235,1.5 - 3,l/ha
11202,3755,42,66,,l/ha
11203,3755,42,53,,l/ha
11204,3755,42,6,1.5 - 3,l/ha
11205,3755,42,38,,l/ha
11206,3755,42,36,,l/ha
11207,3755,60,398,,l/ha
11208,3755,60,777,,l/ha
11209,3755,60,89,1.5 - 3,l/ha
11210,3755,60,590,1.5 - 3,l/ha
11211,3755,6,1357,,l/ha
11212,3755,6,36,,l/ha
11213,3755,6,35,,l/ha
11214,3755,6,235,,l/ha
11215,3755,6,6,,l/ha
11216,3755,6,66,,l/ha
11217,3755,491,190,,l/ha
11218,3755,491,1358,,l/ha
11219,3755,491,1357,1.5 - 3,l/ha
11220,3755,491,35,,l/ha
11221,3755,215,4,,l/ha
11222,3755,215,36,,l/ha
11223,3755,215,35,,l/ha
11224,3755,215,9,,l/ha
11225,3755,215,30,,l/ha
11226,3755,492,30,1.5 - 3,l/ha
11227,3755,492,9,1.5 - 3,l/ha
11228,3755,492,6,1.5 - 3,l/ha
11229,3755,492,146,1.5 - 3,l/ha
11230,3757,129,365,-,-
11231,3759,51,1359,2,ml/l
11232,3760,51,137,0.5,ml/l
11233,3760,51,651,0.5,ml/l
11234,3761,6,6,75-150,g/ha
11235,3761,6,58,75-150,g/ha
11236,3761,6,66,75-150,g/ha
11237,3763,4,44,2,g/l
11238,3764,48,3,"1 - 1,5",l/ha
11239,3764,48,38,"1 - 1,5",l/ha
11240,3764,48,52,"1 - 1,5",l/ha
11241,3764,48,25,"1 - 1,5",l/ha
11242,3764,48,6,"1 - 1,5",l/ha
11243,3765,10,205,2,g/l
11244,3765,14,49,2,g/l
11245,3765,4,1360,1,g/l
11246,3765,2,188,2,g/l
11247,3766,29,64,-,
11248,3768,2,14,1,ml/l
11249,3769,493,171,24,g/m3
11250,3769,36,171,24,g/m3
11251,3769,144,171,24,g/m3
11252,3770,372,44,0.5,g/l
11253,3772,14,109,2,g/l
11254,3772,3,14,2,g/l
11255,3772,51,184,"1,5 - 2",g/l
11256,3772,4,285,"1,5 - 2",g/l
11257,3774,124,18,"12,5 (Dosis siap pakai)",%
11258,3774,124,124,"12,5 (Dosis siap pakai)",%
11259,3775,494,762,5,%
11260,3776,4,81,"1,5",ml/l
11261,3776,51,73,2,ml/l
11262,3777,51,159,5,ml/kg benih
11263,3777,2,1361,5,ml/kg benih
11264,3777,10,688,10,ml/kg benih
11265,3778,4,23,2,g/l
11266,3779,10,43,"0,75",ml/l
11267,3781,3,72,"1,5",g/l
11268,3782,2,187,2,g/l
11269,3782,2,744,2,g/l
11270,3782,28,46,1,g/l
11271,3782,36,105,2,g/l
11272,3782,11,46,2.5,g/l
11273,3782,50,310,2,g/l
11274,3782,50,167,2,g/l
11275,3782,4,102,1,g/l
11276,3782,14,50,1,g/l
11277,3783,129,365,Izin Tetap Ulang Bahan Teknis,-
11278,3784,6,38,"1,5 -2",l/ha
11279,3784,6,9,"1,5 -2",l/ha
11280,3785,55,291,2,g/l
11281,3785,55,208,2,g/l
11282,3785,14,109,"1,5",g/l
11283,3786,44,298,2,g/l
11284,3787,6,52,"1,5 - 3",l/ha
11285,3787,6,183,"1,5 - 3",l/ha
11286,3787,6,38,"1,5 - 3",l/ha
11287,3787,6,35,"1,5 - 3",l/ha
11288,3788,37,18,,
11289,3788,37,124,,-
11290,3789,4,1362,"2 ml/10 L (4, 5, 6, 7,8 MST)",-
11291,3790,82,31,75 - 100,g/ha
11292,3790,82,9,75 - 100,g/ha
11293,3790,82,30,75 - 100,g/ha
11294,3790,82,6,75 - 100,g/ha
11295,3791,7,6,450-900,ml/ha
11296,3791,7,30,450-900,ml/ha
11297,3791,7,122,450-900,ml/ha
11298,3791,7,9,450-900,ml/ha
11299,3791,7,29,450-900,ml/ha
11300,3791,7,33,450-900,ml/ha
11301,3791,9,40,300-700,ml/ha
11302,3791,9,41,300-700,ml/ha
11303,3791,9,39,300-700,ml/ha
11304,3791,9,77,300-700,ml/ha
11305,3791,9,42,300-700,ml/ha
11306,3791,9,100,300 - 700,ml/ha
11307,3792,14,109,2,ml/l
11308,3793,495,109,"2,25",ml/l
11309,3793,496,14,"0,75",ml/l
11310,3794,10,69,1.5 - 3,l/ha
11311,3794,10,4,1.5 - 3,l/ha
11312,3794,10,122,1.5 - 3,l/ha
11313,3794,10,24,1.5 - 3,l/ha
11314,3794,10,9,1.5 - 3,l/ha
11315,3795,10,43,"3,3",ml/kg benih
11316,3796,57,66,1.5 - 3,l/ha
11317,3796,57,6,1.5 - 3,l/ha
11318,3796,57,9,1.5 - 3,l/ha
11319,3796,57,38,1.5 - 3,l/ha
11320,3796,57,51,1.5 - 3,l/ha
11321,3796,57,36,1.5 - 3,l/ha
11322,3797,8,30,"1,5-3",l/ha
11323,3797,8,9,"1,5-3",l/ha
11324,3797,8,6,"1,5-3",l/ha
11325,3797,8,34,"1,5-3",l/ha
11326,3797,8,4,"1,5-3",l/ha
11327,3797,8,3,"1,5-3",l/ha
11328,3798,81,102,1,g/l
11329,3799,8,6,"1,125 - 2,625",l/ha
11330,3799,8,1363,,-
11331,3799,8,1185,,
11332,3799,8,34,"1,125 - 2,625",l/ha
11333,3799,8,38,,-
11334,3800,4,64,2,g/l
11335,3802,497,79,"0,75 - 1,5",l/ha
11336,3802,497,248,,-
11337,3802,497,1364,,-
11338,3802,497,1365,"0,75 - 1,5",l/ha
11339,3802,497,95,"0,75 - 1,5",l/ha
11340,3802,497,74,,-
11341,3802,497,127,,-
11342,3802,192,248,"0,75 - 1,5",l/ha
11343,3802,192,79,,-
11344,3802,192,1364,,-
11345,3802,192,95,,-
11346,3802,192,74,"0,75 - 1,5",-
11347,3802,192,127,,-
11348,3803,28,164,300,g/ha
11349,3804,23,36,"0,75-1,5",l/ha
11350,3804,23,9,"0,75-1,5",l/ha
11351,3804,19,3,"1,5-3",l/ha
11352,3804,24,6,,-
11353,3804,24,9,"0,75-1,5",-
11354,3804,24,34,,-
11355,3804,24,51,"0,75-1,5",l/ha
11356,3804,26,263,"0,75-1,5",l/ha
11357,3804,17,35,,-
11358,3804,17,38,"0,75-1,5",l/ha
11359,3804,17,6,,-
11360,3804,17,9,"0,75-1,5",l/ha
11361,3804,20,51,"0,75-1,5",l/ha
11362,3804,20,34,,-
11363,3804,20,9,"0,75-1,5",l/ha
11364,3804,20,53,,-
11365,3804,21,3,"1,5-3",l/ha
11366,3804,498,36,"0,75-1,5",l/ha
11367,3804,498,51,,-
11368,3804,498,52,"0,75-1,5",l/ha
11369,3804,15,9,,-
11370,3804,15,6,"0,75-1,5",l/ha
11371,3804,15,35,,-
11372,3804,15,4,"0,75-1,5",l/ha
11373,3804,22,3,1-3,l/ha
11374,3805,37,124,,-
11375,3805,37,18,,
11376,3806,11,46,2.25,ml/l
11377,3807,474,569,1,gr/ 10 l air
11378,3807,37,18,"4,25 mg/5 l air",
11379,3807,37,124,"4,25 mg/5 l air",
11380,3809,2,10,1,ml/l
11381,3810,13,682,0.75,gr/Pohon
11382,3811,14,1366,"1,5",ml/l
11383,3812,29,64,-,
11384,3813,35,9,,-
11385,3813,35,24,,-
11386,3813,35,6,,-
11387,3813,35,29,3 - 6,l/ha
11388,3813,35,128,2 - 4,l/ha
11389,3814,3,14,2,g/l
11390,3815,9,41,"1,5 - 3",kg/ha
11391,3815,9,42,"1,5 - 3",kg/ha
11392,3815,9,40,"1,5 - 3",kg/ha
11393,3815,9,79,"1,5 - 3",kg/ha
11394,3815,9,248,"1,5 - 3",kg/ha
11395,3815,9,127,"1,5 - 3",kg/ha
11396,3815,9,95,"1,5 - 3",kg/ha
11397,3816,154,18,1 gr/10 l air,-
11398,3816,154,124,1 gr/10 l air,-
11399,3817,28,23,"1,2",ml/l
11400,3817,14,109,"1,8",ml/l
11401,3817,44,118,"0,6",ml/l
11402,3817,4,44,"1,2",ml/l
11403,3818,8,66,"2,25 - 4,5",l/ha
11404,3818,8,6,"2,25 - 4,5",l/ha
11405,3818,8,1201,"2,25 - 4,5",l/ha
11406,3818,8,58,"2,25 - 4,5",l/ha
11407,3818,8,9,"2,25 - 4,5",l/ha
11408,3818,8,385,"2,25 - 4,5",l/ha
11409,3818,8,52,"2,25 - 4,5",l/ha
11410,3818,8,38,"2,25 - 4,5",l/ha
11411,3818,8,36,"2,25 - 4,5",l/ha
11412,3818,8,35,"2,25 - 4,5",l/ha
11413,3819,11,46,2,g/l
11414,3820,55,207,950,g/l
11415,3822,4,44,"1,5",ml/l
11416,3823,8,1274,2.5 - 3.5,l/ha
11417,3823,8,66,2.5 - 3.5,l/ha
11418,3823,8,6,2.5 - 3.5,l/ha
11419,3823,8,38,2.5 - 3.5,l/ha
11420,3823,8,35,2.5 - 3.5,l/ha
11421,3823,8,36,2.5 - 3.5,l/ha
11422,3825,198,66,"1,5 - 2,5",l/ha
11423,3825,198,30,"1,5 - 2,5",l/ha
11424,3825,198,223,"1,5 - 2,5",l/ha
11425,3825,198,9,"1,5 - 2,5",l/ha
11426,3825,198,158,"1,5 - 2,5",l/ha
11427,3825,198,38,"1,5 - 2,5",l/ha
11428,3825,198,4,"1,5 - 2,5",l/ha
11429,3825,198,35,"1,5 - 2,5",l/ha
11430,3825,198,69,"1,5 - 2,5",l/ha
11431,3825,198,36,"1,5 - 2,5",l/ha
11432,3826,499,35,2,l/ha
11433,3826,499,34,2,l/ha
11434,3826,499,38,2,l/ha
11435,3826,499,66,1 - 3,l/ha
11436,3826,499,58,1 - 3,l/ha
11437,3826,499,52,1-2,l/ha
11438,3826,269,51,1-2,l/ha
11439,3826,269,4,1-2,l/ha
11440,3826,269,6,1-2,l/ha
11441,3826,269,30,1-2,l/ha
11442,3826,269,9,1-2,l/ha
11443,3826,221,9,1-2,l/ha
11444,3826,221,24,1-2,l/ha
11445,3826,221,35,1-2,l/ha
11446,3826,106,71,1-2,l/ha
11447,3826,106,35,1-2,l/ha
11448,3826,106,76,1-2,l/ha
11449,3826,106,1217,1-2,l/ha
11450,3826,10,71,1-2,l/ha
11451,3826,10,30,1-2,l/ha
11452,3826,10,1367,1-2,l/ha
11453,3826,10,1167,1-2,l/ha
11454,3826,6,36,1-2,l/ha
11455,3826,6,34,1-2,l/ha
11456,3826,6,38,1-2,l/ha
11457,3826,6,9,1-2,l/ha
11458,3826,6,30,1-2,l/ha
11459,3826,6,6,1-2,l/ha
11460,3826,107,127,"1,5 - 2",l/ha
11461,3826,107,1368,"1,5 - 2",l/ha
11462,3826,107,42,"1,5 - 3",l/ha
11463,3826,107,79,"1,5 - 3",l/ha
11464,3826,87,126,"1,5-2",l/ha
11465,3826,87,74,"1,5-2",l/ha
11466,3826,87,42,"1,5-2",l/ha
11467,3826,87,41,"1,5-2",l/ha
11468,3826,1,35,1-2,l/ha
11469,3826,1,9,1-2,l/ha
11470,3826,1,56,1-2,l/ha
11471,3826,42,6,1-2,l/ha
11472,3826,42,30,1-2,l/ha
11473,3826,42,9,1-2,l/ha
11474,3826,42,38,1-2,l/ha
11475,3826,42,35,1-2,l/ha
11476,3827,6,6,1.5 - 2.5,l/ha
11477,3827,6,66,1.5 - 2.5,l/ha
11478,3827,6,51,1.5 - 2.5,l/ha
11479,3827,6,38,1.5 - 2.5,l/ha
11480,3828,29,1369,-,-
11481,3829,3,100,1.5 - 3,l/ha
11482,3829,3,74,1.5 - 3,l/ha
11483,3829,3,41,1.5 - 3,l/ha
11484,3829,3,42,1.5 - 3,l/ha
11485,3830,11,81,,
11486,3830,4,45,,
11487,3830,14,269,,-
11488,3831,4,81,1.5,ml/l
11489,3832,10,205,8,g/kg
11490,3833,2,72,1,g/l
11491,3834,36,105,1,g/l
11492,3834,14,50,1,g/l
11493,3834,11,46,"2,25",g/l
11494,3835,4,16,1,ml/l
11495,3836,8,58,"1,5 - 3",l/ha
11496,3836,8,66,"1,5 - 3",l/ha
11497,3836,8,6,"1,5 - 3",l/ha
11498,3836,8,9,"1,5 - 3",l/ha
11499,3836,8,38,"1,5 - 3",l/ha
11500,3836,8,51,"1,5 - 3",l/ha
11501,3837,11,182,0.5,ml/l
11502,3837,27,1370,0.25,ml/l
11503,3837,14,109,0.5,ml/l
11504,3837,4,182,0.125,ml/l
11505,3837,40,182,0.125,ml/l
11506,3840,11,250,5,kg/ha
11507,3841,8,35,,-
11508,3841,8,4,"2,25 - 4,5",l/ha
11509,3841,8,38,,-
11510,3841,8,1371,,-
11511,3841,8,30,,-
11512,3841,8,130,"2,25 - 4,5",l/ha
11513,3841,8,6,,-
11514,3842,3,79,,-
11515,3842,3,296,2 - 3,l/ha
11516,3842,3,41,2 - 3,l/ha
11517,3842,3,42,2 - 3,l/ha
11518,3842,3,74,1.5 - 3,l/ha
11519,3844,37,124,,-
11520,3844,37,221,,-
11521,3845,10,43,"1,5",g/l
11522,3846,7,88,,-
11523,3846,7,382,"1,5 - 3",l/ha
11524,3846,7,4,,-
11525,3846,7,74,"1,5 - 3",l/ha
11526,3846,7,130,"1,5 - 3",l/ha
11527,3847,4,44,1.5,ml/l
11528,3848,37,91,,-
11529,3848,37,1372,4,g/l
11530,3850,51,64,10,kg/ha
11531,3850,3,64,10,kg/ha
11532,3851,11,46,2,g/l
11533,3853,6,38,2-3,l/ha
11534,3853,6,34,2-3,l/ha
11535,3853,6,3,2-3,l/ha
11536,3853,6,36,2-3,l/ha
11537,3853,6,1367,2-3,l/ha
11538,3853,6,9,2-3,l/ha
11539,3854,14,111,"0,5",g/l
11540,3855,3,83,3,ml/l
11541,3856,14,111,300,ml/ha
11542,3856,14,109,300,ml/ha
11543,3856,44,118,400,ml/ha
11544,3856,44,1068,200,ml/ha
11545,3856,3,83,"1,5",ml/l
11546,3858,500,38,"56,25 - 93,75",g/ha
11547,3858,500,450,"56,25 - 93,75",g/ha
11548,3858,500,901,"56,25 - 93,75",g/ha
11549,3858,500,51,"56,25 - 93,75",g/ha
11550,3858,500,35,"56,25 - 93,75",g/ha
11551,3858,500,130,"56,25 - 93,75",g/ha
11552,3858,500,6,"56,25 - 93,75",g/ha
11553,3858,500,66,"56,25 - 93,75",g/ha
11554,3858,500,9,"56,25 - 93,75",g/ha
11555,3860,3,14,3,g/l
11556,3861,2,188,"1,125",ml/l
11557,3862,57,385,3 - 4,l/ha
11558,3862,57,6,3 - 4,l/ha
11559,3862,57,1373,3 - 4,l/ha
11560,3862,57,58,3 - 4,l/ha
11561,3862,57,66,3 - 4,l/ha
11562,3862,57,38,3 - 4,l/ha
11563,3862,57,34,3 - 4,l/ha
11564,3863,57,30,75-150,g/ha
11565,3863,57,6,75-150,g/ha
11566,3863,57,9,75-150,g/ha
11567,3863,57,57,75-150,g/ha
11568,3863,57,66,75-150,g/ha
11569,3863,57,52,75-150,g/ha
11570,3864,37,124,,-
11571,3864,37,18,,-
11572,3866,37,195,,-
11573,3867,11,46,"1,5",g/l
11574,3868,6,3,"1,5 - 3",liter/ha
11575,3868,6,38,"1,5 - 3",liter/ha
11576,3868,6,35,"1,5 - 3",liter/ha
11577,3868,6,271,"1,5 - 3",liter/ha
11578,3868,6,169,"1,5 - 3",liter/ha
11579,3868,6,6,"1,5 - 3",liter/ha
11580,3869,2,10,2,ml/l
11581,3870,28,64,"0,25",ml/l
11582,3871,10,281,20,ml/l
11583,3871,10,1374,20,ml/l
11584,3871,10,281,"0,75",ml/l
11585,3871,10,1374,1,ml/l
11586,3871,2,188,20,
11587,3871,2,188,1,ml/l
11588,3872,3,206,,-
11589,3873,29,64,,
11590,3874,2,14,0.1,g/l
11591,3875,29,64,-,%
11592,3876,2,14,0.5,ml/l
11593,3877,501,44,"0,5",ml/l
11594,3877,501,81,"0,5",ml/l
11595,3877,502,14,"187,5",ml/ha
11596,3877,503,142,"1,5",ml/l
11597,3877,503,81,"1,5",ml/l
11598,3877,504,73,"1,5",ml/l
11599,3878,37,124,,
11600,3878,37,18,,
11601,3879,47,9,"1,5 – 3",l/ha
11602,3879,47,38,"1,5 – 3",l/ha
11603,3879,47,35,"1,5 – 3",l/ha
11604,3879,47,94,"1,5 – 3",l/ha
11605,3882,3,41,15 - 30,g/ha
11606,3882,3,464,15 - 30,g/ha
11607,3883,37,124,siap pakai,-
11608,3883,37,18,siap pakai,-
11609,3884,20,488,"0,6",g/l
11610,3884,2,311,2,g/l
11611,3884,2,187,1,g/l
11612,3884,36,105,"1,5",g/l
11613,3884,27,330,"1,5",g/l
11614,3886,160,438,Untuk keperluan ekspor,ml/ha
11615,3887,5,669,0.2,g/m2
11616,3887,5,1375,0.3,g/m2
11617,3891,14,109,"1,5",ml/l
11618,3893,505,1376,"1,10 - 1,30",%
11619,3894,8,3,2 - 3,l/ha
11620,3894,8,35,2 - 3,l/ha
11621,3894,8,6,2 - 3,l/ha
11622,3894,8,9,2 - 3,l/ha
11623,3895,2,14,"1,5",ml/l
11624,3896,48,130,2 - 3,l/ha
11625,3896,48,25,2 - 3,l/ha
11626,3896,48,52,2 - 3,l/ha
11627,3897,9,294,"37,5 - 50",ml/ha
11628,3897,9,42,,-
11629,3897,9,79,"37,5 - 50",ml/ha
11630,3897,9,802,"37,5 - 50",ml/ha
11631,3897,9,74,,-
11632,3898,10,43,30,perangkap/ha
11633,3899,14,182,2,g/l
11634,3899,50,45,3,g/l
11635,3899,269,816,3.5,g/l
11636,3899,36,170,0.5,g/l
11637,3899,52,528,2,g/l
11638,3899,58,251,2,g/l
11639,3899,55,344,2,g/l
11640,3899,11,250,1.5,g/l
11641,3900,14,111,1,g/l
11642,3901,48,6,,-
11643,3901,48,25,,-
11644,3901,48,52,"1,5 - 3",l/ha
11645,3901,48,35,,-
11646,3901,48,38,"1,5 - 3",l/ha
11647,3902,3,72,8,kg/ha
11648,3903,6,36,,-
11649,3903,6,51,,-
11650,3903,6,69,,-
11651,3903,6,34,,-
11652,3903,6,38,"1,5 - 3",l/ha
11653,3903,6,57,"1,5 - 3",l/ha
11654,3903,6,6,,-
11655,3903,6,66,,-
11656,3904,4,44,"1,5",ml/l
11657,3905,11,46,2.0,ml/l
11658,3906,4,45,"0,5",ml/l
11659,3907,325,16,2,ml/l
11660,3909,10,9,"1.5 - 2,5",l/ha
11661,3909,10,24,"1.5 - 2,5",l/ha
11662,3909,10,122,"1.5 - 2,5",l/ha
11663,3909,10,69,"1.5 - 2,5",l/ha
11664,3910,44,118,2,ml/l
11665,3910,44,1377,2,ml/l
11666,3910,4,45,2,ml/l
11667,3912,2,10,"0,75",ml/l
11668,3914,81,106,"1,5",g/l
11669,3916,3,14,2,ml/l
11670,3917,11,46,2,g/l
11671,3918,129,365,Izin Tetap Ulang Bahan Teknis,-
11672,3919,130,35,,
11673,3919,130,4,"1,5 - 3",l/ha
11674,3919,130,230,,-
11675,3919,130,234,,
11676,3919,130,112,,
11677,3919,130,9,,-
11678,3919,130,403,,
11679,3919,130,6,,-
11680,3919,130,76,,-
11681,3919,130,122,"1,5 - 3",l/ha
11682,3920,14,109,1.5,ml/l
11683,3921,37,1378,-,
11684,3921,37,1379,-,
11685,3921,37,1380,-,
11686,3922,40,81,1,ml/l
11687,3922,73,44,1.0,ml/l
11688,3922,3,14,1.5,ml/l
11689,3923,2,14,1,g/l
11690,3924,50,1381,10,ml/l air
11691,3925,29,64,,
11692,3926,2,14,2,kg/ha
11693,3927,2,206,,-
11694,3927,55,825,,-
11695,3928,395,127,100-200,ml/ha
11696,3928,395,95,100-200,ml/ha
11697,3928,395,42,100-200,ml/ha
11698,3928,395,67,100-200,ml/ha
11699,3928,395,41,100-200,ml/ha
11700,3928,395,82,100-200,ml/ha
11701,3929,4,81,1,ml/l
11702,3930,474,1375,siap pakai,-
11703,3930,474,669,siap pakai,-
11704,3930,474,1382,siap pakai,-
11705,3930,474,92,siap pakai,-
11706,3930,474,91,siap pakai,-
11707,3931,14,111,2,ml/l
11708,3931,11,111,2,ml/l
11709,3931,4,285,"0,5",ml/l
11710,3932,2,433,2,g/l
11711,3933,506,1376,"1,3 - 1,6",%
11712,3934,38,42,,-
11713,3934,38,1383,,-
11714,3934,38,1174,2 - 4,l/ha
11715,3934,38,9,,-
11716,3934,38,74,2 - 4,l/ha
11717,3934,38,95,,
11718,3934,38,4,2 - 4,l/ha
11719,3935,4,45,2,ml/l
11720,3936,43,146,1250 - 1500,g/ha
11721,3936,43,9,1250 - 1500,g/ha
11722,3936,43,6,1250 - 1500,g/ha
11723,3937,2,188,"1,5",ml/l
11724,3938,14,1384,1.5,ml/l
11725,3939,4,81,1.5,g/l
11726,3940,321,42,,-
11727,3940,321,294,0.2 - 0.4,l/ha
11728,3940,321,90,0.2 - 0.4,l/ha
11729,3940,321,74,,-
11730,3940,321,37,0.5 - 0.8,l/ha
11731,3940,321,79,,-
11732,3940,321,88,,-
11733,3942,4,23,1,ml/l
11734,3943,11,46,2,ml/l
11735,3944,507,36,1-2,l/ha
11736,3944,507,9,1-2,l/ha
11737,3944,508,9,2-3,l/ha
11738,3944,508,58,2-3,l/ha
11739,3944,508,36,2-3,l/ha
11740,3944,509,38,2-4,l/ha
11741,3944,509,901,2-4,l/ha
11742,3944,509,51,2-4,l/ha
11743,3944,509,34,2-4,l/ha
11744,3944,509,66,2-4,l/ha
11745,3944,509,9,2-4,l/ha
11746,3944,509,6,2-4,l/ha
11747,3944,509,57,2-4,l/ha
11748,3944,509,30,2-4,l/ha
11749,3945,44,118,1,ml/l
11750,3945,4,44,2,ml/l
11751,3946,6,36,"1,5 - 3",l/ha
11752,3946,6,196,"1,5 - 3",l/ha
11753,3946,6,1385,"1,5 - 3",l/ha
11754,3947,10,24,,
11755,3947,10,30,,
11756,3947,10,6,,
11757,3947,10,9,"1,2 - 1,5",kg/ha
11758,3947,10,1386,"1,2 - 1,5",kg/ha
11759,3948,232,1387,"0,75-1,25",l/ha
11760,3948,232,66,"0,75-1,25",l/ha
11761,3948,232,1388,"0,75-1,25",l/ha
11762,3948,1,27,"1,5-2,25",l/ha
11763,3948,510,60,"1,5-3",l/ha
11764,3948,510,6,"1,5-3",l/ha
11765,3948,510,445,"1,5-3",l/ha
11766,3948,510,1332,"1,5-3",l/ha
11767,3948,510,52,"1,5-3",l/ha
11768,3948,510,35,"1,5-3",l/ha
11769,3948,353,30,"1,5-2,25",l/ha
11770,3948,353,380,"1,5-2,25",l/ha
11771,3948,353,6,"1,5-2,25",l/ha
11772,3948,355,366,2-3,l/ha
11773,3948,355,9,2-3,l/ha
11774,3948,9,40,"1,5-2,25",l/ha
11775,3948,9,1389,"1,5-2,25",l/ha
11776,3948,9,41,"1,5-2,25",l/ha
11777,3948,9,39,"1,5-2,25",l/ha
11778,3948,9,149,"1,5-2,25",l/ha
11779,3949,10,43,1,ml/l
11780,3950,14,269,1,ml/l
11781,3951,77,43,1,ml/l
11782,3952,3,42,0.75 - 1.25,l/ha
11783,3952,3,39,0.75 - 1.25,l/ha
11784,3952,3,82,0.75 - 1.25,l/ha
11785,3952,3,74,0.75 - 1.25,l/ha
11786,3953,27,489,1,ml/l
11787,3953,27,179,"1,5 - 2",ml/l
11788,3954,3,161,1.5,g/l
11789,3956,8,128,"187,5 - 375",ml/ha
11790,3956,8,6,"187,5 - 375",ml/ha
11791,3956,8,9,"187,5 - 375",ml/ha
11792,3956,8,58,"187,5 - 375",ml/ha
11793,3957,11,46,2,g/l
11794,3958,9,40,,-
11795,3958,9,41,,-
11796,3958,9,780,"0,5 - 1",l/ha
11797,3958,9,99,,-
11798,3958,9,69,"0,5 - 1",l/ha
11799,3960,55,846,"2,25 - 3",l/ha
11800,3960,55,38,,-
11801,3960,55,1390,,-
11802,3960,55,66,,-
11803,3960,55,183,"2,25 - 3",l/ha
11804,3961,106,35,"0,5 - 1",kg/ha
11805,3961,106,6,"0,5 - 1",kg/ha
11806,3961,106,122,"0,5 - 1",kg/ha
11807,3961,221,6,"0,75 - 1,5",kg/ha
11808,3961,221,36,"0,75 - 1,5",kg/ha
11809,3962,3,82,"0,5 - 0,75",l/ha
11810,3964,37,669,,-
11811,3964,37,91,,-
11812,3964,37,92,,
11813,3965,4,102,2,g/l
11814,3968,53,40,"1 - 1,5",l/ha
11815,3968,53,42,"1 - 1,5",l/ha
11816,3968,53,41,"1 - 1,5",l/ha
11817,3968,53,39,"1 - 1,5",l/ha
11818,3968,53,74,"1 - 1,5",l/ha
11819,3968,53,1391,"1 - 1,5",l/ha
11820,3969,2,10,"1,5",g/l
11821,3970,132,18,,-
11822,3970,132,124,,
11823,3971,14,111,1.5,ml/l
11824,3972,4,1392,1.5,g/l
11825,3973,27,179,0.5,ml/l
11826,3974,4,44,1,ml/l
11827,3974,4,81,1,ml/l
11828,3974,40,1393,"1,5",g/l
11829,3974,40,561,"1,5",g/l
11830,3975,6,36,,-
11831,3975,6,38,1 - 2,l/ha
11832,3975,6,66,,-
11833,3975,6,9,1 - 2,l/ha
11834,3976,4,44,1,g/l
11835,3980,3,1394,"0,5",g/l
11836,3982,14,50,"1,5",g/l
11837,3982,11,46,2,g/l
11838,3983,11,164,2,g/l
11839,3984,6,271,"1,5 - 3",liter/ha
11840,3984,6,1395,"1,5 - 3",liter/ha
11841,3984,6,169,"1,5 - 3",liter/ha
11842,3984,6,223,"1,5 - 3",liter/ha
11843,3985,29,64,-,-
11844,3987,6,34,2-3,l/ha
11845,3987,6,66,2-3,l/ha
11846,3987,6,60,2-3,l/ha
11847,3987,6,6,2-3,l/ha
11848,3988,511,41,250-500,g/ha
11849,3988,511,39,250-500,g/ha
11850,3988,511,82,250-500,g/ha
11851,3989,115,74,"0,75 - 1,5",l/ha
11852,3989,115,95,,
11853,3989,115,891,"0,75 - 1,5",l/ha
11854,3989,115,42,,-
11855,3989,115,1396,"0,75 - 1,5",l/ha
11856,3989,116,82,"0,75 - 1,5",l/ha
11857,3989,116,95,"0,75 - 1,5",l/ha
11858,3989,116,42,"0,75 - 1,5",l/ha
11859,3989,116,41,,-
11860,3990,10,250,40,kg/ha
11861,3990,55,207,15,gr/Pohon
11862,3991,6,58,525 - 875,ml/ha
11863,3991,6,6,,-
11864,3992,14,111,"1,5",ml/l
11865,3993,3,14,0.75,ml/l
11866,3994,48,35,"1,5 - 3",l/ha
11867,3994,48,38,,-
11868,3994,48,6,"1,5 - 3",l/ha
11869,3994,48,52,,-
11870,3994,48,25,,-
11871,3995,11,164,1.0,ml/l
11872,3996,10,69,1 - 3,l/ha
11873,3996,10,152,1 - 3,l/ha
11874,3996,10,4,1 - 3,l/ha
11875,3996,10,9,1 - 3,l/ha
11876,3996,10,27,1 - 3,l/ha
11877,3996,10,24,1 - 3,l/ha
11878,3996,10,25,1 - 3,l/ha
11879,3996,10,74,1 - 3,l/ha
11880,3997,2,83,1,ml/l
11881,3997,2,14,1,ml/l
11882,3998,3,10,2,ml/l
11883,3999,512,165,24,g/m3
11884,3999,512,171,24,g/m3
11885,4000,6,38,"1,5 - 2",l/ha
11886,4000,6,34,"1,5 - 2",l/ha
11887,4000,6,35,"1,5 - 2",l/ha
11888,4000,6,58,"1,5 - 2",l/ha
11889,4000,6,6,"1,5 - 2",l/ha
11890,4000,6,66,"1,5 - 2",l/ha
11891,4000,6,9,"1,5 - 2",l/ha
11892,4001,37,124,,
11893,4001,37,18,,-
11894,4002,513,1397,-,
11895,4003,29,64,-,
11896,4004,6,9,"1,5 - 2",l/ha
11897,4004,6,57,"1,5 - 2",l/ha
11898,4005,8,38,"1,5 - 3",l/ha
11899,4005,8,35,,-
11900,4005,8,34,,-
11901,4005,8,58,,-
11902,4005,8,6,,-
11903,4005,8,66,,-
11904,4005,8,9,"1,5 - 3",l/ha
11905,4005,8,30,,
11906,4006,8,256,,-
11907,4006,8,4,,-
11908,4006,8,38,,-
11909,4006,8,69,1 - 3,l/ha
11910,4006,8,66,,-
11911,4006,8,9,1 - 3,l/ha
11912,4006,8,6,,-
11913,4006,8,58,,-
11914,4006,8,57,,-
11915,4007,3,141,1 - 2,kg/ha
11916,4007,3,95,1 - 2,kg/ha
11917,4007,3,1398,1 - 2,kg/ha
11918,4007,3,41,1 - 2,kg/ha
11919,4007,3,42,1 - 2,kg/ha
11920,4009,3,14,2,ml/l
11921,4011,48,94,"1,5 - 3",-
11922,4011,48,4,,-
11923,4011,48,34,,-
11924,4011,48,69,,-
11925,4011,48,36,,-
11926,4011,48,52,,-
11927,4011,48,9,,-
11928,4011,48,1399,,-
11929,4011,48,8,,-
11930,4011,48,6,"1,5 - 3",l/ha
11931,4014,51,137,2,ml/l
11932,4015,4,45,4,g/l
11933,4015,20,84,0.75,kg/ha
11934,4015,11,121,3,g/l
11935,4015,11,142,6,g/l
11936,4016,13,1400,1,ml/pohon
11937,4017,10,4,50 - 100,ml/ha
11938,4017,10,230,50 - 100,ml/ha
11939,4017,10,26,50 - 100,ml/ha
11940,4017,10,9,50 - 100,ml/ha
11941,4017,10,1401,50 - 100,ml/ha
11942,4017,10,24,50 - 100,ml/ha
11943,4017,10,30,50 - 100,ml/ha
11944,4018,27,179,"0,7",ml/l
11945,4018,79,44,"1,5",ml/l
11946,4018,79,233,"1,5",ml/l
11947,4019,377,64,-,
11948,4020,29,64,-,
11949,4021,18,3,0.75 - 1.5,l/ha
11950,4021,18,130,0.75 - 1.5,l/ha
11951,4021,18,6,,-
11952,4021,18,57,,-
11953,4021,18,38,0.75 - 1.5,l/ha
11954,4022,8,35,1.5 - 2,l/ha
11955,4022,8,38,,l/ha
11956,4022,8,36,1.5 - 2,l/ha
11957,4022,8,4,1.5 - 2,l/ha
11958,4022,8,57,,-
11959,4022,8,58,,-
11960,4022,8,66,,-
11961,4022,8,6,,-
11962,4022,8,52,"2,25 - 3,75",l/ha
11963,4023,104,34,1-2,l/ha
11964,4023,104,895,1-2,l/ha
11965,4023,104,69,1-2,l/ha
11966,4023,104,30,1-2,l/ha
11967,4023,104,24,1-2,l/ha
11968,4023,104,29,1-2,l/ha
11969,4023,104,9,1-2,l/ha
11970,4023,104,74,1-2,l/ha
11971,4024,4,44,1,g/l
11972,4027,5,124,30,ml/ha
11973,4027,5,18,30,ml/ha
11974,4027,5,124,30,ml/ha
11975,4027,5,18,30,ml/ha
11976,4028,3,14,0.75,ml/l
11977,4029,13,1402,0.75,ml/pohon
11978,4030,6,6,2 - 4,l/ha
11979,4030,6,9,2 - 4,l/ha
11980,4030,6,66,2 - 4,l/ha
11981,4030,6,34,2 - 4,l/ha
11982,4030,6,38,2 - 4,l/ha
11983,4030,6,36,2 - 4,l/ha
11984,4030,6,69,2 - 4,l/ha
11985,4031,36,170,2,ml/l
11986,4032,514,57,1.5-3,l/ha
11987,4032,514,66,1.5-3,l/ha
11988,4032,514,450,1.5-3,l/ha
11989,4032,514,38,1.5-3,l/ha
11990,4033,14,45,"1,5",ml/l
11991,4034,243,430,sampai 20 kali pencucian,-
11992,4035,11,121,"1,5",ml/l
11993,4036,81,81,2,g/l
11994,4037,14,111,0.75,ml/l
11995,4038,51,45,1,ml/l
11996,4039,36,1403,"0,5",ml/l
11997,4039,36,1152,"1,5",ml/l
11998,4039,36,177,2,ml/l
11999,4039,14,109,"1,5",ml/l
12000,4041,198,34,"1,5 - 3",l/ha
12001,4041,198,38,"1,5 - 3",l/ha
12002,4041,198,3,"1,5 - 3",l/ha
12003,4041,198,6,"1,5 - 3",l/ha
12004,4041,198,25,"1,5 - 3",l/ha
12005,4041,198,57,"1,5 - 3",l/ha
12006,4042,108,18,,
12007,4042,108,124,,-
12008,4042,108,569,,
12009,4042,108,608,,
12010,4043,14,250,0.3,g/l
12011,4044,18,451,1 - 1.5,l/ha
12012,4044,18,9,1 - 1.5,l/ha
12013,4044,18,66,1 - 1.5,l/ha
12014,4044,18,38,1 - 1.5,l/ha
12015,4044,18,35,1 - 1.5,l/ha
12016,4045,1,30,"1,5 - 2,5",l/ha
12017,4045,1,405,"1,5 - 2,5",l/ha
12018,4045,1,36,"2,5 - 3",l/ha
12019,4046,515,208,9,gr/Pohon
12020,4046,44,118,2,g/l
12021,4046,44,119,2,g/l
12022,4047,13,1404,1,gr/Pohon
12023,4048,516,1405,20,kg/ha
12024,4048,517,23,"7,5",kg/ha
12025,4048,518,178,25,kg/ha
12026,4048,519,397,10,kg/ha
12027,4048,519,83,10,kg/ha
12028,4048,520,174,15,kg/ha
12029,4050,3,14,"1,5",g/l
12030,4051,51,137,1,ml/l
12031,4052,29,64,-,
12032,4053,5,18,2,ml/m2
12033,4053,5,124,2,ml/m2
12034,4053,5,195,2,ml/m2
12035,4054,14,111,"1,5",g/l
12036,4055,4,45,2,g/l
12037,4055,55,208,5,gr/Pohon
12038,4056,28,46,3,g/l
12039,4056,11,46,3,g/l
12040,4057,50,1406,"60 ml/l dengan aplikasi toping, 5 ml/pohon",-
12041,4058,6,36,"2 - 2,5",l/ha
12042,4058,6,60,"2 - 2,5",l/ha
12043,4058,6,66,"2 - 2,5",l/ha
12044,4058,10,9,"0,5 - 1",l/ha
12045,4058,10,6,"0,5 - 1",l/ha
12046,4058,10,35,"0,5 - 1",l/ha
12047,4060,37,18,,-
12048,4060,37,124,,-
12049,4061,29,64,,
12050,4062,35,28,,
12051,4062,35,1053,,
12052,4062,35,26,,
12053,4062,35,32,,
12054,4062,35,27,,
12055,4062,35,24,,
12056,4062,35,31,,
12057,4062,35,9,150 - 200,g/ha
12058,4062,35,25,,
12059,4062,35,29,,
12060,4062,35,128,150 - 200,g/ha
12061,4062,35,2,,
12062,4062,35,370,,
12063,4062,35,69,,
12064,4062,35,415,,
12065,4062,432,6,,-
12066,4062,432,9,,-
12067,4062,432,29,,-
12068,4062,432,24,150 - 200,g/ha
12069,4062,432,57,,-
12070,4062,432,4,,-
12071,4062,432,69,150 - 200,g/ha
12072,4062,432,152,,-
12073,4062,432,1225,,
12074,4062,432,54,150 - 200,g/ha
12075,4063,18,1407,2 - 3,l/ha
12076,4063,18,57,2 - 3,l/ha
12077,4063,18,6,2 - 3,l/ha
12078,4063,18,66,2 - 3,l/ha
12079,4063,18,36,2 - 3,l/ha
12080,4063,18,35,2 - 3,l/ha
12081,4063,18,4,2 - 3,l/ha
12082,4064,11,182,1000,ml/ha
12083,4064,11,1408,1000,ml/ha
12084,4064,4,16,3.75,ml/l
12085,4064,4,23,2.5,ml/l
12086,4064,4,44,2.5,ml/l
12087,4064,4,81,2.5,ml/l
12088,4064,33,16,2,ml/l
12089,4064,33,283,2,ml/l
12090,4064,33,142,2,ml/l
12091,4064,33,73,2,ml/l
12092,4064,74,16,"2,5",ml/l
12093,4064,74,81,"2,25",ml/l
12094,4064,28,23,2,ml/l
12095,4064,28,142,2,ml/l
12096,4064,28,16,2,ml/l
12097,4064,28,81,2,ml/l
12098,4064,14,121,2,ml/l
12099,4064,14,109,2,ml/l
12100,4064,73,121,"1,25",l/ha
12101,4064,73,16,"1,25",l/ha
12102,4064,44,119,2,ml/l
12103,4064,44,118,2,ml/l
12104,4065,3,10,1.5,ml/l
12105,4066,2,1409,"0,6",ml/l
12106,4066,2,187,"0,6",ml/l
12107,4068,2,114,2,ml/l
12108,4069,55,208,2,g/l
12109,4070,6,6,1 - 2,l/ha
12110,4070,6,57,1 - 2,l/ha
12111,4070,6,30,1 - 2,l/ha
12112,4070,6,544,1 - 2,l/ha
12113,4070,6,116,1 - 2,l/ha
12114,4070,6,9,1.5 - 2,l/ha
12115,4070,6,902,1 - 2,l/ha
12116,4070,6,66,1 - 2,l/ha
12117,4070,6,38,1.5 - 2,l/ha
12118,4070,6,36,1.5 - 2,l/ha
12119,4070,6,51,1 -2,l/ha
12120,4070,6,3,1 -2,l/ha
12121,4072,2,188,1,ml/l
12122,4073,35,74,"0,75 - 1,5",l/ha
12123,4073,35,9,"0,75 - 1,5",l/ha
12124,4073,35,30,,-
12125,4074,325,81,2,ml/l
12126,4076,6,190,3 - 4,l/ha
12127,4076,6,1027,3 - 4,l/ha
12128,4076,6,66,3 - 4,l/ha
12129,4076,6,9,3 - 4,l/ha
12130,4076,6,24,3 - 4,l/ha
12131,4076,6,6,3 - 4,l/ha
12132,4076,6,77,3 - 4,l/ha
12133,4076,6,52,3 - 4,l/ha
12134,4076,6,4,3 - 4,l/ha
12135,4076,6,38,3 - 4,l/ha
12136,4076,6,36,3 - 4,l/ha
12137,4076,6,34,3 - 4,l/ha
12138,4076,6,94,3 - 4,l/ha
12139,4077,29,64,,
12140,4079,37,91,,-
12141,4079,37,92,,-
12142,4079,37,124,,-
12143,4079,37,18,,-
12144,4079,37,195,,-
12145,4080,521,1410,-,
12146,4081,64,173,,-
12147,4081,64,171,10 pelet/ton,-
12148,4082,140,1411,1,ml/l
12149,4082,51,1412,0.4,ml/l
12150,4082,248,1413,1,ml/l
12151,4082,50,1414,2,ml/l
12152,4082,52,1415,0.5,ml/l
12153,4082,79,1416,1,ml/l
12154,4083,2,14,"1,5 - 2",g/l
12155,4083,4,45,"0,5",g/l
12156,4084,522,14,4,ml/l
12157,4084,522,180,4,ml/l
12158,4084,523,45,2,ml/l
12159,4084,524,1417,4,ml/l
12160,4084,524,180,4,ml/l
12161,4084,525,45,4,ml/l
12162,4085,53,1304,,-
12163,4085,53,41,300 - 600,g/ha
12164,4085,53,40,,-
12165,4085,53,82,,-
12166,4085,53,79,300 - 600,g/ha
12167,4085,53,127,,-
12168,4085,53,74,300 - 600,g/ha
12169,4086,526,241,1 tablet/1 ton beras,-
12170,4086,526,171,1 tablet/1 ton beras,-
12171,4087,14,64,3 ml/l 3 dan 6 MST,-
12172,4088,14,233,"1,5",ml/l
12173,4089,85,239,-,%
12174,4089,85,18,Siap pakai,%
12175,4090,13,48,"0,08",gr/Pohon
12176,4091,35,7,"0,75 - 1,25",kg/ha
12177,4091,35,6,"0,75 - 1,25",kg/ha
12178,4091,35,56,"0,75 - 1,25",kg/ha
12179,4092,527,10,500,ml/ha
12180,4093,33,73,2,ml/l
12181,4093,33,283,1.5 - 2,ml/l
12182,4094,6,66,2 - 2.5,l/ha
12183,4094,6,6,2 - 2.5,l/ha
12184,4094,6,52,2 - 2.5,l/ha
12185,4094,6,53,2 - 2.5,l/ha
12186,4095,11,64,20,g/ha
12187,4096,474,124,100,ml/ha
12188,4096,474,18,100,ml/ha
12189,4096,474,124,100,ml/ha
12190,4096,474,18,100,ml/ha
12191,4097,37,18,,
12192,4097,37,124,,-
12193,4098,33,1418,4.5,ml/kg benih
12194,4098,33,184,6.25,ml/kg benih
12195,4098,33,283,12.5,ml/kg benih
12196,4098,2,11,4,ml/kg benih
12197,4098,51,184,2,ml/kg benih
12198,4098,10,688,4,ml/kg benih
12199,4098,528,694,6,ml/kg benih
12200,4099,11,428,3,g/l
12201,4100,11,1419,1,l/ha
12202,4100,4,1143,750,ml/ha
12203,4100,380,1143,1.5,ml/l
12204,4100,335,1143,0.5,l/ha
12205,4100,28,1143,600,ml/ha
12206,4100,74,1143,0.5,l/ha
12207,4100,40,1143,0.5,l/ha
12208,4102,3,14,"0,75",g/l
12209,4103,6,38,1 - 2,l/ha
12210,4103,6,34,1 - 2,l/ha
12211,4103,6,30,1 - 2,l/ha
12212,4104,10,30,0.75 – 1.25,kg/ha
12213,4104,10,9,0.75 – 1.25,kg/ha
12214,4104,10,69,0.75 – 1.25,kg/ha
12215,4105,14,50,4,ml/l
12216,4106,8,60,1.5-3,l/ha
12217,4106,8,6,1.5-3,l/ha
12218,4106,8,66,1.5-3,l/ha
12219,4106,8,53,1.5-3,l/ha
12220,4106,8,38,1.5-3,l/ha
12221,4106,8,36,1.5-3,l/ha
12222,4106,8,34,1.5-3,l/ha
12223,4107,14,81,1,g/l
12224,4109,529,1420,"2,5",ml/10000 m3
12225,4109,529,1421,"2,5",ml/10000 m3
12226,4109,529,1420,"2,5",ml/10000 m3
12227,4109,529,1422,"2,5",ml/10000 m3
12228,4109,529,1423,50,ml/ha
12229,4109,529,1424,"2,5",ml/10000 m3
12230,4109,529,1425,50,ml/ha
12231,4109,529,1426,50,ml/ha
12232,4109,529,1425,50,ml/ha
12233,4109,529,1426,50,ml/ha
12234,4110,136,1227,-,-
12235,4112,57,52,"1,5 - 3",l/ha
12236,4112,57,66,"1,5 - 3",l/ha
12237,4112,57,9,"1,5 - 3",l/ha
12238,4112,57,58,"1,5 - 3",l/ha
12239,4112,57,60,"1,5 - 3",l/ha
12240,4112,57,6,"1,5 - 3",l/ha
12241,4112,57,38,"1,5 - 3",l/ha
12242,4112,57,36,"1,5 - 3",l/ha
12243,4112,57,51,"1,5 - 3",l/ha
12244,4112,57,35,"1,5 - 3",l/ha
12245,4112,57,34,"1,5 - 3",l/ha
12246,4113,113,719,"1 - 1,5",l/ha
12247,4113,113,41,"1 - 1,5",l/ha
12248,4113,113,126,"1 - 1,5",l/ha
12249,4114,1,1427,15,kg/ha
12250,4114,2,1428,15,kg/ha
12251,4115,18,3,"1,5 - 2",l/ha
12252,4115,18,36,"1,5 - 2",l/ha
12253,4115,18,60,1.5-2,l/ha
12254,4115,18,451,1.5-2,l/ha
12255,4115,18,6,1.5-2,l/ha
12256,4115,18,9,1.5-2,l/ha
12257,4115,18,66,1.5-2,l/ha
12258,4116,530,109,1.125,ml/l
12259,4116,531,119,1.5,ml/l
12260,4116,531,118,1.5,ml/l
12261,4116,532,45,2,ml/l
12262,4116,532,209,2,ml/l
12263,4116,533,182,1.5,ml/l
12264,4116,533,81,1.5,ml/l
12265,4116,533,817,1.5,ml/l
12266,4116,533,529,1.5,ml/l
12267,4116,533,907,1.5,ml/l
12268,4116,534,81,3,ml/l
12269,4116,534,907,3,ml/l
12270,4116,534,45,3,ml/l
12271,4116,534,182,3,ml/l
12272,4116,535,1144,2,ml/l
12273,4116,535,1429,2,ml/l
12274,4116,536,1430,2,ml/l
12275,4116,308,213,2,ml/l
12276,4116,308,182,2,ml/l
12277,4116,537,251,2,ml/l
12278,4116,537,45,2,ml/l
12279,4116,538,179,1,ml/l
12280,4117,202,124,75.0,ml/ha
12281,4117,202,608,75.0,ml/ha
12282,4117,202,18,75.0,ml/ha
12283,4118,55,254,125,ml/ha
12284,4118,51,45,1,ml/l
12285,4118,51,519,1,ml/l
12286,4118,51,636,1,ml/l
12287,4118,51,1431,1,ml/l
12288,4118,10,226,"1,5",ml/l
12289,4118,36,110,1,ml/l
12290,4118,36,170,"0,5",ml/l
12291,4118,14,109,2,ml/l
12292,4118,20,170,1,ml/l
12293,4118,20,530,1,ml/l
12294,4118,50,833,"0,5",ml/l
12295,4118,44,1068,"1,5",ml/l
12296,4119,11,142,0.4,ml/l
12297,4119,30,819,2,ml/l
12298,4119,27,817,1.00,ml/l
12299,4119,20,530,0.4,ml/l
12300,4119,372,142,1.00,ml/l
12301,4119,372,81,1.00,ml/l
12302,4119,4,700,0.50,ml/l
12303,4119,4,81,0.50,ml/l
12304,4119,50,81,0.25,ml/l
12305,4119,40,817,0.25,ml/l
12306,4119,55,47,2.00,ml/l
12307,4119,33,182,0.25,ml/l
12308,4119,79,1432,0.25,ml/l
12309,4119,10,937,0.50,ml/l
12310,4119,10,676,1.00,ml/l
12311,4119,137,1433,0.20,ml/l
12312,4119,28,817,0.25,ml/l
12313,4120,6,38,1.5 - 2.5,l/ha
12314,4120,6,36,1.5 - 2.5,l/ha
12315,4120,6,1004,1.5 - 2.5,l/ha
12316,4120,6,57,1.5 - 2.5,l/ha
12317,4121,71,35,"1,875 - 2,5",l/ha
12318,4121,71,38,-,-
12319,4121,71,34,-,-
12320,4121,71,51,-,-
12321,4121,71,30,-,-
12322,4121,71,9,"1,875 - 2,5",l/ha
12323,4121,71,6,-,-
12324,4122,11,46,2,g/l
12325,4123,248,6,"1,5 - 3",kg/ha
12326,4123,248,5,"1,5 - 3",kg/ha
12327,4123,248,4,"1,5 - 3",kg/ha
12328,4123,1,1434,"1,5 - 3",kg/ha
12329,4123,1,6,"1,5 - 2",kg/ha
12330,4123,1,9,"1,5 - 2",kg/ha
12331,4123,1,24,"1,5 - 2",kg/ha
12332,4124,3,2,200 - 300,ml/ha
12333,4124,3,97,,-
12334,4124,3,39,200 - 300,ml/ha
12335,4124,3,150,,-
12336,4124,3,95,,-
12337,4124,3,127,200 - 300,ml/ha
12338,4126,3,14,1,g/l
12339,4127,11,46,1,ml/l
12340,4128,4,44,1,ml/l
12341,4129,9,42,"0,9 - 1,8",l/ha
12342,4129,9,113,"0,9 - 1,8",l/ha
12343,4129,9,79,,-
12344,4129,9,74,"0,9 - 1,8",l/ha
12345,4130,35,153,1.5 - 3,kg/ha
12346,4130,35,9,1.5 - 3,kg/ha
12347,4130,35,824,1.5 - 3,kg/ha
12348,4130,35,71,1.5 - 3,kg/ha
12349,4130,35,2,1.5 - 3,kg/ha
12350,4130,35,4,1.5 - 3,kg/ha
12351,4132,10,4,"1,5 - 2",kg/ha
12352,4132,10,35,"1,5 - 2",kg/ha
12353,4132,10,69,"1,5 - 2",kg/ha
12354,4132,10,30,"1,5 - 2",kg/ha
12355,4132,10,6,"1,5 - 2",kg/ha
12356,4132,10,1435,"1,5 - 2",kg/ha
12357,4132,10,9,"1,5 - 2",kg/ha
12358,4133,8,30,100 - 150,g/ha
12359,4133,8,9,100 - 150,g/ha
12360,4133,8,66,100 - 150,g/ha
12361,4133,8,58,100 - 150,g/ha
12362,4133,8,57,100 - 150,g/ha
12363,4133,8,6,100 - 150,g/ha
12364,4133,8,52,100 - 150,g/ha
12365,4134,4,44,0.75,ml/l
12366,4134,4,45,4,ml/l
12367,4134,4,1436,1.5,ml/l
12368,4135,33,283,"1,5",ml/l
12369,4135,33,73,"1,5",ml/l
12370,4136,539,82,,-
12371,4136,539,147,,-
12372,4136,539,148,"1,5 - 3",l/ha
12373,4136,539,112,,-
12374,4136,539,41,"1,5 - 3",l/ha
12375,4136,539,150,,-
12376,4137,14,111,1,ml/l
12377,4138,6,36,"1,5 - 3",l/ha
12378,4138,6,38,"1,5 - 3",l/ha
12379,4138,6,6,"1,5 - 3",l/ha
12380,4138,6,30,"1,5 - 3",l/ha
12381,4139,80,269,1,ml/l
12382,4139,28,142,1,ml/l
12383,4139,372,44,1,ml/l
12384,4140,14,111,"1,5",ml/l
12385,4142,51,137,2.0,ml/l
12386,4144,11,46,"0,75",ml/l
12387,4144,73,201,"0,75",ml/l
12388,4144,74,201,"0,75",ml/l
12389,4144,28,46,"0,75",ml/l
12390,4145,540,38,"1,5 - 2",l/ha
12391,4145,540,6,"1,5 - 2",l/ha
12392,4146,4,610,2,ml/l
12393,4147,10,250,20,kg/ha
12394,4148,225,1437,"0,5 g/l pada 14 HST",-
12395,4149,8,6,,-
12396,4149,8,66,,-
12397,4149,8,57,2 - 4,l/ha
12398,4149,8,9,,-
12399,4149,8,36,,-
12400,4149,8,69,,-
12401,4149,8,38,,-
12402,4149,8,4,2 - 4,l/ha
12403,4150,11,428,"1,5",ml/l
12404,4150,28,46,1,ml/l
12405,4150,140,392,1,ml/l
12406,4150,4,102,1,ml/l
12407,4151,11,164,1.5,g/l
12408,4152,9,42,1 - 2,l/ha
12409,4152,9,40,1 - 2,l/ha
12410,4152,9,41,1 - 2,l/ha
12411,4152,9,147,1 - 2,l/ha
12412,4152,9,95,1 - 2,l/ha
12413,4152,9,74,1 - 2,l/ha
12414,4153,3,1438,"0,75 - 1,25",kg/ha
12415,4153,3,39,"0,75 - 1,25",kg/ha
12416,4153,3,41,"0,75 - 1,25",kg/ha
12417,4153,3,42,"0,75 - 1,25",kg/ha
12418,4154,6,38,"1,5 - 2",l/ha
12419,4154,6,35,"1,5 - 2",l/ha
12420,4154,6,66,"1,5 - 2",l/ha
12421,4154,6,6,"1,5 - 2",l/ha
12422,4155,111,47,4 m2/l,-
12423,4158,4,81,2,ml/l
12424,4159,44,119,1,ml/l
12425,4160,37,91,"0,4",g/l
12426,4160,405,18,"0,5",g/l
12427,4160,405,124,"0,25",g/l
12428,4161,3,42,"1,5 - 2",l/ha
12429,4161,3,134,,-
12430,4162,37,18,,-
12431,4162,37,124,,-
12432,4162,37,195,,-
12433,4162,37,92,,-
12434,4162,37,91,,-
12435,4164,2,14,10,ml/l
12436,4165,17,6,"2,625 - 3,5",l/ha
12437,4165,17,51,"2,625 - 3,5",l/ha
12438,4165,17,34,"2,625 - 3,5",l/ha
12439,4165,17,1439,"2,625 - 3,5",l/ha
12440,4166,8,30,,-
12441,4166,8,223,"1,5 - 3",l/ha
12442,4166,8,827,,-
12443,4166,8,6,,-
12444,4166,8,38,"1,5 - 3",l/ha
12445,4166,8,36,,-
12446,4167,4,45,2,ml/l
12447,4168,44,118,2,ml/l
12448,4169,8,6,,-
12449,4169,8,52,,-
12450,4169,8,451,,-
12451,4169,8,9,,-
12452,4169,8,30,"1 - 1,5",l/ha
12453,4169,8,66,,-
12454,4170,4,285,1.5,ml/l
12455,4171,55,344,2,g/l
12456,4172,106,1440,1.5 - 3,l/ha
12457,4172,106,1441,1.5 - 3,l/ha
12458,4172,106,66,1.5 - 3,l/ha
12459,4172,106,235,1.5 - 3,l/ha
12460,4172,106,30,1.5 - 3,l/ha
12461,4172,106,1027,1.5 - 3,l/ha
12462,4172,6,94,1.5 - 3,l/ha
12463,4172,6,38,1.5 - 3,l/ha
12464,4172,6,35,1.5 - 3,l/ha
12465,4172,6,9,1.5 - 3,l/ha
12466,4172,6,66,1.5 - 3,l/ha
12467,4172,6,1442,1.5 - 3,l/ha
12468,4172,6,235,1.5 - 3,l/ha
12469,4172,221,38,1.5 - 2,l/ha
12470,4172,221,71,1.5 - 2,l/ha
12471,4172,221,76,1.5 - 2,l/ha
12472,4172,42,1357,1.5 - 3,l/ha
12473,4172,42,35,1.5 - 3,l/ha
12474,4172,42,36,1.5 - 3,l/ha
12475,4172,42,235,1.5 - 3,l/ha
12476,4172,42,66,1.5 - 3,l/ha
12477,4172,42,6,1.5 - 3,l/ha
12478,4172,42,53,1.5 - 3,l/ha
12479,4172,42,58,1.5 - 3,l/ha
12480,4172,91,9,2 - 3,l/ha
12481,4172,91,30,2 - 3,l/ha
12482,4172,91,895,2 - 3,l/ha
12483,4172,91,34,2 - 3,l/ha
12484,4172,91,35,2 - 3,l/ha
12485,4172,541,58,1.5 - 3,l/ha
12486,4172,541,9,1.5 - 3,l/ha
12487,4172,541,369,1.5 - 3,l/ha
12488,4172,541,38,1.5 - 3,l/ha
12489,4173,4,81,"0,5",ml/l
12490,4174,116,42,1500 - 2250,ml/ha
12491,4174,116,134,1500 - 2250,ml/ha
12492,4174,116,41,1500 - 2250,ml/ha
12493,4174,116,95,1500 - 2250,ml/ha
12494,4174,116,127,1500 - 2250,ml/ha
12495,4174,116,74,1500 - 2250,ml/ha
12496,4174,116,141,1500 -2250,ml/ha
12497,4175,50,833,"0,75",g/l
12498,4175,50,45,"1,5",g/l
12499,4175,4,23,2,g/l
12500,4175,51,45,"1,5",g/l
12501,4175,14,109,"1,5",g/l
12502,4176,29,64,-,
12503,4177,444,825,,-
12504,4178,542,1443,"2,25",ml/l
12505,4178,2,11,1,ml/l
12506,4178,2,14,1,ml/l
12507,4178,4,44,2,ml/l
12508,4180,8,451,1.5 - 3,l/ha
12509,4180,8,57,1.5 - 3,l/ha
12510,4180,8,66,1.5 - 3,l/ha
12511,4180,8,30,1.5 - 3,l/ha
12512,4180,8,6,1.5 - 3,l/ha
12513,4180,8,51,1.5 - 3,l/ha
12514,4180,8,35,1.5 - 3,l/ha
12515,4180,8,255,1.5 - 3,l/ha
12516,4180,8,36,1.5 - 3,l/ha
12517,4180,8,69,1.5 - 3,l/ha
12518,4181,28,106,0.75,ml/l
12519,4181,28,396,0.75,ml/l
12520,4181,40,101,1,ml/l
12521,4181,40,224,1,ml/l
12522,4181,14,50,1,ml/l
12523,4181,79,483,1,ml/l
12524,4181,79,670,1,ml/l
12525,4181,2,1343,0.75,ml/l
12526,4181,30,103,2,ml/l
12527,4181,11,164,1,ml/l
12528,4181,36,1355,2,ml/l
12529,4181,27,396,1,ml/l
12530,4181,27,330,0.5,ml/l
12531,4181,4,102,1,ml/l
12532,4182,4,44,1,ml/l
12533,4183,8,34,"1,5 - 3",l/ha
12534,4183,8,38,,-
12535,4183,8,9,,-
12536,4183,8,136,"1,5 - 3",l/ha
12537,4184,134,1271,"0,5",kg/ha
12538,4185,3,83,"1,2",ml/l
12539,4186,263,128,,-
12540,4186,263,35,2 - 4,l/ha
12541,4186,263,4,,-
12542,4186,263,3,,-
12543,4186,263,30,2 - 4,l/ha
12544,4186,263,9,,-
12545,4186,263,24,,-
12546,4187,14,111,"1,5",g/l
12547,4188,6,9,,-
12548,4188,6,66,"1,5 - 2",l/ha
12549,4188,6,34,"1,5 - 2",l/ha
12550,4188,106,60,,-
12551,4188,106,6,"1,5 - 3",l/ha
12552,4188,106,9,,-
12553,4188,106,38,"1,5 - 3",l/ha
12554,4188,42,36,2 - 3,l/ha
12555,4188,42,31,,-
12556,4188,42,6,2 - 3,l/ha
12557,4189,55,1444,"0,75-1.5",l/ha
12558,4189,55,1445,"0,75-1.5",l/ha
12559,4189,55,1446,"0,75-1.5",l/ha
12560,4190,14,50,1,g/l
12561,4191,55,207,1,ml/l
12562,4191,51,45,1,ml/l
12563,4191,27,1187,"1,5",ml/l
12564,4192,37,18,,-
12565,4192,37,124,,
12566,4192,37,195,,-
12567,4193,11,46,2,g/l
12568,4196,8,58,,-
12569,4196,8,9,"1,5 - 3",l/ha
12570,4196,8,6,,-
12571,4196,8,38,,-
12572,4196,8,34,,-
12573,4196,8,35,"1,5 - 3",l/ha
12574,4197,29,64,-,%
12575,4198,243,18,0.0075,%
12576,4198,243,124,0.0075,%
12577,4200,51,70,3.75 - 7.5,l/ha
12578,4200,51,708,3.75 - 7.5,l/ha
12579,4200,51,2,3.75 - 7.5,l/ha
12580,4200,51,709,3.75 - 7.5,l/ha
12581,4200,51,710,3.75 - 7.5,l/ha
12582,4201,10,43,2,ml/l
12583,4202,3,14,"0,75",g/l
12584,4203,6,58,"1,5 - 2",l/ha
12585,4203,6,66,"1,5 - 2",l/ha
12586,4203,6,35,"1,5 - 2",l/ha
12587,4204,51,1447,2,g/l
12588,4204,51,435,2,g/l
12589,4204,2,279,2,g/l
12590,4204,2,10,3,kg/ha
12591,4204,40,101,2,g/l
12592,4204,33,1448,"1,5",g/l
12593,4204,81,106,"1,5",g/l
12594,4204,81,413,1,g/l
12595,4204,13,387,2,g/l
12596,4205,51,35,200-300,ml/ha
12597,4205,51,4,200-300,ml/ha
12598,4205,3,248,200-250,ml/ha
12599,4205,3,82,200-250,ml/ha
12600,4206,474,195,2,ml/l
12601,4206,474,231,2,ml/l
12602,4206,474,92,2,ml/l
12603,4206,474,91,2,ml/l
12604,4206,474,253,2,ml/l
12605,4207,55,66,"1,5 - 3",l/ha
12606,4207,55,235,"1,5 - 3",l/ha
12607,4207,55,548,"1,5 - 3",l/ha
12608,4207,55,58,"1,5 - 3",l/ha
12609,4207,55,38,"1,5 - 3",l/ha
12610,4208,8,34,,-
12611,4208,8,4,"1,5 – 3",l/ha
12612,4208,8,38,,-
12613,4208,8,35,,-
12614,4208,8,30,,-
12615,4208,8,130,"1,5 – 3",l/ha
12616,4208,8,6,,-
12617,4209,83,467,6,ml/l
12618,4209,83,1449,6,ml/l
12619,4211,35,54,200 - 300,g/ha
12620,4211,35,1450,200-300,g/ha
12621,4211,35,68,200-300,g/ha
12622,4211,35,382,200-300,g/ha
12623,4211,35,1451,200-300,g/ha
12624,4211,35,32,200-300,g/ha
12625,4211,35,6,200-300,g/ha
12626,4211,35,1452,200-300,g/ha
12627,4211,35,27,200-300,g/ha
12628,4211,35,25,200-300,g/ha
12629,4211,35,29,200-300,g/ha
12630,4212,28,46,1,g/l
12631,4212,11,46,1,g/l
12632,4212,4,102,1.5,g/l
12633,4213,3,74,45 - 75,g/ha
12634,4213,3,42,,-
12635,4213,3,41,,-
12636,4213,3,134,45 - 75,g/ha
12637,4214,14,50,"0,75",g/l
12638,4215,28,23,1,ml/l
12639,4216,14,1453,2,ml/l
12640,4217,2,115,3,ml/l
12641,4217,2,114,2,ml/l
12642,4218,29,64,-,
12643,4219,11,1454,1,g/l
12644,4219,4,102,1,g/l
12645,4219,51,435,"2,25",g/l
12646,4221,18,38,,-
12647,4221,18,34,"1,5 - 3",l/ha
12648,4221,18,66,"1,5 - 3",l/ha
12649,4221,18,9,,-
12650,4221,18,57,,-
12651,4222,14,109,1,ml/l
12652,4225,28,23,"0,75",ml/l
12653,4228,4,102,0.5,ml/l
12654,4229,9,127,"1 - 1,5",l/ha
12655,4229,9,74,"1 - 1,5",l/ha
12656,4229,9,95,"1 - 1,5",l/ha
12657,4229,9,82,"1 - 1,5",l/ha
12658,4229,9,35,"1 - 1,5",l/ha
12659,4229,9,1455,"1 - 1,5",l/ha
12660,4229,9,40,"1 - 1,5",l/ha
12661,4229,9,39,"1 - 1,5",l/ha
12662,4229,9,41,"1 - 1,5",l/ha
12663,4230,8,58,1.5-3,l/ha
12664,4230,8,9,1.5-3,l/ha
12665,4230,8,66,1.5-3,l/ha
12666,4230,8,35,1.5-3,l/ha
12667,4230,117,34,1-2,l/ha
12668,4230,117,38,1-2,l/ha
12669,4230,117,9,1.5-2,l/ha
12670,4230,117,6,1.5-2,l/ha
12671,4230,117,58,1.5-2,l/ha
12672,4231,543,68,500-750,l/ha
12673,4231,543,4,500-750,l/ha
12674,4231,543,153,500-750,l/ha
12675,4231,543,27,500-750,l/ha
12676,4231,1,4,300 – 500,ml/ha
12677,4231,1,128,300 – 500,ml/ha
12678,4231,1,24,300 – 500,ml/ha
12679,4231,1,29,300 – 500,ml/ha
12680,4232,4,81,"1,5",ml/l
12681,4232,2,114,1,ml/l
12682,4232,2,14,1,ml/l
12683,4232,2,83,1,ml/l
12684,4233,28,46,2,g/l
12685,4234,24,35,2 - 3,l/ha
12686,4234,24,24,2 - 3,l/ha
12687,4234,24,9,2 - 3,l/ha
12688,4235,44,118,1,ml/l
12689,4236,48,35,,-
12690,4236,48,66,,-
12691,4236,48,52,"1,5 - 3",l/ha
12692,4237,14,413,"1,5",g/l
12693,4238,4,102,0.5,ml/l
12694,4238,79,483,0.75,ml/l
12695,4238,28,164,0.5,ml/l
12696,4238,74,330,0.6,ml/l
12697,4238,40,330,0.6,ml/l
12698,4238,14,50,0.6,ml/l
12699,4238,30,103,0.75,ml/l
12700,4238,27,478,0.5,ml/l
12701,4239,544,74,,-
12702,4239,544,90,"0,75-1,5",l/ha
12703,4239,544,41,"0,75-1,5",l/ha
12704,4239,544,1006,,-
12705,4240,44,118,1.5,ml/l
12706,4241,51,82,"1-1,5",l/ha
12707,4241,51,69,"1-1,5",l/ha
12708,4241,51,4,"1-1,5",l/ha
12709,4241,545,82,"0,5-0,75",l/ha
12710,4241,545,79,"0,5-0,75",l/ha
12711,4241,14,69,"1-1,5",l/ha
12712,4241,14,82,"1-1,5",l/ha
12713,4242,3,74,,-
12714,4242,3,1456,40 - 80,g/ha
12715,4243,4,44,1,ml/l
12716,4244,6,66,1 - 2,l/ha
12717,4244,6,58,1 - 2,l/ha
12718,4244,6,6,1 - 2,l/ha
12719,4244,6,9,1 - 2,l/ha
12720,4245,14,109,1,ml/l
12721,4246,14,269,1,ml/l
12722,4247,14,111,"1,5",g/l
12723,4249,51,159,1.5,g/l
12724,4250,2,83,10,kg/ha
12725,4250,2,14,17,kg/ha
12726,4250,2,323,20,kg/ha
12727,4250,2,1046,15-20,kg/ha
12728,4250,1,212,"50,5",kg/ha
12729,4250,1,789,"50,5",kg/ha
12730,4251,37,18,,-
12731,4251,37,124,,-
12732,4252,3,42,300 - 600,g/ha
12733,4252,3,41,300 - 600,g/ha
12734,4252,3,859,300 - 600,g/ha
12735,4252,3,95,300 - 600,g/ha
12736,4254,4,102,"1,5",g/l
12737,4254,4,103,"1,5",g/l
12738,4254,28,46,"1,5",g/l
12739,4254,14,50,"1,5",g/l
12740,4254,11,46,"2,25",g/l
12741,4255,546,195,,-
12742,4256,131,58,2 - 4,l/ha
12743,4256,131,616,,-
12744,4256,131,9,,-
12745,4256,131,223,,-
12746,4256,131,34,,-
12747,4256,131,38,2 - 4,l/ha
12748,4257,14,111,1,ml/l
12749,4258,545,82,,-
12750,4258,545,79,1250-1500,ml/ha
12751,4259,150,248,0.75-1.5,g/l
12752,4259,150,141,0.75-1.5,g/l
12753,4259,150,42,0.75-1.5,ml/l
12754,4259,150,39,0.75-1.5,ml/l
12755,4259,150,41,0.75-1.5,ml/l
12756,4260,13,566,1,ml/pohon
12757,4261,2,236,12,kg/ha
12758,4261,2,14,6,kg/ha
12759,4261,10,209,4,gr/Pohon
12760,4261,55,207,5,gr/Pohon
12761,4261,140,1356,10,gr/Pohon
12762,4262,9,79,1.5-3,l/ha
12763,4262,9,100,1.5-3,l/ha
12764,4262,9,95,1.5-3,l/ha
12765,4262,9,74,1.5-3,l/ha
12766,4262,9,127,1.5-3,l/ha
12767,4262,9,1457,1.5-3,l/ha
12768,4262,9,42,1.5-3,l/ha
12769,4262,9,41,1.5-3,l/ha
12770,4263,8,38,"2,25 - 4,5",l/ha
12771,4263,8,51,"2,25 - 4,5",l/ha
12772,4263,8,36,"2,25 - 4,5",l/ha
12773,4263,8,35,"2,25 - 4,5",l/ha
12774,4263,8,66,"2,25 - 4,5",l/ha
12775,4263,8,58,"2,25 - 4,5",l/ha
12776,4263,8,57,"2,25 - 4,5",l/ha
12777,4263,8,6,"2,25 - 4,5",l/ha
12778,4264,218,6,200 - 300,g/ha
12779,4264,218,70,200 - 300,g/ha
12780,4264,218,30,200 - 300,g/ha
12781,4264,218,1458,200 - 300,g/ha
12782,4264,218,9,200 - 300,g/ha
12783,4264,218,443,200 - 300,g/ha
12784,4264,218,4,200 - 300,g/ha
12785,4264,218,69,200 - 300,g/ha
12786,4265,13,1459,"0,6",gr/Pohon
12787,4266,3,14,2.25,l/ha
12788,4267,36,177,1,ml/l
12789,4267,36,170,1,ml/l
12790,4268,9,42,0.75 - 1.5,l/ha
12791,4268,9,41,0.75 - 1.5,l/ha
12792,4268,9,1460,0.75 - 1.5,l/ha
12793,4268,9,74,0.75 - 1.5,l/ha
12794,4269,10,23,2,g/l
12795,4270,14,111,1,g/l
12796,4270,2,14,1,g/l
12797,4270,2,681,1,g/l
12798,4271,4,285,1,ml/l
12799,4272,48,38,"2,25 - 4,5",l/ha
12800,4272,48,34,"2,25 - 4,5",l/ha
12801,4272,48,4,"2,25 - 4,5",l/ha
12802,4272,48,35,"2,25 - 4,5",l/ha
12803,4272,48,57,,
12804,4272,48,25,,
12805,4272,48,30,,
12806,4272,48,130,,
12807,4272,48,7,,
12808,4272,8,24,"3,5 - 4,5",l/ha
12809,4272,8,6,"3,5 - 4,5",l/ha
12810,4272,8,130,"3,5 - 4,5",l/ha
12811,4272,8,30,"3,5 - 4,5",l/ha
12812,4272,8,218,"3,5 - 4,5",l/ha
12813,4272,8,38,"3,5 - 4,5",l/ha
12814,4272,8,34,"3,5 - 4,5",l/ha
12815,4272,8,4,"3,5 - 4,5",l/ha
12816,4272,257,54,"2,25 - 4,5",l/ha
12817,4272,257,4,"2,25 - 4,5",l/ha
12818,4272,257,69,"2,25 - 4,5",l/ha
12819,4272,257,128,"2,25 - 4,5",l/ha
12820,4272,257,35,"2,25 - 4,5",l/ha
12821,4272,257,60,"2,25 - 4,5",l/ha
12822,4272,257,6,"2,25 - 4,5",l/ha
12823,4272,257,9,"2,25 - 4,5",l/ha
12824,4272,257,58,"2,25 - 4,5",l/ha
12825,4272,257,57,"2,25 - 4,5",l/ha
12826,4272,19,30,"3 - 4,5",l/ha
12827,4272,19,24,"3 - 4,5",l/ha
12828,4272,19,25,"3 - 4,5",l/ha
12829,4272,19,130,"3 - 4,5",l/ha
12830,4272,19,29,"3 - 4,5",l/ha
12831,4272,19,152,"3 - 4,5",l/ha
12832,4272,19,4,"3 - 4,5",l/ha
12833,4272,19,218,"3 - 4,5",l/ha
12834,4273,9,40,"1 - 1,5",kg/ha
12835,4273,9,41,"1 - 1,5",kg/ha
12836,4273,9,35,"1 - 1,5",kg/ha
12837,4273,9,141,"1 - 1,5",kg/ha
12838,4273,9,127,"1 - 1,5",kg/ha
12839,4275,14,109,2,ml/l
12840,4276,368,4,"1,5 - 3",l/ha
12841,4276,368,34,"1,5 - 3",l/ha
12842,4276,368,69,"1,5 - 3",l/ha
12843,4276,368,217,"1,5 - 3",l/ha
12844,4276,368,6,"1,5 - 3",l/ha
12845,4276,368,9,"1,5 - 3",l/ha
12846,4277,547,36,3.75 - 7.5,l/ha
12847,4277,547,51,3.75 - 7.5,l/ha
12848,4277,547,35,3.75 - 7.5,l/ha
12849,4277,547,38,3.75 - 7.5,l/ha
12850,4277,547,34,3.75 - 7.5,l/ha
12851,4277,547,9,3.75 - 7.50,l/ha
12852,4277,547,30,3.75 - 7.50,l/ha
12853,4277,547,6,3.75 - 7.50,l/ha
12854,4278,129,365,Izin tetap ulang bahan teknis,
12855,4279,31,36,1 - 3,l/ha
12856,4279,31,234,1 - 3,l/ha
12857,4279,31,94,1 - 3,l/ha
12858,4279,31,4,1 - 3,l/ha
12859,4279,31,122,1 - 3,l/ha
12860,4279,31,30,1 - 3,l/ha
12861,4279,31,9,1 - 3,l/ha
12862,4279,31,29,1 - 3,l/ha
12863,4279,31,24,1 - 3,l/ha
12864,4280,4,106,2,g/l
12865,4280,4,102,2,g/l
12866,4281,11,142,1,ml/l
12867,4281,11,111,1,ml/l
12868,4281,14,142,1,ml/l
12869,4281,14,111,1,ml/l
12870,4282,37,124,,-
12871,4282,37,18,,-
12872,4283,7,69,,-
12873,4283,7,4,75 - 150,ml/ha
12874,4283,7,33,,-
12875,4283,7,6,75 - 150,ml/ha
12876,4283,7,1198,,-
12877,4284,14,111,"1,5",ml/l
12878,4285,68,103,1,ml/l
12879,4286,6,38,"1,5 - 2",l/ha
12880,4286,6,36,"1,5 - 2",l/ha
12881,4286,6,66,"1,5 - 2",l/ha
12882,4286,6,6,"1,5 - 2",l/ha
12883,4288,548,816,1,g/l
12884,4288,340,81,1,g/l
12885,4288,340,44,1,g/l
12886,4288,549,142,1,g/l
12887,4288,549,81,1,g/l
12888,4288,550,14,"1,5",g/l
12889,4289,9,41,,-
12890,4289,9,42,"0,75 - 1,5",l/ha
12891,4289,9,134,,
12892,4289,9,100,,-
12893,4289,9,100,"0,75 - 1,5",l/ha
12894,4289,9,74,"0,75 - 1,5",l/ha
12895,4290,37,195,30,ml/l
12896,4290,37,467,30,ml/l
12897,4291,55,254,"0,4",g/l
12898,4291,28,23,2,g/l
12899,4291,36,170,1,g/l
12900,4292,14,50,1,g/l
12901,4296,3,41,"1 - 1,5",kg/ha
12902,4296,3,82,"1 - 1,5",kg/ha
12903,4296,3,95,"1 - 1,5",kg/ha
12904,4296,3,127,"1 - 1,5",kg/ha
12905,4297,6,9,1 - 2,liter/ha
12906,4297,6,116,1 - 2,liter/ha
12907,4297,6,58,1 - 2,liter/ha
12908,4297,6,34,1 - 2,liter/ha
12909,4297,6,38,1 - 2,liter/ha
12910,4297,6,35,1 - 2,liter/ha
12911,4297,6,51,1 - 2,liter/ha
12912,4298,82,38,2 - 3,l/ha
12913,4298,82,6,2 - 3,l/ha
12914,4299,11,46,"2,4",kg/ha
12915,4299,51,435,3,g/l
12916,4299,4,106,6,g/l
12917,4299,28,93,4,kg/ha
12918,4299,14,50,3,g/l
12919,4300,551,1461,,
12920,4300,551,79,"250 - 312,5",ml/ha
12921,4300,551,97,"250 - 312,5",ml/ha
12922,4300,551,95,"250 - 312,5",ml/ha
12923,4300,552,79,"250 - 312,5",ml/ha
12924,4300,552,95,"250 - 312,5",ml/ha
12925,4300,552,82,"250 - 312,5",ml/ha
12926,4300,553,97,"187,5 - 250",ml/ha
12927,4300,553,1461,,
12928,4300,553,79,"187,5 - 250",ml/ha
12929,4300,553,95,"187,5 - 250",ml/ha
12930,4300,554,82,"187,5 - 250",ml/ha
12931,4300,554,79,,
12932,4300,554,95,"187,5 - 250",ml/ha
12933,4301,13,48,"0,08",gr/Pohon
12934,4303,48,35,,-
12935,4303,48,38,"1,5 - 2,5",l/ha
12936,4303,48,6,,-
12937,4303,48,9,"1,5 - 2,5",l/ha
12938,4304,36,170,"1,5",ml/l
12939,4304,44,118,2,ml/l
12940,4304,51,251,2,ml/l
12941,4304,51,45,2,ml/l
12942,4304,51,651,"1,5",ml/l
12943,4304,55,208,"0,5",ml/l
12944,4306,3,82,"1 - 1,5",l/ha
12945,4307,35,128,"1,5 - 3",l/ha
12946,4307,35,6,,-
12947,4307,35,27,,-
12948,4307,35,29,,-
12949,4307,35,122,,-
12950,4307,35,30,"1,5 - 3",l/ha
12951,4307,35,9,,-
12952,4307,35,24,,-
12953,4307,35,1462,,-
12954,4308,11,46,0.5,ml/l
12955,4309,48,52,500 - 600,ml/ha
12956,4309,48,25,500 - 600,ml/ha
12957,4309,48,130,500 - 600,ml/ha
12958,4309,48,6,500 - 600,ml/ha
12959,4309,48,30,500 - 600,ml/ha
12960,4309,48,35,500 - 600,ml/ha
12961,4309,48,38,500 - 600,ml/ha
12962,4310,37,18,,-
12963,4310,37,124,,-
12964,4311,3,188,1,g/l
12965,4314,37,18,,-
12966,4314,37,124,,-
12967,4315,4,45,"2,5",ml/l
12968,4316,14,50,1,g/l
12969,4316,11,428,2,g/l
12970,4317,27,1463,1,ml/l
12971,4318,8,30,,
12972,4318,8,6,"1,875 – 3,75",l/ha
12973,4318,8,66,,-
12974,4318,8,38,,
12975,4318,8,36,"1,875 – 3,75",l/ha
12976,4318,8,35,,-
12977,4319,14,111,"1,8",ml/l
12978,4320,2,14,2,g/l
12979,4320,2,681,2,g/l
12980,4320,2,83,2,g/l
12981,4320,14,44,"1,5",g/l
12982,4321,17,38,"1,125 - 2,5",l/ha
12983,4321,17,1464,"1,125 - 2,5",l/ha
12984,4321,17,6,"1,125 - 2,5",l/ha
12985,4321,17,66,"1,125 - 2,5",l/ha
12986,4321,6,463,"1,5 - 2,5",l/ha
12987,4321,6,66,"1,5 - 2,5",l/ha
12988,4321,6,51,"1,5 - 2,5",l/ha
12989,4321,6,36,"1,5 - 2,5",l/ha
12990,4321,19,1465,"1,125 - 1,5",l/ha
12991,4321,19,398,"1,125 - 1,5",l/ha
12992,4321,19,4,"1,125 - 1,5",l/ha
12993,4321,19,69,"1,125 - 1,5",l/ha
12994,4321,19,242,"1,125 - 1,5",l/ha
12995,4322,14,109,75,g/ha
12996,4322,2,14,250,g/ha
12997,4322,2,114,250,g/ha
12998,4322,2,83,250,g/ha
12999,4322,4,45,125,g/ha
13000,4323,129,365,izin tetap ulang bahan teknis,%
13001,4324,14,109,3,ml/l
13002,4324,10,23,10,ml/l
13003,4325,11,80,1,ml/l
13004,4326,11,80,1,g/l
13005,4327,201,42,"112,5 -150",ml/ha
13006,4327,201,41,"112,5 -150",ml/ha
13007,4327,201,39,"112,5 -150",ml/ha
13008,4327,201,82,"112,5 -150",ml/ha
13009,4327,201,1466,"112,5 -150",ml/ha
13010,4328,2,224,2,g/l
13011,4329,3,72,1,g/l
13012,4330,29,64,0,ml/l
13013,4331,134,240,"0,5",kg/ha
13014,4332,11,428,2,g/l
13015,4332,2,10,"1,5",g/l
13016,4332,2,448,2,g/l
13017,4332,13,387,40,gr/Pohon
13018,4332,4,102,1,g/l
13019,4333,2,1467,0.5,ml/l
13020,4333,2,10,0.5,ml/l
13021,4333,2,224,0.5,ml/l
13022,4333,11,164,1.5,ml/l
13023,4333,103,276,1.5,ml/l
13024,4333,103,1468,1.5,ml/l
13025,4333,80,50,0.4,ml/l
13026,4333,28,318,0.4,ml/l
13027,4333,28,164,0.5,ml/l
13028,4333,30,103,0.25,ml/l
13029,4333,30,1469,0.25,ml/l
13030,4333,14,50,0.5,ml/l
13031,4333,27,330,1,ml/l
13032,4333,50,167,0.4,ml/l
13033,4333,79,670,1,ml/l
13034,4333,4,106,0.5,ml/l
13035,4333,51,224,0.5,ml/l
13036,4333,33,1470,0.5,ml/l
13037,4333,33,904,0.5,ml/l
13038,4333,10,281,0.25,ml/l
13039,4333,40,904,0.75,ml/l
13040,4334,8,69,"1,5 - 2,5",l/ha
13041,4334,8,38,,-
13042,4334,8,36,,-
13043,4334,8,34,,-
13044,4334,8,57,"1,5 - 2,5",l/ha
13045,4334,8,52,,-
13046,4334,8,6,,-
13047,4335,4,81,1,ml/l
13048,4336,8,38,,-
13049,4336,8,51,,-
13050,4336,8,36,,-
13051,4336,8,69,"1,5 – 3",l/ha
13052,4336,8,58,,-
13053,4336,8,52,,-
13054,4336,8,57,"1,5 – 3",l/ha
13055,4336,8,6,,-
13056,4337,6,34,0.75-1.5,l/ha
13057,4337,6,36,0.75-1.5,l/ha
13058,4337,6,30,0.75-1.5,l/ha
13059,4337,6,52,0.75-1.5,l/ha
13060,4337,6,66,0.75-1.5,l/ha
13061,4337,106,58,0.75-1.5,l/ha
13062,4337,106,9,0.75-1.5,l/ha
13063,4337,106,38,0.75-1.5,l/ha
13064,4338,28,46,2,ml/l
13065,4338,11,46,2,ml/l
13066,4339,4,81,"0,75",ml/l
13067,4340,37,1375,,-
13068,4341,1,69,"1,5 - 2",kg/ha
13069,4341,1,2,"1,5 - 2",kg/ha
13070,4341,1,948,"1,5 - 2",kg/ha
13071,4341,1,30,,-
13072,4341,1,153,,-
13073,4341,1,6,,-
13074,4341,1,27,"1,5 - 2",kg/ha
13075,4341,1,9,,-
13076,4342,7,69,"1,5 - 2,5",l/ha
13077,4342,7,9,"1,5 - 2,5",l/ha
13078,4342,7,30,"1,5 - 2,5",l/ha
13079,4342,7,24,"1,5 - 2,5",l/ha
13080,4343,4,45,"2,25",ml/l
13081,4344,140,1471,1,ml/l
13082,4345,2,72,1.5,g/l
13083,4346,9,39,"0.9 - 1,8",l/ha
13084,4346,9,41,"0.9 - 1,8",l/ha
13085,4346,9,42,"0.9 - 1,8",l/ha
13086,4346,9,1472,"0.9 - 1,8",l/ha
13087,4346,9,95,"0.9 - 1,8",l/ha
13088,4347,14,109,3,ml/l
13089,4348,555,9,"2,25 - 4,5",l/ha
13090,4348,555,57,"2,25 - 4,5",l/ha
13091,4348,555,38,"2,25 - 4,5",l/ha
13092,4348,555,616,"2,25 - 4,5",l/ha
13093,4348,555,34,"2,25 - 4,5",l/ha
13094,4349,2,14,2,ml/l
13095,4350,3,1473,0.75,g/l
13096,4351,6,29,,
13097,4351,6,6,,
13098,4351,6,57,75 - 150,g/ha
13099,4353,556,6,"1,5 - 3",l/ha
13100,4353,556,35,"1,5 - 3",l/ha
13101,4354,245,96,,-
13102,4354,245,127,1 - 3,l/ha
13103,4354,245,74,,-
13104,4354,245,41,1 - 3,l/ha
13105,4354,245,39,,-
13106,4354,245,424,,-
13107,4355,2,114,2,ml/l
13108,4355,2,14,2,ml/l
13109,4356,3,161,1,g/l
13110,4357,51,4,"0,75 - 1,5",l/ha
13111,4357,51,94,,-
13112,4357,51,82,,
13113,4357,51,79,,
13114,4357,51,2,,-
13115,4357,51,234,,-
13116,4357,51,112,0.75 - 1.5,l/ha
13117,4357,51,41,,
13118,4357,51,150,,
13119,4357,51,9,0.75 - 1.5,l/ha
13120,4357,51,30,0.75 - 1.5,l/ha
13121,4357,51,1474,,
13122,4357,51,6,0.75 - 1.5,l/ha
13123,4357,51,39,,
13124,4357,51,40,,
13125,4358,3,206,-,
13126,4359,2,188,2,g/l
13127,4360,14,346,1.5,ml/l
13128,4361,2,14,"0,25",l/ha
13129,4361,2,12,"0,25",l/ha
13130,4362,55,208,2,ml/l
13131,4363,14,637,0.25,ml/l
13132,4364,37,124,,-
13133,4364,37,18,,
13134,4365,8,25,,-
13135,4365,8,6,"1 - 1,5",l/ha
13136,4365,8,52,,-
13137,4365,8,35,"1 - 1,5",l/ha
13138,4365,8,38,,-
13139,4366,3,206,-,
13140,4366,3,825,-,
13141,4367,7,1475,"0,75 - 3",l/ha
13142,4367,7,1386,"0,75 - 3",l/ha
13143,4367,7,1476,"0,75 - 3",l/ha
13144,4368,51,159,"1,5",ml/l
13145,4368,51,123,"1,5",ml/l
13146,4369,51,1124,2,g/l
13147,4369,269,1477,2,g/l
13148,4369,10,281,2,g/l
13149,4369,36,1478,"0,5",g/l
13150,4369,14,50,2,g/l
13151,4369,11,80,2,g/l
13152,4369,2,279,2,g/l
13153,4369,4,102,2,g/l
13154,4370,30,1479,10 ml/l air/pohon,-
13155,4371,2,187,"1,650",g/l
13156,4371,2,1480,"2,475",g/l
13157,4372,6,1481,1 - 2,l/ha
13158,4372,6,1482,1 - 2,l/ha
13159,4372,6,1483,1 - 2,l/ha
13160,4372,6,1484,1 - 2,l/ha
13161,4372,6,1485,1 - 2,l/ha
13162,4372,6,1486,1 - 2,l/ha
13163,4372,6,1487,1 - 2,l/ha
13164,4372,6,1488,1 - 2,l/ha
13165,4373,7,69,"1,5 - 2.0",l/ha
13166,4373,7,4,,-
13167,4373,7,1330,"1,5 - 2.0",l/ha
13168,4373,7,855,,-
13169,4373,7,580,,-
13170,4373,7,30,"1,5 - 2.0",l/ha
13171,4373,7,9,,-
13172,4374,3,72,4,kg/ha
13173,4375,3,14,"1,5",ml/l
13174,4375,3,83,"1,5",ml/l
13175,4376,4,81,2,ml/l
13176,4377,557,2,"0,3-0,6",l/ha
13177,4377,557,95,"0,3-0,6",l/ha
13178,4377,557,74,"0,3-0,6",l/ha
13179,4377,557,42,"0,3-0,6",l/ha
13180,4377,557,40,"0,3-0,6",l/ha
13181,4377,557,39,"0,3-0,6",l/ha
13182,4379,35,30,,-
13183,4379,35,9,"1.5 - 2,5",l/ha
13184,4379,35,122,,-
13185,4379,35,153,,-
13186,4379,35,6,,-
13187,4379,35,56,,-
13188,4380,7,9,,-
13189,4380,7,1489,,-
13190,4380,7,122,"1,875 - 2,5",l/ha
13191,4380,7,54,"1,875 - 2,5",
13192,4380,7,128,"1,875 - 2,5",l/ha
13193,4380,7,69,,-
13194,4381,42,1490,2 - 4,l/ha
13195,4381,42,25,2 - 4,l/ha
13196,4381,42,6,2 - 4,l/ha
13197,4381,42,66,2 - 4,l/ha
13198,4383,4,45,1.0,ml/l
13199,4385,14,121,1,ml/l
13200,4386,3,1491,0.5 - 1,l/ha
13201,4386,3,464,"0,5 - 1",l/ha
13202,4388,42,36,2 - 3,l/ha
13203,4388,42,34,2 - 3,l/ha
13204,4388,42,38,2 - 3,l/ha
13205,4388,42,57,2 - 3,l/ha
13206,4388,42,6,2 - 3,l/ha
13207,4388,42,66,2 - 3,l/ha
13208,4388,42,52,2 - 3,l/ha
13209,4388,42,9,2 - 3,l/ha
13210,4389,71,895,2.25 - 3,l/ha
13211,4389,71,256,2.25 - 3,l/ha
13212,4389,71,38,2.25 - 3,l/ha
13213,4389,71,51,2.25 - 3,l/ha
13214,4389,71,66,2.25 - 3,l/ha
13215,4389,71,57,2.25 - 3,l/ha
13216,4389,71,9,2.25 - 3,l/ha
13217,4390,483,9,,-
13218,4390,483,58,,-
13219,4390,483,6,,-
13220,4390,483,116,"3 - 4,5",l/ha
13221,4390,483,66,,-
13222,4390,483,51,,-
13223,4390,483,35,,-
13224,4390,483,34,"3 - 4,5",l/ha
13225,4390,483,38,,-
13226,4390,483,3,,-
13227,4391,3,206,,-
13228,4392,11,46,3,kg/ha
13229,4393,14,250,2,ml/l
13230,4394,13,1123,2,ml/l
13231,4394,13,572,10,ml/l
13232,4395,8,66,,-
13233,4395,8,9,,-
13234,4395,8,30,"1,5 - 3",l/ha
13235,4395,8,6,,-
13236,4395,8,58,,-
13237,4395,8,34,,-
13238,4395,8,38,,-
13239,4395,8,35,"1,5 - 3",l/ha
13240,4396,4,44,"1,5",g/l
13241,4396,4,81,"1,5",g/l
13242,4396,2,14,"1,5",g/l
13243,4397,4,44,"0,75 - 1",ml/l
13244,4397,4,45,"0,75",ml/l
13245,4397,4,81,"0,75 - 1",ml/l
13246,4399,4,81,1,ml/l
13247,4399,4,44,1,ml/l
13248,4399,44,1377,1,ml/l
13249,4399,44,118,"0,5",ml/l
13250,4400,4,45,2,ml/l
13251,4400,36,170,0.5,ml/l
13252,4401,29,64,-,-
13253,4402,28,46,"1,5",ml/l
13254,4403,81,102,3,g/l
13255,4403,20,488,"31,25",g/ha
13256,4404,37,231,,-
13257,4405,3,39,0.5-1.25,l/ha
13258,4405,3,41,0.5-1.25,l/ha
13259,4405,3,42,0.5-1.25,l/ha
13260,4405,3,74,0.5-1.25,l/ha
13261,4406,6,34,"1,5 - 2",l/ha
13262,4406,6,6,1 - 2,l/ha
13263,4406,6,9,1 - 2,l/ha
13264,4406,42,36,"1,5 - 2",l/ha
13265,4406,42,9,"1,5 - 2",l/ha
13266,4406,42,634,"1,5 - 2",l/ha
13267,4407,44,118,1,ml/l
13268,4408,7,4,1 - 3,l/ha
13269,4408,7,69,1 - 3,l/ha
13270,4408,7,152,1 - 3,l/ha
13271,4408,7,74,1 - 3,l/ha
13272,4408,7,25,1 - 3,l/ha
13273,4408,7,27,1 - 3,l/ha
13274,4408,7,9,1 - 3,l/ha
13275,4408,7,24,1 - 3,l/ha
13276,4409,132,92,5,g/m2
13277,4409,132,91,"7,5",g/m2
13278,4410,2,10,"0,75",ml/l
13279,4413,4,44,1,ml/l
13280,4414,3,473,375,g/ha
13281,4415,3,448,2,g/l
13282,4416,10,1492,45,ml/100 Kg benih
13283,4416,10,1493,60,ml/100 Kg benih
13284,4416,10,1494,60,ml/100 Kg benih
13285,4417,11,46,3,g/l
13286,4418,4,45,1,ml/l
13287,4418,36,170,1,ml/l
13288,4420,29,64,-,
13289,4421,4,182,"0,75",ml/l
13290,4422,88,124,20,g/l
13291,4422,88,18,20,g/l
13292,4423,158,436,-,
13293,4424,4,64,2,g/l
13294,4425,558,165,24,g/m3
13295,4425,558,173,24,g/m3
13296,4426,18,34,2 - 3,l/ha
13297,4426,18,6,"1,5 - 3",l/ha
13298,4426,18,9,"1,5 - 3",l/ha
13299,4426,18,52,"1,5 - 3",l/ha
13300,4427,48,57,,-
13301,4427,48,6,"1,5 - 3",l/ha
13302,4427,48,52,,-
13303,4427,48,66,,
13304,4427,48,38,,-
13305,4427,48,36,,-
13306,4427,48,35,"1,5 - 3",l/ha
13307,4428,4,44,2,ml/l
13308,4429,10,64,1,ml/l
13309,4431,82,3,3 – 4,l/ha
13310,4432,2,10,2,g/l
13311,4433,27,321,"1,5",ml/l
13312,4433,14,109,"1,5",ml/l
13313,4434,51,1171,2,ml/l
13314,4435,13,64,"0,9",gr/Pohon
13315,4437,55,47,30,gr/Pohon
13316,4438,111,1495,0.0125,%
13317,4438,111,1496,0.25,%
13318,4438,111,326,0.125,%
13319,4438,112,1497,0.125,%
13320,4438,112,47,0.05,%
13321,4438,112,282,0.25,%
13322,4440,28,121,0.15,g/l
13323,4440,11,121,0.15,g/l
13324,4440,14,1498,0.15,g/l
13325,4440,33,121,0.15,g/l
13326,4441,11,1499,0.5 g/l sd. 14 HSA,-
13327,4442,29,64,0,%
13328,4444,395,82,300 - 600,g/ha
13329,4444,395,859,300 - 600,g/ha
13330,4444,395,41,300 - 600,g/ha
13331,4444,395,39,300 - 600,g/ha
13332,4444,395,42,300 - 600,g/ha
13333,4444,395,95,300 - 600,g/ha
13334,4445,3,1076,125 - 150,ml/ha
13335,4445,3,1500,100 - 150,ml/ha
13336,4445,3,1501,100 - 150,ml/ha
13337,4445,3,36,125 - 150,ml/ha
13338,4445,3,41,100 - 150,ml/ha
13339,4445,3,134,100 - 150,ml/ha
13340,4445,3,40,100 - 150,ml/ha
13341,4445,3,42,100 - 150,ml/ha
13342,4446,37,1036,"62,5 ml/5 l (sampai dengan 30 hari pasca aplikasi)",-
13343,4446,37,91,"62,5 ml/5 l (sampai dengan 30 hari pasca aplikasi)",-
13344,4448,11,46,2,g/l
13345,4449,3,72,250,g/ha
13346,4450,6,52,375-500,ml/ha
13347,4450,6,66,375-500,ml/ha
13348,4450,6,30,375-500,ml/ha
13349,4451,3,14,1,ml/l
13350,4451,3,1502,1,ml/l
13351,4452,2,14,"1,5",ml/l
13352,4452,2,83,"1,5",ml/l
13353,4452,4,44,1,ml/l
13354,4452,55,47,"2,25",ml/l
13355,4453,4,44,0.75,ml/l
13356,4454,7,69,2 - 4,l/ha
13357,4454,7,94,,-
13358,4454,7,234,,-
13359,4454,7,4,,-
13360,4454,7,9,,-
13361,4454,7,24,2 - 4,l/ha
13362,4454,7,6,,-
13363,4454,7,76,,-
13364,4454,7,29,,-
13365,4455,6,29,75 -150,g/ha
13366,4455,6,52,75 -150,g/ha
13367,4455,6,58,75 -150,g/ha
13368,4455,6,30,75 -150,g/ha
13369,4456,14,1503,"1,25 tablet/50 l air",-
13370,4457,6,66,6-12,l/ha
13371,4457,6,6,,-
13372,4457,6,34,6-12,l/ha
13373,4457,6,38,,-
13374,4458,48,6,,-
13375,4458,48,57,,-
13376,4458,48,66,,-
13377,4458,48,58,1 - 1.5,l/ha
13378,4458,48,52,,-
13379,4459,8,6,1 - 3,l/ha
13380,4459,8,52,1 - 3,l/ha
13381,4459,8,58,1 - 3,l/ha
13382,4459,8,66,1 - 3,l/ha
13383,4459,8,30,1 - 3,l/ha
13384,4459,8,9,1 - 3,l/ha
13385,4459,8,57,1 - 3,l/ha
13386,4460,14,109,2,ml/l
13387,4462,6,57,"1,5-2,5",g/l
13388,4462,6,6,"1,5-2,5",g/l
13389,4462,6,66,"1,5-2,5",g/l
13390,4462,6,51,"1,5-2,5",g/l
13391,4462,6,35,"1,5-2,5",g/l
13392,4462,6,36,"1,5-2,5",g/l
13393,4462,42,4,"1,5-3",g/l
13394,4462,42,38,"1,5-3",g/l
13395,4462,42,567,2-3,
13396,4462,42,30,2-3,g/l
13397,4462,42,6,"1,5-3",g/l
13398,4463,2,83,2,ml/l
13399,4464,14,109,"1,25",ml/l
13400,4465,3,41,1 - 2,l/ha
13401,4465,3,1504,1 - 2,l/ha
13402,4465,3,42,1 - 2,l/ha
13403,4467,111,326,0.625,ml/l
13404,4467,84,47,0.625,ml/l
13405,4468,80,50,10,ml/l
13406,4468,30,396,10,ml/l
13407,4468,55,535,"22,5",ml/l
13408,4468,51,1505,5,ml/l
13409,4468,36,1355,10,ml/l
13410,4468,559,1506,10,ml/l
13411,4468,128,572,"12,5",ml/l
13412,4468,2,10,10,ml/l
13413,4468,4,199,5,ml/l
13414,4468,140,346,"7,5",ml/l
13415,4468,269,199,"7,5",ml/l
13416,4468,14,346,10,ml/l
13417,4468,13,572,5,ml/l
13418,4468,1,1507,10,ml/l
13419,4468,52,486,"7,5",ml/l
13420,4469,261,781,tidak tersedia untuk ekspor,
13421,4470,7,9,"1,5 - 2,5",l/ha
13422,4470,7,24,"1,5 - 2,5",l/ha
13423,4470,7,1508,"1,5 - 2,5",l/ha
13424,4470,7,76,"1,5 - 2,5",l/ha
13425,4470,7,112,"1,5 - 2,5",l/ha
13426,4470,7,27,"1,5 - 2,5",l/ha
13427,4470,7,69,"1,5 - 2,5",l/ha
13428,4470,7,36,"1,5 - 2,5",l/ha
13429,4470,7,4,"1,5 - 2,5",l/ha
13430,4470,7,74,"1,5 - 2,5",l/ha
13431,4471,2,14,"0,25",g/l
13432,4472,29,64,-,%
13433,4473,39,30,"1,5 - 3",l/ha
13434,4473,39,9,"1,5 - 3",l/ha
13435,4473,39,35,"1,5 - 3",l/ha
13436,4473,39,34,"1,5 - 3",l/ha
13437,4473,39,38,"1,5 - 3",l/ha
13438,4473,8,9,1.5 - 3,l/ha
13439,4473,8,30,1.5 - 3,l/ha
13440,4473,8,902,1.5 - 3,l/ha
13441,4473,8,38,1.5 - 3,l/ha
13442,4474,235,27,,-
13443,4474,235,6,"3 - 4,5",l/ha
13444,4474,235,1435,,-
13445,4474,235,26,,-
13446,4474,235,4,"3 - 4,5",l/ha
13447,4474,235,411,,-
13448,4475,57,6,"1,5 - 3",l/ha
13449,4475,57,25,"1,5 - 3",l/ha
13450,4475,57,57,"1,5 - 3",l/ha
13451,4475,57,34,"1,5 - 3",l/ha
13452,4475,57,38,"1,5 - 3",l/ha
13453,4475,57,3,"1,5 - 3",l/ha
13454,4476,8,76,,-
13455,4476,8,9,,-
13456,4476,8,57,"2,25 - 3,75",l/ha
13457,4476,8,34,"2,25 - 3,75",l/ha
13458,4476,8,71,,-
13459,4476,8,38,,-
13460,4476,8,3,,-
13461,4476,8,35,,-
13462,4476,8,36,,-
13463,4477,10,205,"2,5",ml/kg benih
13464,4477,4,290,"2,5",ml/kg benih
13465,4477,50,837,"1,5",ml/l
13466,4477,269,199,"1,5",ml/l
13467,4479,11,80,"1,5",g/l
13468,4480,51,159,1,ml/l
13469,4480,51,45,1,ml/l
13470,4480,51,843,2,ml/l
13471,4480,51,519,1,ml/l
13472,4480,51,530,1,ml/l
13473,4480,51,1091,1,ml/l
13474,4480,51,123,1,ml/l
13475,4480,55,208,1,ml/l
13476,4481,37,124,,-
13477,4481,37,18,,-
13478,4482,33,280,1,ml/l
13479,4483,2,14,"0,4",ml/l
13480,4483,2,83,"0,4",ml/l
13481,4483,2,114,"0,4",ml/l
13482,4483,14,111,"0,4",ml/l
13483,4484,156,517,TAD,-
13484,4486,6,57,4 - 5,l/ha
13485,4486,6,9,3 - 4,l/ha
13486,4486,6,634,3 - 4,l/ha
13487,4486,6,25,3 - 4,l/ha
13488,4486,6,54,3 - 4,l/ha
13489,4486,6,38,3 - 4,l/ha
13490,4486,6,34,3 - 4,l/ha
13491,4487,3,100,225 - 300,ml/ha
13492,4487,3,41,225 - 300,ml/ha
13493,4487,3,42,225 - 300,ml/ha
13494,4487,3,74,225 - 300,ml/ha
13495,4488,5,124,0.03,ml/m3
13496,4488,5,18,,-
13497,4489,44,119,1,g/l
13498,4489,44,118,1,g/l
13499,4490,11,166,2,g/l
13500,4491,11,46,"1,5",g/l
13501,4492,38,39,,
13502,4492,38,42,"1,5 - 3",l/ha
13503,4492,38,41,,-
13504,4492,38,639,,-
13505,4492,38,82,,
13506,4492,38,34,"1,5 - 3",l/ha
13507,4492,38,38,,-
13508,4493,28,46,"1,5",g/l
13509,4494,14,109,"1,5",g/l
13510,4494,14,111,"1,5",g/l
13511,4495,14,185,"0,75",g/l
13512,4496,14,111,"1,5",ml/l
13513,4497,4,44,"1,5",ml/l
13514,4498,3,72,0.6,g/l
13515,4500,560,1509,"8,4 - 9,2",%
13516,4500,560,1376,"1.07 - 1,23",%
13517,4501,238,762,0,-
13518,4502,6,1510,"1,25 - 1,5",l/ha
13519,4502,6,9,"1,25 - 1,5",l/ha
13520,4502,6,38,"1 - 1,5",l/ha
13521,4503,11,80,2,g/l
13522,4504,2,83,"0,5",ml/l
13523,4505,132,18,,-
13524,4505,132,124,,-
13525,4507,14,50,2,g/l
13526,4508,14,250,1,ml/l
13527,4509,55,207,2,ml/l
13528,4510,37,124,,-
13529,4510,37,18,,-
13530,4511,8,587,0.45 - 0.9,l/ha
13531,4511,8,6,0.45 - 0.9,l/ha
13532,4511,8,9,0.45 - 0.9,l/ha
13533,4511,8,30,0.45 - 0.9,l/ha
13534,4511,8,51,0.45 - 0.9,l/ha
13535,4511,8,35,0.45 - 0.9,l/ha
13536,4511,8,69,0.45 - 0.9,l/ha
13537,4511,8,3,0.45 - 0.9,l/ha
13538,4512,7,9,,-
13539,4512,7,29,,-
13540,4512,7,122,"1,5 - 3",l/ha
13541,4512,7,69,,-
13542,4512,7,4,"1,5 - 3",l/ha
13543,4513,561,218,1-3,l/ha
13544,4513,561,684,,-
13545,4513,561,4,,-
13546,4513,561,34,,-
13547,4513,561,9,1 - 3,l/ha
13548,4513,561,30,,-
13549,4513,561,57,,-
13550,4513,561,378,,-
13551,4513,17,30,1-3,l/ha
13552,4513,17,9,,-
13553,4513,17,57,,-
13554,4513,17,218,1-3,l/ha
13555,4513,17,4,,-
13556,4513,17,34,1-3,l/ha
13557,4516,57,218,"2,25 - 3,75",l/ha
13558,4516,57,35,"2,25 - 3,75",l/ha
13559,4516,57,3,"2,25 - 3,75",l/ha
13560,4516,57,38,"2,25 - 3,75",l/ha
13561,4516,57,51,"2,25 - 3,75",l/ha
13562,4516,57,94,"2,25 - 3,75",l/ha
13563,4516,57,34,"2,25 - 3,75",l/ha
13564,4516,57,32,"2,25 - 3,75",l/ha
13565,4516,57,6,"2,25 - 3,75",l/ha
13566,4516,57,153,"2,25 - 3,75",l/ha
13567,4516,57,385,"2,25 - 3,75",l/ha
13568,4516,57,122,"2,25 - 3,75",l/ha
13569,4516,57,223,"2,25 - 3,75",l/ha
13570,4516,57,445,"2,25 - 3,75",l/ha
13571,4517,9,79,,-
13572,4517,9,100,75-100,g/ha
13573,4517,9,96,75-100,g/ha
13574,4517,9,294,75-100,g/ha
13575,4517,9,41,,-
13576,4517,9,42,,-
13577,4518,7,130,2.25 - 3.75,l/ha
13578,4518,7,74,2.25-4.5,l/ha
13579,4518,7,88,2.25-4.5,l/ha
13580,4518,7,4,2.25-4.5,l/ha
13581,4519,130,24,,-
13582,4519,130,30,,-
13583,4519,130,130,50 - 75,ml/ha
13584,4519,130,69,,-
13585,4519,130,4,50 - 75,ml/ha
13586,4519,8,4,,-
13587,4519,8,69,50 - 75,ml/ha
13588,4519,8,30,,-
13589,4519,8,7,,-
13590,4519,8,130,,-
13591,4519,8,9,,-
13592,4519,8,6,50 - 75,ml/ha
13593,4519,48,4,50 - 75,ml/ha
13594,4519,48,69,,-
13595,4519,48,38,,-
13596,4519,48,6,50 - 75,ml/ha
13597,4519,48,30,37.5 - 75,ml/ha
13598,4519,48,6,37.5 - 75,ml/ha
13599,4519,48,9,37.5 - 75,ml/ha
13600,4519,48,153,37.5 - 75,ml/ha
13601,4519,562,38,,-
13602,4519,562,35,,-
13603,4519,562,36,,-
13604,4519,562,4,"37,5 - 75",ml/ha
13605,4519,562,129,,-
13606,4519,562,30,,-
13607,4519,562,77,,-
13608,4519,562,9,"37,5 - 75",ml/ha
13609,4520,13,1511,1.5,g/l
13610,4520,2,10,1,g/l
13611,4521,4,44,2,ml/l
13612,4522,261,781,tidak tersedia untuk ekspor,
13613,4523,124,124,Siap pakai,-
13614,4523,124,18,Siap pakai,-
13615,4525,2,1512,1,ml/l
13616,4525,4,23,"0,5",ml/l
13617,4527,9,42,,-
13618,4527,9,41,350–700,g/ha
13619,4527,9,39,,-
13620,4527,9,74,350–700,g/ha
13621,4528,307,43,1,ml/l
13622,4528,563,111,3,ml/l
13623,4529,37,124,,-
13624,4529,37,18,,-
13625,4530,193,837,"1,5",ml/l
13626,4531,51,123,"1,5",ml/l
13627,4531,51,137,2,ml/l
13628,4532,11,46,1,ml/l
13629,4532,28,164,"1,5",ml/l
13630,4532,28,46,"1,5",ml/l
13631,4532,10,1513,5,ml/kg benih
13632,4532,139,201,2,ml/l
13633,4534,27,668,"0,2",ml/l
13634,4535,1,29,,-
13635,4535,1,27,"1,5 - 2",l/ha
13636,4535,1,24,,-
13637,4536,10,27,"1,5 -2",l/ha
13638,4536,10,76,"1,5 -2",l/ha
13639,4536,10,54,"1,5 -2",l/ha
13640,4536,10,94,"1,5 -2",l/ha
13641,4536,10,234,"1,5 -2",l/ha
13642,4536,10,2,"1,5 -2",l/ha
13643,4538,55,207,"0,93",ml/l
13644,4538,28,23,"1,5 - 2,25",ml/l
13645,4538,44,118,3,ml/l
13646,4538,44,119,"2,25",ml/l
13647,4539,4,23,0.6,ml/l
13648,4539,58,123,"0,6",ml/l
13649,4539,10,43,"0,8",ml/l
13650,4539,44,119,"0,6",ml/l
13651,4539,44,118,"0,6",ml/l
13652,4539,28,23,"0,6",ml/l
13653,4539,14,182,"0,45",ml/l
13654,4539,45,45,"0,6",ml/l
13655,4540,6,9,2 - 3,l/ha
13656,4540,6,66,2 - 3,l/ha
13657,4540,6,6,2 - 3,l/ha
13658,4540,6,36,2 - 3,l/ha
13659,4540,6,38,2 - 3,l/ha
13660,4541,27,1514,"0,5",ml/l
13661,4541,4,1515,1,ml/l
13662,4542,6,9,20-30,g/ha
13663,4542,6,34,20-30,g/ha
13664,4542,6,38,,-
13665,4543,7,9,1 - 3,l/ha
13666,4543,7,33,,-
13667,4543,7,30,,-
13668,4543,7,4,1 - 3,l/ha
13669,4543,7,69,,-
13670,4543,7,54,1 - 3,l/ha
13671,4544,37,124,,-
13672,4544,37,18,,-
13673,4546,1,789,30,kg/ha
13674,4547,6,31,2 - 3,l/ha
13675,4547,6,38,2 - 3,l/ha
13676,4548,2,83,"0,5 - 1",ml/l
13677,4548,2,14,"0,5 - 1",ml/l
13678,4548,55,47,"1,5 - 2",ml/l
13679,4548,4,81,"0,25",l/ha
13680,4548,4,44,"0,25",l/ha
13681,4549,259,54,"1,5 - 3",l/ha
13682,4549,259,34,"1,5 - 3",l/ha
13683,4549,259,35,"1,5 - 3",l/ha
13684,4549,259,9,"1,5 - 3",l/ha
13685,4549,259,29,"1,5 - 3",l/ha
13686,4549,259,6,"1,5 - 3",l/ha
13687,4549,259,122,"1,5 - 3",l/ha
13688,4550,29,64,-,-
13689,4552,198,6,"1,5 - 3",l/ha
13690,4552,198,57,"1,5 - 3",l/ha
13691,4552,198,25,"1,5 - 3",l/ha
13692,4552,198,34,"1,5 - 3",l/ha
13693,4552,198,38,"1,5 - 3",l/ha
13694,4552,198,35,"1,5 - 3",l/ha
13695,4553,85,18,2.5 - 3.5 gram,-
13696,4553,85,124,2.5 - 3.5 gram,-
13697,4554,13,1516,"0,3",gr/Pohon
13698,4555,3,72,125,g/l
13699,4556,2,681,1,ml/l
13700,4557,112,47,,-
13701,4558,14,111,"0,6",ml/l
13702,4559,274,241,300,ml/10000 m3
13703,4559,274,399,300,ml/10000 m3
13704,4559,274,399,"0,2",ml/30 ml larutan/m2
13705,4559,274,241,"0,20",ml/30 ml larutan/m2
13706,4560,48,9,2 - 4,l/ha
13707,4560,48,6,,
13708,4560,48,300,,
13709,4560,48,301,,-
13710,4560,48,34,2 - 4,l/ha
13711,4560,48,38,,
13712,4560,48,230,,-
13713,4561,4,1517,"1,2",g/l
13714,4562,48,6,,-
13715,4562,48,52,,-
13716,4562,48,25,"1,5 - 3",kg/ha
13717,4562,48,35,,-
13718,4562,48,38,"1,5 - 3",kg/ha
13719,4563,14,1518,375,ml/ha
13720,4563,3,1519,2,ml/l air
13721,4564,82,36,"0,75 - 1",l/ha
13722,4564,82,54,"0,75 - 1",l/ha
13723,4564,82,52,"0,75 - 1",l/ha
13724,4564,82,445,"0,75 - 1",l/ha
13725,4565,4,44,"1,5",ml/l
13726,4566,14,81,2,ml/l
13727,4568,11,46,1,g/l
13728,4569,3,41,,-
13729,4569,3,98,,-
13730,4569,3,42,60 - 80,g/ha
13731,4569,3,134,,-
13732,4569,3,82,80 - 100,g/ha
13733,4569,3,95,,-
13734,4570,5,1036,"1,5",g/m2
13735,4570,5,91,"1,5",g/m2
13736,4571,2,1520,"0,5",g/l
13737,4572,14,109,0.75,ml/l
13738,4573,7,4,75 - 150,ml/ha
13739,4573,7,79,75 - 150,ml/ha
13740,4573,7,94,75 - 150,ml/ha
13741,4573,7,54,75 - 150,ml/ha
13742,4573,7,33,75 - 150,ml/ha
13743,4573,7,1521,75 - 150,ml/ha
13744,4573,7,1198,75 - 150,ml/ha
13745,4573,7,6,75 - 150,ml/ha
13746,4574,6,35,,-
13747,4574,6,38,"1,5 - 2,25",l/ha
13748,4574,6,58,"1,5 - 2,25",l/ha
13749,4574,6,6,,-
13750,4575,564,38,250 – 500,ml/ha
13751,4575,564,35,,-
13752,4575,564,66,,-
13753,4575,564,6,,-
13754,4575,564,9,250 – 500,ml/ha
13755,4575,564,57,250 – 500,ml/ha
13756,4576,10,205,5,ml/kg benih
13757,4577,85,124,siap pakai,%
13758,4577,85,18,siap pakai,%
13759,4578,7,69,"1,5 - 3",l/ha
13760,4578,7,4,"1,5 - 3",l/ha
13761,4578,7,88,"1,5 - 3",l/ha
13762,4578,7,1522,"1,5 - 3",l/ha
13763,4578,7,128,"1,5 - 3",l/ha
13764,4578,7,31,"1,5 - 3",l/ha
13765,4578,7,370,"1,5 - 3",ml/ha
13766,4578,7,1523,"1,5 - 3",l/ha
13767,4578,7,27,"1,5 - 3",l/ha
13768,4578,7,122,"1,5 - 3",l/ha
13769,4578,7,24,"1,5 - 3",l/ha
13770,4578,7,54,"1,5 - 3",l/ha
13771,4579,4,16,1,g/l
13772,4580,3,10,1,ml/l
13773,4581,12,282,2,ml/l
13774,4581,111,326,1,ml/l
13775,4582,37,195,,-
13776,4582,37,91,,-
13777,4582,37,1036,,
13778,4582,37,124,,-
13779,4582,37,18,,
13780,4582,37,609,,
13781,4583,2,83,2,ml/l
13782,4585,10,43,3,g/l
13783,4585,14,109,4,g/l
13784,4586,10,23,2,g/l
13785,4588,11,46,2,ml/l
13786,4589,14,109,1.5,ml/l
13787,4590,4,44,1,ml/l
13788,4592,1,211,10,kg/ha
13789,4593,3,14,1,g/l
13790,4594,232,1184,,-
13791,4594,232,76,,
13792,4594,232,57,,-
13793,4594,232,29,2 - 4,l/ha
13794,4594,232,544,,-
13795,4594,232,445,,-
13796,4594,232,38,,l/ha
13797,4594,232,34,,-
13798,4594,232,684,2 - 4,l/ha
13799,4595,6,36,"1,5 - 2",l/ha
13800,4595,6,51,"1,5 - 2",l/ha
13801,4595,6,6,"1,5 - 2",l/ha
13802,4595,6,66,"1,5 - 2",l/ha
13803,4595,18,35,1 - 2,l/ha
13804,4595,18,38,1 - 2,l/ha
13805,4595,18,52,1 - 2,l/ha
13806,4596,14,109,1.5,ml/l
13807,4597,35,1524,1-3,l/ha
13808,4597,35,2,1-3,l/ha
13809,4597,35,9,1-3,l/ha
13810,4597,35,30,1-3,l/ha
13811,4597,35,6,1-3,l/ha
13812,4597,35,122,1-3,l/ha
13813,4598,13,1402,"0,9",gr/Pohon
13814,4600,18,6,1-2,l/ha
13815,4600,18,57,1-2,l/ha
13816,4600,18,66,1-2,l/ha
13817,4600,18,35,1 - 2,l/ha
13818,4600,18,38,1 - 2,l/ha
13819,4602,2,188,"0,5",g/l
13820,4603,2,10,"1,125",ml/l
13821,4604,4,23,1.125,ml/l
13822,4605,2,188,"1,5",ml/l
13823,4606,3,14,20,kg/ha
13824,4606,3,83,20,kg/ha
13825,4606,51,159,20,kg/ha
13826,4607,2,95,150 - 200,g/ha
13827,4607,2,40,150 - 200,g/ha
13828,4607,2,1525,,-
13829,4607,2,39,,-
13830,4607,2,41,,-
13831,4608,109,30,"1,5-2,5",l/ha
13832,4608,109,6,"1,5-2,5",l/ha
13833,4608,109,9,"1,5-2,5",l/ha
13834,4608,109,36,"1,5-2,5",l/ha
13835,4608,109,35,"1,5-2,5",l/ha
13836,4608,109,71,"1,5-2,5",l/ha
13837,4609,565,41,"1,5 - 2",l/ha
13838,4609,565,74,"1,5 - 2",l/ha
13839,4610,398,1526,5,ml/l
13840,4610,30,1526,5,ml/l
13841,4611,82,3,"3 - 3,75",l/ha
13842,4612,11,46,2,g/l
13843,4612,14,1527,2,g/l
13844,4612,4,102,2,g/l
13845,4613,4,81,1,ml/l
13846,4613,4,44,1,ml/l
13847,4614,545,40,10-20,g/ha
13848,4614,545,41,10-20,g/ha
13849,4614,545,42,10-20,g/ha
13850,4614,545,39,10-20,g/ha
13851,4614,545,74,2-4,l/ha
13852,4614,6,9,50-100,g/ha
13853,4614,6,31,50-100,g/ha
13854,4614,6,52,50-100,g/ha
13855,4614,6,30,50-100,g/ha
13856,4615,10,43,1,ml/l
13857,4616,3,10,8,ml/l
13858,4616,14,50,2,ml/l
13859,4617,37,18,,-
13860,4617,37,124,,-
13861,4617,37,231,,-
13862,4617,37,92,,-
13863,4617,37,91,,-
13864,4617,37,195,,-
13865,4619,37,18,,
13866,4619,37,124,,-
13867,4620,29,64,-,-
13868,4621,155,1528,2,g/l
13869,4622,2,386,0.8,ml/l
13870,4622,2,10,4,ml/l
13871,4622,81,106,2,ml/l
13872,4622,10,281,0.6,ml/l
13873,4622,14,1529,3,ml/l
13874,4623,8,58,,-
13875,4623,8,6,,-
13876,4623,8,57,"1,5 - 3",l/ha
13877,4623,8,66,,-
13878,4623,8,9,,-
13879,4623,8,52,,-
13880,4623,8,35,,-
13881,4623,8,36,,-
13882,4623,8,69,"1,5 - 3",l/ha
13883,4623,8,4,,-
13884,4624,3,14,"1,5",g/l
13885,4625,14,111,"1,5",ml/l
13886,4628,2,83,1,ml/l
13887,4628,2,14,1,ml/l
13888,4629,11,46,2,g/l
13889,4630,9,127,200 - 400,ml/ha
13890,4630,9,42,200 - 400,ml/ha
13891,4630,9,40,200 - 400,ml/ha
13892,4630,9,41,200 - 400,ml/ha
13893,4630,9,79,200 - 400,ml/ha
13894,4630,9,35,200 - 400,ml/ha
13895,4631,14,50,1,ml/l
13896,4632,394,57,"1,125 - 2,25",l/ha
13897,4632,394,1025,"1,125 - 2,25",l/ha
13898,4632,394,9,"1,125 - 2,25",l/ha
13899,4632,394,38,"1,125 - 2,25",l/ha
13900,4632,394,36,"1,125 - 2,25",l/ha
13901,4633,11,46,"1,5",g/l
13902,4634,28,23,1,ml/l
13903,4634,10,43,1,ml/l
13904,4635,11,46,1,ml/l
13905,4637,115,82,,-
13906,4637,115,79,"1,5 - 3",l/ha
13907,4637,115,42,"1,5 - 3",l/ha
13908,4637,115,41,,-
13909,4638,7,54,"0,9 - 1,2",l/ha
13910,4638,7,1530,"0,9 - 1,2",l/ha
13911,4638,7,68,"0,9 - 1,2",l/ha
13912,4638,7,88,"0,9 - 1,2",l/ha
13913,4638,7,722,"0,9 - 1,2",l/ha
13914,4638,7,6,"0,9 - 1,2",l/ha
13915,4638,7,30,"0,9 - 1,2",l/ha
13916,4638,7,9,"0,9 - 1,2",l/ha
13917,4638,7,70,"0,9 - 1,2",l/ha
13918,4639,14,109,1,ml/l
13919,4640,11,275,"0,5",g/l
13920,4641,4,182,1,ml/l
13921,4642,566,356,210 - 345,ml/ha
13922,4642,566,88,,-
13923,4642,566,1531,,-
13924,4642,566,25,210 - 345,ml/ha
13925,4642,460,1532,,-
13926,4642,460,3,210 - 345,ml/ha
13927,4642,460,1533,,-
13928,4642,460,445,,-
13929,4642,460,52,210 - 345,ml/ha
13930,4642,460,122,,-
13931,4643,4,81,2,ml/l
13932,4645,18,57,"1 - 1,5",l/ha
13933,4645,18,66,"1 - 1,5",l/ha
13934,4645,18,6,"1 - 1,5",l/ha
13935,4645,18,9,"1 - 1,5",l/ha
13936,4646,4,199,1,ml/l
13937,4646,4,396,"0,75",ml/l
13938,4646,40,330,1,ml/l
13939,4646,28,46,"0,75",ml/l
13940,4647,220,81,1,ml/l
13941,4648,245,112,1 - 2,l/ha
13942,4648,245,42,,
13943,4648,245,40,,
13944,4648,245,147,,
13945,4648,245,2,1 - 2,l/ha
13946,4648,245,82,,
13947,4648,245,79,,
13948,4649,3,279,"1,5",ml/l
13949,4649,51,435,1,ml/l
13950,4650,3,72,1,g/l
13951,4653,14,50,2,g/l
13952,4654,29,64,-,
13953,4656,10,226,2,ml/l
13954,4658,8,36,1 - 3,l/ha
13955,4658,8,38,1 - 3,l/ha
13956,4658,8,827,,-
13957,4658,8,30,1 - 3,l/ha
13958,4659,14,50,3,g/l
13959,4661,11,310,2,g/l
13960,4662,4,45,2,ml/l
13961,4662,55,254,"0,5",ml/l
13962,4663,37,18,,-
13963,4663,37,124,,-
13964,4664,567,64,175,ml/ha
13965,4664,568,64,0.25,ml/l
13966,4664,569,64,0.12,ml/l
13967,4664,570,64,125-250,ml/ha
13968,4665,42,38,3 - 4,l/ha
13969,4665,42,256,3 - 4,l/ha
13970,4665,42,66,3 - 4,l/ha
13971,4665,42,235,3 - 4,l/ha
13972,4665,42,6,3 - 4,l/ha
13973,4665,42,9,3 - 4,l/ha
13974,4665,42,53,3 - 4,l/ha
13975,4666,14,50,2,g/l
13976,4667,3,10,"0,5",ml/l
13977,4667,3,224,"0,5",ml/l
13978,4668,3,72,3,kg/ha
13979,4671,14,111,2,ml/l
13980,4672,14,50,1,ml/l
13981,4673,4,81,1,ml/l
13982,4674,471,173,1,tablet/m3
13983,4674,471,172,1,tablet/m3
13984,4674,471,171,1,tablet/m3
13985,4675,64,165,2,tablet/m3
13986,4675,64,172,2,tablet/m3
13987,4675,64,171,2,tablet/m3
13988,4676,7,30,,-
13989,4676,7,9,3 - 4,l/ha
13990,4676,7,69,3 - 4,l/ha
13991,4676,7,2,,
13992,4676,7,26,,-
13993,4677,2,10,2,g/l
13994,4678,132,195,,-
13995,4678,132,92,,-
13996,4678,132,194,,-
13997,4678,132,18,,-
13998,4678,132,124,,-
13999,4679,9,126,"1,5 - 3",l/ha
14000,4679,9,79,"1,5 - 3",l/ha
14001,4679,9,42,"1,5 - 3",l/ha
14002,4679,9,41,"1,5 - 3",l/ha
14003,4679,9,74,"1,5 - 3",l/ha
14004,4679,9,296,"1,5 - 3",l/ha
14005,4680,37,124,,-
14006,4680,37,18,,-
14007,4681,14,44,2,ml/l
14008,4683,7,69,1.5 - 3,l/ha
14009,4683,7,9,1.5 - 3,l/ha
14010,4683,7,6,1.5 - 3,l/ha
14011,4683,7,30,1.5 - 3,l/ha
14012,4684,3,83,"1,5",ml/l
14013,4684,3,14,"1,5",ml/l
14014,4684,14,109,"1,5",ml/l
14015,4685,29,64,-,%
14016,4686,58,671,1,ml/l
14017,4686,58,1534,1,ml/l
14018,4686,2,10,3,ml/l
14019,4686,14,50,"0,5",ml/l
14020,4687,1,6,1.66 - 2,kg/ha
14021,4687,1,4,1.66 - 2,kg/ha
14022,4687,1,88,1.66 - 2,kg/ha
14023,4688,30,1535,10,ml/l/pohon
14024,4689,35,27,,-
14025,4689,35,122,"1,5 - 2,5",liter/ha
14026,4689,35,30,,-
14027,4689,35,9,,-
14028,4689,35,2,,-
14029,4689,35,69,"1,5 - 2,5",liter/ha
14030,4690,7,30,"1,5 - 3,0",l/ha
14031,4690,7,9,,
14032,4690,7,24,,
14033,4690,7,4,"1,5 - 3,0",l/ha
14034,4691,8,58,0.5 - 1.5,l/ha
14035,4691,8,9,0.5 - 1.5,l/ha
14036,4691,8,52,0.5 - 1.5,l/ha
14037,4691,8,65,0.5 - 1.5,l/ha
14038,4691,8,76,0.5 - 1.5,l/ha
14039,4691,8,128,"0,5 - 1,5",l/ha
14040,4693,369,54,2 - 3,l/ha
14041,4693,369,218,2 - 3,l/ha
14042,4693,369,94,2 - 3,l/ha
14043,4693,369,38,2 - 3,l/ha
14044,4693,369,34,2 - 3,l/ha
14045,4693,369,69,2 - 3,l/ha
14046,4693,369,411,2 - 3,l/ha
14047,4693,369,32,2 - 3,l/ha
14048,4693,369,29,2 - 3,l/ha
14049,4693,369,385,2 - 3,l/ha
14050,4693,369,223,2 - 3,l/ha
14051,4693,369,122,2 - 3,l/ha
14052,4693,369,6,2 - 3,l/ha
14053,4693,369,445,2 - 3,l/ha
14054,4694,124,18,siap pakai,-
14055,4694,124,124,siap pakai,-
14056,4695,3,14,"2,25",ml/l
14057,4695,3,1536,"2,25",ml/l
14058,4696,9,127,,-
14059,4696,9,95,,-
14060,4696,9,74,150-200,g/ha
14061,4696,9,100,150-200,g/ha
14062,4696,9,42,,-
14063,4696,9,39,150-200,g/ha
14064,4696,9,41,,-
14065,4697,2,96,1.0 - 1.5,l/ha
14066,4697,2,40,0.75-1.5,l/ha
14067,4697,2,1537,0.75 - 1.5,l/ha
14068,4697,2,39,0.75 - 1.5,l/ha
14069,4697,2,41,0.75 - 1.5,l/ha
14070,4697,2,98,0.75 - 1.5,l/ha
14071,4697,2,134,0.75 - 1.5,l/ha
14072,4697,8,9,1.5 - 2.5,l/ha
14073,4697,8,6,1.5 - 2.5,l/ha
14074,4697,8,52,1.5 - 2.5,l/ha
14075,4697,8,66,1.5 - 2.5,l/ha
14076,4699,55,1538,1.25 - 2.5,g/l
14077,4699,28,16,0.1,g/l
14078,4699,4,16,0.1,g/l
14079,4699,45,45,0.1,g/l
14080,4699,45,123,0.1,g/l
14081,4699,33,73,0.075,g/l
14082,4699,33,283,0.2,g/l
14083,4699,27,668,0.05,g/l
14084,4699,27,182,0.05,g/l
14085,4699,27,246,0.1,g/l
14086,4699,27,179,0.1,g/l
14087,4701,4,23,1,g/l
14088,4703,111,1495,"0,3125",g/l
14089,4703,111,1336,"7,5",kg/m3
14090,4705,8,35,,-
14091,4705,8,38,"1,5 - 3",l/ha
14092,4705,8,34,,-
14093,4705,8,6,,-
14094,4705,8,9,,-
14095,4705,8,66,,-
14096,4705,8,58,"1,5 - 3",l/ha
14097,4706,8,38,"1,5-3,0",l/ha
14098,4706,8,35,,-
14099,4706,8,36,,-
14100,4706,8,66,,-
14101,4706,8,9,,-
14102,4706,8,31,"1,5-3,0",l/ha
14103,4706,130,34,,-
14104,4706,130,69,"1,5-3",l/ha
14105,4706,130,38,,-
14106,4706,130,1367,"1,5-3",l/ha
14107,4706,130,52,,-
14108,4706,130,9,,-
14109,4706,35,89,"1,5-3",l/ha
14110,4706,35,9,,
14111,4706,35,368,"1,5-3",l/ha
14112,4706,35,2,"1,5-3",l/ha
14113,4708,8,58,3 - 4,l/ha
14114,4708,8,6,,-
14115,4708,8,9,,-
14116,4708,8,66,,-
14117,4708,8,69,,-
14118,4708,8,35,,-
14119,4708,8,51,,-
14120,4708,8,38,,-
14121,4708,8,36,3 - 4,l/ha
14122,4709,8,9,1 - 1.5,l/ha
14123,4709,8,24,1 - 1.5,l/ha
14124,4709,8,25,1 - 1.5,l/ha
14125,4709,8,52,1 - 1.5,l/ha
14126,4709,8,6,1 - 1.5,l/ha
14127,4709,8,130,1 - 1.5,l/ha
14128,4711,1,178,15,kg/ha
14129,4711,3,83,15,kg/ha
14130,4711,3,14,15,kg/ha
14131,4713,37,18,,-
14132,4713,37,124,,-
14133,4714,2,14,1,ml/l
14134,4715,4,44,"0,75",ml/l
14135,4716,14,109,"1,5",ml/l
14136,4717,571,79,"1,5 - 2",l/ha
14137,4717,571,1539,1-2,l/ha
14138,4717,1,1540,2-3,l/ha
14139,4717,6,9,1 - 2,l/ha
14140,4717,6,30,1 - 2,l/ha
14141,4717,6,38,1 - 2,l/ha
14142,4717,10,1541,1 - 2,l/ha
14143,4717,10,35,1 - 2,l/ha
14144,4718,51,45,3,ml/l
14145,4719,3,83,1,ml/l
14146,4719,3,14,1,ml/l
14147,4720,44,118,1,ml/l
14148,4721,8,57,200 – 300,g/ha
14149,4721,8,6,200 – 300,g/ha
14150,4721,8,66,200 – 300,g/ha
14151,4721,8,69,200 – 300,g/ha
14152,4721,8,36,200 – 300,g/ha
14153,4722,2,188,1,g/l
14154,4723,37,124,,-
14155,4723,37,18,,
14156,4725,10,317,,-
14157,4726,14,109,"1,5",ml/l
14158,4727,3,83,"1,5",ml/l
14159,4727,3,14,1,g/l
14160,4728,2,188,1,ml/l
14161,4729,11,46,1,g/l
14162,4729,28,46,2,g/l
14163,4730,7,35,2.25 - 4.5,l/ha
14164,4730,7,382,2.25 - 4.5,l/ha
14165,4730,7,69,2.25 - 4.5,l/ha
14166,4730,7,4,2.25 - 4.5,l/ha
14167,4730,7,218,2.25 - 4.5,l/ha
14168,4730,7,74,2.25 - 4.5,l/ha
14169,4730,7,122,2.25 - 4.5,l/ha
14170,4730,7,30,2.25 - 4.5,l/ha
14171,4730,7,9,2.25 - 4.5,l/ha
14172,4730,7,243,2.25 - 4.5,l/ha
14173,4731,129,365,-,
14174,4732,81,1189,1,ml/l
14175,4733,523,435,2,ml/l
14176,4733,572,277,2,ml/l
14177,4733,573,105,2,
14178,4733,574,423,2,ml/l
14179,4733,575,1542,2,ml/l
14180,4733,576,1543,2,ml/l
14181,4733,577,167,2,ml/l
14182,4733,578,46,"1,5",ml/l
14183,4733,579,276,"1,5",ml/l
14184,4733,580,50,"1,5",ml/l
14185,4734,14,50,1.5,ml/l
14186,4736,79,224,1,g/l
14187,4736,28,164,1,g/l
14188,4738,9,95,150 - 200,g/ha
14189,4738,9,127,150 - 200,g/ha
14190,4738,9,74,150 - 200,g/ha
14191,4738,9,42,150 - 200,g/ha
14192,4738,9,294,150 - 200,g/ha
14193,4738,9,40,150 - 200,g/ha
14194,4738,9,82,150 - 200,g/ha
14195,4738,9,125,150 - 200,g/ha
14196,4739,44,119,2,g/l
14197,4739,44,118,2,g/l
14198,4739,14,111,2,g/l
14199,4739,4,23,2,g/l
14200,4739,28,23,"1,5",g/l
14201,4740,14,109,"1,125",ml/l
14202,4741,6,6,"0,75 - 1,5",l/ha
14203,4741,6,66,,-
14204,4741,6,53,"0,75 - 1,5",l/ha
14205,4741,6,38,,-
14206,4741,6,51,"0,75 - 1,5",l/ha
14207,4742,14,111,2,g/l
14208,4743,2,1544,17,kg/ha
14209,4743,2,1046,17,kg/ha
14210,4743,2,14,17,kg/ha
14211,4743,51,45,17,kg/ha
14212,4743,4,45,17,kg/ha
14213,4745,2,114,2,ml/l
14214,4745,2,115,2,ml/l
14215,4747,4,44,2,ml/l
14216,4749,2,10,1,ml/l
14217,4749,40,1545,1.125,ml/l
14218,4750,3,14,0.75,ml/l
14219,4751,37,92,,-
14220,4751,37,91,,
14221,4752,2,14,0.6,g/l
14222,4754,6,58,,-
14223,4754,6,9,"1,5 – 3,5",l/ha
14224,4754,6,35,,-
14225,4754,6,51,,-
14226,4754,6,38,"1,5 – 3,5",l/ha
14227,4755,42,38,"1,5 - 3",l/ha
14228,4755,42,34,"1,5 - 3",l/ha
14229,4755,42,3,"1,5 - 3",l/ha
14230,4755,42,6,"1,5 - 3",l/ha
14231,4755,42,9,"1,5 - 3",l/ha
14232,4756,2,10,2,g/l
14233,4758,7,69,2-3,kg/ha
14234,4758,7,29,,-
14235,4758,7,122,,-
14236,4758,7,9,1-1.5,kg/ha
14237,4758,7,76,,-
14238,4758,35,128,,-
14239,4758,35,34,1.5-2.5,kg/ha
14240,4758,35,88,,-
14241,4758,35,4,,-
14242,4758,35,71,,-
14243,4758,35,70,,-
14244,4758,35,30,,-
14245,4758,35,24,,-
14246,4758,35,29,1.5-2.5,kg/ha
14247,4758,35,74,1.5-2.5,kg/ha
14248,4759,10,54,"1,31 - 1,75",l/ha
14249,4759,10,830,,-
14250,4759,10,1167,"1,31 - 1,75",l/ha
14251,4759,10,29,,-
14252,4759,10,94,,-
14253,4759,10,375,"1,31 - 1,75",l/ha
14254,4761,8,36,,-
14255,4761,8,51,,-
14256,4761,8,38,3 - 5,l/ha
14257,4761,8,35,,-
14258,4761,8,6,,-
14259,4761,8,57,,
14260,4761,8,9,,-
14261,4761,8,66,3 - 5,l/ha
14262,4761,8,58,,-
14263,4764,7,24,,-
14264,4764,7,25,,-
14265,4764,7,943,,-
14266,4764,7,29,3 - 4.5,l/ha
14267,4764,7,4,3 - 4.5,l/ha
14268,4765,4,44,"0,5",ml/l
14269,4766,37,18,,-
14270,4766,37,124,,-
14271,4767,4,45,4,ml/l
14272,4768,7,4,"1,5 - 2,5",l/ha
14273,4768,7,94,"1,5 - 2,5",l/ha
14274,4768,7,69,"1,5 - 2,5",l/ha
14275,4768,7,30,"1,5 - 2,5",l/ha
14276,4768,7,6,"1,5 - 2,5",l/ha
14277,4768,7,217,"1,5 - 2,5",l/ha
14278,4768,7,9,"1,5 - 2,5",l/ha
14279,4769,4,45,2,ml/l
14280,4770,118,1546,1,ml/l/pohon
14281,4772,11,46,3,g/l
14282,4774,111,1547,"1,875",%
14283,4776,6,38,3-4,l/ha
14284,4776,6,36,3-4,l/ha
14285,4776,6,66,3-4,l/ha
14286,4776,6,706,3-4,l/ha
14287,4776,6,9,3-4,l/ha
14288,4776,6,6,3-4,l/ha
14289,4777,581,42,"62,5 - 75",g/l
14290,4777,581,294,"62,5 - 75",g/l
14291,4777,581,41,"62,5 - 75",g/l
14292,4777,581,127,"62,5 - 75",g/l
14293,4777,581,74,"62,5 - 75",g/l
14294,4777,581,90,"62,5 - 75",g/l
14295,4778,36,105,1.5,g/l
14296,4778,4,413,"1,5",g/l
14297,4778,4,106,1.5,g/l
14298,4778,14,50,1.5,g/l
14299,4778,14,185,"1,5",g/l
14300,4778,3,10,3,g/l
14301,4778,3,279,3,g/l
14302,4778,28,164,1,g/l
14303,4778,28,46,"1,5",g/l
14304,4779,8,446,,-
14305,4779,8,150,,-
14306,4779,8,1548,,-
14307,4779,8,60,,-
14308,4779,8,409,,
14309,4779,8,408,,-
14310,4779,8,53,,-
14311,4779,8,58,1 - 2,l/ha
14312,4780,11,46,2,g/l
14313,4781,2,14,"1,5",ml/l
14314,4783,198,25,1.5 - 3,l/ha
14315,4783,198,52,1.5 - 3,l/ha
14316,4783,198,130,1.5 - 3,l/ha
14317,4783,198,35,1.5 - 3,l/ha
14318,4783,198,3,1.5 - 3,l/ha
14319,4783,198,38,1.5 - 3,l/ha
14320,4785,582,124,,-
14321,4785,582,1026,,-
14322,4785,582,569,,-
14323,4786,221,9,4 - 6,l/ha
14324,4786,221,6,4 - 6,l/ha
14325,4786,221,38,4 - 6,l/ha
14326,4786,221,34,4 - 6,l/ha
14327,4787,2,448,"1,875",ml/l
14328,4787,10,1549,2,ml/l
14329,4787,44,311,2,ml/l
14330,4787,28,447,2,ml/l
14331,4788,14,111,1.5,ml/l
14332,4789,4,44,2,ml/l
14333,4791,51,184,1,ml/l
14334,4792,583,36,,-
14335,4792,583,4,,-
14336,4792,583,34,3 - 4,l/ha
14337,4792,583,6,3 - 4,l/ha
14338,4792,583,57,,-
14339,4792,583,29,,-
14340,4792,38,41,4 - 5,-
14341,4792,38,134,,-
14342,4792,38,74,4 - 5,l/ha
14343,4792,38,42,,-
14344,4792,38,100,4 - 5,l/ha
14345,4793,584,3,"1,5 - 3",l/ha
14346,4793,584,38,"1,5 - 3",l/ha
14347,4793,584,302,"1,5 - 3",l/ha
14348,4793,584,6,"1,5 - 3",l/ha
14349,4793,6,38,"0,75 - 1,5",l/ha
14350,4793,6,34,,-
14351,4793,6,913,,-
14352,4793,6,6,"0,75 - 1,5",l/ha
14353,4794,4,44,2,ml/l
14354,4795,2,1550,1,ml/l
14355,4797,8,9,75 - 150,g/ha
14356,4797,8,30,75 - 150,g/ha
14357,4798,116,79,,-
14358,4798,116,248,600 - 1200,g/ha
14359,4798,116,42,600 - 1200,g/ha
14360,4798,116,39,,-
14361,4798,116,41,,-
14362,4798,116,127,600 - 1200,g/ha
14363,4798,116,95,,-
14364,4799,10,94,"52,5 - 122,5",ml/ha
14365,4799,10,2,,-
14366,4799,10,4,,-
14367,4799,10,9,,-
14368,4799,10,29,"52,5 - 122,5",ml/ha
14369,4799,10,33,,-
14370,4799,10,112,,-
14371,4800,9,41,"1,5 - 3",l/ha
14372,4800,9,42,,-
14373,4800,9,90,,
14374,4800,9,74,"1,5 - 3",l/ha
14375,4800,9,82,,-
14376,4800,9,79,"1,5 - 3",l/ha
14377,4802,3,14,3,ml/l
14378,4803,4,81,1,ml/l
14379,4804,10,64,1,ml/l
14380,4805,3,72,375,g/ha
14381,4806,10,69,,-
14382,4806,10,4,"1,125-2,25",l/ha
14383,4806,10,30,,-
14384,4806,10,6,,-
14385,4806,10,9,"1,125-2,25",l/ha
14386,4806,10,122,,-
14387,4807,76,210,Tidak Termasuk Salah Satu Persyaratan Pendaftaran Izin Tetap Baru Bahan Teknis,
14388,4809,4,44,1.5,ml/l
14389,4810,2,1551,4,g/l
14390,4810,2,386,2,g/l
14391,4811,14,50,"1,5",g/l
14392,4814,37,124,-,-
14393,4814,37,18,-,-
14394,4816,2,14,"8,5",kg/ha
14395,4817,29,64,-,
14396,4818,4,700,1,ml/l
14397,4819,405,18,Pembakaran,-
14398,4819,405,124,Pembakaran,-
14399,4820,14,50,"1,5",ml/l
14400,4821,585,1552,0.75,gr/ 10 l air
14401,4821,586,1553,0.75,gr/ 10 l air
14402,4822,4,81,2,ml/l
14403,4823,18,38,,-
14404,4823,18,35,"1,5",l/ha
14405,4823,18,25,,-
14406,4823,18,30,,-
14407,4823,18,6,"1,5",l/ha
14408,4825,34,88,"0,9 - 1,8",l/ha
14409,4825,34,37,,-
14410,4825,34,1554,"0,9 - 1,8",l/ha
14411,4825,34,70,,-
14412,4825,34,42,,-
14413,4825,34,1555,"0,9 - 1,8",l/ha
14414,4826,79,225,0.4,ml/l
14415,4826,11,164,0.4,ml/l
14416,4826,28,164,1.2,ml/l
14417,4826,30,103,0.6 - 0.8,ml/l
14418,4826,4,103,0.8,ml/l
14419,4826,14,49,0.8,ml/l
14420,4826,27,330,1.6,ml/l
14421,4826,2,1556,2,ml/l
14422,4826,2,10,1,ml/l
14423,4826,10,10,2,ml/l
14424,4826,28,164,1.2,ml/l
14425,4826,52,486,1.2,ml/l
14426,4826,10,10,2,ml/l
14427,4826,587,396,,
14428,4826,30,103,0.6 - 0.8,ml/l
14429,4826,587,396,,
14430,4826,4,103,0.8,ml/l
14431,4826,14,49,0.8,ml/l
14432,4826,2,10,1,ml/l
14433,4826,2,1556,2,ml/l
14434,4826,27,330,1.6,ml/l
14435,4826,52,486,1.2,ml/l
14436,4827,11,46,"1,5",g/l
14437,4828,37,92,siap pakai,%
14438,4828,37,91,siap pakai,%
14439,4828,37,124,siap pakai,%
14440,4828,37,18,siap pakai,%
14441,4828,37,195,siap pakai,%
14442,4829,3,14,"0,75",ml/l
14443,4830,11,46,2,g/l
14444,4831,30,1557,15 ml/l air/pohon,-
14445,4832,7,24,"2,25 - 4,5",l/ha
14446,4832,7,30,,-
14447,4832,7,9,,-
14448,4832,7,4,"2,25 - 4,5",liter/ha
14449,4833,329,74,1.5 - 3,kg/ha
14450,4833,329,95,1.5 - 3,kg/ha
14451,4833,329,79,1.5 - 3,kg/ha
14452,4833,329,41,1.5 - 3,kg/ha
14453,4833,329,407,1.5 - 3,kg/ha
14454,4833,329,42,1.5 - 3,kg/ha
14455,4834,9,95,1 - 1.5,kg/ha
14456,4834,9,74,1 - 1.5,kg/ha
14457,4834,9,79,1 - 1.5,kg/ha
14458,4834,9,82,1 - 1.5,kg/ha
14459,4834,9,42,1 - 1.5,kg/ha
14460,4834,9,41,1 - 1.5,kg/ha
14461,4835,2,83,1,ml/l
14462,4835,2,14,2,ml/l
14463,4836,2,188,2,ml/l
14464,4838,37,124,,-
14465,4838,37,18,,-
14466,4839,1,9,"56,25 - 75",g/ha
14467,4839,1,66,"56,25 - 75",g/ha
14468,4839,1,30,"56,25 - 75",g/ha
14469,4840,50,23,"0,25-0,5",g/l
14470,4840,50,45,1,g/l
14471,4840,51,123,"1,5",g/l
14472,4840,51,45,"0,6",g/l
14473,4840,51,137,"2,25",g/l
14474,4840,4,45,"0,6",g/l
14475,4841,9,95,"1 - 1,5",l/ha
14476,4841,9,97,,-
14477,4841,9,42,"1 - 1,5",l/ha
14478,4841,9,39,,-
14479,4842,48,35,"1,5 -3",l/ha
14480,4842,48,66,,-
14481,4842,48,6,"1,5 -3",l/ha
14482,4842,130,6,,-
14483,4842,130,9,,-
14484,4842,130,384,"0,75 - 1,5",l/ha
14485,4842,130,34,"0,75 - 1,5",l/ha
14486,4843,29,64,,
14487,4844,14,50,"1,5",g/l
14488,4845,2,14,"0,75",g/l
14489,4846,36,177,3,ml/l
14490,4847,106,9,1-2,l/ha
14491,4847,106,60,1-2,l/ha
14492,4847,106,58,1-2,l/ha
14493,4847,6,1558,1-2,l/ha
14494,4847,6,60,1-2,l/ha
14495,4847,6,58,1-2,l/ha
14496,4848,235,128,3 - 4,l/ha
14497,4848,235,6,,-
14498,4848,235,29,3 - 4,l/ha
14499,4848,235,24,,-
14500,4851,4,81,"0,5",ml/l
14501,4852,10,30,2 - 3,l/ha
14502,4852,10,122,2 - 3,l/ha
14503,4852,10,9,2 - 3,l/ha
14504,4852,10,29,2 - 3,l/ha
14505,4852,10,4,"2 - 3,5",l/ha
14506,4853,1,9,"1,5 - 3",kg/ha
14507,4853,1,6,,-
14508,4853,1,31,,-
14509,4853,1,35,"1,5 - 3",kg/ha
14510,4854,24,3,,-
14511,4854,24,38,2 - 4,l/ha
14512,4854,24,684,,-
14513,4854,24,34,,-
14514,4854,24,57,,-
14515,4854,24,445,,-
14516,4854,24,1184,,
14517,4854,24,1185,,-
14518,4854,24,29,,-
14519,4854,24,1559,2 - 4,l/ha
14520,4855,4,45,1,ml/l
14521,4856,3,72,1,g/l
14522,4857,4,1560,0.5,ml/l
14523,4858,7,24,2 - 3,l/ha
14524,4858,7,30,2 - 3,l/ha
14525,4858,7,112,2 - 3,l/ha
14526,4858,7,29,2 - 3,l/ha
14527,4858,7,54,2 - 3,l/ha
14528,4858,7,375,2 - 3,l/ha
14529,4858,7,69,2 - 3,l/ha
14530,4858,7,234,2 - 3,l/ha
14531,4859,3,72,"0,9375",g/l
14532,4860,51,137,3,ml/l
14533,4860,51,123,3,ml/l
14534,4861,42,9,"2,25 - 4",l/ha
14535,4861,42,30,"2,25 - 4",l/ha
14536,4861,42,36,"2,25 - 4",l/ha
14537,4861,42,128,"2,25 - 4",l/ha
14538,4862,33,283,"0,5",ml/l
14539,4863,113,1315,2,g/l
14540,4864,4,45,"1,5",ml/l
14541,4865,3,1561,0.2,g/l
14542,4866,7,30,,-
14543,4866,7,70,,-
14544,4866,7,9,"0,4 - 0,6",l/ha
14545,4866,7,29,,-
14546,4866,7,71,"0,4 - 0,6",l/ha
14547,4867,3,14,0.75,ml/l
14548,4869,3,14,12,kg/ha
14549,4870,2,161,3,kg/ha
14550,4872,4,81,"1,5",ml/l
14551,4873,268,37,"1,5 - 3",kg/ha
14552,4873,268,125,"1,5 - 3",kg/ha
14553,4873,268,82,"1,5 - 3",kg/ha
14554,4873,268,1466,"1,5 - 3",kg/ha
14555,4873,268,1500,"1,5 - 3",kg/ha
14556,4873,268,127,"1,5 - 3",kg/ha
14557,4873,268,39,"1,5 - 3",kg/ha
14558,4873,268,565,"1,5 - 3",kg/ha
14559,4873,268,1562,"1,5 - 3",kg/ha
14560,4873,268,41,"1,5 - 3",kg/ha
14561,4873,268,42,"1,5 - 3",kg/ha
14562,4873,268,1563,"1,5 - 3",kg/ha
14563,4874,11,46,1.5,g/l
14564,4875,7,146,"1,5-3",l/ha
14565,4875,7,128,"1,5-3",l/ha
14566,4875,7,6,"1,5-3",l/ha
14567,4875,7,9,"1,5-3",l/ha
14568,4876,588,64,-,%
14569,4877,11,121,"1,5",ml/l
14570,4877,11,81,"1,5",ml/l
14571,4878,8,36,"1,5 - 3",l/ha
14572,4878,8,34,"1,5 - 3",l/ha
14573,4878,8,35,"1,5 - 3",l/ha
14574,4878,8,38,"1,5 - 3",l/ha
14575,4878,8,6,"1,5 - 3",l/ha
14576,4878,8,58,"1,5 - 3",l/ha
14577,4878,8,9,"1,5 - 3",l/ha
14578,4879,4,44,"1,5",ml/l
14579,4882,14,109,"0,5",ml/l
14580,4883,103,1564,"4,5",ml/l
14581,4883,44,1068,2,ml/l
14582,4883,44,81,"1,5",ml/l
14583,4883,44,118,"1,5",ml/l
14584,4883,44,1565,2,ml/l
14585,4884,3,674,15,kg/ha
14586,4884,3,14,15,kg/ha
14587,4885,589,97,3 - 5,l/ha
14588,4885,589,1566,3 - 5,l/ha
14589,4885,589,82,3 - 5,l/ha
14590,4885,589,248,3 - 5,l/ha
14591,4885,106,34,2 - 3,l/ha
14592,4885,590,66,1.5 - 2,l/ha
14593,4885,590,60,1.5 - 2,l/ha
14594,4885,590,52,1.5 - 3,l/ha
14595,4885,591,82,3 – 5,l/ha
14596,4885,591,1567,3 – 5,l/ha
14597,4885,591,297,3 – 5,l/ha
14598,4885,591,42,3 – 5,l/ha
14599,4885,42,38,1.5 - 3,l/ha
14600,4886,2,10,1,ml/l
14601,4887,14,109,1,ml/l
14602,4888,8,1568,"1,5 - 3",l/ha
14603,4888,8,1569,"1,5 - 3",l/ha
14604,4888,8,1570,"1,5 - 3",l/ha
14605,4888,8,915,"1,5 - 3",l/ha
14606,4888,8,1571,"1,5 - 3",l/ha
14607,4889,3,14,"1,5",g/l
14608,4890,14,81,1,ml/l
14609,4891,37,124,,-
14610,4891,37,18,,-
14611,4892,10,252,"4,8",ml/l
14612,4892,4,45,"2,4",ml/l
14613,4892,55,344,"1,2",ml/l
14614,4892,50,1572,"1,2",ml/l
14615,4892,50,820,"1,2",ml/l
14616,4892,40,817,"2,4",ml/l
14617,4892,40,182,"2,4",ml/l
14618,4892,14,109,2,ml/l
14619,4892,20,170,"1,8",ml/l
14620,4892,51,45,"7,2",ml/l
14621,4893,2,83,25.5,kg/ha
14622,4894,592,628,10 - 25,%
14623,4895,5,1573,6,ml/ha
14624,4895,5,1574,4,ml/ha
14625,4895,5,195,10 ml/l s.d 4 minggu,
14626,4895,72,1575,8 ml/10,l/ha
14627,4895,72,1576,8 ml/10,l/ha
14628,4895,5,92,8,ml/l
14629,4895,5,194,8,ml/l
14630,4895,474,1577,6,ml/ha
14631,4895,474,1578,6,ml/ha
14632,4895,37,231,4 ml/l s/d 4 minggu,-
14633,4895,37,1579,2 ml/10,l/ha
14634,4895,37,1580,6 ml/10,l/ha
14635,4896,2,10,2,g/l
14636,4896,10,281,2,g/l
14637,4898,593,29,100 - 200,g/ha
14638,4898,593,6,100 - 200,g/ha
14639,4898,593,30,100 - 200,g/ha
14640,4898,593,9,100 - 200,g/ha
14641,4898,593,4,100 - 200,g/ha
14642,4898,593,69,100 - 200,g/ha
14643,4898,48,30,150 - 200,g/ha
14644,4898,48,9,150 - 200,g/ha
14645,4898,48,6,150 - 200,g/ha
14646,4898,48,29,150 - 200,g/ha
14647,4898,48,4,150 - 200,g/ha
14648,4898,48,69,150 - 200,g/ha
14649,4898,48,88,150 - 200,g/ha
14650,4899,4,81,"0,5 - 1",ml/l
14651,4899,4,44,"0,5 - 1",ml/l
14652,4899,4,45,"1,5 - 2",ml/l
14653,4899,4,86,"0,5 - 1",ml/l
14654,4899,14,109,"1 - 1,5",ml/l
14655,4900,594,1581,--,-
14656,4901,2,14,2,ml/l
14657,4902,2,10,"1 - 1,5",g/l
14658,4902,2,311,"1 - 1,5",g/l
14659,4902,2,187,"1 - 1,5",g/l
14660,4902,2,188,"1 - 1,5",g/l
14661,4902,4,106,2,g/l
14662,4903,2,188,"0,75",g/l
14663,4904,3,1582,"0,5",ml/l
14664,4905,35,27,,-
14665,4905,35,9,"1,5 - 3",l/ha
14666,4905,35,6,,-
14667,4905,35,54,"1,5 - 3",l/ha
14668,4905,35,4,,-
14669,4905,35,2,"1,5 - 3",l/ha
14670,4906,35,9,,-
14671,4906,35,1583,,-
14672,4906,35,657,,-
14673,4906,35,1293,,-
14674,4906,35,1584,,-
14675,4906,35,77,,-
14676,4906,35,25,,-
14677,4906,35,638,"1,5 - 3",kg/ha
14678,4906,35,54,"1,5 - 3",kg/ha
14679,4906,35,95,,-
14680,4906,35,54,,-
14681,4906,35,1585,,-
14682,4906,35,1586,,-
14683,4906,35,382,,-
14684,4906,35,1452,,-
14685,4906,35,68,,-
14686,4906,35,1587,"1,5 - 3",kg/ha
14687,4906,35,69,,-
14688,4906,35,470,,-
14689,4907,3,14,1,ml/l
14690,4908,37,195,0.5,g/m3
14691,4909,2,83,"0,4",ml/l
14692,4909,2,14,"0,4",ml/l
14693,4910,2,83,2,ml/l
14694,4910,2,681,2,ml/l
14695,4911,11,45,"1,5",ml/l
14696,4912,4,45,3,ml/l
14697,4912,14,109,4,ml/l
14698,4912,20,1588,4,ml/l
14699,4912,2,12,3,ml/l
14700,4912,2,1218,4,ml/l
14701,4912,2,120,4,ml/l
14702,4912,2,14,8,ml/l
14703,4912,36,763,4,ml/l
14704,4912,10,180,8,ml/l
14705,4912,10,820,8,ml/l
14706,4912,51,184,3,ml/l
14707,4912,51,1171,2,ml/l
14708,4912,51,636,4,ml/l
14709,4912,51,1589,3,ml/l
14710,4913,4,44,1,ml/l
14711,4914,156,434,NA,
14712,4915,11,46,3,g/l
14713,4916,207,1590,2,ml/l
14714,4917,39,442,"3 - 4,5",l/ha
14715,4917,39,35,"3 - 4,5",l/ha
14716,4917,39,4,"3 - 4,5",l/ha
14717,4917,39,69,"3 - 4,5",l/ha
14718,4917,39,54,"3 - 4,5",l/ha
14719,4917,39,95,"3 - 4,5",l/ha
14720,4917,39,33,"3 - 4,5",l/ha
14721,4917,39,446,"3 - 4,5",l/ha
14722,4917,39,77,"3 - 4,5",l/ha
14723,4917,39,9,"3 - 4,5",l/ha
14724,4917,39,122,"3 - 4,5",l/ha
14725,4917,39,30,"3 - 4,5",l/ha
14726,4917,39,153,"3 - 4,5",l/ha
14727,4918,7,4,2 - 3,l/ha
14728,4918,7,70,,-
14729,4918,7,29,,-
14730,4918,7,9,2 - 3,l/ha
14731,4918,7,30,,-
14732,4919,3,64,"0,75 g/ 10 l (30, 40, 50, dan 60 HST)",-
14733,4921,595,1086,36,g/m3
14734,4921,595,1591,36,g/m3
14735,4921,595,1087,36,g/m3
14736,4921,64,1591,27,g/m3
14737,4921,64,1086,27,g/m3
14738,4921,64,1087,27,g/m3
14739,4922,14,111,"1,5",ml/l
14740,4923,132,124,,-
14741,4923,132,18,,-
14742,4924,11,121,2,l/ha
14743,4925,28,46,"1,5",g/l
14744,4925,11,46,"1,5",g/l
14745,4925,14,50,1,g/l
14746,4926,29,64,-,
14747,4927,28,81,1,g/l
14748,4927,27,528,2,g/l
14749,4928,18,35,"1,5-2,5",l/ha
14750,4928,18,57,"1,5-2,5",l/ha
14751,4928,18,9,"1,5-2,5",l/ha
14752,4928,18,6,"1,5-2,5",l/ha
14753,4928,18,66,"1,5-2,5",l/ha
14754,4929,37,195,,-
14755,4929,37,124,,-
14756,4929,37,18,,
14757,4929,37,669,,-
14758,4929,37,91,,-
14759,4929,37,92,,
14760,4930,8,36,,-
14761,4930,8,38,,-
14762,4930,8,3,"1,5 - 3",l/ha
14763,4930,8,6,,-
14764,4930,8,827,,-
14765,4930,8,30,,-
14766,4930,8,223,"1,5 - 3",l/ha
14767,4931,28,46,2,g/l
14768,4932,4,102,"1,5",ml/l
14769,4935,11,121,"0,45",ml/l
14770,4935,11,81,"0,45",ml/l
14771,4935,2,83,"0,45",ml/l
14772,4935,2,14,"0,45",ml/l
14773,4936,4,106,2,ml/l
14774,4937,6,58,"2-2,5",l/ha
14775,4937,6,6,,-
14776,4937,6,66,,-
14777,4937,6,38,"2-2,5",l/ha
14778,4938,29,64,-,
14779,4939,10,43,2,ml/l
14780,4940,2,576,"1,5",ml/l
14781,4941,4,346,1,ml/l
14782,4942,29,64,-,g/l
14783,4943,3,14,1.5,ml/l
14784,4944,85,124,0.2 ml/spray,%
14785,4944,85,18,0.2 ml/spray,%
14786,4945,51,45,2,ml/l
14787,4945,4,45,2,ml/l
14788,4945,55,344,1,ml/l
14789,4945,10,43,1.5,ml/l
14790,4946,4,44,1,ml/l
14791,4947,28,209,1.5,g/l
14792,4948,259,9,"2,25 - 3,75",kg/ha
14793,4948,259,6,"2,25 - 3,75",kg/ha
14794,4948,259,4,"2,25 - 3,75",kg/ha
14795,4948,259,35,"2,25 - 3,75",kg/ha
14796,4949,4,44,1.5,g/l
14797,4950,4,44,2,g/l
14798,4951,11,250,6,kg/ha
14799,4952,4,44,"1,4",ml/l
14800,4953,14,50,1,ml/l
14801,4954,8,35,,-
14802,4954,8,36,,-
14803,4954,8,4,3 - 4,l/ha
14804,4954,8,38,,-
14805,4954,8,58,,-
14806,4954,8,6,,-
14807,4954,8,66,,-
14808,4954,8,30,3 - 4,l/ha
14809,4955,2,1592,"0,75",ml/l
14810,4956,3,39,30 - 60,g/ha
14811,4957,14,50,"1,5",ml/l
14812,4957,10,281,"1,5",ml/l
14813,4959,13,682,0.9,ml/pohon
14814,4960,596,64,-,%
14815,4961,8,9,,-
14816,4961,8,379,"1,5 - 3",l/ha
14817,4961,8,366,,-
14818,4961,8,1250,,-
14819,4961,8,6,"1,5-3",l/ha
14820,4961,8,66,,-
14821,4961,8,69,"1,5 - 3",l/ha
14822,4961,8,35,,-
14823,4961,8,3,,-
14824,4961,38,1593,,-
14825,4961,38,90,"1,5 - 3",l/ha
14826,4961,38,859,,-
14827,4961,38,1383,,-
14828,4961,38,40,"1,5 - 3",l/ha
14829,4962,159,18,-,-
14830,4962,159,124,-,-
14831,4963,51,4,,-
14832,4963,51,94,"1,125 - 1,5",ml/ha
14833,4963,51,234,,-
14834,4964,2,188,1,g/l
14835,4966,2,1480,0.6,ml/l
14836,4967,4,45,1,ml/l
14837,4968,37,18,,-
14838,4968,37,124,,-
14839,4969,28,23,"0,75",ml/l
14840,4969,40,182,2,ml/l
14841,4969,10,43,"1,5",ml/l
14842,4969,14,109,"0,75",l/ha
14843,4969,11,213,"0,75",l/ha
14844,4969,11,121,"0,75",l/ha
14845,4969,11,81,"0,75",l/ha
14846,4969,11,142,"0,75",l/ha
14847,4969,4,81,"1,125",l/ha
14848,4969,44,118,"0,75",l/ha
14849,4969,44,119,"0,75",l/ha
14850,4969,50,45,"1,5",ml/l
14851,4969,79,817,"0,75",ml/l
14852,4969,79,668,1,ml/l
14853,4969,380,284,"1,5",ml/l
14854,4970,132,92,,-
14855,4970,132,91,,-
14856,4970,132,195,,-
14857,4970,132,18,,-
14858,4970,132,124,,-
14859,4971,218,683,0.1 - 0.5,l/ha
14860,4971,218,443,0.1 - 0.5,l/ha
14861,4971,218,129,0.1 - 0.5,l/ha
14862,4971,218,9,0.1 - 0.5,l/ha
14863,4971,218,54,0.1 - 0.5,l/ha
14864,4973,2,114,8.5,kg/ha
14865,4973,2,323,"12,75",kg/ha
14866,4974,28,447,"1,25",g/l
14867,4974,2,448,"1,25",g/l
14868,4975,369,35,"1,5 - 3",l/ha
14869,4975,369,38,"1,5 - 3",l/ha
14870,4975,369,36,"1,5 - 3",l/ha
14871,4975,369,57,"1,5 - 3",l/ha
14872,4975,369,1025,"1,5 - 3",l/ha
14873,4975,369,66,"1,5 - 3",l/ha
14874,4975,369,9,"1,5 - 3",l/ha
14875,4976,129,365,0,g/l
14876,4977,14,109,1.5,ml/l
14877,4978,85,239,,%
14878,4979,10,29,"1,2 - 1,8",kg/ha
14879,4979,10,9,"1,2 - 1,8",kg/ha
14880,4979,10,217,"1,2 - 1,8",kg/ha
14881,4979,10,6,"1,2 - 1,8",kg/ha
14882,4979,10,30,"1,2 - 1,8",kg/ha
14883,4979,10,122,"1,2 - 1,8",kg/ha
14884,4979,10,69,"1,2 - 1,8",kg/ha
14885,4979,10,146,"1,2 - 1,8",kg/ha
14886,4979,6,38,"1,5 - 3",kg/ha
14887,4979,6,58,"1,5 - 3",kg/ha
14888,4979,6,66,"1,5 - 3",kg/ha
14889,4979,6,6,"1,5 - 3",kg/ha
14890,4980,14,700,"0,75",ml/l
14891,4981,9,79,0.75 - 1.25,l/ha
14892,4981,9,82,0.75 - 1.25,l/ha
14893,4982,8,36,"1,5 - 3",l/ha
14894,4982,8,35,"1,5 - 3",l/ha
14895,4982,8,38,"1,5 - 3",l/ha
14896,4982,8,9,"1,5 - 3",l/ha
14897,4982,8,223,"1,5 - 3",l/ha
14898,4982,8,6,"1,5 - 3",l/ha
14899,4982,8,66,"1,5 - 3",l/ha
14900,4983,11,46,1,g/l
14901,4983,28,46,1,g/l
14902,4984,6,1593,"3 - 4,5",l/ha
14903,4984,6,4,"3 - 4,5",l/ha
14904,4984,6,9,"3 - 4,5",l/ha
14905,4986,14,111,"1,5",ml/l
14906,4987,11,46,2,g/l
14907,4989,152,206,umpan siap pakai,
14908,4990,4,106,2,g/l
14909,4991,3,82,300 – 400,ml/ha
14910,4991,3,42,300 – 400,ml/ha
14911,4991,3,134,300 – 400,ml/ha
14912,4991,3,74,300 – 400,ml/ha
14913,4992,44,118,1,ml/l
14914,4992,55,254,"0,5",ml/l
14915,4992,51,123,"1,5",ml/l
14916,4992,10,226,1,ml/l
14917,4992,36,170,"0,5",ml/l
14918,4992,2,14,1 - 2,ml/l
14919,4993,64,960,1,tablet/m3
14920,4993,64,171,,
14921,4994,14,50,2,g/l
14922,4995,51,519,1,ml/l
14923,4996,7,35,"0.75 - 1,5",kg/ha
14924,4996,7,69,"0.75 - 1,5",kg/ha
14925,4996,7,4,"0.75 - 1,5",kg/ha
14926,4996,7,1435,"0.75 - 1,5",kg/ha
14927,4996,7,30,"0.75 - 1,5",kg/ha
14928,4996,7,9,"0.75 - 1,5",kg/ha
14929,4996,7,6,"0.75 - 1,5",kg/ha
14930,4997,11,46,2,g/l
14931,4998,51,45,2.5,ml/l
14932,5000,14,1594,"1,5",ml/l
14933,5001,28,23,1,ml/l
14934,5001,28,817,1,ml/l
14935,5002,51,1091,"1,5",ml/l
14936,5003,597,288,20,%
14937,5004,2,279,2,ml/l
14938,5004,2,10,2,ml/l
14939,5005,36,170,"0,5",ml/l
14940,5006,51,636,1,ml/l
14941,5007,11,46,0.5,g/l
14942,5008,2,83,0.5,ml/l
14943,5008,2,14,0.5,ml/l
14944,5008,6,208,2,ml/l
14945,5010,82,3,4-6,l/ha
14946,5011,14,109,2,ml/l
14947,5011,14,269,2,ml/l
14948,5011,14,111,2,ml/l
14949,5011,14,817,2,ml/l
14950,5011,4,45,3,ml/l
14951,5012,2,14,1.5,g/l
14952,5013,2,448,1,g/l
14953,5014,39,35,"2,25 - 3,75",l/ha
14954,5014,39,442,"2,25 - 3,75",l/ha
14955,5014,39,34,"2,25 - 3,75",l/ha
14956,5014,39,4,"2,25 - 3,75",l/ha
14957,5014,39,94,"2,25 - 3,75",l/ha
14958,5014,39,69,"2,25 - 3,75",l/ha
14959,5014,39,33,"2,25 - 3,75",l/ha
14960,5014,39,9,"2,25 - 3,75",l/ha
14961,5014,39,30,"2,25 - 3,75",l/ha
14962,5014,39,77,"2,25 - 3,75",l/ha
14963,5014,39,153,"2,25 - 3,75",l/ha
14964,5014,39,95,"2,25 - 3,75",l/ha
14965,5014,39,54,"2,25 - 3,75",l/ha
14966,5015,4,44,1.5,ml/l
14967,5017,51,137,"1,5",ml/l
14968,5018,4,102,2,g/l
14969,5018,4,106,2,g/l
14970,5018,40,201,2,g/l
14971,5018,27,478,0.5,g/l
14972,5018,79,670,1.5,g/l
14973,5018,14,274,2,g/l
14974,5018,14,49,2,g/l
14975,5018,74,201,2,g/l
14976,5018,28,46,1.5,g/l
14977,5018,3,1480,2.5,g/l
14978,5018,11,46,1.5,g/l
14979,5019,2,83,1,ml/l
14980,5020,82,30,75 - 100,g/ha
14981,5020,82,9,50 - 100,g/ha
14982,5021,14,109,1,ml/l
14983,5023,37,124,,-
14984,5023,37,18,,-
14985,5026,51,45,2,ml/l
14986,5026,4,45,"2,5",ml/l
14987,5027,71,38,"1,5 - 3",l/ha
14988,5027,71,35,"1,5 - 3",l/ha
14989,5027,71,34,"1,5 - 3",l/ha
14990,5027,71,29,"1,5 - 3",l/ha
14991,5027,71,9,"1,5 - 3",l/ha
14992,5027,71,6,"1,5 - 3",l/ha
14993,5027,71,30,"1,5 - 3",l/ha
14994,5027,35,2,"1,5 - 3",l/ha
14995,5027,35,69,"1,5 - 3",l/ha
14996,5027,35,4,"1,5 - 3",l/ha
14997,5027,35,190,"1,5 - 3",l/ha
14998,5027,35,71,"1,5 - 3",l/ha
14999,5027,35,9,"1,5 - 3",l/ha
15000,5027,35,1595,"1,5 - 3",l/ha
15001,5027,35,6,"1,5 - 3",l/ha
15002,5027,598,51,"1,5 - 3",l/ha
15003,5027,598,34,"1,5 - 3",l/ha
15004,5027,598,1596,"1,5 - 3",l/ha
15005,5027,598,30,"1,5 - 3",l/ha
15006,5027,598,541,"1,5 - 3",l/ha
15007,5027,598,9,"1,5 - 3",l/ha
15008,5027,598,6,"1,5 - 3",l/ha
15009,5027,117,51,"1,5 - 3",l/ha
15010,5027,117,35,"1,5 - 3",l/ha
15011,5027,117,890,"1,5 - 3",l/ha
15012,5027,117,29,"1,5 - 3",l/ha
15013,5027,117,9,"1,5 - 3",l/ha
15014,5027,117,30,"1,5 - 3",l/ha
15015,5027,599,34,1 - 2,l/ha
15016,5027,599,58,1 - 2,l/ha
15017,5027,599,9,1 - 2,l/ha
15018,5027,7,69,"1,5 - 3",l/ha
15019,5027,7,35,"1,5 - 3",l/ha
15020,5027,7,54,"1,5 - 3",l/ha
15021,5027,7,1597,"1,5 - 3",l/ha
15022,5027,7,30,"1,5 - 3",l/ha
15023,5027,7,29,"1,5 - 3",l/ha
15024,5027,7,9,"1,5 - 3",l/ha
15025,5027,7,890,"1,5 - 3",l/ha
15026,5027,600,74,"1,5 - 3",l/ha
15027,5027,600,82,"1,5 - 3",l/ha
15028,5027,600,41,"1,5 - 3",l/ha
15029,5027,600,42,"1,5 - 3",l/ha
15030,5027,600,99,"1,5 - 3",l/ha
15031,5027,600,77,"1,5 - 3",l/ha
15032,5027,601,134,"1,5 - 3",l/ha
15033,5027,601,41,"1,5 - 3",l/ha
15034,5027,601,1598,"1,5 - 3",l/ha
15035,5027,601,77,"1,5 - 3",l/ha
15036,5027,601,42,"1,5 - 3",l/ha
15037,5027,601,82,"1,5 - 3",l/ha
15038,5027,601,74,"1,5 - 3",l/ha
15039,5028,14,109,1,ml/l
15040,5028,3,83,"1,5",ml/l
15041,5028,3,14,"1,5",ml/l
15042,5029,29,64,,
15043,5030,14,81,1,ml/l
15044,5032,2,14,0.15,g/l
15045,5032,14,269,0.15,g/l
15046,5034,4,44,2,ml/l
15047,5037,10,43,1,ml/l
15048,5039,33,1599,"0,75",ml/l
15049,5041,37,124,,-
15050,5041,37,18,,-
15051,5043,602,54,"2,25 – 4,5",l/ha
15052,5043,602,69,"2,25 – 4,5",l/ha
15053,5043,602,6,,-
15054,5043,602,9,"2,25 – 4,5",l/ha
15055,5044,7,4,0.75-1,kg/ha
15056,5044,7,69,0.75-1,kg/ha
15057,5044,7,376,0.75-1,kg/ha
15058,5044,7,33,0.75-1,kg/ha
15059,5046,4,1600,1,ml/l
15060,5046,14,109,1,ml/l
15061,5047,8,58,1 - 2,liter/ha
15062,5047,8,52,,
15063,5047,8,66,,-
15064,5047,8,38,,-
15065,5047,8,36,1 - 2,liter/ha
15066,5048,11,46,1,g/l
15067,5049,14,50,2,g/l
15068,5050,83,195,1,ml/l
15069,5051,29,64,-,
15070,5052,11,1601,1.5,g/l
15071,5052,14,1602,1.5,g/l
15072,5053,29,64,-,
15073,5054,2,188,2,g/l
15074,5055,511,296,,-
15075,5055,511,79,"1,5-3",l/ha
15076,5055,511,82,,-
15077,5055,511,95,,
15078,5055,511,74,"1,5-3",l/ha
15079,5055,511,42,"1,5-3",l/ha
15080,5055,511,39,,
15081,5055,511,41,,-
15082,5056,4,285,2,ml/l
15083,5058,124,18,Siap pakai (mg/pc),-
15084,5058,124,124,Siap pakai (mg/pc),-
15085,5059,6,36,"1,5 - 3",l/ha
15086,5059,6,51,"1,5 - 3",l/ha
15087,5059,6,6,"1,5 - 3",l/ha
15088,5061,14,50,1.5,g/l
15089,5062,132,92,,-
15090,5062,132,91,,-
15091,5062,132,231,,-
15092,5063,55,825,,-
15093,5064,11,46,1.5,g/l
15094,5065,51,45,2,ml/l
15095,5065,14,109,"1,5",ml/l
15096,5065,50,1151,2,ml/l
15097,5065,50,1572,3,ml/l
15098,5065,4,45,3,ml/l
15099,5065,1,1603,2.25,ml/l
15100,5065,1,788,"1,5",ml/l
15101,5066,6,52,"0,75 - 1,5",l/ha
15102,5066,6,66,"0,75 - 1,5",l/ha
15103,5066,6,6,"0,75 - 1,5",l/ha
15104,5066,42,6,"0,75 - 1,5",l/ha
15105,5066,42,9,"0,75 - 1,5",l/ha
15106,5066,42,65,"0,75 - 1,5",l/ha
15107,5066,42,58,"0,75 - 1,5",l/ha
15108,5067,202,1604,75,ml/ha
15109,5067,202,124,75,ml/ha
15110,5068,28,46,"0,5 - 1",ml/l
15111,5068,11,46,1,ml/l
15112,5070,14,121,2,g/l
15113,5070,10,43,1,g/l
15114,5071,29,64,-,
15115,5072,11,46,2,g/l
15116,5073,38,1605,4 - 8,l/ha
15117,5073,38,74,4 - 8,l/ha
15118,5073,38,82,4 - 8,l/ha
15119,5073,38,134,4 - 8,l/ha
15120,5073,38,41,4 - 8,l/ha
15121,5073,130,157,4 - 8,l/ha
15122,5073,130,4,4 - 8,l/ha
15123,5073,130,77,4 - 8,l/ha
15124,5073,130,66,4 - 8,l/ha
15125,5073,130,9,4 - 8,l/ha
15126,5073,8,36,6 - 10,l/ha
15127,5073,8,51,6 - 10,l/ha
15128,5073,8,1606,6 - 10,l/ha
15129,5073,8,57,6 - 10,l/ha
15130,5073,8,9,6 - 10,l/ha
15131,5073,8,66,6 - 10,l/ha
15132,5074,55,35,4 - 5,l/ha
15133,5074,55,38,4 - 5,l/ha
15134,5074,55,6,4 - 5,l/ha
15135,5075,44,119,1,ml/l
15136,5075,44,118,1,ml/l
15137,5076,68,44,1.5,ml/l
15138,5077,434,105,2,g/l
15139,5077,14,49,2,g/l
15140,5077,36,105,2,g/l
15141,5077,74,201,2.25,g/l
15142,5077,269,199,4,g/l
15143,5077,11,46,1,g/l
15144,5077,28,46,1.5,g/l
15145,5077,50,837,3,g/l
15146,5077,10,205,3.75,g/l
15147,5077,371,837,3,g/l
15148,5077,40,201,2.25,g/l
15149,5077,73,201,1.5,g/l
15150,5077,4,199,2,g/l
15151,5077,51,435,1.5,g/l
15152,5078,13,578,1,ml/l
15153,5079,8,9,"1,5 - 3",l/ha
15154,5079,8,57,"1,5 - 3",l/ha
15155,5079,8,58,"1,5 - 3",l/ha
15156,5079,8,66,"1,5 - 3",l/ha
15157,5079,8,38,"1,5 - 3",l/ha
15158,5079,8,51,"1,5 - 3",l/ha
15159,5079,8,4,"1,5 - 3",l/ha
15160,5079,8,69,"1,5 - 3",l/ha
15161,5079,8,35,"1,5 - 3",l/ha
15162,5079,8,36,"1,5 - 3",l/ha
15163,5080,14,1607,2,g/l
15164,5081,37,195,20,ml/l
15165,5081,37,194,,-
15166,5081,37,92,20,ml/l
15167,5081,37,231,20,ml/l
15168,5081,5,124,25,ml/ha
15169,5081,5,18,75,ml/ha
15170,5081,5,430,50,ml/ha
15171,5081,5,124,,-
15172,5081,5,430,23,ml/ha
15173,5081,5,18,,-
15174,5083,405,124,Pembakaran,-
15175,5083,405,18,Pembakaran,-
15176,5084,75,35,1-2,kg/ha
15177,5084,75,30,1-2,kg/ha
15178,5084,75,6,1-2,kg/ha
15179,5085,28,46,1,g/l
15180,5086,18,38,1.5 - 3,l/ha
15181,5086,18,6,,
15182,5086,18,130,,
15183,5086,18,57,1.5 - 3,l/ha
15184,5086,18,66,,
15185,5087,4,102,"1,5",ml/l
15186,5087,28,164,"1,5",ml/l
15187,5089,14,109,0.75,ml/l
15188,5090,156,517,TAD,-
15189,5091,8,30,2 - 4,l/ha
15190,5091,8,58,2 - 4,l/ha
15191,5091,8,66,2 - 4,l/ha
15192,5091,8,223,2 - 4,l/ha
15193,5091,8,9,2 - 4,l/ha
15194,5091,8,158,2 - 4,l/ha
15195,5091,8,38,2 - 4,l/ha
15196,5091,8,4,2 - 4,l/ha
15197,5091,8,35,2 - 4,l/ha
15198,5091,8,36,2 - 4,l/ha
15199,5092,4,44,"0,75",ml/l
15200,5093,14,121,"1,5",ml/l
15201,5095,11,46,2,g/l
15202,5096,14,109,"1,5",ml/l
15203,5097,29,64,-,ml/l
15204,5098,4,16,2,ml/l
15205,5099,6,36,3 - 4,l/ha
15206,5099,6,6,3 - 4,l/ha
15207,5099,6,30,3 - 4,l/ha
15208,5099,6,9,3 - 4,l/ha
15209,5099,20,541,"1,5 - 3",l/ha
15210,5099,20,9,"1,5 - 3",l/ha
15211,5099,20,1608,"1,5 - 3",l/ha
15212,5099,20,35,"1,5 - 3",l/ha
15213,5099,19,4,2 - 4,l/ha
15214,5099,19,34,2 - 4,l/ha
15215,5099,19,38,2 - 4,l/ha
15216,5099,42,35,"1,5 - 2",l/ha
15217,5099,42,38,"1,5 - 2",l/ha
15218,5099,42,567,"1,5 - 2",l/ha
15219,5099,42,66,"1,5 - 2",l/ha
15220,5100,57,378,250 - 300,ml/ha
15221,5100,57,1609,250 - 300,ml/ha
15222,5100,57,847,250 - 300,ml/ha
15223,5100,57,1610,250 - 300,ml/ha
15224,5100,57,3,250 - 300,ml/ha
15225,5100,57,4,250 - 300,ml/ha
15226,5101,6,136,,-
15227,5101,6,9,,-
15228,5101,6,66,"3 - 4,5",l/ha
15229,5101,6,3,"3 - 4,5",l/ha
15230,5101,6,38,,-
15231,5101,6,34,"3 - 4,5",l/ha
15232,5102,5,18,"4,5",ml/l
15233,5102,5,124,"4,5",ml/l
15234,5102,5,18,"6,25 ml/5l/ha",
15235,5102,5,124,"6,25 ml/5l/ha",
15236,5102,37,195,5,ml/l
15237,5102,37,92,5,ml/l
15238,5102,37,91,5,ml/l
15239,5103,6,1611,1.5 - 2.25,g/l
15240,5103,6,6,1.5 - 2.25,g/l
15241,5103,6,57,1.5 - 2.25,g/l
15242,5103,6,9,1.5 - 2.25,g/l
15243,5103,6,38,1.5 - 2.25,g/l
15244,5103,6,35,1.5 - 2.25,g/l
15245,5104,13,48,1,gr/Pohon
15246,5105,14,396,2,g/l
15247,5106,48,30,,
15248,5106,48,52,1875 - 3125,ml/ha
15249,5106,48,6,,-
15250,5106,48,57,,
15251,5106,48,58,,
15252,5106,48,66,,
15253,5106,48,130,,
15254,5106,48,34,,
15255,5106,48,4,,
15256,5106,48,36,,
15257,5106,48,35,,-
15258,5106,48,38,1875 - 3125,ml/ha
15259,5107,4,64,"3 ml/10 L air (4, 5, 6, 7 dan 8 MST)",-
15260,5108,9,74,"1,5 - 2",kg/ha
15261,5108,9,82,"1,5 - 2",kg/ha
15262,5108,9,41,"1,5 - 2",kg/ha
15263,5108,9,42,"1,5 - 2",kg/ha
15264,5108,9,98,"1,5 - 2",kg/ha
15265,5109,11,1612,2,g/l
15266,5111,446,57,"0,15 - 0,30",l/ha
15267,5111,446,29,,-
15268,5111,17,1613,,-
15269,5111,17,9,"0,375 - 0,50",ml/l
15270,5111,17,66,,-
15271,5111,18,66,"0,50 - 0,625",ml/l
15272,5111,18,52,"1,5",ml/l
15273,5111,257,6,"0,25 - 0,30",l/ha
15274,5111,257,29,"0,2 - 0,3",l/ha
15275,5111,257,57,"0,1 - 0,3",l/ha
15276,5111,6,66,"0,625 - 0,75",ml/l
15277,5113,36,1614,30,kg/ha
15278,5113,11,1143,30,kg/ha
15279,5113,1,789,30,kg/ha
15280,5115,14,50,2,ml/l
15281,5116,14,50,2,ml/l
15282,5117,11,394,2 - 4,g/l
15283,5117,28,1615,"1,5",g/l
15284,5117,28,164,"1,5",g/l
15285,5117,603,50,2 - 4,g/l
15286,5117,4,106,2,g/l
15287,5118,3,42,,-
15288,5118,3,565,100 - 150,g/ha
15289,5118,3,40,,-
15290,5118,3,134,,-
15291,5118,3,74,100 - 150,g/ha
15292,5118,3,100,100 - 150,g/ha
15293,5119,132,231,,-
15294,5120,2,114,1,ml/l
15295,5121,271,186,NA,
15296,5122,27,1616,1,ml/l
15297,5124,3,14,1,g/l
15298,5125,50,45,0.75,g/l
15299,5126,29,64,-,g/l
15300,5128,51,45,"1,5",ml/l
15301,5128,4,45,"2,5",ml/l
15302,5129,4,45,2.5,ml/l
15303,5130,2,83,2,ml/l
15304,5130,2,14,2,ml/l
15305,5131,37,18,-,-
15306,5131,37,124,-,-
15307,5132,366,38,1.5 - 2,l/ha
15308,5132,366,4,1.5 - 2,l/ha
15309,5132,366,3,1.5 - 2,l/ha
15310,5132,366,9,1.5 - 2,l/ha
15311,5132,366,6,1.5 - 2,l/ha
15312,5133,28,1294,1,ml/l
15313,5134,37,91,-,-
15314,5134,37,92,-,-
15315,5135,4,44,1,ml/l
15316,5136,3,1617,2 tablet/ha,-
15317,5137,44,118,"1,5",g/l
15318,5139,4,81,"1,5",g/l
15319,5140,11,46,1.5,g/l
15320,5141,8,57,1 - 2,l/ha
15321,5141,8,66,1 - 2,l/ha
15322,5141,8,9,1 - 2,l/ha
15323,5141,8,6,1 - 2,l/ha
15324,5141,8,35,1 - 2,l/ha
15325,5141,8,38,1 - 2,l/ha
15326,5141,8,51,1 - 2,l/ha
15327,5141,8,36,1 - 2,l/ha
15328,5142,29,64,0,ml/l
15329,5143,29,64,-,g/l
15330,5144,14,1618,0.75,g/l
15331,5145,11,80,2,g/l
15332,5145,14,50,4,g/l
15333,5147,29,64,-,%
15334,5148,14,109,2,g/l
15335,5149,4,81,2,ml/l
15336,5150,55,207,"0,125",ml/pohon
15337,5151,10,23,"1,5",ml/l
15338,5151,55,47,2,ml/l
15339,5151,14,174,2,ml/l
15340,5151,3,14,"1,5",ml/l
15341,5151,3,1619,"1,5",ml/l
15342,5151,3,114,"1,5",ml/l
15343,5152,37,195,,-
15344,5152,37,91,,-
15345,5152,37,92,,-
15346,5152,37,18,,-
15347,5152,37,124,,-
15348,5153,4,45,0.75,ml/l
15349,5154,6,9,"1,5 - 2",l/ha
15350,5154,6,30,"1,5 - 2",l/ha
15351,5154,6,38,"1,5 – 2",l/ha
15352,5155,394,3,4-5,l/ha
15353,5155,394,38,4-5,l/ha
15354,5155,394,35,4-5,l/ha
15355,5155,394,9,4-5,l/ha
15356,5155,394,6,4-5,l/ha
15357,5156,4,44,1,ml/l
15358,5157,4,44,1.5,ml/l
15359,5158,44,118,2,ml/l
15360,5158,44,81,2,ml/l
15361,5159,4,44,1,ml/l
15362,5160,11,46,"2,0",g/l
15363,5161,10,43,2,ml/l
15364,5162,36,170,1,ml/l
15365,5163,14,44,1.5,ml/l
15366,5164,10,43,1,ml/l
15367,5165,3,41,,-
15368,5165,3,424,,-
15369,5165,3,39,"1,5 - 2",l/ha
15370,5165,3,100,"1,5 - 2",l/ha
15371,5166,3,14,"7,5",kg/ha
15372,5167,132,124,,-
15373,5167,132,18,,-
15374,5168,14,109,"1,5",ml/l
15375,5169,4,396,3,g/l
15376,5169,28,46,3,g/l
15377,5169,11,46,3,g/l
15378,5170,221,35,3 - 4,l/ha
15379,5170,221,34,3 - 4,l/ha
15380,5170,221,9,3 - 4,l/ha
15381,5171,14,50,2,g/l
15382,5172,14,1620,1,g/l
15383,5172,44,1621,2,g/l
15384,5172,11,1622,2,g/l
15385,5173,51,137,3,g/l
15386,5174,6,6,"1,5 - 2,0",l/ha
15387,5174,6,9,,-
15388,5174,6,34,"1,5 - 2,0",l/ha
15389,5175,7,54,"2,25 - 4,5",l/ha
15390,5175,7,33,"2,25 - 4,5",l/ha
15391,5175,7,9,"2,25 - 4,5",l/ha
15392,5175,7,1623,"2,25 - 4,5",l/ha
15393,5175,7,1455,"2,25 - 4,5",l/ha
15394,5175,7,69,"2,25 - 4,5",l/ha
15395,5175,7,1624,"2,25 - 4,5",l/ha
15396,5175,7,230,"2,25 - 4,5",l/ha
15397,5176,2,14,"0,75",l/ha
15398,5177,153,1428,10,kg/ha
15399,5177,1,1427,10,kg/ha
15400,5178,14,109,2,ml/l
15401,5179,4,45,1,g/l
15402,5179,2,83,,
15403,5179,2,120,,
15404,5179,2,14,,
15405,5180,10,43,2,g/l
15406,5181,18,6,1-2,l/ha
15407,5181,18,57,1-2,l/ha
15408,5181,18,66,1-2,l/ha
15409,5181,18,35,1-2,l/ha
15410,5181,18,38,1-2,l/ha
15411,5181,18,36,1-2,l/ha
15412,5182,14,1625,150 - 200,ml/ha
15413,5183,132,195,,-
15414,5183,132,92,,-
15415,5183,132,91,,-
15416,5183,132,124,,-
15417,5183,132,18,,-
15418,5184,14,50,"1,5",ml/l
15419,5185,87,74,3 - 6,l/ha
15420,5185,87,82,3 - 6,l/ha
15421,5185,87,42,3 - 6,l/ha
15422,5185,87,77,3 - 6,l/ha
15423,5185,87,41,3 - 6,l/ha
15424,5186,335,1626,"0,0075",ml/l
15425,5187,29,64,-,
15426,5188,14,111,2,ml/l
15427,5189,11,1627,"1,5",ml/l
15428,5191,14,81,0.75,g/l
15429,5192,14,109,2,ml/l
15430,5194,13,48,"0,5",gr/Pohon
15431,5195,14,109,2,ml/l
15432,5196,3,72,6,kg/ha
15433,5197,4,81,200,ml/ha
15434,5197,36,110,"0,75",ml/l
15435,5197,36,170,"0,375",ml/l
15436,5197,14,109,"0,25",ml/l
15437,5197,51,123,375,ml/ha
15438,5197,44,118,"0,375",ml/l
15439,5198,11,80,"1,5",g/l
15440,5199,14,111,"0,75",g/l
15441,5199,2,14,"0,75",g/l
15442,5200,10,9,75 - 150,ml/ha
15443,5200,10,122,75 - 150,ml/ha
15444,5200,10,30,75 - 150,ml/ha
15445,5201,2,10,2,ml/l
15446,5202,6,6,"1,5 - 3",l/ha
15447,5202,6,445,"1,5 - 3",l/ha
15448,5202,6,9,"1,5 - 3",l/ha
15449,5202,106,9,"1,5 - 2,5",l/ha
15450,5202,106,263,"1,5 - 2,5",l/ha
15451,5202,106,6,"1,5 - 2,5",l/ha
15452,5202,106,66,"1,5 - 2,5",l/ha
15453,5202,106,38,"1,5 - 2,5",l/ha
15454,5202,106,35,"1,5 - 2,5",l/ha
15455,5202,106,36,"1,5 - 2,5",l/ha
15456,5202,42,9,"1,5 - 3",l/ha
15457,5202,107,96,2 - 3,l/ha
15458,5202,107,777,2 - 3,l/ha
15459,5202,107,398,2 - 3,l/ha
15460,5202,107,42,2 - 3,l/ha
15461,5202,10,9,"1,5 - 2",l/ha
15462,5202,10,6,"1,5 - 2",l/ha
15463,5202,10,30,"1,5 - 2",l/ha
15464,5202,10,122,"1,5 - 2",l/ha
15465,5202,10,69,"1,5 - 2",l/ha
15466,5202,10,51,"1,5 - 2",l/ha
15467,5202,1,9,"2,5 - 3",l/ha
15468,5202,1,7,"2,5 - 3",l/ha
15469,5202,1,122,"2,5 - 3",l/ha
15470,5202,1,590,"2,5 - 3",l/ha
15471,5202,1,1628,"2,5 - 3",l/ha
15472,5202,1,384,"2,5 - 3",l/ha
15473,5202,1,1629,"2,5 - 3",l/ha
15474,5202,1,1630,"2,5 - 3",l/ha
15475,5202,1,234,"2,5 - 3",l/ha
15476,5202,1,1631,"2,5 - 3",l/ha
15477,5202,1,1632,"2,5 - 3",l/ha
15478,5203,44,118,2,ml/l
15479,5206,14,50,2,ml/l
15480,5207,37,221,,-
15481,5207,37,124,,-
15482,5208,14,50,"1,5",ml/l
15483,5209,71,158,"3 - 4,5",l/ha
15484,5209,71,9,"3 - 4,5",l/ha
15485,5209,71,66,"3 - 4,5",l/ha
15486,5209,71,52,"3 - 4,5",l/ha
15487,5209,71,38,"3 - 4,5",l/ha
15488,5209,71,146,"3 - 4,5",l/ha
15489,5209,71,36,"3 - 4,5",l/ha
15490,5209,71,34,"3 - 4,5",l/ha
15491,5210,6,30,,
15492,5210,6,57,"1,5 - 3",l/ha
15493,5210,6,58,,
15494,5210,6,6,,-
15495,5210,6,66,,-
15496,5210,6,38,,-
15497,5210,6,69,"1,5 - 3",l/ha
15498,5210,6,4,,-
15499,5210,6,51,,-
15500,5210,6,36,,-
15501,5211,604,1633,150-300,ml/ha
15502,5211,604,26,150-300,ml/ha
15503,5211,604,9,150-300,ml/ha
15504,5211,604,1634,150-300,ml/ha
15505,5211,604,235,150-300,ml/ha
15506,5211,604,24,150-300,ml/ha
15507,5211,604,4,150-300,ml/ha
15508,5211,604,128,150-300,ml/ha
15509,5211,604,382,150-300,ml/ha
15510,5211,605,235,150-300,ml/ha
15511,5211,605,24,150-300,ml/ha
15512,5211,605,9,150-300,ml/ha
15513,5211,605,847,150-300,ml/ha
15514,5211,605,398,150-300,ml/ha
15515,5211,605,94,150-300,ml/ha
15516,5211,605,382,150-300,ml/ha
15517,5212,30,1635,10,ml/l
15518,5213,2,1315,1,g/l
15519,5213,14,50,0.5,g/l
15520,5214,2,188,"2,5",ml/kg benih
15521,5214,2,188,"1,5",ml/l
15522,5216,29,64,-,
15523,5217,4,45,"1,5",ml/l
15524,5218,4,23,"1,5",ml/l
15525,5219,55,344,0.5,ml/l
15526,5219,4,81,0.5,ml/l
15527,5219,4,44,0.5,ml/l
15528,5219,36,110,2,ml/l
15529,5219,36,170,2,ml/l
15530,5219,14,109,0.5,ml/l
15531,5220,39,36,,-
15532,5220,39,51,,-
15533,5220,39,35,3 - 4,l/ha
15534,5220,39,58,,-
15535,5220,39,6,3 - 4,l/ha
15536,5220,39,9,,-
15537,5221,4,44,1,ml/l
15538,5221,2,83,1,ml/l
15539,5222,6,36,"1,5 - 2",l/ha
15540,5222,6,38,1.5 - 2,l/ha
15541,5222,6,1636,1.5 - 2,l/ha
15542,5222,6,30,"1,5 - 2",l/ha
15543,5222,6,1637,"1,5 - 2",l/ha
15544,5222,6,6,"1,5 - 2",l/ha
15545,5222,10,1630,"1,5 - 2",l/ha
15546,5222,10,69,"1,5 - 2",l/ha
15547,5222,10,94,"1,5 - 2",l/ha
15548,5222,10,1638,"1,5 - 2",l/ha
15549,5222,10,6,"1,5 - 2",l/ha
15550,5222,10,9,"1,5 - 2",l/ha
15551,5222,10,30,"1,5 - 2",l/ha
15552,5222,13,38,1-3,l/ha
15553,5222,13,1637,1 - 3,l/ha
15554,5224,14,81,"1,5",ml/l
15555,5225,14,109,1,ml/l
15556,5226,7,71,"1,5-3",l/ha
15557,5226,7,30,"1,5-3",l/ha
15558,5226,7,9,"1,5-3",l/ha
15559,5226,7,29,"1,5-3",l/ha
15560,5226,7,130,"1,5-3",l/ha
15561,5227,8,6,1.5 - 3,l/ha
15562,5227,8,9,1.5 - 3,l/ha
15563,5227,8,66,1.5 - 3,l/ha
15564,5227,8,34,1.5 - 3,l/ha
15565,5227,8,35,1.5 - 3,l/ha
15566,5227,8,38,1.5 - 3,l/ha
15567,5227,8,1639,1.5 - 3,l/ha
15568,5230,13,1030,1 ml/bidang sadap,-
15569,5232,606,279,2,g/l
15570,5232,606,10,2,g/l
15571,5232,343,46,1,g/l
15572,5232,338,50,1,g/l
15573,5233,3,14,2,ml/l
15574,5234,44,1640,"0,3",ml/l
15575,5234,44,118,"0,3",ml/l
15576,5234,10,43,1,ml/l
15577,5234,18,254,"0,375",ml/l
15578,5234,18,208,"0,375",ml/l
15579,5234,4,45,"0,4",ml/l
15580,5234,3,14,"0,3",ml/l
15581,5234,3,114,"0,3",ml/l
15582,5234,3,83,"0,3",ml/l
15583,5234,28,23,"0,3",ml/l
15584,5235,10,23,3,ml/l
15585,5235,10,693,3,ml/l
15586,5235,51,137,0.250,ml/l
15587,5235,51,636,0.250,ml/l
15588,5235,51,123,0.250,ml/l
15589,5235,36,170,0.50,ml/l
15590,5236,8,9,1 - 2,l/ha
15591,5236,8,58,1 - 2,l/ha
15592,5236,8,34,1 - 2,l/ha
15593,5237,607,1641,,
15594,5237,607,6,100 – 150,g/ha
15595,5237,607,9,100 – 150,g/ha
15596,5237,1,6,67.5 – 90,g/ha
15597,5237,1,24,112.5 – 135,g/ha
15598,5237,1,128,67.5 – 90,g/ha
15599,5237,1,94,112.5 – 135,g/ha
15600,5238,14,274,"1,5",g/l
15601,5239,18,53,0.75 - 1.25,l/ha
15602,5239,18,66,0.75 - 1.25,l/ha
15603,5239,18,52,0.75 - 1.25,l/ha
15604,5240,3,72,375,g/ha
15605,5241,37,124,,-
15606,5241,37,18,,-
15607,5242,4,44,"0,725",ml/l
15608,5242,4,81,"0,725",ml/l
15609,5243,3,120,1,g/l
15610,5243,3,83,2,g/l
15611,5243,3,14,2,g/l
15612,5244,8,36,"1,5 - 2",l/ha
15613,5244,8,30,"1,5 - 2",l/ha
15614,5244,8,9,"1,5 - 2",l/ha
15615,5245,3,42,,-
15616,5245,3,41,1-1.5,l/ha
15617,5245,3,294,,-
15618,5245,3,79,1-1.5,l/ha
15619,5245,3,1642,,-
15620,5245,3,95,1-1.5,l/ha
15621,5245,3,297,,-
15622,5246,37,91,"1,5",ml/m3
15623,5246,37,92,,
15624,5246,37,195,"1,5",ml/m3
15625,5247,4,44,"1,5",g/l
15626,5248,2,10,2,ml/l
15627,5249,6,34,"1,5 - 2",l/ha
15628,5249,6,9,"1,5 - 2",l/ha
15629,5249,42,6,"1,5 - 2",l/ha
15630,5249,42,9,"1,5 - 2",l/ha
15631,5249,42,31,"1,5 - 2",l/ha
15632,5249,42,128,"1,5 - 2",l/ha
15633,5249,130,27,"1,5 - 2",l/ha
15634,5249,130,31,"1,5 - 2",l/ha
15635,5249,130,88,"1,5 - 2",l/ha
15636,5249,130,4,"1,5 - 2",l/ha
15637,5251,20,606,"0,75",ml/l
15638,5251,79,1281,"0,75",ml/l
15639,5251,4,1281,"0,75",ml/l
15640,5252,14,111,1,ml/l
15641,5253,20,488,0.3,ml/l
15642,5253,79,483,1,ml/l
15643,5253,51,435,0.375,ml/l
15644,5253,28,164,0.5,ml/l
15645,5253,608,1355,0.5,ml/l
15646,5253,45,1643,0.4,ml/l
15647,5253,140,392,0.5,ml/l
15648,5253,27,103,0.48,ml/l
15649,5253,4,102,0.5,ml/l
15650,5253,10,281,0.8,ml/l
15651,5253,103,1644,0.3,ml/l
15652,5253,301,50,0.27,ml/l
15653,5253,30,277,1,ml/l
15654,5253,30,103,1,ml/l
15655,5253,371,103,0.5,ml/l
15656,5253,3,1032,0.2,ml/l
15657,5253,3,1480,0.2,ml/l
15658,5253,33,280,0.5,ml/l
15659,5253,14,50,0.375,ml/l
15660,5253,14,1645,0.225,ml/l
15661,5254,3,188,1,g/l
15662,5255,37,92,,-
15663,5255,37,91,,-
15664,5255,37,195,,-
15665,5255,37,124,,-
15666,5255,37,18,,-
15667,5256,1,30,"1,125 - 1,875",l/ha
15668,5256,1,9,"1,125 - 1,875",l/ha
15669,5256,1,6,"1,125 - 1,875",l/ha
15670,5256,1,4,"1,125 - 1,875",l/ha
15671,5257,51,45,"1,5",ml/l
15672,5257,4,45,"0,75",ml/l
15673,5258,1,9,"1 - 1,5",kg/ha
15674,5258,1,6,,-
15675,5258,1,4,,-
15676,5258,1,35,"1 - 1,5",kg/ha
15677,5258,1,297,"1 - 1,5",kg/ha
15678,5260,129,365,Izin tetap ulang bahan teknis,
15679,5261,14,111,2,ml/l
15680,5261,4,182,2,ml/l
15681,5262,3,74,15-20,g/ha
15682,5262,3,112,15-20,g/ha
15683,5262,3,42,15-20,g/ha
15684,5262,3,97,15-20,g/ha
15685,5262,8,9,60-120,g/ha
15686,5262,8,52,60-120,g/ha
15687,5262,8,58,60-120,g/ha
15688,5263,44,118,"0,75",ml/l
15689,5263,51,45,"1,5",ml/l
15690,5263,10,45,"1,5",ml/l
15691,5263,50,16,"0,5",l/ha
15692,5263,14,109,1,ml/l
15693,5263,4,45,"1,5",ml/l
15694,5263,36,1152,1,ml/l
15695,5263,36,110,1,ml/l
15696,5263,36,84,"1,5",ml/l
15697,5264,10,29,1-2,l/ha
15698,5264,10,9,1-2,l/ha
15699,5264,10,98,1-2,l/ha
15700,5264,10,94,1-2,l/ha
15701,5265,37,124,,-
15702,5265,37,18,,-
15703,5265,37,609,,-
15704,5266,10,43,1,ml/l
15705,5267,2,14,2,g/l
15706,5267,2,114,2,g/l
15707,5267,2,1218,4,g/l
15708,5267,2,120,4,g/l
15709,5267,36,170,1,g/l
15710,5267,52,528,2,g/l
15711,5268,609,248,3 - 4,l/ha
15712,5268,609,42,3 - 4,l/ha
15713,5268,609,41,3 - 4,l/ha
15714,5268,609,90,3 - 4,l/ha
15715,5270,3,1646,17,kg/ha
15716,5270,3,83,17,kg/ha
15717,5270,3,14,17,kg/ha
15718,5271,2,238,1,ml/l
15719,5271,2,681,1,ml/l
15720,5271,44,118,1,ml/l
15721,5271,10,693,"0,75",ml/l
15722,5271,10,43,"0,75",ml/l
15723,5271,10,45,"0,75",ml/l
15724,5271,51,137,"0,5",ml/l
15725,5271,14,121,"0,5",ml/l
15726,5271,55,208,"0,75",ml/l
15727,5271,4,23,"0,5",ml/l
15728,5271,1,212,1,ml/l
15729,5271,50,820,"0,25",ml/l
15730,5272,11,46,2,g/l
15731,5273,380,1647,1,g/10 ml air u/150 stek pucuk krisan
15732,5274,7,234,,-
15733,5274,7,36,1 - 3,l/ha
15734,5274,7,4,,-
15735,5274,7,69,,-
15736,5274,7,24,,-
15737,5274,7,25,,-
15738,5274,7,6,1 - 3,l/ha
15739,5274,7,9,,-
15740,5274,7,30,,-
15741,5274,7,76,,-
15742,5275,4,45,2,ml/l
15743,5276,11,46,"1,5",ml/l
15744,5277,3,14,1,g/l
15745,5278,14,111,1,ml/l
15746,5278,2,83,1,ml/l
15747,5279,29,64,-,
15748,5280,4,45,"0,5",ml/l
15749,5281,514,1648,1,g/l
15750,5283,14,109,2,g/l
15751,5286,14,103,1,ml/l
15752,5287,11,80,2,g/l
15753,5288,6,35,"1,5 - 3",l/ha
15754,5288,6,38,,-
15755,5288,6,58,"1,5 - 3",l/ha
15756,5288,6,66,,-
15757,5289,610,4,1.5 - 2.5,l/ha
15758,5289,610,69,1.5 - 2.5,l/ha
15759,5289,610,9,1.5 - 2.5,l/ha
15760,5289,610,1649,1.5 - 2.5,l/ha
15761,5289,610,30,1.5 - 2.5,l/ha
15762,5290,51,414,2,ml/l
15763,5290,36,208,"0,5",ml/l
15764,5290,269,816,"0,5",ml/l
15765,5290,269,1146,"0,5",ml/l
15766,5290,14,109,"1,5",ml/l
15767,5291,28,46,"1,5",g/l
15768,5291,11,46,2,g/l
15769,5291,14,50,"0,75",g/l
15770,5292,37,124,,-
15771,5292,37,18,,-
15772,5293,71,6,,-
15773,5293,71,52,,-
15774,5293,71,66,"2,5 – 3,5",l/ha
15775,5293,71,9,,-
15776,5294,3,1650,2,g/l
15777,5295,103,47,"2,25",ml/l
15778,5295,2,1651,"7,5",ml/kg benih
15779,5295,44,118,1,ml/l
15780,5295,44,119,1,ml/l
15781,5295,10,252,"7,5",ml/kg benih
15782,5297,4,1652,2,g/l
15783,5298,198,35,"0,75 - 1,5",l/ha
15784,5298,198,38,,-
15785,5298,198,6,,-
15786,5298,198,130,,-
15787,5298,198,52,,-
15788,5298,198,57,"0,75 - 1,5",l/ha
15789,5298,198,25,,
15790,5298,198,66,,-
15791,5298,38,74,"0,75 - 1,5",l/ha
15792,5298,38,42,"0,75 - 1,5",l/ha
15793,5298,38,41,"0,75 - 1,5",l/ha
15794,5298,38,134,,-
15795,5299,4,102,"1,5",g/l
15796,5300,2,1073,0.8,g/l
15797,5301,51,137,"1,5",ml/l
15798,5302,28,46,2,ml/l
15799,5303,14,49,"0,7",ml/l
15800,5303,14,50,"0,7",ml/l
15801,5304,150,40,1.5 - 2,l/ha
15802,5304,150,1653,,-
15803,5304,150,42,,-
15804,5304,150,1083,1.5 - 2,l/ha
15805,5304,150,79,,-
15806,5304,150,82,,-
15807,5304,150,74,1.5 - 2,l/ha
15808,5305,2,10,"1,6",ml/l
15809,5307,14,50,2,g/l
15810,5308,10,281,"1,125",ml/l
15811,5309,11,121,"0,4",g/l
15812,5309,11,1654,"0,4",g/l
15813,5309,4,44,300,g/ha
15814,5309,28,81,200,g/ha
15815,5309,4,81,200,g/ha
15816,5309,4,23,200,g/ha
15817,5310,4,102,"1,5",g/l
15818,5310,11,46,"2,5",g/l
15819,5311,67,83,"0,5",ml/l
15820,5311,67,114,"0,5",ml/l
15821,5311,67,14,"0,5",ml/l
15822,5312,51,137,2,g/l
15823,5313,19,4,2 - 4,l/ha
15824,5313,19,9,2 - 4,l/ha
15825,5313,19,30,,-
15826,5313,106,6,"1,5 - 3",l/ha
15827,5313,106,35,"1,5 - 3",l/ha
15828,5314,4,817,5,g/l
15829,5315,8,38,"1 - 2,5",l/ha
15830,5315,8,36,,-
15831,5315,8,3,,
15832,5315,8,827,,-
15833,5315,8,30,"1 - 2,5",l/ha
15834,5316,6,38,1.5-3,l/ha
15835,5316,6,35,1.5-3,l/ha
15836,5316,6,901,1.5-3,l/ha
15837,5316,6,30,1.5-3,l/ha
15838,5316,6,6,1.5-3,l/ha
15839,5316,6,223,1.5-3,l/ha
15840,5317,37,124,,
15841,5317,37,18,,-
15842,5318,14,109,0.5,ml/l
15843,5319,28,23,"0,5",ml/l
15844,5320,51,123,1,ml/l
15845,5321,3,14,2,g/l
15846,5322,476,4,3.0 - 4.0,l/ha
15847,5322,476,69,3.0 - 4.0,l/ha
15848,5322,476,1655,3.0 - 4.0,l/ha
15849,5322,476,30,3.0 - 4.0,l/ha
15850,5322,476,112,3.0 - 4.0,l/ha
15851,5322,476,9,3.0 - 4.0,l/ha
15852,5323,11,93,1,g/l
15853,5324,118,1656,2,ml/l
15854,5325,9,74,"1,5 - 2,5",l/ha
15855,5325,9,42,"1,5 - 2,5",l/ha
15856,5325,9,79,,-
15857,5325,9,82,"1,5 - 2,5",l/ha
15858,5326,28,46,1.5,ml/l
15859,5326,40,201,3,ml/l
15860,5326,11,46,1.5,ml/l
15861,5327,10,43,"1,5",g/l
15862,5328,235,24,"1,5-3",kg/ha
15863,5328,235,369,"1,5-3",kg/ha
15864,5328,235,146,"1,5-3",kg/ha
15865,5328,235,579,"1,5-3",kg/ha
15866,5329,37,18,,-
15867,5329,37,518,,-
15868,5330,4,106,"1,5",ml/l
15869,5331,7,94,75 - 175,ml/ha
15870,5331,7,4,75 - 175,ml/ha
15871,5331,7,54,75 - 175,ml/ha
15872,5331,7,1657,75 - 175,ml/ha
15873,5331,7,33,75 - 175,ml/ha
15874,5331,7,112,75 - 175,ml/ha
15875,5332,6,36,"1,5 -2",l/ha
15876,5332,6,53,"1,5 -2",l/ha
15877,5332,6,58,"1,5 -2",l/ha
15878,5332,6,6,"1,5 -2",l/ha
15879,5334,1,9,,-
15880,5334,1,122,"1,5 - 2,5",kg/ha
15881,5334,1,6,,-
15882,5334,1,35,,
15883,5334,1,38,,
15884,5334,1,3,"1,5 - 2,5",kg/ha
15885,5335,4,45,"0,5",ml/l
15886,5336,11,46,2,ml/l
15887,5337,432,68,,-
15888,5337,432,1533,,-
15889,5337,432,69,,-
15890,5337,432,1658,"1,5 - 3",l/ha
15891,5338,18,35,"1,125 - 1,5",l/ha
15892,5338,18,34,,-
15893,5338,18,66,,-
15894,5338,18,6,"1,125 - 1,5",l/ha
15895,5338,18,38,,-
15896,5338,18,57,,-
15897,5339,6,38,2 - 4,l/ha
15898,5339,6,30,2 - 4,l/ha
15899,5339,6,9,2 - 4,l/ha
15900,5341,7,69,1.5 - 2,l/ha
15901,5341,7,4,1.5 - 2,l/ha
15902,5341,7,9,1-2,l/ha
15903,5341,7,30,1-2,l/ha
15904,5341,7,122,1-2,l/ha
15905,5341,7,24,1-2,l/ha
15906,5342,198,35,1.5 – 3,l/ha
15907,5342,198,38,1.5 – 3,l/ha
15908,5342,198,52,1.5 – 3,l/ha
15909,5342,198,130,1.5 – 3,l/ha
15910,5342,198,6,1.5 – 3,l/ha
15911,5342,198,25,1.5 – 3,l/ha
15912,5343,2,188,1.5,ml/l
15913,5344,11,46,"1,5",ml/l
15914,5345,4,1659,2,ml/l
15915,5346,4,81,1,g/l
15916,5347,75,29,1.5-3,kg/ha
15917,5347,75,895,1.5-3,kg/ha
15918,5347,1,4,1-2,kg/ha
15919,5347,1,1660,1-2,kg/ha
15920,5347,1,29,1-2,kg/ha
15921,5347,1,415,1-2,kg/ha
15922,5349,10,43,2,ml/l
15923,5350,11,46,"1,5",ml/l
15924,5352,3,14,"1,5",ml/l
15925,5353,6,51,1.5 - 3,l/ha
15926,5353,6,36,1.5 - 3,l/ha
15927,5353,6,6,1.5 - 3,l/ha
15928,5355,14,111,20,kg/ha
15929,5355,51,414,12,kg/ha
15930,5355,3,14,12,kg/ha
15931,5355,3,83,12,kg/ha
15932,5356,37,124,3 mg/5 l,
15933,5356,37,18,3 mg/5 l,
15934,5357,1,9,"0,75 - 1,5",kg/ha
15935,5357,1,27,"0,75 - 1,5",kg/ha
15936,5357,1,203,"0,75 - 1,5",kg/ha
15937,5357,1,69,"0,75 - 1,5",kg/ha
15938,5358,20,606,"1,5",ml/l
15939,5359,77,43,2,ml/l
15940,5360,6,1661,3 - 4,l/ha
15941,5360,6,1662,3 - 4,l/ha
15942,5360,6,1663,3 - 4,l/ha
15943,5360,6,1664,3 - 4,l/ha
15944,5360,6,1665,3 - 4,l/ha
15945,5360,42,1666,3 - 4,l/ha
15946,5360,42,1667,3 - 4,l/ha
15947,5360,42,1664,3 - 4,l/ha
15948,5361,10,9,"1,125 – 1,5",l/ha
15949,5361,10,30,"1,125 – 1,5",l/ha
15950,5361,10,69,"1,125 – 1,5",l/ha
15951,5362,2,15,0.5,g/l
15952,5363,1,153,,-
15953,5363,1,27,,-
15954,5363,1,6,1.5 - 2,l/ha
15955,5363,3,40,"1,5 - 2",l/ha
15956,5363,3,147,"1,5 - 2",l/ha
15957,5363,3,127,,-
15958,5363,3,141,"1,5 - 2",l/ha
15959,5364,29,64,-,
15960,5365,11,46,"1,5",g/l
15961,5366,3,14,36,kg/ha
15962,5366,3,83,36,kg/ha
15963,5368,3,1668,"0,5",ml/l
15964,5369,37,221,,-
15965,5369,37,124,,-
15966,5370,14,109,1,ml/l
15967,5371,2,14,1.5,ml/l
15968,5372,38,95,2 - 4,l/ha
15969,5372,38,74,2 - 4,l/ha
15970,5372,38,112,2 - 4,l/ha
15971,5372,38,42,2 - 4,l/ha
15972,5372,38,40,2 - 4,l/ha
15973,5372,38,41,2 - 4,l/ha
15974,5372,38,82,2 - 4,l/ha
15975,5373,261,781,tidak tersedia untuk ekspor,
15976,5374,3,1669,"0,6",ml/l
15977,5375,140,392,3,ml/l
15978,5376,8,9,"1,5 - 3",l/ha
15979,5376,8,57,"1,5 - 3",l/ha
15980,5376,8,6,"1,5 - 3",l/ha
15981,5376,8,66,"1,5 - 3",l/ha
15982,5376,8,69,"1,5 - 3",l/ha
15983,5376,8,36,"1,5 - 3",l/ha
15984,5376,8,38,"1,5 - 3",l/ha
15985,5377,3,72,2,l/ha
15986,5378,2,14,2,ml/l
15987,5378,2,83,2,ml/l
15988,5379,221,34,3 - 4,l/ha
15989,5379,221,51,,-
15990,5379,221,36,,-
15991,5379,221,38,,-
15992,5379,221,230,,-
15993,5379,221,3,,-
15994,5379,221,1670,,
15995,5379,221,445,,-
15996,5379,221,190,,-
15997,5379,221,1184,,-
15998,5379,221,9,,-
15999,5379,221,57,,-
16000,5379,221,6,,-
16001,5379,221,30,3 - 4,l/ha
16002,5380,11,80,4,g/l
16003,5381,14,109,2,ml/l
16004,5382,611,3,10-12,l/ha
16005,5382,611,35,6-10,l/ha
16006,5382,611,1671,6-10,l/ha
16007,5382,611,59,6-10,l/ha
16008,5382,6,38,2.25-3,l/ha
16009,5382,6,36,2.25-3,l/ha
16010,5382,6,58,2.25-3,l/ha
16011,5382,6,59,5-10,l/ha
16012,5382,6,6,5-10,l/ha
16013,5382,6,9,2.25-3,l/ha
16014,5383,2,14,1,ml/l
16015,5383,2,83,1,ml/l
16016,5384,9,42,2 - 3,l/ha
16017,5384,9,41,,-
16018,5384,9,74,2 - 3,l/ha
16019,5384,9,296,,-
16020,5384,9,100,2 - 3,l/ha
16021,5384,9,79,,-
16022,5385,13,1672,1 g/pohon/aplikasi,-
16023,5388,3,72,1,g/l
16024,5389,9,79,,
16025,5389,9,39,,-
16026,5389,9,41,-,-
16027,5389,9,42,"1,125 – 2,25",l/ha
16028,5389,9,1673,,
16029,5389,9,74,"1,125 – 2,250",l/ha
16030,5389,9,1674,"1,125 – 2,25",-
16031,5390,3,14,1,ml/l
16032,5391,51,2,"187,5-375",ml/ha
16033,5391,51,74,"187,5-375",ml/ha
16034,5391,45,69,250-375,ml/ha
16035,5391,45,88,125-375,ml/ha
16036,5391,45,74,125-375,ml/ha
16037,5391,14,1,2,ml/l
16038,5391,14,74,"0,5-1,5",ml/l
16039,5391,14,867,"0,5-1,5",ml/l
16040,5391,14,403,,-
16041,5391,3,82,100-200,ml/ha
16042,5391,58,54,"312,5-375",ml/ha
16043,5391,58,4,"187,5-375",ml/ha
16044,5391,58,94,125-375,ml/ha
16045,5392,35,2,"1,5 - 3",kg/ha
16046,5392,35,4,"1,5 - 3",kg/ha
16047,5392,35,69,"1,5 - 3",kg/ha
16048,5392,35,66,"1,5 - 3",kg/ha
16049,5392,35,1025,"1,5 - 3",kg/ha
16050,5392,35,6,"1,5 - 3",kg/ha
16051,5392,35,9,"1,5 - 3",kg/ha
16052,5393,8,58,,-
16053,5393,8,66,,
16054,5393,8,9,,
16055,5393,8,122,"1,5 - 3",l/ha
16056,5393,8,6,,-
16057,5393,8,218,"1,5 - 3",l/ha
16058,5393,8,38,"1,5 - 3",l/ha
16059,5393,117,54,2 - 4,l/ha
16060,5393,117,9,2 - 4,l/ha
16061,5393,117,30,2 - 4,l/ha
16062,5393,117,52,2 - 4,l/ha
16063,5393,117,34,2 - 4,l/ha
16064,5393,117,35,2 - 4,l/ha
16065,5395,51,636,0.5,ml/l
16066,5396,14,109,"0,5",ml/l
16067,5396,55,254,"1,5",ml/l
16068,5397,48,52,"1,875 - 3,75",l/ha
16069,5397,48,6,"1,875 - 3,75",l/ha
16070,5397,48,3,"1,875 - 3,75",l/ha
16071,5397,48,38,"1,875 - 3,75",l/ha
16072,5397,48,35,"1,875 - 3,75",l/ha
16073,5398,612,9,3 - 5,l/ha
16074,5398,612,6,3 - 5,l/ha
16075,5398,612,30,3 - 5,l/ha
16076,5398,612,51,3 - 5,l/ha
16077,5398,612,38,3 - 5,l/ha
16078,5398,612,51,3 - 5,l/ha
16079,5398,612,35,3 - 5,l/ha
16080,5399,4,102,1.5,g/l
16081,5399,4,106,1.5,g/l
16082,5399,11,46,1,g/l
16083,5401,67,14,1,ml/l
16084,5402,14,111,"0,5",ml/l
16085,5403,20,1675,1,g/l
16086,5404,10,69,"1,5 - 3",l/ha
16087,5404,10,4,"1,5 - 3",l/ha
16088,5404,10,9,"1,5 - 3",l/ha
16089,5404,10,30,"1,5 - 3",l/ha
16090,5405,71,35,2 - 3,l/ha
16091,5405,71,38,2 - 3,l/ha
16092,5405,8,66,2 - 3,l/ha
16093,5405,8,52,2 - 3,l/ha
16094,5405,8,35,2 - 3,l/ha
16095,5405,8,51,2 - 3,l/ha
16096,5406,14,111,2,ml/l
16097,5407,10,43,1,ml/l
16098,5408,8,6,,-
16099,5408,8,58,"1,5 – 3",l/ha
16100,5408,8,9,,-
16101,5408,8,34,,-
16102,5408,8,35,"1,5 – 3",l/ha
16103,5408,8,38,,-
16104,5409,6,30,75 -150,g/ha
16105,5409,6,6,75 -150,g/ha
16106,5409,6,9,75 -150,g/ha
16107,5409,6,66,75 -150,g/ha
16108,5410,19,30,1.5 - 3,l/ha
16109,5410,19,9,1.5 - 3,l/ha
16110,5410,19,1655,1.5 - 3,l/ha
16111,5410,19,54,1.5 - 3,l/ha
16112,5410,19,69,1.5 - 3,l/ha
16113,5410,19,4,1.5 - 3,l/ha
16114,5410,19,398,1.5 - 3,l/ha
16115,5410,6,34,2.25 - 3,l/ha
16116,5410,6,38,2.25 - 3,l/ha
16117,5410,6,1676,2.25 - 3,l/ha
16118,5410,87,74,1.5 - 3.5,l/ha
16119,5410,87,90,1.5 - 3.5,l/ha
16120,5410,87,42,1.5 - 3.5,l/ha
16121,5410,87,41,1.5 - 3.5,l/ha
16122,5410,87,235,1.5 - 3.5,l/ha
16123,5410,87,69,1.5 - 3.5,l/ha
16124,5410,87,79,1.5 - 3.5,l/ha
16125,5410,87,82,1.5 - 3.5,l/ha
16126,5411,27,330,1,g/l
16127,5411,28,164,2,g/l
16128,5413,3,1677,"0,6",ml/l
16129,5413,3,1677,"0,6",ml/l
16130,5414,14,50,1,g/l
16131,5415,161,127,"7,5 - 15",g/ha
16132,5415,161,407,"7,5 - 15",g/ha
16133,5415,161,41,"7,5 - 15",g/ha
16134,5415,161,42,"7,5 - 15",g/ha
16135,5415,396,42,7.5 - 15,g/ha
16136,5415,396,95,7.5 - 22.5,g/ha
16137,5415,396,74,7.5 - 15,g/ha
16138,5415,106,66,40 - 60,g/ha
16139,5415,106,52,40 - 60,g/ha
16140,5415,106,1533,40 - 60,g/ha
16141,5415,10,56,40 - 60,g/ha
16142,5415,10,1678,40 - 60,g/ha
16143,5415,10,51,40 - 60,g/ha
16144,5417,36,170,2,ml/l
16145,5418,10,205,5,ml/kg benih
16146,5419,3,72,"1,5",l/ha
16147,5420,4,81,0.75,g/l
16148,5422,30,1679,"7,5",ml/l/pohon
16149,5422,79,1680,2,ml/l/pohon
16150,5422,36,1681,3,ml/l/pohon
16151,5423,9,100,"1 - 1,5",kg/ha
16152,5423,9,127,"1 - 1,5",kg/ha
16153,5423,9,74,,-
16154,5423,9,95,,-
16155,5423,9,42,,-
16156,5423,9,134,"1 - 1,5",kg/ha
16157,5423,9,855,,-
16158,5424,2,188,"1,5",ml/l
16159,5425,14,111,2,ml/l
16160,5426,37,18,,
16161,5426,37,124,,-
16162,5427,82,35,3 - 4,l/ha
16163,5427,82,9,3 - 4,l/ha
16164,5427,82,56,,-
16165,5428,1,4,1.125 - 1.875,kg/ha
16166,5428,1,128,1.125 - 1.875,kg/ha
16167,5428,1,30,1.125 - 1.875,kg/ha
16168,5428,1,29,1.125 - 1.875,kg/ha
16169,5428,1,24,1.125 - 1.875,kg/ha
16170,5428,1,27,1.125 - 1.875,kg/ha
16171,5429,7,9,"1,5 - 2,5",l/ha
16172,5429,7,30,"1,5 - 2,5",l/ha
16173,5429,7,24,"1,5 - 2,5",l/ha
16174,5429,7,69,"1,5 - 2,5",l/ha
16175,5429,7,4,"1,5 - 2,5",l/ha
16176,5431,2,10,2,ml/l
16177,5432,11,46,2,g/l
16178,5434,5,124,"0,25",g/m2
16179,5434,5,609,"0,25",g/m2
16180,5434,5,1036,5-6,g/l
16181,5434,5,195,5-6,g/l
16182,5435,14,50,2,ml/l
16183,5437,30,1682,5,ml/l/pohon
16184,5438,10,43,2,g/l
16185,5440,13,1402,"0,5",gr/Pohon
16186,5442,121,44,1.5,ml/l
16187,5442,121,81,1.5,ml/l
16188,5442,613,530,1,ml/l
16189,5442,613,519,1,ml/l
16190,5442,613,1091,1,ml/l
16191,5442,613,123,1,ml/l
16192,5442,613,45,1,ml/l
16193,5442,613,137,1,ml/l
16194,5444,9,74,"1 - 1,75",l/ha
16195,5444,9,37,,-
16196,5444,9,79,"1 - 1,75",l/ha
16197,5444,9,82,,-
16198,5444,9,41,"1 - 1,75",l/ha
16199,5444,9,134,,-
16200,5444,9,42,,-
16201,5445,2,448,2,ml/l
16202,5445,2,187,2 - 2.5,ml/l
16203,5445,2,10,2,ml/l
16204,5445,4,102,2,ml/l
16205,5445,4,106,2,ml/l
16206,5445,11,46,2,ml/l
16207,5446,14,50,"1,5",g/l
16208,5447,4,81,"0,75",g/l
16209,5447,4,44,"0,75",g/l
16210,5448,29,64,-,
16211,5449,14,1683,0.75,ml/l
16212,5449,10,43,0.75,ml/l
16213,5449,44,118,0.75,ml/l
16214,5449,44,119,0.5,ml/l
16215,5449,27,179,1.5,ml/l
16216,5450,3,188,"1,5",ml/l
16217,5451,14,109,2,ml/l
16218,5451,4,45,"0,5",ml/l
16219,5451,20,84,"0,4",ml/l
16220,5451,80,109,1,ml/l
16221,5451,30,1684,2,ml/l
16222,5451,10,45,2,ml/l
16223,5451,10,226,1,ml/l
16224,5451,51,123,0.5,ml/l
16225,5451,51,519,0.5,ml/l
16226,5451,269,816,2,ml/l
16227,5451,269,1685,2,ml/l
16228,5451,44,118,2,ml/l
16229,5451,55,291,"0,5",ml/l
16230,5451,27,179,1,ml/l
16231,5451,33,283,1,ml/l
16232,5451,33,73,1,ml/l
16233,5451,28,209,2,ml/l
16234,5451,50,45,2,ml/l
16235,5451,50,820,1,ml/l
16236,5451,36,110,1,ml/l
16237,5451,36,170,"0,5",ml/l
16238,5451,36,1686,0.5,ml/l
16239,5452,28,23,1,g/l
16240,5453,29,64,-,
16241,5454,8,94,3 - 4,l/ha
16242,5454,8,4,3 - 4,l/ha
16243,5454,8,51,3 - 4,l/ha
16244,5454,8,9,3 - 4,l/ha
16245,5454,8,30,3 - 4,l/ha
16246,5454,8,34,3 - 4,l/ha
16247,5454,8,445,3 - 4,l/ha
16248,5454,8,76,3 - 4,l/ha
16249,5454,8,3,3 - 4,l/ha
16250,5455,14,109,"1,5",g/l
16251,5456,3,1687,"7,5 g/ha/aplikasi (30, 50 dan 70 HST)",-
16252,5458,3,412,525,ml/ha
16253,5459,2,10,"1,5",ml/l
16254,5460,14,109,"1,5",ml/l
16255,5461,614,297,"1,5 - 3",l/ha
16256,5461,614,82,"1,5 - 3",l/ha
16257,5461,614,42,"1,5 - 3",l/ha
16258,5462,2,279,1,ml/l
16259,5462,2,10,1,ml/l
16260,5463,6,38,"1,875 - 2,5",l/ha
16261,5463,6,51,"1,875 - 2,5",l/ha
16262,5463,6,6,"1,875 - 2,5",l/ha
16263,5463,6,66,"1,875 - 2,5",l/ha
16264,5464,132,231,4,g/l
16265,5464,132,1688,8,g/l
16266,5464,132,91,8,g/l
16267,5464,132,1689,4,g/l
16268,5464,132,195,6,g/l
16269,5467,152,206,1,ml/l
16270,5468,221,30,2 - 3,l/ha
16271,5468,221,9,2 - 3,l/ha
16272,5468,221,6,2 - 3,l/ha
16273,5468,221,35,2 - 3,l/ha
16274,5468,221,34,2 - 3,l/ha
16275,5469,129,365,Izin tetap ulang bahan teknis,%
16276,5470,51,45,1,ml/l
16277,5470,20,170,1,ml/l
16278,5470,10,815,2,ml/l
16279,5470,615,1690,"0,75",ml/l
16280,5470,55,291,"0,75",ml/l
16281,5470,44,118,"0,75",ml/l
16282,5472,51,45,0.75,ml/l
16283,5474,9,74,"1,5 - 3",l/ha
16284,5474,9,1077,,
16285,5474,9,42,"1,5 - 3",l/ha
16286,5474,9,41,,-
16287,5474,9,134,,
16288,5475,4,106,2,g/l
16289,5476,51,519,1,ml/l
16290,5477,109,190,"1,5 - 3",l/ha
16291,5477,109,6,"1,5 - 3",l/ha
16292,5477,109,30,"1,5 - 3",l/ha
16293,5477,109,9,"1,5 - 3",l/ha
16294,5477,109,35,"1,5 - 3",l/ha
16295,5477,109,36,"1,5 - 3",l/ha
16296,5477,109,71,"1,5 - 3",l/ha
16297,5477,57,71,1 - 2,l/ha
16298,5477,57,4,1 - 2,l/ha
16299,5477,57,190,1 - 2,l/ha
16300,5477,57,6,1 - 2,l/ha
16301,5477,57,9,1 - 2,l/ha
16302,5477,57,8,1 - 2,l/ha
16303,5478,3,95,1.875 - 2.5,l/ha
16304,5478,3,74,1.875 - 2.5,l/ha
16305,5478,3,127,1.875 - 2.5,l/ha
16306,5478,3,134,1.875 - 2.5,l/ha
16307,5478,3,42,1.875 - 2.5,l/ha
16308,5479,51,123,"1,5",ml/l
16309,5479,51,519,"1,5",ml/l
16310,5480,4,45,2,ml/l
16311,5480,153,120,"1,5",ml/l
16312,5481,51,1691,1 - 2,l/ha
16313,5481,51,122,,-
16314,5481,51,548,,-
16315,5481,51,9,,-
16316,5481,51,30,1 - 2,l/ha
16317,5483,135,374,9.6,%
16318,5485,245,41,,-
16319,5485,245,40,,-
16320,5485,245,42,75 - 150,g/ha
16321,5485,245,74,,-
16322,5485,245,127,75 - 150,g/ha
16323,5485,245,82,75 - 150,g/ha
16324,5487,3,72,1,g/l
16325,5488,13,1402,1,gr/Pohon
16326,5489,10,205,"0,4",ml/kg benih
16327,5490,73,201,1,g/l
16328,5491,29,1692,-,-
16329,5491,29,206,-,-
16330,5491,29,825,-,-
16331,5492,18,52,1.5-3,l/ha
16332,5492,18,25,1.5-3,l/ha
16333,5492,18,66,1.5-3,l/ha
16334,5492,18,445,1.5-3,l/ha
16335,5492,18,6,1.5-3,l/ha
16336,5492,18,3,1.5-3,l/ha
16337,5492,18,38,1.5-3,l/ha
16338,5492,18,35,1.5-3,l/ha
16339,5493,14,111,1.5,ml/l
16340,5493,10,43,1.5,ml/l
16341,5493,44,118,1.5,ml/l
16342,5494,3,14,1,ml/l
16343,5495,3,83,2,ml/l
16344,5495,3,14,2,ml/l
16345,5495,4,44,"1,5",ml/l
16346,5496,2,10,"0,75",ml/l
16347,5497,6,51,,-
16348,5497,6,1693,"1,5 - 2,5",l/ha
16349,5497,6,1694,"1,5 - 2,5",l/ha
16350,5497,6,66,,-
16351,5498,51,1091,1,ml/l
16352,5499,37,160,,-
16353,5499,37,124,,-
16354,5500,8,9,,-
16355,5500,8,58,,-
16356,5500,8,6,"1,5 - 3",l/ha
16357,5500,8,38,"1,5 - 3",l/ha
16358,5500,8,35,,-
16359,5500,8,34,,-
16360,5501,6,9,50 - 100,g/ha
16361,5501,6,6,,-
16362,5502,4,45,1,g/l
16363,5503,11,46,2,g/l
16364,5504,3,83,"0,5",ml/l
16365,5504,3,114,"0,5",ml/l
16366,5505,28,1143,"37,5",kg/ha
16367,5506,40,81,"1,5 - 2,25",ml/l
16368,5506,40,182,"1,5 - 2,25",ml/l
16369,5506,4,81,"1,5 - 2,25",ml/l
16370,5506,4,45,"1,5 - 2,25",ml/l
16371,5506,2,83,3,ml/l
16372,5506,2,14,"0,25 - 1,5",liter/ha
16373,5508,3,1695,"0,24",g/l
16374,5509,8,36,,-
16375,5509,8,38,"1,5 -3",l/ha
16376,5509,8,34,,-
16377,5509,8,223,,-
16378,5509,8,827,,-
16379,5509,8,30,"1,5 - 3",l/ha
16380,5509,8,58,,-
16381,5512,11,81,"0,5",ml/l
16382,5512,11,121,"0,5",ml/l
16383,5512,3,14,2,ml/l
16384,5512,3,83,2,ml/l
16385,5512,4,182,"2,25",ml/l
16386,5512,4,81,"2,25",ml/l
16387,5513,44,265,"1,5",kg/ha
16388,5514,152,1696,,-
16389,5515,44,119,1,ml/l
16390,5516,304,124,,-
16391,5516,304,18,,-
16392,5517,74,64,50,ml/l
16393,5517,13,64,1,ml/pohon
16394,5518,37,124,,-
16395,5518,37,18,,-
16396,5519,616,1697,700,ml/ha
16397,5519,616,102,700,ml/ha
16398,5519,616,103,700,ml/ha
16399,5519,617,1698,700,ml/ha
16400,5519,617,50,700,ml/ha
16401,5519,527,1343,,
16402,5519,527,576,2.0,ml/l
16403,5519,527,187,1.5,ml/l
16404,5519,527,10,1.5,ml/l
16405,5519,527,1480,1.66,ml/l
16406,5520,8,58,,-
16407,5520,8,30,75 - 150,g/ha
16408,5520,8,57,,-
16409,5520,8,9,,-
16410,5521,14,109,1,ml/l
16411,5522,2,10,"0,5",ml/l
16412,5523,51,45,2,ml/l
16413,5524,11,46,4,g/l
16414,5524,4,310,8,g/l
16415,5524,14,50,4,g/l
16416,5525,2,114,1,ml/l
16417,5525,2,83,1,ml/l
16418,5525,44,118,1,ml/l
16419,5527,37,195,,-
16420,5527,37,231,,-
16421,5527,37,18,siap pakai,-
16422,5527,37,124,siap pakai,-
16423,5527,37,92,,-
16424,5527,37,91,,-
16425,5529,8,34,"1,5 - 3",l/ha
16426,5529,8,38,"1,5 - 3",l/ha
16427,5529,8,6,"1,5 - 3",l/ha
16428,5530,129,365,izin tetap ulang bahan teknis,
16429,5531,111,1699,"0,25 1/6 m2",-
16430,5532,53,719,2 - 3,l/ha
16431,5532,53,41,2 - 3,l/ha
16432,5532,53,39,2 - 3,l/ha
16433,5532,53,126,2 - 3,l/ha
16434,5533,28,44,"0,5",g/l
16435,5535,6,6,112.5 - 150,g/ha
16436,5535,6,66,112.5 - 150,g/ha
16437,5535,3,41,15 - 20,g/ha
16438,5535,3,40,15 - 20,g/ha
16439,5536,11,46,"1,5",g/l
16440,5537,17,34,3-4,l/ha
16441,5537,17,38,3-4,l/ha
16442,5537,17,31,3-4,l/ha
16443,5537,17,6,3-4,l/ha
16444,5537,17,9,3-4,l/ha
16445,5538,11,164,2,g/l
16446,5539,2,1700,250 - 500,g/ha
16447,5539,2,41,250 - 500,g/ha
16448,5540,44,119,1,ml/l
16449,5540,44,118,1,ml/l
16450,5542,11,46,1,g/l
16451,5543,13,1701,10,%
16452,5544,14,109,2,ml/l
16453,5545,7,71,0.75 - 1,l/ha
16454,5545,7,6,0.75 - 1,l/ha
16455,5545,7,1167,,-
16456,5545,7,30,,-
16457,5546,6,1702,2-3,l/ha
16458,5546,6,1703,2-3,l/ha
16459,5547,6,38,,-
16460,5547,6,51,,-
16461,5547,6,36,"1,5 - 3,0",l/ha
16462,5547,6,9,,-
16463,5547,6,66,,-
16464,5547,6,116,,-
16465,5547,6,6,"1,5 - 3,0",l/ha
16466,5549,64,171,"2,72",g/ton
16467,5549,64,653,"2,72",g/ton
16468,5549,64,173,"2,72",g/ton
16469,5550,6,31,100,g/ha
16470,5550,6,9,100,g/ha
16471,5551,128,1704,"2,25",ml/l
16472,5552,37,18,,-
16473,5552,37,124,,-
16474,5553,3,95,"22,5 - 30",g/ha
16475,5553,3,127,"22,5 - 30",g/ha
16476,5553,3,39,"22,5 - 30",g/ha
16477,5553,3,42,"22,5 - 30",g/ha
16478,5553,3,41,"22,5 - 30",g/ha
16479,5555,37,18,,-
16480,5555,37,124,,-
16481,5556,4,44,"0,75",ml/l
16482,5558,6,25,"1,5 – 2,25",l/ha
16483,5558,6,6,"1,5 – 2,25",l/ha
16484,5558,6,130,"1,5 – 2,25",l/ha
16485,5558,6,38,"1,5 – 2,25",l/ha
16486,5558,6,35,"1,5 – 2,25",l/ha
16487,5559,28,93,2,ml/l
16488,5560,8,57,"1,5 - 2,5",l/ha
16489,5560,8,30,,
16490,5560,8,52,,-
16491,5560,8,130,,-
16492,5560,8,35,,-
16493,5560,8,3,"1,5 - 2,5",l/ha
16494,5560,8,38,,-
16495,5560,8,25,,
16496,5561,37,195,,-
16497,5561,37,1705,,-
16498,5561,37,910,,-
16499,5561,37,231,,-
16500,5562,618,95,"1,5 – 3",l/ha
16501,5562,618,127,"1,5 – 3",l/ha
16502,5562,618,42,"1,5 – 3",l/ha
16503,5562,618,41,"1,5 – 3",l/ha
16504,5562,618,39,"1,5 – 3",l/ha
16505,5563,6,76,1.5 - 3,l/ha
16506,5563,6,6,1.5 - 3,l/ha
16507,5563,6,9,1.5 - 3,l/ha
16508,5563,6,3,1.5 - 3,l/ha
16509,5563,6,36,1.5 - 3,l/ha
16510,5563,6,4,1.5 - 3,l/ha
16511,5563,6,1706,1.5 - 3,l/ha
16512,5563,6,38,1.5 - 3,l/ha
16513,5563,6,34,1.5 - 3,l/ha
16514,5564,71,9,"1,5 - 3",l/ha
16515,5564,71,58,"1,5 - 3",l/ha
16516,5564,71,66,"1,5 - 3",l/ha
16517,5564,71,52,"1,5 - 3",l/ha
16518,5564,71,6,"1,5 - 3",l/ha
16519,5564,71,1201,"1,5 - 3",l/ha
16520,5564,71,588,"1,5 - 3",l/ha
16521,5565,303,18,Siap Pakai,-
16522,5565,303,124,Siap Pakai,-
16523,5566,2,14,"1,5",g/l
16524,5568,11,80,1,ml/l
16525,5569,36,170,2,ml/l
16526,5570,14,109,2,g/l
16527,5571,4,44,"0,5",ml/l
16528,5572,51,45,1,ml/l
16529,5573,2,676,2,ml/l
16530,5573,2,14,"0,5",l/ha
16531,5573,4,404,3,ml/l
16532,5574,4,81,"1,5",ml/l
16533,5575,6,66,,-
16534,5575,6,6,"0,75 - 1,5",l/ha
16535,5575,6,35,"0,75 - 1,5",l/ha
16536,5576,10,226,3,ml/l
16537,5576,10,209,"1,5",ml/l
16538,5576,2,14,1,ml/l
16539,5576,2,120,1.125,ml/l
16540,5576,51,137,2,ml/l
16541,5576,51,159,2,ml/l
16542,5577,619,64,0.6,g/l
16543,5578,14,111,1,ml/l
16544,5580,148,50,"1,875",ml/l
16545,5581,11,46,1.5,g/l
16546,5582,53,79,15 - 30,kg/ha
16547,5582,53,42,15 - 30,kg/ha
16548,5582,53,41,15 - 30,kg/ha
16549,5582,53,40,15 - 30,kg/ha
16550,5582,53,74,15 - 30,kg/ha
16551,5584,4,44,1,ml/l
16552,5585,136,1707,,-
16553,5586,38,82,1 - 3,l/ha
16554,5586,38,147,1 - 3,l/ha
16555,5586,38,74,1 - 3,l/ha
16556,5586,38,42,1 - 3,l/ha
16557,5586,38,41,1 - 3,l/ha
16558,5587,395,1708,75 - 100,g/ha
16559,5587,395,1709,75 - 100,g/ha
16560,5587,395,1710,75 - 100,g/ha
16561,5587,395,1711,75 - 100,g/ha
16562,5587,395,1712,75 - 100,g/ha
16563,5587,395,1713,75 - 100,g/ha
16564,5587,395,1714,75 - 100,g/ha
16565,5588,48,38,"1.5 - 2,5",l/ha
16566,5588,48,3,,-
16567,5588,48,34,,-
16568,5588,48,52,,-
16569,5588,48,6,"1.5 - 2,5",l/ha
16570,5588,48,25,,-
16571,5589,11,46,"1,5",g/l
16572,5590,620,1715,Untuk pendaftaran ekspor,
16573,5592,2,188,2,ml/l
16574,5593,14,1716,2,gr/ 10 l air
16575,5594,261,781,tidak tersedia untuk ekspor,
16576,5595,4,45,1,ml/l
16577,5596,42,6,1 - 2,l/ha
16578,5596,42,1717,1 - 2,l/ha
16579,5596,42,1718,1 - 2,l/ha
16580,5596,42,35,1 - 2,l/ha
16581,5596,20,541,2 - 3,l/ha
16582,5596,20,9,2 - 3,l/ha
16583,5596,20,1719,2 - 3,l/ha
16584,5596,20,1332,2 - 3,l/ha
16585,5596,20,35,2 - 3,l/ha
16586,5596,20,94,2 - 3,l/ha
16587,5596,6,146,1 - 2,l/ha
16588,5596,6,242,1 - 2,l/ha
16589,5596,59,82,3 - 4,l/ha
16590,5596,59,79,3 - 4,l/ha
16591,5596,59,74,3 - 4,l/ha
16592,5596,59,90,3 - 4,l/ha
16593,5596,59,1720,3 - 4,l/ha
16594,5596,221,9,1.5 - 3,l/ha
16595,5597,321,98,187.5 - 225,ml/ha
16596,5597,321,39,187.5 - 225,ml/ha
16597,5597,321,41,187.5 - 225,ml/ha
16598,5597,321,42,187.5 - 225,ml/ha
16599,5597,321,74,187.5 - 225,ml/ha
16600,5597,321,126,187.5 - 225,ml/ha
16601,5598,14,109,2,ml/l
16602,5599,2,120,2,ml/l
16603,5599,2,14,2,ml/l
16604,5600,1,27,"1,5 - 2,5",kg/ha
16605,5600,1,52,,-
16606,5600,1,122,,-
16607,5600,1,69,"1,5 - 2,5",kg/ha
16608,5601,6,38,2-3,l/ha
16609,5601,6,36,2-3,l/ha
16610,5601,6,35,2-3,l/ha
16611,5601,6,34,2-3,l/ha
16612,5601,6,51,2-3,l/ha
16613,5601,6,9,2-3,l/ha
16614,5601,6,66,2-3,l/ha
16615,5601,6,30,2-3,l/ha
16616,5601,6,6,2-3,l/ha
16617,5602,3,433,"0,75",g/l
16618,5602,3,83,"0,75",g/l
16619,5603,18,38,,-
16620,5603,18,3,"0,75 - 1,25",l/ha
16621,5603,18,52,"0,75 - 1,25",l/ha
16622,5603,18,57,,-
16623,5604,103,276,2,ml/l
16624,5604,36,105,3,ml/l
16625,5604,30,103,2,ml/l
16626,5604,11,164,2,ml/l
16627,5604,28,164,2,ml/l
16628,5604,51,435,2,ml/l
16629,5604,4,102,2,ml/l
16630,5604,2,188,2,ml/l
16631,5604,2,279,2,ml/l
16632,5604,10,205,2,ml/l
16633,5604,14,50,1,ml/l
16634,5605,1,122,1.5 - 3,l/ha
16635,5605,1,27,1.5 - 3,l/ha
16636,5605,1,29,1.5 - 3,l/ha
16637,5605,1,69,1.5 - 3,l/ha
16638,5606,8,9,,-
16639,5606,8,77,,-
16640,5606,8,6,,-
16641,5606,8,58,"1,5 - 2,5",l/ha
16642,5606,8,30,,-
16643,5606,8,35,"1,5 - 2,5",l/ha
16644,5606,8,38,,-
16645,5606,8,69,,-
16646,5606,8,1630,,-
16647,5608,51,137,1,ml/l
16648,5609,51,123,"1,5",ml/l
16649,5610,621,6,,
16650,5610,621,9,"1,5 - 3",l/ha
16651,5611,28,23,"1,25",g/l
16652,5612,4,81,"1,125",l/ha
16653,5613,42,34,2.25-3,l/ha
16654,5613,42,38,2.25-3,l/ha
16655,5613,42,3,2.25-3,l/ha
16656,5613,42,9,2.25-3,l/ha
16657,5613,42,6,2.25-3,l/ha
16658,5613,42,58,2.25-3,l/ha
16659,5613,42,1721,2.25-3,l/ha
16660,5614,14,111,"1,5",ml/l
16661,5615,51,123,75,ml/l
16662,5615,51,137,75,ml/l
16663,5616,4,44,"0,75",g/l
16664,5616,4,81,1,g/l
16665,5617,14,50,2,g/l
16666,5619,3,187,1,ml/l
16667,5620,44,1068,1.5,ml/l
16668,5621,3,14,25,kg/ha
16669,5621,3,83,25,kg/ha
16670,5622,2,14,"1,5",g/l
16671,5623,11,46,2,g/l
16672,5624,3,82,"0,75 - 1,25",l/ha
16673,5624,3,79,"0.75 - 1,25",l/ha
16674,5625,132,124,,-
16675,5625,132,18,,-
16676,5626,11,46,"2,25",ml/l
16677,5627,1,122,1 - 2,l/ha
16678,5627,1,30,1 - 2,l/ha
16679,5627,1,27,1 - 2,l/ha
16680,5627,1,38,1 - 2,l/ha
16681,5627,1,69,1 - 2,l/ha
16682,5628,28,1722,2,ml/l
16683,5630,4,45,1.5,ml/l
16684,5630,36,170,1.5 - 2,ml/l
16685,5631,51,1723,"1,5",ml/l
16686,5632,53,54,2 - 3,l/ha
16687,5632,53,74,2 - 3,l/ha
16688,5632,53,141,2 - 3,l/ha
16689,5632,53,95,2 - 3,l/ha
16690,5632,53,82,2 - 3,l/ha
16691,5632,53,294,2 - 3,l/ha
16692,5632,53,1724,2 - 3,l/ha
16693,5632,53,1725,2 - 3,l/ha
16694,5632,53,40,2 - 3,l/ha
16695,5632,53,41,2 - 3,l/ha
16696,5633,7,29,"1 - 1,5",l/ha
16697,5633,7,112,"1 - 1,5",l/ha
16698,5633,7,9,"1 - 1,5",l/ha
16699,5633,7,30,"1 - 1,5",l/ha
16700,5633,7,122,"1 - 1,5",l/ha
16701,5633,7,34,"1 - 1,5",l/ha
16702,5633,7,51,"1 - 1,5",l/ha
16703,5633,7,94,"1 - 1,5",l/ha
16704,5633,7,4,"1 - 1,5",l/ha
16705,5633,7,24,"1 - 1,5",l/ha
16706,5633,7,69,"1 - 1,5",l/ha
16707,5634,6,218,"1,875-2,25",l/ha
16708,5634,6,31,"1,875-2,25",l/ha
16709,5634,6,30,,
16710,5634,6,1726,,
16711,5634,6,1727,,
16712,5634,6,451,,
16713,5634,6,52,,
16714,5634,6,38,,
16715,5634,6,34,"1,875-2,25",l/ha
16716,5634,6,4,,
16717,5635,130,34,"0,75 - 1,5",l/ha
16718,5635,130,384,"0,75 - 1,5",l/ha
16719,5635,130,9,,-
16720,5635,130,6,,-
16721,5635,48,6,"1,5 - 3",l/ha
16722,5635,48,66,,-
16723,5635,48,35,"1,5 - 3",l/ha
16724,5636,37,195,1,ml/m2
16725,5636,37,124,200,ml/m2
16726,5636,474,124,200,ml/ha
16727,5636,474,18,200,ml/ha
16728,5637,51,435,2,ml/l
16729,5638,44,118,1,ml/l
16730,5639,37,91,60,mg/m2
16731,5639,37,1036,60,mg/m2
16732,5640,325,1728,2,ml/l
16733,5640,118,1729,2,ml/l
16734,5640,140,1730,1,ml/l
16735,5640,13,1731,0.5,ml/pohon
16736,5641,2,41,80 - 100,ml/ha
16737,5641,2,134,80 - 100,ml/ha
16738,5641,2,42,80 - 100,ml/ha
16739,5641,2,82,80 - 100,ml/ha
16740,5641,2,2,80 - 100,ml/ha
16741,5641,2,79,80 - 100,ml/ha
16742,5641,2,127,80 - 100,ml/ha
16743,5643,29,64,0,ml/l
16744,5644,4,1294,10,ml/l
16745,5644,11,1498,10,ml/l
16746,5644,80,269,10,ml/liter
16747,5644,27,743,10,ml/l
16748,5644,52,1732,10,ml/l
16749,5644,1,178,10,ml/l
16750,5644,10,43,10,ml/l
16751,5644,559,1733,10,ml/l
16752,5644,2,14,15,ml/l
16753,5644,36,110,10,ml/l
16754,5644,2,1734,10,ml/liter
16755,5644,110,1735,10,ml/l
16756,5644,14,111,10,ml/liter
16757,5645,2,188,"2,25",g/l
16758,5645,2,448,3,g/l
16759,5645,2,448,"2,5",g/kg benih
16760,5645,52,486,2,g/l
16761,5645,10,205,10-20,g/kg benih
16762,5645,36,200,3,g/l
16763,5647,108,124,100,ml/ha
16764,5647,108,18,100,ml/ha
16765,5648,622,215,1 kantong /5 m3,-
16766,5648,65,171,1 kantong /5 m3,-
16767,5648,65,165,1 kantong /5 m3,-
16768,5648,64,165,1 kantong /5 m3,-
16769,5648,64,171,1 kantong /5 m3,-
16770,5649,44,934,1.0,ml/l
16771,5650,14,111,2,ml/l
16772,5651,4,396,1,ml/l
16773,5651,4,106,1,ml/l
16774,5651,11,164,1,ml/l
16775,5651,11,46,1,ml/l
16776,5651,44,1056,1,ml/l
16777,5651,44,1056,1,ml/l
16778,5651,398,1736,"0,5",ml/l
16779,5651,14,396,1,ml/l
16780,5651,14,50,1,ml/l
16781,5651,51,1359,"1,5",ml/l
16782,5651,2,187,1,ml/l
16783,5651,2,10,1,ml/l
16784,5651,2,188,1,ml/l
16785,5651,2,386,1,ml/l
16786,5651,2,1737,300 ml/30 l air,-
16787,5651,10,1320,1,ml/l
16788,5651,103,1468,"1,5",ml/l
16789,5651,103,276,"1,5",ml/l
16790,5651,74,201,1,ml/l
16791,5651,13,387,30,ml/l
16792,5651,58,482,1,ml/l
16793,5651,58,1374,1,ml/l
16794,5651,30,277,"0,5",ml/l
16795,5651,30,103,"0,5",ml/l
16796,5651,213,1738,1,ml/l
16797,5651,52,486,1,ml/l
16798,5651,28,164,1,ml/l
16799,5651,28,46,1,ml/l
16800,5651,380,1739,"1,5",ml/l
16801,5651,36,1355,1,ml/l
16802,5651,36,200,"1,5",ml/l
16803,5651,36,1355,2,ml/l
16804,5651,27,1137,1,ml/l
16805,5651,27,1740,2,ml/l
16806,5651,27,478,1,ml/l
16807,5651,50,167,"1,5",ml/l
16808,5653,8,3,1 - 3,l/ha
16809,5653,8,35,1 - 3,l/ha
16810,5653,8,36,1 - 3,l/ha
16811,5653,8,38,1 - 3,l/ha
16812,5653,8,34,1 - 3,l/ha
16813,5653,8,6,1 - 3,l/ha
16814,5653,8,9,1 - 3,l/ha
16815,5654,28,46,2,g/l
16816,5654,81,396,1,g/l
16817,5654,20,488,"0,18",g/l
16818,5654,11,46,5,g/l
16819,5655,14,50,2,g/l
16820,5656,2,10,2,ml/l
16821,5656,4,911,2,ml/l
16822,5657,7,24,0.75 - 1.5,l/ha
16823,5657,7,867,0.75 - 1.5,l/ha
16824,5657,7,30,0.75 - 1.5,l/ha
16825,5657,7,6,0.75 - 1.5,l/ha
16826,5658,6,35,1 - 3,l/ha
16827,5658,6,38,1 - 3,l/ha
16828,5658,6,52,1 - 3,l/ha
16829,5658,6,6,1 - 3,l/ha
16830,5659,103,1741,"1,5",g/l
16831,5659,138,388,2,g/l
16832,5659,30,277,2,g/l
16833,5659,28,46,2,g/l
16834,5659,11,46,"1,5",g/l
16835,5659,14,50,1,g/l
16836,5659,4,1742,3,g/l
16837,5659,51,435,"1,5",g/l
16838,5661,3,161,3,ml/l
16839,5662,18,344,1,g/l
16840,5662,18,208,1,g/l
16841,5663,14,109,2,ml/l
16842,5665,51,137,1,ml/l
16843,5666,28,80,2,g/l
16844,5667,14,44,1.5,ml/l
16845,5668,3,72,2,g/l
16846,5669,2,14,"1,5",g/l
16847,5670,10,43,2,ml/l
16848,5671,161,97,1-1.5,l/ha
16849,5671,161,42,1-1.5,l/ha
16850,5672,10,205,1,g/l
16851,5673,3,134,1.5 - 2.5,l/ha
16852,5673,3,97,1.5 - 2.5,l/ha
16853,5673,3,42,1.5 - 2.5,l/ha
16854,5674,7,9,0.75 - 1.5,l/ha
16855,5674,7,30,0.75 - 1.5,l/ha
16856,5674,7,33,0.75 - 1.5,l/ha
16857,5674,7,6,0.75 - 1.5,l/ha
16858,5674,7,94,0.75 - 1.5,l/ha
16859,5674,7,35,0.75 - 1.5,l/ha
16860,5674,7,146,0.75 - 1.5,l/ha
16861,5675,8,35,,-
16862,5675,8,36,1 - 2,l/ha
16863,5675,8,38,,-
16864,5675,8,66,,-
16865,5675,8,58,,-
16866,5675,8,6,,-
16867,5675,8,9,1 - 2,l/ha
16868,5676,1,66,,-
16869,5676,1,30,,-
16870,5676,1,9,"1,5 - 3",l/ha
16871,5676,1,68,"1,5 - 3",l/ha
16872,5676,1,94,,-
16873,5676,1,54,"1,5 - 3",l/ha
16874,5677,44,1356,2,ml/l
16875,5677,372,1356,2,ml/l
16876,5677,4,1356,"1,5",ml/l
16877,5678,14,50,1.5,ml/l
16878,5679,8,6,2-3,l/ha
16879,5679,8,130,2-3,l/ha
16880,5679,8,30,2-3,l/ha
16881,5679,8,9,2-3,l/ha
16882,5679,8,34,2-3,l/ha
16883,5679,8,38,2-3,l/ha
16884,5680,37,194,25,ml/l
16885,5680,37,92,25,ml/l
16886,5680,37,231,25,ml/l
16887,5680,5,195,4 ml/l s.d 4 minggu,ml/l
16888,5680,5,18,16 ml/ha s.d. 4 minggu,ml/ha
16889,5680,5,124,16 ml/ha s.d. 4 minggu,ml/ha
16890,5680,5,18,"37,5",ml/ha
16891,5680,5,124,"37,5",ml/ha
16892,5681,51,123,2,ml/l
16893,5681,2,14,1,ml/l
16894,5681,2,114,2,ml/kg benih
16895,5681,2,1047,2,ml/kg benih
16896,5683,3,82,400 - 500,ml/ha
16897,5683,3,79,400 - 500,ml/ha
16898,5684,623,30,1 - 3,
16899,5684,623,70,1 - 3,l/ha
16900,5684,623,24,1 - 3,ml/ha
16901,5684,623,42,1 - 3,l/ha
16902,5684,623,6,1 - 3,l/ha
16903,5684,623,29,1 - 3,l/ha
16904,5684,623,9,1 - 3,l/ha
16905,5684,623,76,1 - 3,l/ha
16906,5685,111,47,,-
16907,5686,4,44,2,ml/l
16908,5688,18,6,2 - 3,l/ha
16909,5688,18,25,2 - 3,l/ha
16910,5688,18,52,2 - 3,l/ha
16911,5688,18,38,2 - 3,l/ha
16912,5688,18,35,2 - 3,l/ha
16913,5689,3,72,250,g/ha
16914,5690,10,43,"1,5",g/l
16915,5691,6,30,2 - 4,l/ha
16916,5691,6,6,3 - 4,l/ha
16917,5691,6,66,3 - 4,l/ha
16918,5691,6,38,2 - 4,l/ha
16919,5691,6,35,3 - 4,l/ha
16920,5691,6,36,3 - 4,l/ha
16921,5692,2,188,1.5,ml/l
16922,5694,29,64,-,%
16923,5695,8,52,"0,75 - 1,5",l/ha
16924,5695,8,6,,-
16925,5695,8,58,,-
16926,5695,8,66,,-
16927,5695,8,57,,-
16928,5695,8,9,,-
16929,5695,8,65,,-
16930,5696,42,9,1.5 - 3,l/ha
16931,5696,42,6,1.5 - 3,l/ha
16932,5696,42,66,1.5 - 3,l/ha
16933,5696,42,35,1.5 - 3,l/ha
16934,5696,42,38,1.5 - 3,l/ha
16935,5696,42,34,1.5 - 3,l/ha
16936,5697,4,44,1,ml/l
16937,5698,14,1352,"1,5",ml/l
16938,5698,10,1743,1,ml/l
16939,5699,53,42,0.75-1.5,l/ha
16940,5699,53,79,0.75-1.5,l/ha
16941,5699,53,74,0.75-1.5,l/ha
16942,5700,51,123,1,ml/l
16943,5701,13,1744,2 g/l/pohon,-
16944,5702,51,1745,75-100,ml/ha
16945,5702,51,1746,75-100,ml/ha
16946,5702,51,1747,75-100,ml/ha
16947,5702,51,1748,75-100,ml/ha
16948,5703,106,9,1.5 - 3,l/ha
16949,5703,106,153,1.5 - 3,l/ha
16950,5703,106,35,1.5 - 3,l/ha
16951,5703,106,51,1.5 - 3,l/ha
16952,5703,437,51,2.25 - 4.5,l/ha
16953,5703,437,6,2.25 - 4.5,l/ha
16954,5703,437,9,2.25 - 4.5,l/ha
16955,5703,624,4,1.5 - 2.5,l/ha
16956,5703,624,30,1.5 - 2.5,l/ha
16957,5703,624,9,1.5 - 2.5,l/ha
16958,5703,624,54,1.5 - 2.5,l/ha
16959,5703,491,57,3 - 4,l/ha
16960,5703,491,9,3 - 4,l/ha
16961,5703,491,543,3 - 4,l/ha
16962,5703,491,1749,3 - 4,l/ha
16963,5703,491,6,3 - 4,l/ha
16964,5703,491,52,3 - 4,l/ha
16965,5703,491,870,3 - 4,l/ha
16966,5703,491,3,3 - 4,l/ha
16967,5703,491,34,3 - 4,l/ha
16968,5703,491,38,3 - 4,l/ha
16969,5703,491,128,3 - 4,l/ha
16970,5703,221,3,1.5 - 3,l/ha
16971,5703,221,66,1.5 - 3,l/ha
16972,5703,221,38,1.5 - 3,l/ha
16973,5703,221,1750,1.5 - 3,l/ha
16974,5703,625,4,2 - 3,l/ha
16975,5703,625,30,2 - 3,l/ha
16976,5703,6,30,1.5 - 3,l/ha
16977,5703,6,66,1.5 - 3,l/ha
16978,5703,6,38,1.5 - 3,l/ha
16979,5703,6,34,1.5 - 3,l/ha
16980,5703,42,66,3 - 4.5,l/ha
16981,5703,42,34,3 - 4.5,l/ha
16982,5703,42,38,3 - 4.5,l/ha
16983,5703,278,128,2 - 3.5,l/ha
16984,5703,278,51,2 - 3.5,l/ha
16985,5703,278,4,2 - 3.5,l/ha
16986,5703,278,9,1 - 3.5,l/ha
16987,5703,278,6,1 - 3.5,l/ha
16988,5704,11,93,2,ml/l
16989,5705,3,1473,"0,75",ml/l
16990,5706,14,111,1,ml/l
16991,5707,55,254,2,l/ha
16992,5708,14,1751,0.5,ml/l
16993,5709,42,3,,-
16994,5709,42,255,"1,5 - 2",l/ha
16995,5709,42,36,,-
16996,5709,42,66,,-
16997,5709,42,57,,-
16998,5709,42,1752,,-
16999,5709,42,6,"1,5 - 2",l/ha
17000,5709,6,38,,-
17001,5709,6,128,,-
17002,5709,6,51,"1,5 - 2",l/ha
17003,5709,6,6,,-
17004,5709,6,66,"1,5 - 2",l/ha
17005,5709,6,60,,-
17006,5709,6,58,,-
17007,5710,28,46,2,g/l
17008,5711,7,6,,-
17009,5711,7,30,,-
17010,5711,7,24,"1 – 1,5",l/ha
17011,5711,7,9,,-
17012,5711,7,69,,-
17013,5711,7,4,,-
17014,5711,7,35,,-
17015,5711,7,94,"1 – 1,5",l/ha
17016,5712,9,74,"0,75 - 1,5",kg/ha
17017,5712,9,95,,-
17018,5712,9,79,,-
17019,5712,9,82,"0,75 - 1,5",kg/ha
17020,5712,9,40,,-
17021,5712,9,41,,-
17022,5712,9,150,,-
17023,5712,9,39,"0,75 - 1,5",kg/ha
17024,5713,3,1753,3,ml/l
17025,5714,11,121,"0,5",ml/l
17026,5714,28,16,"25 ml/2,5 l air/1000 bibit",
17027,5714,28,121,"25 ml/2,5 l air untuk 1000 bibit tanaman",
17028,5714,626,81,25 ml/1000 bibit,
17029,5714,626,44,25 ml/1000 bibit,
17030,5714,14,111,"0,5",ml/l
17031,5714,44,250,"0,5",ml/l
17032,5715,42,588,1 - 3,l/ha
17033,5715,42,6,1 - 3,l/ha
17034,5715,42,35,1 - 3,l/ha
17035,5715,221,6,3 - 5,l/ha
17036,5715,221,35,3 - 5,l/ha
17037,5715,221,36,3 - 5,l/ha
17038,5715,6,66,3 - 4,l/ha
17039,5715,6,58,3 - 4,l/ha
17040,5715,6,38,3 - 4,l/ha
17041,5715,6,36,3 - 4,l/ha
17042,5716,148,109,"0,5",ml/l
17043,5717,10,43,2,ml/l
17044,5718,37,18,,-
17045,5718,37,124,,-
17046,5719,2,14,1,ml/l
17047,5720,113,14,1,g/l
17048,5721,6,6,100 - 150,g/ha
17049,5721,6,1754,100 - 150,g/ha
17050,5721,6,9,100 - 150,g/ha
17051,5722,238,1755,93,%
17052,5723,7,6,"1,5 - 3",kg/ha
17053,5723,7,9,"1,5 - 3",kg/ha
17054,5723,7,88,"1,5 - 3",kg/ha
17055,5723,7,35,"1,5 - 3",kg/ha
17056,5724,59,147,1.5-3,l/ha
17057,5724,59,42,1.5-3,l/ha
17058,5724,627,3,1.88-3.75,l/ha
17059,5724,6,31,"1,5 - 3",l/ha
17060,5724,6,9,"1,5 - 3",l/ha
17061,5724,6,66,"1,5 - 3",l/ha
17062,5724,6,38,"1,5 - 3",l/ha
17063,5724,6,36,"1,5 - 3",l/ha
17064,5724,42,1009,1.5-3,l/ha
17065,5724,42,30,1.5-3,l/ha
17066,5724,42,36,1.5-3,l/ha
17067,5724,42,38,1.5-3,l/ha
17068,5724,437,30,1.5-3,l/ha
17069,5724,437,9,1.5-3,l/ha
17070,5724,437,51,1.5-3,l/ha
17071,5724,437,35,1.5-3,l/ha
17072,5724,437,34,1.5-3,l/ha
17073,5725,37,1756,9 gram/50 ml/m2,-
17074,5725,37,124,6 gram/50 ml/m2,-
17075,5726,2,15,0.5,g/l
17076,5727,4,102,"1,5",g/l
17077,5728,3,1757,"20-30 g/ha (aplikasi pada 30, 50 dan 70 HST)",-
17078,5729,129,365,izin tetap ulang bahan teknis,%
17079,5730,2,83,2,ml/l
17080,5732,73,1758,5,ml/l
17081,5733,39,6,3 - 5,l/ha
17082,5733,39,9,,-
17083,5733,39,30,,-
17084,5733,39,34,,-
17085,5733,39,35,3 - 5,l/ha
17086,5733,39,51,,-
17087,5733,39,38,,-
17088,5734,3,1759,4,g/l
17089,5734,3,14,3,g/l
17090,5735,11,46,"1,5",g/l
17091,5736,48,66,,-
17092,5736,48,9,,-
17093,5736,48,6,"3,75 - 6,25",l/ha
17094,5736,48,34,"3,75 - 6,25",l/ha
17095,5736,48,35,,-
17096,5736,8,1330,"5 - 6,25",l/ha
17097,5736,8,6,,-
17098,5736,8,9,,-
17099,5736,8,57,"5 - 6,25",-
17100,5736,8,35,,-
17101,5736,8,58,,
17102,5736,8,34,"5 - 6,25",l/ha
17103,5736,8,546,,-
17104,5737,33,1448,3,g/l
17105,5737,14,50,2,g/l
17106,5737,4,106,3,g/l
17107,5737,4,1760,3,ml/l
17108,5737,11,46,1,g/l
17109,5738,51,137,2,ml/l
17110,5739,55,208,1,ml/l
17111,5740,7,1761,"1,5 - 2",l/ha
17112,5740,7,76,"1,5 - 2",l/ha
17113,5740,7,6,"1,5 - 2",l/ha
17114,5740,7,30,"1,5 - 2",l/ha
17115,5740,7,9,"1,5 - 2",l/ha
17116,5740,7,230,"1,5 - 2",l/ha
17117,5740,7,616,"1,5 - 2",l/ha
17118,5740,7,69,"1,5 - 2",l/ha
17119,5740,7,54,"1,5 - 2",l/ha
17120,5740,7,128,"1,5 - 2",l/ha
17121,5740,7,3,"1,5 - 2",l/ha
17122,5740,7,24,"1,5 - 2",l/ha
17123,5740,7,4,"1,5 - 2",l/ha
17124,5741,14,269,2,ml/l
17125,5742,6,58,0.75 - 1.5,l/ha
17126,5742,6,6,0.75 - 1.5,l/ha
17127,5742,6,9,0.75 - 1.5,l/ha
17128,5743,10,43,2,ml/l
17129,5744,8,57,,-
17130,5744,8,66,"1,5 - 3,5",l/ha
17131,5744,8,58,,-
17132,5744,8,9,,-
17133,5744,8,6,,-
17134,5744,8,36,,-
17135,5744,8,69,,-
17136,5744,8,51,,-
17137,5744,8,69,,-
17138,5744,8,34,"1,5 - 3,5",l/ha
17139,5744,8,38,,-
17140,5744,8,4,,-
17141,5744,8,54,"1,5 - 3,5",l/ha
17142,5745,3,14,2,ml/l
17143,5746,2,10,2,ml/l
17144,5747,7,54,"1 - 1,5",l/ha
17145,5747,7,6,"1 - 1,5",l/ha
17146,5747,7,370,,
17147,5747,7,30,,
17148,5747,7,24,,
17149,5747,7,867,"1 - 1,5",l/ha
17150,5748,10,43,"0,26",ml/l
17151,5748,55,344,"0,12",ml/l
17152,5748,55,1072,"0,12",ml/l
17153,5748,55,208,"0,08",ml/l
17154,5748,1,212,"0,1",ml/l
17155,5749,51,137,2,ml/l
17156,5750,288,1762,500 g / 5 L air / 20 m2 permukaan manur,
17157,5751,2,10,2,g/l
17158,5752,37,195,,-
17159,5752,37,124,,-
17160,5752,37,18,,-
17161,5752,37,91,,-
17162,5752,37,92,,-
17163,5753,4,44,0.75,ml/l
17164,5754,73,538,"0,6",ml/l
17165,5754,27,1616,"0,6",ml/l
17166,5755,3,1763,2,g/l
17167,5755,3,12,2,g/l
17168,5755,3,14,2,g/l
17169,5758,11,1764,1,ml/l
17170,5759,42,38,2.25 - 3,l/ha
17171,5759,42,35,2.25 - 3,l/ha
17172,5760,3,14,2,g/l
17173,5761,4,102,4,ml/l
17174,5761,4,106,1,ml/l
17175,5761,4,1765,4,ml/l
17176,5761,13,1123,,
17177,5761,13,423,"0,5",ml/l
17178,5761,2,188,"0,5",ml/l
17179,5761,2,10,1,ml/l
17180,5762,130,69,,-
17181,5762,130,35,"1,5 - 3",l/ha
17182,5762,130,130,,-
17183,5762,130,29,,-
17184,5762,130,6,"1,5 - 3",l/ha
17185,5762,130,30,,-
17186,5763,2,114,"8,5",kg/ha
17187,5763,2,323,"12,75",kg/ha
17188,5764,35,54,"1,5 - 3",l/ha
17189,5764,35,94,"1,5 - 3",l/ha
17190,5764,35,35,"1,5 - 3",l/ha
17191,5764,35,30,"1,5 - 3",l/ha
17192,5764,35,9,"1,5 - 3",l/ha
17193,5764,35,6,"1,5 - 3",l/ha
17194,5764,35,29,"1,5 - 3",l/ha
17195,5765,628,42,2.25 – 4.5,l/ha
17196,5765,628,41,2.25 – 4.5,l/ha
17197,5765,628,95,2.25 – 4.5,l/ha
17198,5765,628,79,2.25 – 4.5,l/ha
17199,5765,628,1766,2.25 – 4.5,l/ha
17200,5767,8,6,,-
17201,5767,8,66,,-
17202,5767,8,9,"1,5 - 3",l/ha
17203,5767,8,38,"1,5 - 3",l/ha
17204,5767,8,36,,-
17205,5769,52,36,"1,5-3,0",l/ha
17206,5769,52,24,,
17207,5769,52,66,"1,5-3,0",l/ha
17208,5769,52,3,,
17209,5769,52,9,,
17210,5770,55,1072,"1,5",ml/l
17211,5771,11,46,2,g/l
17212,5772,323,18,dosis siap pakai,mg/pcs
17213,5772,323,124,dosis siap pakai,mg/pcs
17214,5773,8,38,"3 - 4,5",l/ha
17215,5773,8,35,"3 - 4,5",l/ha
17216,5773,8,4,"3 - 4,5",l/ha
17217,5773,8,6,"3 - 4,5",l/ha
17218,5773,8,66,"3 - 4,5",l/ha
17219,5773,8,130,"3 - 4,5",l/ha
17220,5773,8,9,"3 - 4,5",l/ha
17221,5773,8,153,"3 - 4,5",l/ha
17222,5774,148,1767,175,g/ha
17223,5775,117,66,,
17224,5775,117,30,2 - 4,l/ha
17225,5775,117,6,2 - 4,l/ha
17226,5775,117,58,2 - 4,l/ha
17227,5775,117,4,2 - 4,l/ha
17228,5775,117,234,2 - 4,l/ha
17229,5775,117,54,2 - 4,l/ha
17230,5775,8,255,"1,5-3",l/ha
17231,5775,8,35,"1,5-3",l/ha
17232,5775,8,218,"1,5-3",l/ha
17233,5775,8,9,"1,5-3",l/ha
17234,5775,8,6,"1,5-3",l/ha
17235,5775,8,29,"1,5-3",l/ha
17236,5776,9,126,1.5 - 3,l/ha
17237,5776,9,79,1.5 - 3,l/ha
17238,5776,9,74,1.5 - 3,l/ha
17239,5776,9,41,1.5 - 3,l/ha
17240,5776,9,42,1.5 - 3,l/ha
17241,5777,6,34,2.25 - 3.75,l/ha
17242,5777,6,36,2.25 - 3.75,l/ha
17243,5777,6,38,2.25 - 3.75,l/ha
17244,5777,6,57,2.25 - 3.75,l/ha
17245,5777,6,66,2.25 - 3.75,l/ha
17246,5777,6,9,2.25 - 3.75,l/ha
17247,5777,6,158,2.25 - 3.75,l/ha
17248,5778,4,103,"1,5",ml/l
17249,5779,10,688,"1,5",ml/l
17250,5780,14,70,"1,5 - 2,5",l/ha
17251,5780,14,88,"1,5 - 2,5",l/ha
17252,5780,14,69,"1,5 - 2,5",l/ha
17253,5781,6,6,,-
17254,5781,6,66,,-
17255,5781,6,58,,-
17256,5781,6,9,,-
17257,5781,6,52,"1,5 - 2,5",l/ha
17258,5782,29,64,-,%
17259,5783,7,54,,
17260,5783,7,74,"1,5 - 3",l/ha
17261,5783,7,24,,-
17262,5783,7,27,,-
17263,5783,7,31,,-
17264,5783,7,130,"1,5 - 3",l/ha
17265,5783,7,1768,,-
17266,5783,7,69,,-
17267,5783,7,4,,-
17268,5783,7,88,"1,5 - 3",l/ha
17269,5783,7,94,,-
17270,5783,7,398,,-
17271,5785,48,52,2 - 3,l/ha
17272,5785,48,57,2 - 3,l/ha
17273,5785,48,130,2 - 3,l/ha
17274,5785,48,34,2 - 3,l/ha
17275,5787,3,14,1.5,g/l
17276,5788,13,48,1,ml/l
17277,5789,136,377,,-
17278,5790,14,109,0.75,ml/l
17279,5791,37,18,,-
17280,5791,37,124,,-
17281,5792,1,27,"2,5 - 3",l/ha
17282,5792,1,122,2 - 3,l/ha
17283,5792,1,56,2 - 3,l/ha
17284,5792,1,30,2 - 3,l/ha
17285,5792,1,35,"2,5 - 3",l/ha
17286,5792,1,4,2 - 3,l/ha
17287,5792,1,69,2 - 3,l/ha
17288,5792,1,1005,2 - 3,l/ha
17289,5793,2,41,0.75-1,l/ha
17290,5793,2,40,0.75-1,l/ha
17291,5793,2,1166,1-1.50,l/ha
17292,5793,2,39,1-1.50,l/ha
17293,5793,1,9,1-2,l/ha
17294,5793,1,7,1-2,l/ha
17295,5793,1,405,1-2,l/ha
17296,5794,9,74,100 - 300,ml/ha
17297,5794,9,95,,-
17298,5794,9,82,,-
17299,5794,9,79,100 - 300,ml/ha
17300,5794,9,42,,-
17301,5794,9,40,,-
17302,5794,9,39,,-
17303,5794,9,134,100 - 300,ml/ha
17304,5794,9,41,,-
17305,5795,275,839,Tidak Ada Penggunaan Terdaftar (Pestisida Ekspor),
17306,5796,7,74,1.5 - 2.5,l/ha
17307,5796,7,4,1.5 - 2.5,l/ha
17308,5796,7,30,1.5 - 2.5,l/ha
17309,5796,7,29,,-
17310,5796,7,9,,-
17311,5797,116,39,1 -3,l/ha
17312,5797,116,407,1 -3,l/ha
17313,5797,116,41,1 -3,l/ha
17314,5797,116,98,1 -3,l/ha
17315,5797,116,42,1 -3,l/ha
17316,5799,44,118,"0,6",ml/l
17317,5800,10,43,1,ml/l
17318,5801,11,93,2,ml/l
17319,5802,32,4,"2,25 - 3,75",l/ha
17320,5802,32,69,"2,25 - 3,75",l/ha
17321,5802,32,9,"2,25 - 3,75",l/ha
17322,5802,32,29,"2,25 - 3,75",l/ha
17323,5802,32,30,"2,25 - 3,75",l/ha
17324,5802,32,6,"2,25 - 3,75",l/ha
17325,5802,561,9,"2,25 - 3,75",l/ha
17326,5802,561,30,"2,25 - 3,75",l/ha
17327,5802,561,6,"2,25 - 3,75",l/ha
17328,5802,561,29,"2,25 - 3,75",l/ha
17329,5802,561,4,"2,25 - 3,75",l/ha
17330,5802,561,1769,"2,25 - 3,75",l/ha
17331,5802,561,69,"2,25 - 3,75",l/ha
17332,5803,14,70,"1,5 - 2,5",l/ha
17333,5803,14,88,,-
17334,5803,14,69,"1,5 - 2,5",l/ha
17335,5804,20,84,2.25,ml/l
17336,5804,2,14,2,ml/l
17337,5804,2,1280,1.5,ml/l
17338,5804,2,120,1.5,ml/l
17339,5805,6,30,2-3,l/ha
17340,5805,6,9,2-3,l/ha
17341,5805,6,616,2-3,l/ha
17342,5806,117,66,"1,5 - 3",l/ha
17343,5806,117,53,"1,5 - 3",l/ha
17344,5806,117,9,"1,5 - 3",l/ha
17345,5806,117,58,"1,5 - 3",l/ha
17346,5806,117,6,"1,5 - 3",l/ha
17347,5806,117,52,"1,5 - 3",l/ha
17348,5806,71,66,2 - 3,l/ha
17349,5806,71,9,"1,5 - 3",l/ha
17350,5806,8,52,"0,5 - 1",l/ha
17351,5806,8,9,"0,5 - 1",l/ha
17352,5806,8,6,"0,5 - 1",l/ha
17353,5806,8,58,"0,5 - 1",l/ha
17354,5806,8,53,"0,5 - 1",l/ha
17355,5807,3,1770,2 / 40,g/l
17356,5809,1,212,"7,5",kg/ha
17357,5810,82,3,2 - 4,l/ha
17358,5811,10,23,1,ml/l
17359,5813,18,51,1 - 2,l/ha
17360,5813,18,38,1 - 2,l/ha
17361,5813,18,36,1 - 2,l/ha
17362,5813,18,6,1 - 2,l/ha
17363,5813,18,66,1 - 2,l/ha
17364,5813,18,451,1 - 2,l/ha
17365,5814,4,45,2,ml/l
17366,5815,629,1771,"62,5 - 125 ml/m3 tanah",-
17367,5815,629,1772,"62,5 - 125 ml/m3 tanah",-
17368,5815,629,1773,"62,5 - 125 ml/m3 tanah",-
17369,5816,2,10,2,ml/l
17370,5819,37,18,,-
17371,5819,37,124,"0,015 - 0,03",ml/m3
17372,5819,37,124,,-
17373,5819,37,18,"0,04 - 0,08",ml/m2
17374,5820,243,18,50,ml/ha
17375,5820,243,124,40,ml/ha
17376,5822,32,130,1.5 - 3.0,l/ha
17377,5822,32,25,1.5 - 3.0,l/ha
17378,5822,32,24,1.5 - 3.0,l/ha
17379,5822,32,158,1.5 - 3.0,l/ha
17380,5822,32,26,1.5 - 3.0,l/ha
17381,5822,32,29,1.5 - 3.0,l/ha
17382,5822,32,33,1.5 - 3.0,l/ha
17383,5822,32,35,1.5 - 3.0,l/ha
17384,5822,32,4,1.5 - 3.0,l/ha
17385,5822,32,69,1.5 - 3.0,l/ha
17386,5822,32,68,1.5 - 3.0,l/ha
17387,5823,29,64,-,%
17388,5824,37,124,,
17389,5824,37,18,,
17390,5824,37,195,,
17391,5824,37,92,,
17392,5824,37,91,,
17393,5825,3,83,2,ml/l
17394,5826,132,195,,-
17395,5826,132,124,,-
17396,5826,132,18,,-
17397,5826,132,91,,-
17398,5826,132,92,,-
17399,5827,14,111,"1,5",ml/l
17400,5828,630,100,1-3,l/ha
17401,5828,630,79,1.5-3,l/ha
17402,5828,630,95,1-3,l/ha
17403,5828,630,74,1-3,l/ha
17404,5828,630,37,1 - 3,l/ha
17405,5828,630,42,1-3,l/ha
17406,5828,630,77,1-3,l/ha
17407,5828,630,41,1-3,l/ha
17408,5828,161,42,1-2,l/ha
17409,5828,161,294,1-2,l/ha
17410,5828,161,41,1-2,l/ha
17411,5828,161,82,1-2,l/ha
17412,5828,161,74,1-2,l/ha
17413,5828,161,127,1-2,l/ha
17414,5828,161,95,1-2,l/ha
17415,5830,3,1774,,-
17416,5831,2,14,"0,6",g/l
17417,5832,6,71,"1,875 - 3,75",l/ha
17418,5832,6,68,"1,875 - 3,75",l/ha
17419,5832,6,1775,"1,875 - 3,75",l/ha
17420,5832,6,470,"1,875 - 3,75",l/ha
17421,5832,6,29,"1,875 - 3,75",l/ha
17422,5832,6,9,"1,875 - 3,75",l/ha
17423,5832,6,70,"1,875 - 3,75",l/ha
17424,5832,6,1776,"1,875 - 3,75",l/ha
17425,5832,6,30,"1,875 - 3,75",l/ha
17426,5832,6,1523,"1,875 - 3,75",l/ha
17427,5834,80,109,"1,5",ml/l
17428,5834,44,119,1,ml/l
17429,5834,44,118,1,ml/l
17430,5834,14,1202,"2,5",ml/l
17431,5835,14,111,0.75,g/l
17432,5836,10,1275,2,ml/l
17433,5837,47,38,"1,125 - 2,25",l/ha
17434,5837,47,35,"1,125 - 2,25",l/ha
17435,5837,47,66,"1,125 - 2,25",l/ha
17436,5837,47,52,"1,125 - 2,25",l/ha
17437,5838,51,292,2,ml/l
17438,5839,2,83,1,g/l
17439,5840,13,64,"0,9",gr/Pohon
17440,5841,631,6,3.75 - 4.5,l/ha
17441,5841,631,1558,3.75 - 4.5,l/ha
17442,5841,631,852,3.0 - 4.5,l/ha
17443,5841,631,69,2.25 - 4.5,l/ha
17444,5841,118,235,2.25 - 4.5,l/ha
17445,5841,118,6,2.25 - 4.5,l/ha
17446,5841,118,55,2.25 - 4.5,l/ha
17447,5841,118,9,2.25 - 4.5,l/ha
17448,5841,118,34,2.25 - 4.5,l/ha
17449,5841,118,69,2.25 - 4.5,l/ha
17450,5841,118,94,2.25 - 4.5,l/ha
17451,5841,118,4,2.25 - 4.5,l/ha
17452,5841,10,9,2.25 - 4.5,l/ha
17453,5841,10,69,2.25 - 4.5,l/ha
17454,5841,10,94,2.25 - 4.5,l/ha
17455,5841,10,2,2.25 - 4.5,l/ha
17456,5841,10,4,2.25 - 4.5,l/ha
17457,5841,128,94,3 - 6,l/ha
17458,5841,128,36,3 - 6,l/ha
17459,5841,128,34,3 - 6,l/ha
17460,5841,128,35,3 - 6,l/ha
17461,5841,128,38,,
17462,5841,128,1777,3 - 6,l/ha
17463,5841,128,409,3 - 6,l/ha
17464,5841,128,9,3 - 6,l/ha
17465,5841,301,94,2.25 - 4.5,l/ha
17466,5841,301,69,2.25 - 4.5,l/ha
17467,5841,301,4,2.25 - 4.5,l/ha
17468,5841,301,9,2.25 - 4.5,l/ha
17469,5841,301,1349,2.25 - 4.5,l/ha
17470,5841,58,1167,2.25 - 4.5,l/ha
17471,5841,58,9,2.25 - 4.5,l/ha
17472,5841,58,4,2.25 - 4.5,l/ha
17473,5841,58,69,2.25 - 4.5,l/ha
17474,5841,58,94,2.25 - 4.5,l/ha
17475,5841,24,38,3 - 6,l/ha
17476,5841,24,35,4 - 6,l/ha
17477,5841,24,9,3 - 6,l/ha
17478,5841,24,6,3 - 6,l/ha
17479,5841,24,409,3 - 6,l/ha
17480,5841,50,69,3 - 4.5,l/ha
17481,5841,50,9,3 - 4.5,l/ha
17482,5841,50,722,3 - 4.5,l/ha
17483,5841,50,1027,3 - 4.5,l/ha
17484,5841,50,153,3 - 4.5,l/ha
17485,5841,50,127,3 - 4.5,l/ha
17486,5841,15,35,4 - 6,l/ha
17487,5841,15,38,4 - 6,l/ha
17488,5841,15,1778,3 - 6,l/ha
17489,5841,15,409,4 - 6,l/ha
17490,5841,15,9,3 - 6,l/ha
17491,5841,140,4,2.25 - 4.5,l/ha
17492,5841,140,94,2.25 - 4.5,l/ha
17493,5841,140,36,2.25 - 4.5,l/ha
17494,5841,140,69,2.25 - 4.5,l/ha
17495,5841,140,3,2.25 - 4.5,l/ha
17496,5841,140,235,2.25 - 4.5,l/ha
17497,5841,140,9,2.25 - 4.5,l/ha
17498,5841,18,35,3 - 6,l/ha
17499,5841,18,34,3 - 6,l/ha
17500,5841,18,38,3 - 6,l/ha
17501,5841,18,409,3 - 6,l/ha
17502,5841,18,9,3 - 6,l/ha
17503,5841,18,6,3 - 6,l/ha
17504,5841,28,9,2 - 3,l/ha
17505,5841,28,405,2 - 3,l/ha
17506,5841,28,35,2 - 3,l/ha
17507,5841,28,94,2 - 3,l/ha
17508,5841,28,69,2 - 3,l/ha
17509,5841,17,38,4 - 6,l/ha
17510,5841,17,34,5 - 6,l/ha
17511,5841,17,35,3 - 6,l/ha
17512,5841,17,6,3 - 6,l/ha
17513,5841,17,9,3 - 6,l/ha
17514,5841,44,33,1.5 - 2.5,l/ha
17515,5841,44,9,1.5 - 2.5,l/ha
17516,5841,44,1027,1.5 - 2.5,l/ha
17517,5841,44,69,1.5 - 2.5,l/ha
17518,5841,44,51,1.5 - 2.5,l/ha
17519,5841,44,94,1.5 - 2.5,l/ha
17520,5841,27,9,2 - 3,l/ha
17521,5841,27,235,2 - 3,l/ha
17522,5841,27,588,2 - 3,l/ha
17523,5841,27,405,2 - 3,l/ha
17524,5841,27,4,2 - 3,l/ha
17525,5841,27,69,2 - 3,l/ha
17526,5841,27,94,2 - 3,l/ha
17527,5841,9,41,3.00 - 4.5,l/ha
17528,5841,9,42,2.25 - 4.5,l/ha
17529,5841,9,1779,2.25 - 4.5,l/ha
17530,5841,9,74,3.00 - 4.5,l/ha
17531,5841,11,69,3 - 4.5,l/ha
17532,5841,11,24,3 - 4.5,l/ha
17533,5841,11,33,3 - 4.5,l/ha
17534,5841,11,1027,3 - 4.5,l/ha
17535,5841,20,35,3 - 6,l/ha
17536,5841,20,38,3 - 6,l/ha
17537,5841,20,34,3 - 6,l/ha
17538,5841,20,128,3 - 6,l/ha
17539,5841,20,94,3 - 6,l/ha
17540,5841,20,36,3 - 6,l/ha
17541,5841,20,9,3 - 6,l/ha
17542,5841,20,1367,3 - 6,l/ha
17543,5841,20,1778,3 - 6,l/ha
17544,5841,20,409,3 - 6,l/ha
17545,5841,14,1349,2.25 - 4.5,l/ha
17546,5841,14,9,2.25 - 4.5,l/ha
17547,5841,14,94,2.25 - 4.5,l/ha
17548,5841,14,4,2.25 - 4.5,l/ha
17549,5841,14,69,2.25 - 4.5,l/ha
17550,5841,51,4,1.125 - 2.25,l/ha
17551,5841,632,4,1.5 - 3,l/ha
17552,5841,632,34,1.5 - 3,l/ha
17553,5841,632,69,1.5 - 3,l/ha
17554,5841,632,29,1.5 - 3,l/ha
17555,5841,632,57,1. 5 - 3,l/ha
17556,5841,632,9,1.5 - 3,l/ha
17557,5841,6,398,3 - 6,l/ha
17558,5841,6,38,3 - 6,l/ha
17559,5841,1,6,2.25 - 4.5,l/ha
17560,5841,1,24,2.25 - 4.5,l/ha
17561,5841,1,29,2.25 - 4.5,l/ha
17562,5841,1,4,2.25 - 4.5,l/ha
17563,5841,633,69,4.5,l/ha
17564,5841,633,57,2.25 - 4.5,l/ha
17565,5841,633,4,1.5 - 4.5,l/ha
17566,5841,633,9,1.5 - 4.5,l/ha
17567,5841,633,153,1.5 - 4.5,l/ha
17568,5841,106,35,2.25 - 4.5,l/ha
17569,5841,106,30,2.25 - 4.5,l/ha
17570,5841,106,60,2.25 - 4.5,l/ha
17571,5841,106,9,2.25 - 4.5,l/ha
17572,5841,4,69,2.25 - 4.5,l/ha
17573,5841,4,4,2.25 - 4.5,l/ha
17574,5841,4,74,2.25 - 4.5,l/ha
17575,5841,4,9,2.25 - 4.5,l/ha
17576,5841,634,69,1.5 - 3,l/ha
17577,5841,634,35,1.5 - 3,l/ha
17578,5841,634,94,1.5 - 3,l/ha
17579,5841,634,1780,1.5 - 3,l/ha
17580,5841,634,9,1.5 - 3,l/ha
17581,5841,634,76,1.5 - 3,l/ha
17582,5842,130,9,"1,5 - 3",l/ha
17583,5842,130,68,"1,5 - 3",l/ha
17584,5842,130,34,,-
17585,5842,130,38,,-
17586,5843,8,30,1 – 3,l/ha
17587,5843,8,57,,-
17588,5843,8,6,,-
17589,5843,8,38,1 - 3,l/ha
17590,5843,8,3,,-
17591,5843,8,36,,-
17592,5844,14,50,2,ml/l
17593,5844,2,188,"1,5",ml/l
17594,5846,51,519,2,ml/l
17595,5847,14,109,"1,5",ml/l
17596,5848,8,35,"1,5 - 3",l/ha
17597,5848,8,38,,-
17598,5848,8,34,,-
17599,5848,8,6,,-
17600,5848,8,9,,-
17601,5848,8,66,,-
17602,5848,8,58,"1,5 - 3",l/ha
17603,5849,8,6,"2,25 - 3,75",l/ha
17604,5849,8,30,,-
17605,5849,8,35,,-
17606,5849,8,38,"2,25 - 3,75",l/ha
17607,5851,37,124,siap pakai,-
17608,5851,37,18,siap pakai,-
17609,5852,8,30,"1,5 - 3",l/ha
17610,5852,8,76,,-
17611,5852,8,827,,-
17612,5852,8,36,,-
17613,5852,8,3,,-
17614,5852,8,38,"1,5 - 3",l/ha
17615,5853,14,111,1.5,ml/l
17616,5853,14,109,1.5,ml/l
17617,5854,635,195,20 ml/l sd 4 minggu,-
17618,5855,51,45,"1,5",ml/l
17619,5856,2,10,"0,5",ml/l
17620,5857,51,45,1.5 - 2,ml/l
17621,5857,51,1781,1.125 - 2,ml/l
17622,5857,10,1275,2,ml/l
17623,5857,36,177,0.5 - 1,ml/l
17624,5858,44,119,2,ml/l
17625,5859,29,64,,
17626,5860,8,30,2.25 - 4.5,l/ha
17627,5860,8,57,2.25 - 4.5,l/ha
17628,5860,8,6,2.25 - 4.5,l/ha
17629,5860,8,52,,
17630,5860,8,451,2.25 - 4.5,l/ha
17631,5860,8,66,2.25 - 4.5,l/ha
17632,5860,8,4,,-
17633,5860,8,35,"2,25 - 3",l/ha
17634,5860,8,69,,-
17635,5860,8,38,,-
17636,5861,3,72,"0,75",g/l
17637,5862,2,14,1,g/l
17638,5864,11,46,2,ml/l
17639,5865,37,18,,
17640,5865,37,569,,
17641,5865,37,124,1 tablet/40 L air,-
17642,5866,37,18,,-
17643,5866,37,124,,-
17644,5867,135,374,87,%
17645,5868,14,121,"0,5",ml/l
17646,5869,3,74,,-
17647,5869,3,90,150 - 300,ml/ha
17648,5869,3,1782,,-
17649,5869,3,39,,-
17650,5869,3,41,150 - 300,ml/ha
17651,5869,3,82,150 - 300,ml/ha
17652,5871,233,18,90 hari/8 jam 1 hari,-
17653,5871,233,124,90 hari/8 jam 1 hari,-
17654,5872,4,45,"1,5",ml/l
17655,5872,2,83,2,ml/l
17656,5872,2,681,2,ml/l
17657,5872,28,23,"1,5",ml/l
17658,5872,44,119,2,ml/l
17659,5873,9,126,1.5 - 3,l/ha
17660,5873,9,79,1.5 - 3,l/ha
17661,5873,9,42,1.5 - 3,l/ha
17662,5873,9,41,1.5 - 3,l/ha
17663,5873,9,74,1.5 - 3,l/ha
17664,5874,14,111,1,ml/l
17665,5875,10,43,2,ml/l
17666,5876,3,134,1.5 - 3,l/ha
17667,5876,3,42,1.5 - 3,l/ha
17668,5876,3,97,1.5 - 3,l/ha
17669,5876,3,1083,1.5 - 3,l/ha
17670,5877,48,35,"1,5 – 3",l/ha
17671,5877,48,38,"1,5 – 3",l/ha
17672,5877,48,52,"1,5 – 3",l/ha
17673,5877,48,25,"1,5 – 3",l/ha
17674,5877,48,6,"1,5 – 3",l/ha
17675,5878,40,201,2.50,ml/l
17676,5878,36,105,1.25,ml/l
17677,5878,74,101,3.75,ml/l
17678,5878,4,46,3.75,ml/l
17679,5878,50,167,2.50,ml/l
17680,5878,11,46,3.75,ml/l
17681,5878,14,50,3.75,ml/l
17682,5878,636,201,3.75,ml/l
17683,5878,28,46,3.75,ml/l
17684,5878,27,1137,1.25,ml/l
17685,5879,108,124,,-
17686,5879,108,18,,-
17687,5880,13,387,"1,5",gr/Pohon
17688,5881,3,74,"3,375 – 4,5",l/ha
17689,5881,3,41,"3,375 – 4,5",l/ha
17690,5881,3,42,"3,375 – 4,5",l/ha
17691,5881,3,126,"3,375 – 4,5",l/ha
17692,5881,3,79,"3,375 – 4,5",l/ha
17693,5882,10,9,"1,5 - 3,0",l/ha
17694,5882,10,29,"1,5 - 3,0",l/ha
17695,5882,10,856,"1,5 - 3,0",l/ha
17696,5882,10,69,"2,5 - 3,0",l/ha
17697,5882,10,4,"2,5 - 3,0",l/ha
17698,5883,3,617,20 - 30,g/ha
17699,5883,3,147,20 - 30,g/ha
17700,5883,3,272,20 - 30,g/ha
17701,5883,3,74,20 - 30,g/ha
17702,5883,3,127,20 - 30,g/ha
17703,5883,3,532,20 - 30,g/ha
17704,5883,3,40,20 - 30,g/ha
17705,5883,3,294,20 - 30,g/ha
17706,5883,3,41,20 - 30,g/ha
17707,5883,3,42,20 - 30,g/ha
17708,5883,3,39,20 - 30,g/ha
17709,5883,6,66,75 - 125,g/ha
17710,5883,6,9,75 - 125,g/ha
17711,5883,6,6,75 - 125,g/ha
17712,5883,6,379,75 - 150,g/ha
17713,5884,73,81,"0,833",g/l
17714,5885,7,230,,-
17715,5885,7,1783,,-
17716,5885,7,9,,-
17717,5885,7,153,,-
17718,5885,7,217,2 - 3,l/ha
17719,5885,7,6,,-
17720,5885,7,33,,-
17721,5885,7,1784,,-
17722,5885,7,77,,-
17723,5885,7,34,2 - 3,l/ha
17724,5885,7,36,,-
17725,5885,7,69,,-
17726,5885,7,4,,-
17727,5887,37,91,,-
17728,5887,37,92,,-
17729,5887,37,18,,-
17730,5887,37,124,,-
17731,5888,14,111,"1,5",ml/l
17732,5889,55,254,2,ml/l
17733,5890,11,46,3,g/l
17734,5891,64,171,2,g/m3
17735,5891,64,165,2,g/m3
17736,5891,64,172,2,g/m3
17737,5892,48,76,,
17738,5892,48,6,1 - 3,l/ha
17739,5892,48,9,,-
17740,5892,48,1785,,
17741,5892,48,38,,
17742,5892,48,36,,
17743,5892,48,3,,
17744,5892,48,35,1 - 3,l/ha
17745,5892,19,30,,
17746,5892,19,384,,-
17747,5892,19,9,"0,5 - 1,5",l/ha
17748,5892,19,6,,-
17749,5892,19,234,,
17750,5892,19,34,"0,5 - 1,5",l/ha
17751,5892,19,36,,
17752,5893,42,36,"1,5 – 3",l/ha
17753,5893,42,450,"1,5 – 3",l/ha
17754,5893,42,38,"1,5 – 3",l/ha
17755,5893,42,30,"1,5 – 3",l/ha
17756,5893,42,9,"1,5 – 3",l/ha
17757,5893,42,57,"1,5 – 3",l/ha
17758,5893,42,66,"1,5 – 3",l/ha
17759,5893,42,235,"1,5 – 3",l/ha
17760,5893,42,1786,"1,5 – 3",l/ha
17761,5893,42,1787,"1,5 – 3",l/ha
17762,5893,42,1788,"1,5 – 3",l/ha
17763,5893,6,34,1.5 - 3,ml/l
17764,5893,6,31,1.5 - 3,ml/l
17765,5893,6,405,1.5 - 3,ml/l
17766,5893,106,1789,"1,5 – 3",l/ha
17767,5893,106,9,"1,5 - 3",l/ha
17768,5893,106,380,"1,5 – 2,5",l/ha
17769,5893,221,9,"1,5 – 3",l/ha
17770,5893,221,1788,"1,5 – 3",l/ha
17771,5893,221,34,"1,5 – 3",l/ha
17772,5893,221,71,"1,5 – 3",l/ha
17773,5893,59,79,"1,5 – 3",l/ha
17774,5893,59,41,"1,5 – 3",l/ha
17775,5893,59,1790,"1,5 – 3",l/ha
17776,5893,59,96,"1,5 – 3",l/ha
17777,5893,59,1788,"1,5 – 3",l/ha
17778,5894,475,137,"2,5",ml/l
17779,5895,116,147,400 - 800,ml/ha
17780,5895,116,79,400 - 800,ml/ha
17781,5895,116,1501,400 - 800,ml/ha
17782,5895,116,74,400 - 800,ml/ha
17783,5895,116,95,400 - 800,ml/ha
17784,5896,4,16,2,ml/l
17785,5897,8,66,2 - 4,l/ha
17786,5897,8,52,2 - 4,l/ha
17787,5897,8,57,2 - 4,l/ha
17788,5897,8,6,2 - 4,l/ha
17789,5897,8,4,2 - 4,l/ha
17790,5897,8,69,2 - 4,l/ha
17791,5897,8,36,2 - 4,l/ha
17792,5897,8,34,2 - 4,l/ha
17793,5897,8,38,2 - 4,l/ha
17794,5898,132,124,,-
17795,5898,132,160,,-
17796,5901,6,6,75 - 150,g/ha
17797,5901,6,66,75 - 150,g/ha
17798,5901,6,451,75 - 150,g/ha
17799,5901,6,52,75 - 150,g/ha
17800,5902,6,66,1.5 - 2.0,l/ha
17801,5902,6,30,1.5 - 2.0,l/ha
17802,5902,6,9,1.5 - 2.0,l/ha
17803,5902,6,6,1.5 - 2.0,l/ha
17804,5902,6,52,1.5 - 2.0,l/ha
17805,5902,6,58,1.5 - 2.0,l/ha
17806,5903,6,35,,
17807,5903,6,34,"1,875 - 3,75",l/ha
17808,5903,6,153,,-
17809,5903,6,116,,-
17810,5903,6,66,,-
17811,5903,6,6,,-
17812,5903,6,60,,
17813,5903,6,9,"1,875 - 3,75",l/ha
17814,5904,3,72,1,g/l
17815,5905,6,38,2 - 3,l/ha
17816,5905,6,66,2 - 3,l/ha
17817,5905,6,52,,-
17818,5905,6,6,,-
17819,5906,9,627,,
17820,5906,9,39,,
17821,5906,9,134,,-
17822,5906,9,41,1 - 3,kg/ha
17823,5906,9,40,,
17824,5906,9,127,1 - 3,kg/ha
17825,5906,9,1791,1 - 3,kg/ha
17826,5908,14,109,2,ml/l
17827,5909,106,9,3 - 5,l/ha
17828,5909,106,6,,-
17829,5909,106,36,,-
17830,5909,106,38,3 - 5,l/ha
17831,5909,106,34,,-
17832,5909,221,35,,-
17833,5909,221,895,"2,25-3,75",l/ha
17834,5909,221,9,"2,25-3,75",l/ha
17835,5909,42,36,,-
17836,5909,42,38,,-
17837,5909,42,35,4 - 6,l/ha
17838,5909,42,1754,4 - 6,l/ha
17839,5909,42,9,,-
17840,5909,42,30,,-
17841,5909,437,51,4 - 6,
17842,5909,437,9,4 - 6,l/ha
17843,5909,6,38,4 - 6,l/ha
17844,5909,6,9,4 - 6,l/ha
17845,5910,79,1792,30,ml/l
17846,5910,637,1793,50 ml/l/pohon,
17847,5911,638,171,"0,45",ml/m2
17848,5911,65,173,"0,45",ml/m2
17849,5912,8,69,,-
17850,5912,8,51,,-
17851,5912,8,38,,-
17852,5912,8,36,,-
17853,5912,8,34,"3 - 4,5",l/ha
17854,5912,8,57,,-
17855,5912,8,6,,-
17856,5912,8,9,"3 - 4,5",l/ha
17857,5912,8,66,,-
17858,5913,11,46,2,g/l
17859,5914,6,9,1-2,l/ha
17860,5914,6,66,1-2,l/ha
17861,5914,6,51,1-2,l/ha
17862,5914,6,35,1-2,l/ha
17863,5915,8,54,2.0 - 3.0,l/ha
17864,5915,8,256,2.0 - 3.0,l/ha
17865,5915,8,34,2.0 - 3.0,l/ha
17866,5915,8,230,2.0 - 3.0,l/ha
17867,5915,8,38,2.0 - 3.0,l/ha
17868,5915,8,1794,2.0 - 3.0,l/ha
17869,5915,8,146,2.0 - 3.0,l/ha
17870,5915,8,6,2.0 - 3.0,l/ha
17871,5915,8,66,2.0 - 3.0,l/ha
17872,5915,8,33,2.0 - 3.0,l/ha
17873,5915,8,217,2.0 - 3.0,l/ha
17874,5915,8,1795,2.0 - 3.0,l/ha
17875,5915,8,52,2.0 - 3.0,l/ha
17876,5915,8,1783,2.0 - 3.0,l/ha
17877,5915,8,190,2.0 - 3.0,l/ha
17878,5915,8,9,2.0 - 3.0,l/ha
17879,5916,3,40,,-
17880,5916,3,41,,-
17881,5916,3,407,15 - 35,g/ha
17882,5916,3,42,,-
17883,5916,3,112,,-
17884,5916,3,39,,-
17885,5916,8,9,,-
17886,5916,8,445,,-
17887,5916,8,30,,-
17888,5916,8,60,,-
17889,5916,8,6,75 - 100,g/ha
17890,5916,8,58,,-
17891,5916,8,130,,-
17892,5917,57,38,"1,5 - 3",l/ha
17893,5917,57,51,"1,5 - 3",l/ha
17894,5917,57,1796,"1,5 - 3",l/ha
17895,5917,57,6,"1,5 - 3",l/ha
17896,5917,57,66,"1,5 - 3",l/ha
17897,5918,14,111,2,g/l
17898,5919,6,6,"2 - 2,5",l/ha
17899,5919,6,66,"2 - 2,5",l/ha
17900,5919,6,35,"2 - 2,5",l/ha
17901,5919,6,38,"2 - 2,5",l/ha
17902,5920,29,64,-,
17903,5921,3,74,,-
17904,5921,3,95,2 - 3,l/ha
17905,5921,3,407,,-
17906,5921,3,41,,-
17907,5921,3,40,,-
17908,5921,3,1797,,-
17909,5921,3,39,,-
17910,5921,3,42,2 - 3,l/ha
17911,5921,3,112,,-
17912,5921,3,82,2 - 3,l/ha
17913,5922,28,46,5,ml/l
17914,5922,2,1798,6,ml/l
17915,5923,639,28,,
17916,5923,639,153,,
17917,5923,639,30,,
17918,5923,639,1799,,
17919,5923,639,9,,
17920,5923,639,25,,
17921,5923,639,24,,
17922,5923,639,32,,
17923,5923,639,6,,
17924,5923,3,42,1- 2,l/ha
17925,5923,3,41,1- 2,l/ha
17926,5923,3,39,1- 2,l/ha
17927,5923,1,9,"1,5 - 2",l/ha
17928,5923,1,30,"1,5 - 2",l/ha
17929,5923,1,24,"1,5 - 2",l/ha
17930,5924,37,18,,-
17931,5924,37,124,,
17932,5925,640,124,150,ml/ha
17933,5925,640,18,150,ml/ha
17934,5925,640,18,150,ml/ha
17935,5925,640,124,150,ml/ha
17936,5926,37,18,,-
17937,5926,37,124,,-
17938,5927,14,109,0.75,ml/l
17939,5929,2,11,"0,6",g/l
17940,5929,2,14,"0,6",g/l
17941,5929,4,16,"0,6",g/l
17942,5931,111,47,1.51,kg/m3
17943,5931,111,47,0.625,ml/l
17944,5931,112,47,1,ml/l
17945,5932,14,109,1.5,ml/l
17946,5933,432,24,200 - 300,g/ha
17947,5933,432,29,,-
17948,5933,432,129,,-
17949,5933,432,4,,-
17950,5933,432,1800,200 - 300,g/ha
17951,5933,432,69,,-
17952,5934,117,4,"1,5 - 3",l/ha
17953,5934,117,234,"1,5 - 3",l/ha
17954,5934,117,30,"1,5 - 3",l/ha
17955,5934,117,122,"1,5 - 3",l/ha
17956,5934,117,58,"1,5 - 3",l/ha
17957,5934,117,6,"1,5 - 3",l/ha
17958,5934,117,54,"1,5 - 3",l/ha
17959,5934,8,66,"1,5 - 3",l/ha
17960,5934,8,29,"1,5 - 3",l/ha
17961,5934,8,6,"1,5 - 3",l/ha
17962,5934,8,38,"1,5 - 3",l/ha
17963,5934,8,35,"1,5 - 3",l/ha
17964,5934,8,218,"1,5 - 3",l/ha
17965,5936,34,69,"0,45 - 0,9",l/ha
17966,5936,34,88,,-
17967,5936,34,30,"0,45 - 0,9",l/ha
17968,5936,34,122,,-
17969,5936,34,9,,-
17970,5936,34,70,,-
17971,5937,28,93,2,g/l
17972,5937,11,46,2,g/l
17973,5938,14,50,2,ml/l
17974,5938,2,188,1,ml/l
17975,5938,11,46,2,ml/l
17976,5938,4,102,"1,5",ml/l
17977,5939,48,52,"0,75 - 1,5",l/ha
17978,5939,48,6,,-
17979,5939,48,445,,-
17980,5939,48,66,,-
17981,5939,48,25,,-
17982,5939,48,35,,-
17983,5939,48,3,"0,75 - 1,5",l/ha
17984,5939,48,38,,-
17985,5940,2,14,0.5,g/l
17986,5941,9,95,1 - 2,l/ha
17987,5941,9,1801,1 - 2,l/ha
17988,5941,9,40,1 - 2,l/ha
17989,5941,9,41,1 - 2,l/ha
17990,5941,9,42,1 - 2,l/ha
17991,5941,9,1802,1 - 2,l/ha
17992,5942,11,213,"0,75",ml/l
17993,5942,11,142,"0,75",ml/l
17994,5942,11,121,"0,75",ml/l
17995,5943,6,66,75 - 150,g/ha
17996,5943,6,30,75 - 150,g/ha
17997,5943,6,9,75 - 150,g/ha
17998,5943,6,158,75 - 150,g/ha
17999,5943,6,52,75 - 150,g/ha
18000,5944,2,83,"1,5",ml/l
18001,5944,2,14,2,ml/l
18002,5945,10,693,2,ml/l
18003,5946,6,38,"1,5 - 3",l/ha
18004,5946,6,35,,-
18005,5946,6,6,,-
18006,5946,6,58,"1,5 - 3",l/ha
18007,5947,29,64,-,%
18008,5949,17,1803,"1,5 - 3",l/ha
18009,5949,17,38,"1,5 - 3",l/ha
18010,5949,641,9,"1,5 - 3",l/ha
18011,5949,642,34,"1,5 - 3",l/ha
18012,5949,642,51,"1,5 - 3",l/ha
18013,5949,642,6,"1,5 - 3",l/ha
18014,5949,642,9,"1,5 - 3",l/ha
18015,5950,37,18,,-
18016,5950,37,124,,-
18017,5951,124,18,Siap Pakai,-
18018,5951,124,124,Siap Pakai,-
18019,5953,8,36,,-
18020,5953,8,69,3 - 4,l/ha
18021,5953,8,4,,-
18022,5953,8,38,,-
18023,5953,8,9,,-
18024,5953,8,158,,-
18025,5953,8,66,3 - 4,l/ha
18026,5953,8,52,,-
18027,5955,51,94,300 - 600,ml/ha
18028,5955,51,2,300 - 600,ml/ha
18029,5955,14,1804,300 - 700,ml/ha
18030,5955,14,54,300 - 700,ml/ha
18031,5955,14,4,300 - 700,ml/ha
18032,5955,14,79,300 - 700,ml/ha
18033,5955,14,1805,300 - 700,ml/ha
18034,5955,58,235,300 - 450,ml/ha
18035,5955,58,375,300 - 450,ml/ha
18036,5955,58,94,300 - 450,ml/ha
18037,5955,58,79,300 - 450,ml/ha
18038,5955,58,54,300 - 450,ml/ha
18039,5955,50,71,300 - 600,ml/ha
18040,5955,50,3,300 - 600,ml/ha
18041,5955,50,66,300 - 600,ml/ha
18042,5955,40,79,300 - 450,ml/ha
18043,5955,40,94,300 - 450,ml/ha
18044,5955,40,4,300 - 450,ml/ha
18045,5955,40,71,300 - 450,ml/ha
18046,5955,40,2,300 - 450,ml/ha
18047,5955,40,54,300 - 450,ml/ha
18048,5955,6,9,1 - 1.5,l/ha
18049,5955,6,6,1 - 1.5,l/ha
18050,5955,6,369,1 - 1.5,l/ha
18051,5955,643,54,450 - 900,ml/ha
18052,5955,643,70,450 - 900,ml/ha
18053,5955,643,94,450 - 900,ml/ha
18054,5955,643,4,450 - 900,ml/ha
18055,5955,643,79,450 - 900,ml/ha
18056,5955,643,71,450 - 900,ml/ha
18057,5956,4,81,"1,5",ml/l
18058,5957,29,64,0,%
18059,5958,10,43,2,g/l
18060,5959,150,95,"0,75 - 1,5",l/ha
18061,5959,150,41,"0,75 - 1,5",l/ha
18062,5959,150,150,,-
18063,5959,150,2,"0,75 - 1,5",l/ha
18064,5960,6,66,3-4,l/ha
18065,5960,6,223,3-4,l/ha
18066,5960,6,6,3-4,l/ha
18067,5960,6,38,3-4,l/ha
18068,5960,6,35,3-4,l/ha
18069,5960,6,901,3-4,l/ha
18070,5961,37,124,,-
18071,5961,37,18,,-
18072,5962,55,1806,1,sachet/ha
18073,5963,4,44,"1,5",ml/l
18074,5964,11,46,"0,75",g/l
18075,5965,9,82,2 - 3,l/ha
18076,5965,9,1725,2 - 3,l/ha
18077,5965,9,40,,-
18078,5965,9,42,,-
18079,5965,9,1724,,-
18080,5965,9,41,,-
18081,5965,9,141,2 - 3,l/ha
18082,5965,9,74,,-
18083,5965,9,54,,-
18084,5965,9,95,,-
18085,5966,99,254,,
18086,5966,99,208,"0,5",ml/l
18087,5966,99,207,,
18088,5966,378,182,2,ml/l
18089,5966,378,81,2,ml/l
18090,5966,644,170,"0,25",ml/l
18091,5966,122,123,2,ml/l
18092,5966,308,81,2,ml/l
18093,5966,308,142,2,ml/l
18094,5967,14,111,1,g/l
18095,5968,2,188,"0,5",g/l
18096,5969,116,100,1 - 2.5,l/ha
18097,5969,116,141,1 - 2.5,l/ha
18098,5969,116,127,1 - 2.5,l/ha
18099,5969,116,41,"1 - 2,5",l/ha
18100,5969,116,627,"1 - 2,5",l/ha
18101,5969,116,1807,"1 - 2,5",l/ha
18102,5969,116,39,"1 - 2,5",l/ha
18103,5970,11,44,1,ml/l
18104,5970,2,83,1,ml/l
18105,5971,19,234,"1,5 - 3",l/ha
18106,5971,19,69,"1,5 - 3",l/ha
18107,5971,19,35,"1,5 - 3",l/ha
18108,5971,19,34,"1,5 - 3",l/ha
18109,5971,19,36,"1,5 - 3",l/ha
18110,5971,19,6,"1,5 - 3",l/ha
18111,5971,19,9,"1,5 - 3",l/ha
18112,5971,19,122,"1,5 - 3",l/ha
18113,5971,19,30,"1,5 - 3",l/ha
18114,5971,19,548,"1,5 - 3",l/ha
18115,5972,4,81,1,ml/l
18116,5973,2,188,"3,2",ml/l
18117,5974,29,64,,
18118,5975,4,44,0.75,ml/l
18119,5975,10,688,6,ml/kg benih
18120,5976,2,14,2,ml/l
18121,5976,2,83,2,ml/l
18122,5977,29,64,-,
18123,5979,5,124,"6,25",ml/ha
18124,5979,5,1808,,-
18125,5979,5,1808,"6,25",ml/ha
18126,5979,5,124,,-
18127,5979,37,430,"12,5",ml/ha
18128,5979,37,430,"12,5",ml/ha
18129,5979,72,430,"18,75",ml/ha
18130,5980,37,124,,-
18131,5980,37,18,,-
18132,5981,106,30,"4,5-6",l/ha
18133,5981,106,35,,-
18134,5981,106,34,"4,5 - 6",l/ha
18135,5982,7,34,,-
18136,5982,7,71,"1 - 1,5",l/ha
18137,5982,7,33,,-
18138,5982,7,24,,-
18139,5982,7,6,,-
18140,5982,7,30,"1 - 1,5",l/ha
18141,5982,7,9,,-
18142,5983,11,46,2,ml/l
18143,5984,11,46,3,ml/l
18144,5985,33,328,"1,5",g/l
18145,5986,4,44,2,g/l
18146,5987,51,404,2.5,ml/l
18147,5988,4,44,1,ml/l
18148,5990,3,72,375,g/ha
18149,5991,645,109,"2,25",ml/l
18150,5991,645,111,"2,25",ml/l
18151,5991,646,83,"2,25",ml/l
18152,5991,646,14,"2,25",ml/l
18153,5992,132,231,-,-
18154,5992,132,195,,-
18155,5992,132,18,,-
18156,5992,132,124,,-
18157,5992,132,1036,,-
18158,5992,132,91,,-
18159,5993,10,45,5,ml/kg benih
18160,5994,647,4,2-4,l/ha
18161,5994,647,69,2-4,l/ha
18162,5994,647,9,2-4,l/ha
18163,5994,647,30,2-4,l/ha
18164,5994,647,378,2-4,l/ha
18165,5994,647,29,2-4,l/ha
18166,5994,648,4,2-4,l/ha
18167,5994,648,51,2-4,l/ha
18168,5994,648,35,2-4,l/ha
18169,5994,648,30,2-4,l/ha
18170,5994,648,9,2-4,l/ha
18171,5994,648,76,2-4,l/ha
18172,5994,648,29,2-4,l/ha
18173,5995,10,43,2,ml/l
18174,5996,27,768,"0,6",ml/l
18175,5997,51,16,2,ml/l
18176,5998,18,30,1 - 2,l/ha
18177,5998,18,66,1 - 2,l/ha
18178,5998,18,6,1 - 2,l/ha
18179,5998,18,36,1 - 2,l/ha
18180,5998,18,38,1 - 2,l/ha
18181,5998,18,35,1 - 2,l/ha
18182,5999,6,6,1.5 - 2,l/ha
18183,5999,6,30,1.5 - 2,l/ha
18184,5999,6,36,1.5 - 2,l/ha
18185,5999,6,35,1.5 - 2,l/ha
18186,6000,238,64,-,-
18187,6001,649,467,"1,5",g/l
18188,6001,649,92,"1,5",g/l
18189,6001,649,91,"1,5",g/l
18190,6001,649,195,"1,5",g/l
18191,6001,649,1809,"1,5",g/l
18192,6002,11,46,2,ml/l
18193,6003,10,43,2,ml/l
18194,6003,55,208,2,ml/l
18195,6003,2,114,"1,5",ml/l
18196,6003,2,115,"1,5",ml/l
18197,6004,442,38,2 -3,l/ha
18198,6004,442,6,2 - 3,l/ha
18199,6004,442,302,2 - 3,l/ha
18200,6004,442,1810,2 - 3,l/ha
18201,6004,6,38,0.75 - 1.5,l/ha
18202,6004,6,34,0.75 - 1.5,l/ha
18203,6004,6,913,0.75 - 1.5,l/ha
18204,6004,6,6,0.75 - 1.5,l/ha
18205,6005,29,64,-,-
18206,6006,6,30,1-2,l/ha
18207,6006,6,872,1-2,l/ha
18208,6006,42,54,1.5-3,l/ha
18209,6006,42,218,1.5-3,l/ha
18210,6006,42,870,1.5-3,l/ha
18211,6006,42,52,1.5-3,l/ha
18212,6006,42,66,1.5-3,l/ha
18213,6006,42,872,1.5-3,l/ha
18214,6006,42,871,1.5-3,l/ha
18215,6006,42,6,1.5-3,l/ha
18216,6006,42,3,1.5-3,l/ha
18217,6007,24,34,2-3,l/ha
18218,6007,24,4,,-
18219,6007,24,543,,-
18220,6007,24,30,,-
18221,6007,24,9,,-
18222,6007,24,6,,-
18223,6007,24,451,2-3,l/ha
18224,6008,48,35,,-
18225,6008,48,3,"0,75 - 1,5",l/ha
18226,6008,48,6,,-
18227,6008,48,57,"0,75 - 1,5",l/ha
18228,6009,8,6,,-
18229,6009,8,66,,-
18230,6009,8,58,,-
18231,6009,8,9,"1,5 - 2,5",l/ha
18232,6009,8,38,,-
18233,6009,8,34,"1,5 - 2,5",l/ha
18234,6009,8,35,,-
18235,6010,12,47,"3,125",ml/l
18236,6011,444,1811,,-
18237,6013,232,1185,,
18238,6013,232,684,,-
18239,6013,232,38,,-
18240,6013,232,3,2 - 4,l/ha
18241,6013,232,76,,-
18242,6013,232,9,2 - 4,l/ha
18243,6013,232,1184,,-
18244,6013,232,57,,-
18245,6013,232,445,,-
18246,6014,129,365,-,
18247,6016,44,119,"0,5",g/l
18248,6017,2,576,2.5,ml/l
18249,6018,333,1812,250,g/l
18250,6019,650,9,,-
18251,6019,650,30,,-
18252,6019,650,1813,3 - 4,l/ha
18253,6020,36,1814,1,ml/l
18254,6020,27,668,1,ml/l
18255,6020,153,120,1,ml/l
18256,6020,14,109,1,ml/l
18257,6022,14,250,"1,5",ml/l
18258,6023,37,18,,-
18259,6023,37,124,,-
18260,6024,14,50,2,ml/l
18261,6024,14,49,2,ml/l
18262,6025,14,109,2,ml/l
18263,6026,51,16,0.5,g/l
18264,6027,3,14,1,ml/l
18265,6028,2,1361,9,ml/kg benih
18266,6028,10,688,9,ml/kg benih
18267,6029,3,83,1,ml/l
18268,6029,3,14,1,ml/l
18269,6029,4,23,"0,75",ml/l
18270,6029,10,43,"0,75",ml/l
18271,6030,4,44,1,ml/l
18272,6031,13,64,"0,5",g/l/pohon
18273,6032,10,43,"0,75",ml/l
18274,6032,14,250,2,ml/l
18275,6033,8,4,,-
18276,6033,8,35,3 - 4,l/ha
18277,6033,8,9,3 - 4,l/ha
18278,6033,8,6,,-
18279,6034,27,179,1.5,ml/l
18280,6034,27,489,1.5,ml/l
18281,6035,6,6,3 - 4,l/ha
18282,6035,6,51,3 - 4,l/ha
18283,6035,6,35,3 - 4,l/ha
18284,6035,6,36,3 - 4,l/ha
18285,6036,2,331,"0,75",ml/l
18286,6037,40,101,1.5,ml/l
18287,6038,28,46,1,g/l
18288,6039,116,95,1.0 - 2.0,l/ha
18289,6039,116,41,1.0 - 2.0,l/ha
18290,6039,116,74,1.0 - 2.0,l/ha
18291,6039,116,1815,1.0 - 2.0,l/ha
18292,6039,116,99,1.0 - 2.0,l/ha
18293,6039,116,41,1.0 - 2.0,l/ha
18294,6039,116,42,1.0 - 2.0,l/ha
18295,6042,2,1550,2,ml/l
18296,6043,4,121,2,ml/l
18297,6043,2,83,2,ml/l
18298,6044,11,46,1,ml/l
18299,6045,14,109,"0,5",ml/l
18300,6046,3,64,2,ml/l
18301,6047,4,81,1,ml/l
18302,6047,2,14,0.5,ml/l
18303,6048,2,42,"1,5-2,5",l/ha
18304,6048,2,97,,-
18305,6049,4,44,1,ml/l
18306,6049,44,118,1,ml/l
18307,6050,11,46,2,g/l
18308,6051,4,102,1,g/l
18309,6051,28,164,1,g/l
18310,6052,7,218,"2,25 - 4,5",l/ha
18311,6052,7,74,,-
18312,6052,7,33,,-
18313,6052,7,376,,-
18314,6052,7,153,"2,25 - 4,5",l/ha
18315,6052,7,446,,-
18316,6052,7,122,,-
18317,6052,7,30,,-
18318,6052,7,9,,-
18319,6052,7,77,,-
18320,6052,7,445,,
18321,6052,7,382,"2,25 - 4,5",-
18322,6052,7,69,,-
18323,6052,7,35,,-
18324,6053,29,64,-,%
18325,6054,14,111,1,ml/l
18326,6055,27,1514,1,ml/l
18327,6056,27,1816,1,ml/l
18328,6057,85,124,2.5 - 3.5 gram,%
18329,6057,85,18,2.5 - 3.5 gram,%
18330,6058,7,4,,-
18331,6058,7,69,"1,5 - 3",l/ha
18332,6058,7,9,,-
18333,6058,7,6,"1,5 - 3",l/ha
18334,6058,7,24,,-
18335,6058,7,128,,-
18336,6059,29,206,Pengumpanan siap pakai,-
18337,6059,29,825,Pengumpanan siap pakai,-
18338,6060,6,35,"1,5 - 3",l/ha
18339,6060,6,38,"1,5 - 3",l/ha
18340,6060,6,52,"1,5 - 3",l/ha
18341,6060,6,66,"1,5 - 3",l/ha
18342,6061,4,23,1.5,g/l
18343,6061,14,109,1,g/l
18344,6061,44,118,1 - 2,g/l
18345,6061,55,1817,3,g/l
18346,6061,55,254,2,g/l
18347,6061,55,208,3,g/l
18348,6062,6,35,2 -3,l/ha
18349,6062,6,51,,-
18350,6062,6,52,,-
18351,6062,6,66,2 -3,l/ha
18352,6062,42,35,"1,5 - 2",l/ha
18353,6062,42,38,1 - 2,l/ha
18354,6062,87,3,1 - 2,l/ha
18355,6063,51,45,"2,5",ml/l
18356,6064,37,124,siap pakai,-
18357,6064,37,18,siap pakai,-
18358,6065,2,14,"0,5",g/l
18359,6066,651,230,"1 - 1,5",l/ha
18360,6066,651,34,"1 - 1,5",l/ha
18361,6066,651,69,"1 - 1,5",l/ha
18362,6066,651,4,"1 - 1,5",l/ha
18363,6067,4,1818,2,ml/l
18364,6069,14,111,0.4,ml/l
18365,6070,44,118,2,ml/l
18366,6071,3,1819,"0,75 - 2,25",l/ha
18367,6071,3,294,"0,75 - 2,25",l/ha
18368,6071,3,39,"0,75 - 2,25",l/ha
18369,6071,3,41,"0,75 - 2,25",l/ha
18370,6071,1,9,"1,5 - 2",l/ha
18371,6071,1,27,"1,5 - 2",l/ha
18372,6071,1,29,"1,5 - 2",l/ha
18373,6074,218,69,"0,4 - 0,6",l/ha
18374,6074,218,68,,-
18375,6074,218,33,,-
18376,6074,218,24,,
18377,6074,218,67,,-
18378,6074,218,1523,"0,4 - 0,6",l/ha
18379,6074,7,71,"0,4 - 0,6",l/ha
18380,6074,7,29,,-
18381,6074,7,24,,-
18382,6074,7,70,,-
18383,6074,7,30,,-
18384,6074,7,9,"0,4 - 0,6",l/ha
18385,6075,11,1594,1,ml/l
18386,6075,11,44,1,ml/l
18387,6076,4,1820,2.0,g/l
18388,6080,11,46,"1,5",g/l
18389,6081,2,114,3,ml/l
18390,6081,2,14,3,ml/l
18391,6082,160,438,Untuk keperluan ekspor,
18392,6083,10,43,2,ml/l
18393,6085,50,64,2 ml/l (pada 1 minggu setelah topping),-
18394,6086,220,44,"0,75",ml/l
18395,6087,28,46,2,g/l
18396,6087,10,205,1,g/kg benih
18397,6087,4,102,2,g/l
18398,6087,4,106,2,g/l
18399,6088,14,50,"2,5",g/l
18400,6089,44,119,1,ml/l
18401,6090,8,9,"1 - 1,25",l/ha
18402,6090,8,30,"1 - 1,25",l/ha
18403,6090,8,38,"1,25",l/ha
18404,6090,71,9,"1,25",l/ha
18405,6090,71,38,"1 - 1,25",l/ha
18406,6091,8,38,"1,5 - 3",liter/ha
18407,6091,8,51,,-
18408,6091,8,6,,-
18409,6091,8,66,"1,5 - 3",liter/ha
18410,6092,14,1821,0.125 g/l / aplikasi 3 dan 6 MST,-
18411,6093,51,137,"1,5",ml/l
18412,6094,51,1518,200 ml/l (2 - 3 MST) dan (6 - 7 MST),-
18413,6095,133,64,0,
18414,6096,3,188,0.25,ml/l
18415,6097,51,1359,3,g/l
18416,6097,140,392,2,g/l
18417,6098,3,188,1,ml/l
18418,6098,3,10,1,ml/l
18419,6099,8,66,3 - 4,l/ha
18420,6099,8,1822,3 - 4,l/ha
18421,6099,8,1823,3 - 4,l/ha
18422,6099,8,9,3 - 4,l/ha
18423,6099,8,6,3 - 4,l/ha
18424,6099,8,35,3 - 4,l/ha
18425,6099,8,51,3 - 4,l/ha
18426,6099,8,34,3 - 4,l/ha
18427,6099,8,38,3 - 4,l/ha
18428,6100,6,38,3 - 4,l/ha
18429,6100,6,35,3 - 4,l/ha
18430,6100,6,66,3 - 4,l/ha
18431,6100,6,6,3 - 4,l/ha
18432,6101,37,92,,-
18433,6101,37,91,,-
18434,6101,37,231,-,-
18435,6102,4,23,2,g/l
18436,6105,29,64,-,g/l
18437,6106,2,188,2,ml/l
18438,6107,6,36,3.75 - 5,l/ha
18439,6107,6,38,,-
18440,6107,6,6,3.75 - 5,l/ha
18441,6107,6,58,,-
18442,6107,6,9,,-
18443,6108,44,118,2,ml/l
18444,6108,44,119,2,ml/l
18445,6109,11,93,"1,5",g/l
18446,6110,3,14,"1,5",g/l
18447,6113,35,27,2 - 3,kg/ha
18448,6113,35,30,2 - 3,kg/ha
18449,6113,35,6,2 - 3,kg/ha
18450,6113,35,29,2 - 3,kg/ha
18451,6113,35,88,2 - 3,kg/ha
18452,6113,35,69,2 - 3,kg/ha
18453,6113,35,382,2 - 3,kg/ha
18454,6114,367,82,2 - 3,l/ha
18455,6115,2,14,"1,5",ml/l
18456,6116,14,1824,1,ml/l
18457,6117,51,45,2,ml/l
18458,6117,4,45,2,ml/l
18459,6117,36,177,1,ml/l
18460,6118,148,1825,2,g/l
18461,6119,3,10,2,ml/l
18462,6120,6,66,3 - 4,l/ha
18463,6120,6,1826,3 - 4,l/ha
18464,6120,6,38,3 - 4,l/ha
18465,6120,6,34,3 - 4,l/ha
18466,6120,42,54,3 - 4,l/ha
18467,6120,42,218,3 - 4,l/ha
18468,6120,42,9,3 - 4,l/ha
18469,6120,42,94,3 - 4,l/ha
18470,6121,48,34,,
18471,6121,48,35,"0,75 - 1,5",l/ha
18472,6121,48,38,,-
18473,6121,48,130,,
18474,6121,48,57,"0,75 - 1,5",l/ha
18475,6121,48,30,,
18476,6121,48,6,,-
18477,6122,10,10,1.5,ml/l
18478,6123,652,68,2 - 3,l/ha
18479,6123,652,24,2 - 3,l/ha
18480,6123,652,1827,2 - 3,l/ha
18481,6123,652,130,2 - 3,l/ha
18482,6124,124,18,Siap Pakai,-
18483,6124,124,124,Siap Pakai,-
18484,6126,4,64,0.1,g/l
18485,6127,29,64,-,
18486,6128,29,64,-,
18487,6129,476,30,3 - 6,l/ha
18488,6129,476,9,3 - 6,l/ha
18489,6129,476,4,3 - 6,l/ha
18490,6130,4,23,"0,5",ml/l
18491,6131,6,30,"2,25 - 3",l/ha
18492,6131,6,38,"2,25 - 3",l/ha
18493,6133,6,6,"1,5 - 2,25",l/ha
18494,6133,6,66,,-
18495,6133,6,25,,-
18496,6133,6,463,,-
18497,6134,37,195,,-
18498,6134,37,91,,-
18499,6134,37,1036,,-
18500,6134,37,231,,-
18501,6134,37,124,,-
18502,6134,37,221,,-
18503,6135,11,46,3,ml/l
18504,6135,50,837,"1,5",ml/l
18505,6135,248,837,3,ml/l
18506,6135,28,46,4,ml/l
18507,6136,6,6,"1,5 - 2",l/ha
18508,6136,6,35,,-
18509,6136,6,34,,-
18510,6136,6,38,"1,5 - 2",l/ha
18511,6137,6,1828,1.5 - 3,l/ha
18512,6137,6,35,"1,5 - 3",l/ha
18513,6137,6,36,"1,5 - 3",l/ha
18514,6137,6,34,"1,5 - 3",l/ha
18515,6137,6,3,"1,5 - 3",l/ha
18516,6138,14,111,1,ml/l
18517,6140,130,34,2-4,l/ha
18518,6140,130,398,-,-
18519,6140,130,9,2 - 4,l/ha
18520,6140,130,122,-,-
18521,6140,130,6,-,-
18522,6141,14,64,10,g/ha
18523,6142,8,51,3 - 4,l/ha
18524,6142,8,36,,-
18525,6142,8,35,,-
18526,6142,8,69,,-
18527,6142,8,6,3 - 4,l/ha
18528,6143,35,4,,-
18529,6143,35,1,"1,5 - 3",l/ha
18530,6143,35,3,,-
18531,6143,35,2,,-
18532,6143,35,6,"1,5 - 3",l/ha
18533,6143,35,9,,-
18534,6143,35,7,,-
18535,6143,35,1829,,-
18536,6145,3,10,"0,25",ml/l
18537,6146,6,66,"2,25 - 3,75",l/ha
18538,6148,3,83,1,g/l
18539,6149,50,837,1,g/l
18540,6149,409,205,"1,25",g/kg
18541,6150,3,83,"1,5",ml/l
18542,6151,67,14,1,ml/l
18543,6152,653,9,1 - 2,l/ha
18544,6152,653,1830,1 - 2,l/ha
18545,6152,653,1831,1 - 2,l/ha
18546,6152,653,1832,1 - 2,l/ha
18547,6152,653,32,1 - 2,l/ha
18548,6152,197,40,"0,75 - 1,5",l/ha
18549,6152,197,243,"0,75 - 1,5",l/ha
18550,6152,197,70,"0,75 - 1,5",l/ha
18551,6152,197,42,"0,75 - 1,5",l/ha
18552,6152,654,1833,"1,5 - 3 l/ha",l/ha
18553,6152,654,26,"1,5 - 3 l/ha",l/ha
18554,6152,654,6,"1,5 - 3 l/ha",l/ha
18555,6152,654,9,"1,5 - 2 l/ha",l/ha
18556,6152,654,30,"1,5 - 2 l/ha",l/ha
18557,6152,654,218,"1,5 - 2 l/ha",l/ha
18558,6153,2,188,2,ml/l
18559,6154,51,292,2,ml/l
18560,6155,304,124,,-
18561,6155,304,18,,-
18562,6156,37,195,,-
18563,6156,37,18,,-
18564,6156,37,124,,-
18565,6157,11,44,"0,6",g/l
18566,6157,3,14,"0,8",g/l
18567,6158,3,10,1,ml/l
18568,6159,2,14,17,kg/ha
18569,6159,2,120,17,kg/ha
18570,6160,2,188,1,ml/l
18571,6161,14,121,1,ml/l
18572,6162,14,109,2,ml/l
18573,6163,2,14,1,ml/l
18574,6164,4,81,1,ml/l
18575,6165,10,1834,1.5-3,l/ha
18576,6165,10,1367,1.5-3,l/ha
18577,6165,10,1167,1.5-3,l/ha
18578,6165,10,71,1.5-3,l/ha
18579,6169,2,14,"0,1875",l/ha
18580,6169,2,120,"0,5",l/ha
18581,6169,2,83,"0,25",l/ha
18582,6170,10,43,"1,7",g/l
18583,6170,44,119,"1,7",g/l
18584,6170,28,23,"1,7",g/l
18585,6171,14,50,"1,5",ml/l
18586,6172,37,124,,-
18587,6172,37,18,,-
18588,6175,42,38,1.5 - 3,l/ha
18589,6175,62,60,1.5 - 2,l/ha
18590,6175,62,66,1.5 - 2,l/ha
18591,6175,62,52,1.5 - 3,l/ha
18592,6175,62,38,1.5 - 3,l/ha
18593,6175,106,34,2 - 3,l/ha
18594,6175,59,82,3 - 5,l/ha
18595,6175,59,248,3 - 5,l/ha
18596,6175,59,1566,3 - 5,l/ha
18597,6175,59,41,3 -5,l/ha
18598,6175,655,296,3 - 5,l/ha
18599,6175,655,297,3 - 5,l/ha
18600,6175,655,42,3 - 5,l/ha
18601,6175,655,82,3 - 5,l/ha
18602,6176,4,45,1.5,ml/l
18603,6176,153,114,"1,5",ml/l
18604,6177,10,688,2,ml/l
18605,6177,51,137,"1,5",ml/l
18606,6178,118,1835,1,ml/l
18607,6179,4,182,1.5,ml/l
18608,6180,14,109,"0,75",ml/l
18609,6182,6,1836,1.125 - 2.25,l/ha
18610,6182,6,9,1.125 - 2.25,l/ha
18611,6182,6,58,1.125 - 2.25,l/ha
18612,6182,6,3,1.125 - 2.25,l/ha
18613,6182,6,34,1.125 - 2.25,l/ha
18614,6184,29,64,-,
18615,6185,44,388,2,ml/l
18616,6185,14,49,"0,75",ml/l
18617,6185,40,101,2,ml/l
18618,6185,40,201,2,ml/l
18619,6185,11,46,"1,5",
18620,6185,50,837,4,ml/l
18621,6185,434,105,2,ml/l
18622,6185,372,101,1,l/ha
18623,6185,372,201,1,l/ha
18624,6185,10,205,15,ml/kg benih
18625,6185,81,102,2,ml/l
18626,6185,81,106,1.5,ml/l
18627,6185,74,101,3,ml/l
18628,6185,74,201,4,ml/l
18629,6186,112,47,0.562,ml/l
18630,6186,111,326,0.75,ml/l
18631,6186,111,326,0.75,ml/l
18632,6186,111,326,0.75,ml/l
18633,6186,111,326,0.75,ml/l
18634,6187,36,170,0.25,g/l
18635,6187,51,123,4,g/l
18636,6187,51,45,2,g/l
18637,6187,2,14,2,kg/ha
18638,6188,88,91,2.5 - 3.5/spray,%
18639,6188,88,231,2.5 - 3.5/spray,%
18640,6188,88,195,2.5 - 3.5/spray,%
18641,6188,88,18,2.5 - 3.5/spray,%
18642,6188,88,124,2.5 - 3.5/spray,%
18643,6188,88,92,2.5 - 3.5/spray,%
18644,6189,106,6,2 - 3,l/ha
18645,6189,106,7,2 - 3,l/ha
18646,6189,106,4,2 - 3,l/ha
18647,6189,106,35,2 - 3,l/ha
18648,6189,106,54,2 - 3,l/ha
18649,6189,656,35,1.5 - 3,l/ha
18650,6189,657,35,1.5 - 2,l/ha
18651,6189,657,4,1.5 - 3,l/ha
18652,6189,657,6,1.5 - 2,l/ha
18653,6189,657,9,1.5 - 3,l/ha
18654,6189,10,405,"1,5 - 3",l/ha
18655,6189,10,9,"1,5 - 3",l/ha
18656,6189,10,30,"1,5 - 3",l/ha
18657,6189,10,190,"1,5 - 3",l/ha
18658,6189,10,34,"1,5 - 2",l/ha
18659,6189,20,35,1.5 - 3,l/ha
18660,6189,20,1837,1.5 - 3,l/ha
18661,6189,20,6,1.5 - 3,l/ha
18662,6189,20,9,1.5 - 3,l/ha
18663,6189,20,7,1.5 - 3,l/ha
18664,6189,221,35,2 - 3,l/ha
18665,6189,221,4,2 - 3,l/ha
18666,6189,221,6,2 - 3,l/ha
18667,6189,221,9,2 - 3,l/ha
18668,6189,221,7,2 - 3,l/ha
18669,6189,221,54,2 - 3,l/ha
18670,6189,140,38,1.5 - 3,l/ha
18671,6189,140,35,1.5 - 3,l/ha
18672,6189,1,7,2 - 3,l/ha
18673,6189,1,6,2 - 3,l/ha
18674,6189,1,4,2 - 3,l/ha
18675,6189,1,1838,2 - 3,l/ha
18676,6189,1,1837,2 - 3,l/ha
18677,6189,1,54,2 - 3,l/ha
18678,6189,75,1839,1.5 - 3,l/ha
18679,6189,75,9,1.5 - 3,l/ha
18680,6189,75,7,1.5 - 3,l/ha
18681,6189,75,33,1.5 - 3,l/ha
18682,6189,75,6,1.5 - 3,l/ha
18683,6189,75,71,1.5 - 3,l/ha
18684,6189,75,69,1.5 - 3,l/ha
18685,6189,269,35,1.5 - 3,l/ha
18686,6189,269,4,1.5 - 3,l/ha
18687,6189,269,54,1.5 - 3,l/ha
18688,6189,269,6,1.5 - 3,l/ha
18689,6189,269,9,1.5 - 3,l/ha
18690,6189,269,7,1.5 - 3,l/ha
18691,6189,658,35,"2,25 - 3",l/ha
18692,6189,658,2,"2,25 - 3",l/ha
18693,6189,658,33,"2,25 - 3",l/ha
18694,6189,658,1319,"2,25 - 3",l/ha
18695,6189,18,7,"1,5 - 3",l/ha
18696,6189,18,8,"1,5 - 3",l/ha
18697,6189,18,6,"1,5 - 3",l/ha
18698,6189,18,9,"1,5 - 3",l/ha
18699,6189,18,71,"1,5 - 3",l/ha
18700,6189,18,35,"1,5 - 3",
18701,6189,43,6,"1,5 - 2",l/ha
18702,6189,43,9,2 - 3,l/ha
18703,6189,43,35,"1,5 - 2",l/ha
18704,6189,43,4,2 - 3,l/ha
18705,6189,22,35,3 - 4,l/ha
18706,6189,22,6,3 - 4,l/ha
18707,6189,22,9,3 - 4,l/ha
18708,6189,27,94,"0,75 - 1,5",l/ha
18709,6189,27,68,"0,75 - 1,5",l/ha
18710,6189,27,33,0.75 - 1.5,l/ha
18711,6189,27,24,0.75 - 1.5,l/ha
18712,6189,27,1027,0.75 - 1.5,l/ha
18713,6189,659,69,"0,87 - 1,75",l/ha
18714,6189,659,4,"0,87 - 1,75",l/ha
18715,6189,659,54,"0,87 - 1,75",l/ha
18716,6189,17,4,1.5 - 3,l/ha
18717,6189,17,35,1.5 - 3,l/ha
18718,6189,17,1837,1.5 - 3,l/ha
18719,6189,17,6,1.5 - 3,l/ha
18720,6189,17,7,1.5 - 3,l/ha
18721,6189,17,54,1.5 - 3,l/ha
18722,6189,87,127,1 - 2,l/ha
18723,6189,51,94,2.5 - 3,l/ha
18724,6189,51,1435,2.5 - 3,l/ha
18725,6191,29,64,-,
18726,6192,275,839,Tidak Ada Penggunaan Terdaftar (Pestisida Ekspor),
18727,6193,8,6,"1,25 - 1,5",l/ha
18728,6193,8,52,"1,25 - 1,5",l/ha
18729,6193,8,35,"1,25 - 1,5",l/ha
18730,6193,8,38,"1,25 - 1,5",l/ha
18731,6194,57,36,3 - 5,l/ha
18732,6194,57,38,3 - 5,l/ha
18733,6194,57,38,3 - 5,l/ha
18734,6194,57,6,3 - 5,l/ha
18735,6194,57,30,3 - 5,l/ha
18736,6194,57,57,3 - 5,l/ha
18737,6194,57,9,3 - 5,l/ha
18738,6194,57,66,3 - 5,l/ha
18739,6195,14,111,1,g/l
18740,6196,14,44,1.5,ml/l
18741,6197,4,81,2,ml/l
18742,6198,28,46,2,g/l
18743,6198,11,46,2,g/l
18744,6199,33,280,1,ml/l
18745,6200,67,11,2,g/l
18746,6201,2,120,2,g/l
18747,6202,14,111,"1,5",ml/l
18748,6205,14,1840,2 g/10 l air sd 30 dan 40 HST,-
18749,6206,130,35,1 - 3,l/ha
18750,6206,130,69,1 - 3,l/ha
18751,6206,130,1841,1 - 3,l/ha
18752,6206,130,1842,1 - 3,l/ha
18753,6206,130,36,1 - 3,l/ha
18754,6206,130,1053,1 - 3,l/ha
18755,6206,130,9,1 - 3,l/ha
18756,6206,130,24,1 - 3,l/ha
18757,6206,130,56,1 - 3,l/ha
18758,6207,4,102,1,ml/l
18759,6209,154,124,1 tablet/ 100 l,-
18760,6209,154,1843,,-
18761,6210,35,4,2.25 - 4.5,l/ha
18762,6210,35,94,2.25 - 4.5,l/ha
18763,6210,35,69,2.25 - 4.5,l/ha
18764,6210,35,34,2.25 - 4.5,l/ha
18765,6210,35,9,2.25 - 4.5,l/ha
18766,6210,35,153,2.25 - 4.5,l/ha
18767,6210,35,52,2.25 - 4.5,l/ha
18768,6210,35,27,2.25 - 4.5,l/ha
18769,6211,660,1844,"1,125 - 1,5",kg/ha
18770,6211,660,35,"1,125 - 1,5",kg/ha
18771,6211,660,54,"1,125 - 1,5",kg/ha
18772,6211,660,31,"1,125 - 1,5",kg/ha
18773,6211,660,122,"1,125 - 1,5",kg/ha
18774,6211,660,405,"1,125 - 1,5",kg/ha
18775,6211,42,9,"1,125 - 1,5",kg/ha
18776,6211,42,6,"1,125 - 1,5",kg/ha
18777,6211,42,445,"1,125 - 1,5",kg/ha
18778,6211,42,52,"1,125 - 1,5",kg/ha
18779,6211,42,1844,"1,125 - 1,5",kg/ha
18780,6211,42,34,"1,125 - 1,5",kg/ha
18781,6211,42,35,"1,125 - 1,5",kg/ha
18782,6213,8,3,,
18783,6213,8,36,,-
18784,6213,8,38,"1,5 - 3",l/ha
18785,6213,8,35,,
18786,6213,8,1845,,
18787,6213,8,9,"1,5 - 3",l/ha
18788,6213,8,58,,
18789,6213,8,58,,-
18790,6213,8,76,,
18791,6214,29,64,-,
18792,6215,30,1846,10,ml/l
18793,6216,2,14,300,g/ha
18794,6217,44,119,"1,5",g/l
18795,6218,3,681,"1,5",ml/l
18796,6219,88,195,siap pakai,-
18797,6219,88,124,siap pakai,-
18798,6219,88,231,siap pakai,-
18799,6219,88,92,siap pakai,-
18800,6219,88,91,siap pakai,-
18801,6219,88,18,siap pakai,-
18802,6220,14,109,2,g/l
18803,6221,2,681,"1,5",ml/l
18804,6221,55,1072,"1,5",ml/l
18805,6221,55,208,"1,5",ml/l
18806,6221,11,213,"1,5",ml/l
18807,6222,2,473,20,kg/ha
18808,6223,13,64,1.5,gr/Pohon
18809,6224,37,124,,-
18810,6224,37,18,,-
18811,6225,27,1847,2,ml/l
18812,6226,37,231,15,ml/l
18813,6226,37,194,15,ml/l
18814,6226,37,92,15,ml/l
18815,6226,474,18,8,ml/ha
18816,6226,474,124,8,ml/ha
18817,6226,474,195,16,ml/ha
18818,6226,474,18,18,ml/ha
18819,6226,474,124,18,ml/ha
18820,6227,261,781,tidak tersedia untuk ekspor,g/l
18821,6228,2,14,2,ml/l
18822,6229,14,1651,2,ml/l
18823,6230,245,1848,50 - 150,g/ha
18824,6230,245,41,50 - 150,g/ha
18825,6230,245,98,,-
18826,6230,245,39,,-
18827,6230,245,42,,
18828,6230,245,95,50 - 150,g/ha
18829,6230,245,74,,-
18830,6231,55,825,-,-
18831,6231,3,206,-,-
18832,6232,4,81,1.5,ml/l
18833,6232,4,44,1,ml/l
18834,6233,64,1849,,-
18835,6235,11,46,1,kg/ha
18836,6235,11,164,1,kg/ha
18837,6236,14,174,"1,5 g/Kg benih",
18838,6236,153,267,40 g/Kg benih,
18839,6236,51,414,20 g/Kg benih,
18840,6236,10,252,30 g/Kg benih,
18841,6237,4,44,"0,5",ml/l
18842,6239,3,1850,0.75 – 1.5,kg/ha
18843,6239,3,424,0.75 – 1.5,kg/ha
18844,6240,2,10,"68,75",ml/ha
18845,6240,14,50,"0,15 - 0,3",ml/l
18846,6240,11,164,"0,2",ml/l
18847,6240,10,281,"0,375 - 0,5",ml/l
18848,6241,55,58,2-3,l/ha
18849,6241,55,66,2-3,l/ha
18850,6241,6,38,2-3,l/ha
18851,6241,6,36,2-3,l/ha
18852,6242,9,89,375 - 500,ml/ha
18853,6242,9,79,375 - 500,ml/ha
18854,6242,9,90,375 - 750,ml/ha
18855,6242,9,74,375 - 750,ml/ha
18856,6243,4,81,0.5,ml/l
18857,6244,42,30,"3-4,5",l/ha
18858,6244,42,9,"3-4,5",l/ha
18859,6244,42,38,"3-4,5",l/ha
18860,6244,42,34,"3-4,5",l/ha
18861,6244,42,36,"3-4,5",l/ha
18862,6244,6,30,"3-4,5",l/ha
18863,6244,6,31,"3-4,5",l/ha
18864,6244,6,38,"3-4,5",l/ha
18865,6244,6,36,"3-4,5",l/ha
18866,6244,661,3,"1,88 - 3,75",l/ha
18867,6245,3,14,1,g/l
18868,6246,2,681,2,ml/l
18869,6247,6,3,2-5,l/ha
18870,6249,6,1752,"1,5 -2",l/ha
18871,6249,6,3,"1,5 - 2",l/ha
18872,6249,6,35,,-
18873,6250,13,48,"0,5 g/pohon",-
18874,6251,57,38,"1,5 - 3",l/ha
18875,6251,57,51,"1,5 - 3",l/ha
18876,6251,57,57,"1,5 - 3",l/ha
18877,6251,57,66,"1,5 - 3",l/ha
18878,6251,57,9,"1,5 - 3",l/ha
18879,6252,4,81,1,ml/l
18880,6253,14,646,2 ml/l air,-
18881,6255,36,1851,5,ml/l
18882,6255,30,1852,15,ml/l
18883,6256,29,64,-,%
18884,6257,367,82,0.6 - 1.2,l/ha
18885,6258,6,1110,3 - 4.5,l/ha
18886,6258,6,223,3 - 4.5,l/ha
18887,6258,6,9,3 - 4.5,l/ha
18888,6258,6,34,3 - 4.5,l/ha
18889,6258,6,1853,3 - 4.5,l/ha
18890,6258,6,38,3 - 4.5,l/ha
18891,6260,8,6,"1,5 - 3",l/ha
18892,6260,8,9,"1,5 - 3",l/ha
18893,6260,8,116,"1,5 - 3",l/ha
18894,6260,8,30,"1,5 - 3",l/ha
18895,6260,8,76,"1,5 - 3",l/ha
18896,6260,8,51,"1,5 - 3",l/ha
18897,6260,8,3,"1,5 - 3",l/ha
18898,6260,8,4,1.5 - 3,l/ha
18899,6260,8,35,"1,5 - 3",l/ha
18900,6260,8,34,"1,5 - 3",l/ha
18901,6261,48,25,"2,25 - 3",l/ha
18902,6261,48,6,,-
18903,6261,48,52,,-
18904,6262,57,6,"1,5 - 3",l/ha
18905,6262,57,9,"1,5 - 3",l/ha
18906,6262,57,66,"1,5 - 3",l/ha
18907,6262,57,58,"1,5 - 3",l/ha
18908,6262,57,30,"1,5 - 3",l/ha
18909,6262,57,38,"1,5 - 3",l/ha
18910,6262,57,51,"1,5 - 3",l/ha
18911,6262,57,35,"1,5 - 3",l/ha
18912,6264,14,182,2,ml/l
18913,6265,4,420,1,ml/l
18914,6265,4,419,1,ml/l
18915,6266,1,54,"1,5 - 3",l/ha
18916,6266,1,74,,-
18917,6266,1,71,"1,5 - 3",l/ha
18918,6266,1,69,,-
18919,6266,1,38,,-
18920,6266,1,94,,-
18921,6266,1,52,,-
18922,6266,1,1319,,-
18923,6266,1,6,,-
18924,6266,1,190,,-
18925,6266,1,9,,-
18926,6266,1,122,"1,5 - 3",l/ha
18927,6266,1,1854,,-
18928,6267,14,111,2,ml/l
18929,6268,132,91,,-
18930,6268,132,92,,-
18931,6268,132,124,,-
18932,6268,132,18,,-
18933,6268,132,195,,-
18934,6269,3,1855,30,g/ha
18935,6270,11,46,0.75,g/l
18936,6270,4,102,1,g/l
18937,6270,4,106,1,g/l
18938,6271,10,43,"1,5",ml/l
18939,6272,9,74,"1,5 - 3",kg/ha
18940,6272,9,82,"1,5 - 3",kg/ha
18941,6272,9,79,,
18942,6272,9,294,"1,5 - 3",kg/ha
18943,6272,9,41,,-
18944,6273,37,124,,-
18945,6273,37,18,,-
18946,6274,160,438,Untuk keperluan ekspor,
18947,6275,7,30,,-
18948,6275,7,153,"1,125 - 2,25",l/ha
18949,6275,7,130,,
18950,6275,7,1776,,
18951,6275,7,24,,
18952,6275,7,71,"1,125 - 2,25",l/ha
18953,6276,11,46,2,g/l
18954,6277,245,719,,-
18955,6277,245,95,1 - 2,l/ha
18956,6277,245,42,,-
18957,6277,245,112,1 - 2,l/ha
18958,6277,245,41,,
18959,6278,6,36,3 - 4,l/ha
18960,6278,6,9,3 - 4,l/ha
18961,6278,6,6,3 - 4,l/ha
18962,6279,44,81,1,ml/l
18963,6279,44,118,2,ml/l
18964,6279,44,1856,"0,5",ml/l
18965,6279,44,119,1,ml/l
18966,6280,7,205,2,ml/l
18967,6281,37,160,,-
18968,6281,37,124,,-
18969,6282,48,385,1 - 1.5,l/ha
18970,6282,48,6,1 - 1.5,l/ha
18971,6282,48,66,1 - 1.5,l/ha
18972,6282,48,9,1 - 1.5,l/ha
18973,6282,662,1857,150 ml/l solar,-
18974,6283,11,46,2,g/l
18975,6284,35,4,3 - 5,l/ha
18976,6284,35,153,3 - 5,l/ha
18977,6284,35,6,3 - 5,l/ha
18978,6284,35,24,3 - 5,l/ha
18979,6284,17,36,3 - 5,l/ha
18980,6284,17,369,3 - 5,l/ha
18981,6284,17,38,3 - 5,l/ha
18982,6284,17,35,3 - 5,l/ha
18983,6284,17,1367,3 - 5,l/ha
18984,6284,17,9,3 - 5,l/ha
18985,6284,6,9,3 - 5,l/ha
18986,6284,6,6,3 - 5,l/ha
18987,6284,6,35,3 - 5,l/ha
18988,6284,6,36,3 - 5,l/ha
18989,6284,6,94,3 - 5,l/ha
18990,6284,6,369,3 - 5,l/ha
18991,6284,6,128,3 - 5,l/ha
18992,6284,6,38,3 - 5,l/ha
18993,6286,3,83,"1,5",ml/l
18994,6286,3,14,"1,5",ml/l
18995,6287,29,64,-,
18996,6288,3,96,"1 - 1,25",l/ha
18997,6288,3,1858,"0,5 - 1",l/ha
18998,6288,3,42,"0,5 - 1",l/ha
18999,6288,3,41,"0,5 - 1",l/ha
19000,6288,42,1859,"0,5 - 1",l/ha
19001,6288,1,56,"0,5 - 1",l/ha
19002,6288,1,6,"0,5 - 1",l/ha
19003,6288,1,25,"0,5 - 1",l/ha
19004,6289,29,64,-,%
19005,6290,380,121,225,g/ha
19006,6290,11,121,450,g/ha
19007,6291,48,35,,-
19008,6291,48,38,"2,5 - 3,75",l/ha
19009,6291,48,130,,-
19010,6291,48,30,,-
19011,6291,48,57,,-
19012,6291,48,9,"2,5 - 3,75",l/ha
19013,6291,48,6,,-
19014,6292,6,30,1.5 - 2.5,l/ha
19015,6292,6,6,1.5 - 2.5,l/ha
19016,6292,6,38,1.5 - 2.5,l/ha
19017,6293,2,14,1.5,g/l
19018,6294,38,248,1 - 3,l/ha
19019,6294,38,147,,-
19020,6294,38,30,,-
19021,6294,38,249,1 - 3,l/ha
19022,6294,38,74,,-
19023,6294,38,127,1 - 3,l/ha
19024,6294,8,66,,-
19025,6294,8,58,1 - 3,l/ha
19026,6294,8,38,1 - 3,l/ha
19027,6294,8,36,,-
19028,6295,10,23,"0,75",ml/l
19029,6295,10,45,1,ml/l
19030,6295,10,1272,1,ml/l
19031,6295,20,530,1,ml/l
19032,6295,51,45,1,ml/l
19033,6296,3,206,siap pakai,
19034,6298,10,43,2,g/l
19035,6298,113,83,"1,1",g/l
19036,6298,14,109,2,g/l
19037,6298,51,45,2,g/l
19038,6299,8,35,2 - 4,l/ha
19039,6299,8,36,2 - 4,l/ha
19040,6299,8,38,2 - 4,l/ha
19041,6299,8,223,2 - 4,l/ha
19042,6299,8,1025,2 - 4,l/ha
19043,6299,8,6,2 - 4,l/ha
19044,6299,8,58,2 - 4,l/ha
19045,6299,8,9,2 - 4,l/ha
19046,6300,37,124,,-
19047,6300,37,18,,-
19048,6301,28,121,1,ml/l
19049,6301,28,23,1,ml/l
19050,6301,11,121,1,ml/l
19051,6301,11,44,1,ml/l
19052,6301,11,213,1,ml/l
19053,6302,14,50,"1,5",g/l
19054,6302,44,388,"1,5",g/l
19055,6302,44,1860,2,g/l
19056,6303,20,9,"1,5-3",l/ha
19057,6303,52,9,"1,5-3",l/ha
19058,6303,42,34,"1,5-3",l/ha
19059,6303,42,35,"1,5-3",l/ha
19060,6303,42,66,"1,5-3",l/ha
19061,6304,4,81,2,ml/l
19062,6305,2,1861,2,ml/l
19063,6306,4,44,"1,5",ml/l
19064,6306,44,44,"1,5",ml/l
19065,6307,132,18,,-
19066,6307,132,124,,-
19067,6307,132,195,,-
19068,6307,132,92,,-
19069,6307,132,91,,-
19070,6308,29,64,-,%
19071,6310,132,195,,-
19072,6310,132,124,,
19073,6310,132,18,,-
19074,6311,2,83,1,g/l
19075,6311,14,111,1,g/l
19076,6312,4,45,0.5,ml/l
19077,6313,8,38,1 - 3,l/ha
19078,6313,8,66,,-
19079,6313,8,9,1 - 3,l/ha
19080,6313,8,6,,-
19081,6313,8,58,,-
19082,6314,83,195,20 g/1000 cm2 (sampai dengan minggu ke 4 pasca aplikasi),-
19083,6315,130,69,,
19084,6315,130,35,"0,75 - 1,5",l/ha
19085,6315,130,1862,,
19086,6315,130,9,"0,75 - 1,5",l/ha
19087,6315,130,70,,
19088,6315,130,33,,
19089,6315,130,1863,,
19090,6315,130,122,,
19091,6315,130,77,,
19092,6315,130,590,,
19093,6316,2,14,15,kg/ha
19094,6317,3,83,0.75,ml/l
19095,6317,3,14,0.75,ml/l
19096,6318,29,64,-,
19097,6319,132,91,,-
19098,6319,132,92,,-
19099,6319,132,18,,-
19100,6319,132,124,,-
19101,6319,132,195,,-
19102,6321,3,147,1,l/ha
19103,6321,3,40,,
19104,6321,3,41,,
19105,6321,3,90,,
19106,6321,663,42,0.8-1.2,l/ha
19107,6321,663,74,0.8-1.2,l/ha
19108,6321,663,90,0.8-1.2,l/ha
19109,6321,664,41,,
19110,6321,664,42,,
19111,6321,664,127,1,l/ha
19112,6321,664,1076,1,l/ha
19113,6321,664,74,1,l/ha
19114,6321,664,100,,
19115,6321,664,79,,
19116,6322,36,170,2,ml/l
19117,6322,4,81,1,ml/l
19118,6322,55,291,1,ml/l
19119,6322,51,1091,2,ml/l
19120,6324,11,46,2,g/l
19121,6324,10,205,1,g/l
19122,6324,4,102,1,g/l
19123,6324,14,50,1,g/l
19124,6324,2,10,1,g/l
19125,6324,28,46,1,g/l
19126,6325,55,208,375,ml/ha
19127,6325,55,1864,2,ml/l
19128,6325,55,254,375,ml/ha
19129,6328,160,438,N/A,
19130,6329,48,34,1.5 - 2.25,l/ha
19131,6329,48,38,1.5 - 2.25,l/ha
19132,6329,48,1053,1.5 - 2.25,l/ha
19133,6329,48,25,1.5 - 2.25,l/ha
19134,6329,48,52,1.5 - 2.25,l/ha
19135,6330,44,1353,3,kg/ha
19136,6331,129,365,izin tetap ulang bahan teknis,%
19137,6332,51,251,1,g/l
19138,6334,304,124,,-
19139,6334,304,18,,-
19140,6334,304,231,,-
19141,6334,304,92,,-
19142,6334,304,194,,-
19143,6335,28,23,1,g/l
19144,6335,2,83,1,g/l
19145,6338,11,46,"0,375",ml/l
19146,6339,11,46,1,g/l
19147,6340,86,240,0.5,kg/ha
19148,6341,9,100,"1,5 - 2,25",l/ha
19149,6341,9,1562,,-
19150,6341,9,42,"1,5 - 2,25",l/ha
19151,6341,9,41,,-
19152,6341,9,74,"1,5 - 2,25",l/ha
19153,6342,665,1376,"1,5",%
19154,6343,10,1349,"2,8 - 5,6",kg/ha
19155,6344,7,4,,
19156,6344,7,128,1 - 3,l/ha
19157,6344,7,30,,
19158,6344,7,24,,
19159,6344,7,29,,
19160,6344,7,9,1 - 3,l/ha
19161,6345,8,9,"1,5-3",l/ha
19162,6345,8,57,,-
19163,6345,8,6,,-
19164,6345,8,38,"1,5-3",l/ha
19165,6345,8,35,,-
19166,6346,666,434,NA (Kebutuhan ekspor),
19167,6347,14,9,,-
19168,6347,14,1865,,
19169,6347,14,77,,-
19170,6347,14,70,,
19171,6347,14,1866,,-
19172,6347,14,1867,,
19173,6347,14,445,,-
19174,6347,14,56,,-
19175,6347,14,6,"1,5 - 3",l/ha
19176,6348,3,1536,2,g/l
19177,6348,3,14,2,g/l
19178,6349,44,119,1.5,ml/l
19179,6349,44,118,2,ml/l
19180,6350,14,111,1.5,ml/l
19181,6350,10,1868,1.5,ml/l
19182,6350,44,118,1.5,ml/l
19183,6351,2,14,"7,5",kg/ha
19184,6351,14,109,"7,5",kg/ha
19185,6352,11,46,2,g/l
19186,6353,11,1869,"0,5",ml/l
19187,6353,11,142,"0,25",ml/l
19188,6353,3,14,2,ml/l
19189,6353,3,320,2,ml/l
19190,6353,74,16,"0,5",ml/l
19191,6353,4,1870,"1,5",ml/l
19192,6353,4,44,"1,5",ml/l
19193,6354,9,79,900 – 1800,ml/ha
19194,6354,9,126,900 – 1800,ml/ha
19195,6354,9,74,900 – 1800,ml/ha
19196,6354,9,42,900 – 1800,ml/ha
19197,6354,9,41,900 – 1800,ml/ha
19198,6355,2,188,"1,5",ml/l
19199,6356,9,42,2 - 3,l/ha
19200,6356,9,98,2 - 3,l/ha
19201,6356,9,100,2 - 3,l/ha
19202,6356,9,74,2 - 3,l/ha
19203,6356,9,95,2 - 3,l/ha
19204,6357,34,4,,-
19205,6357,34,2,,-
19206,6357,34,69,,-
19207,6357,34,69,225 - 450,ml/ha
19208,6358,14,88,"1,5 - 2,5",l/ha
19209,6358,14,33,"1,5 - 2,5",l/ha
19210,6358,14,70,,-
19211,6360,14,1871,"0,5",g/l
19212,6361,396,100,35 - 70,ml/ha
19213,6361,396,97,35 - 70,ml/ha
19214,6361,396,42,35 - 70,ml/ha
19215,6361,396,1872,35 - 70,ml/ha
19216,6362,44,118,"1,5 - 2",ml/l
19217,6362,44,119,"1,5 - 2",ml/l
19218,6362,4,81,"1,5 - 2",ml/l
19219,6362,4,610,"1,5 - 2",ml/l
19220,6362,14,109,2,ml/l
19221,6363,2,14,2,g/l
19222,6364,14,492,2,ml/l
19223,6364,14,250,2,ml/l
19224,6364,14,111,2,ml/l
19225,6365,4,81,1,ml/l
19226,6366,8,58,,-
19227,6366,8,57,,
19228,6366,8,60,,-
19229,6366,8,66,1 - 3,l/ha
19230,6366,8,6,,-
19231,6366,8,52,,-
19232,6366,8,9,,-
19233,6368,42,36,3 - 4,l/ha
19234,6368,42,38,3 - 4,l/ha
19235,6368,42,34,3 - 4,l/ha
19236,6368,42,66,3 - 4,l/ha
19237,6368,42,9,3 - 4,l/ha
19238,6368,42,158,3 - 4,l/ha
19239,6369,160,438,Untuk keperluan ekspor,
19240,6370,6,6,3-4,l/ha
19241,6370,6,66,,-
19242,6370,6,38,3-4,l/ha
19243,6371,51,45,1,ml/l
19244,6371,3,14,2,ml/l
19245,6371,3,83,2,ml/l
19246,6372,116,1873,"1,5 - 3",l/ha
19247,6372,116,40,"1,5 - 3",l/ha
19248,6372,116,41,"1,5 - 3",l/ha
19249,6372,116,780,"1,5 - 3",l/ha
19250,6372,116,134,"1,5 - 3",l/ha
19251,6373,5,231,larutan siap pakai,-
19252,6374,667,91,pengumpanan siap pakai,-
19253,6374,667,92,Pengumpanan siap pakai,-
19254,6375,37,124,,-
19255,6375,37,18,,-
19256,6377,14,111,1,ml/l
19257,6378,14,109,"0,75",g/l
19258,6379,44,118,2,ml/l
19259,6380,2,83,2.5,ml/l
19260,6380,2,14,2.5,ml/l
19261,6381,130,57,,
19262,6381,130,9,3 - 5,l/ha
19263,6381,130,30,,
19264,6381,130,69,,-
19265,6381,130,34,3 - 5,l/ha
19266,6381,130,1874,,
19267,6381,130,38,,-
19268,6382,11,121,1,ml/l
19269,6383,29,64,-,g/l
19270,6384,10,43,1,ml/l
19271,6385,28,46,2,ml/l
19272,6387,2,188,"0,75",g/l
19273,6388,28,46,2,g/l
19274,6388,14,50,2,g/l
19275,6388,4,46,2,g/l
19276,6389,2,10,"0,5",ml/l
19277,6390,6,35,1 -2,l/ha
19278,6390,6,6,1 - 2,l/ha
19279,6391,3,72,3,kg/ha
19280,6392,8,36,1 - 3,l/ha
19281,6392,8,35,,-
19282,6392,8,38,,-
19283,6392,8,3,,-
19284,6392,8,34,,-
19285,6392,8,9,,-
19286,6392,8,6,1 - 3,l/ha
19287,6393,2,188,2,g/l
19288,6393,2,188,5,g/kg
19289,6394,55,254,2,ml/l
19290,6397,12,1812,30,ml/l
19291,6398,3,14,"0,375",ml/l
19292,6399,668,134,1-1.5,l/ha
19293,6399,668,42,1-1.5,l/ha
19294,6399,668,74,1-1.5,l/ha
19295,6399,668,95,1-1.5,l/ha
19296,6399,668,82,1-1.5,l/ha
19297,6400,32,9,"2,25 - 3,75",l/ha
19298,6400,32,29,,
19299,6400,32,129,,
19300,6400,32,69,"2,25 - 3,75",l/ha
19301,6400,32,35,,
19302,6401,27,179,1,ml/l
19303,6401,11,213,2,ml/l
19304,6402,4,45,"1,5",ml/l
19305,6403,2,14,"0,5",ml/l
19306,6403,2,83,"0,5",ml/l
19307,6404,2,448,1,g/l
19308,6405,2,320,6,ml/kg benih
19309,6405,10,43,1.6 ml/1000 butir benih jagung,-
19310,6406,11,166,2,g/l
19311,6408,4,81,1,g/l
19312,6408,33,283,1,g/l
19313,6408,28,1294,1,g/l
19314,6408,28,81,1,g/l
19315,6409,4,46,0.25,ml/l
19316,6409,11,46,1.5,ml/l
19317,6409,74,201,1.5,ml/l
19318,6409,74,101,0.5,ml/l
19319,6409,36,105,1.2,ml/l
19320,6410,4,44,1,ml/l
19321,6411,42,6,"1,5 - 3",l/ha
19322,6411,42,58,"1,5 - 3",l/ha
19323,6411,42,38,"1,5 - 3",l/ha
19324,6411,6,36,"1,5 - 2",l/ha
19325,6411,6,51,"1,5 - 2",l/ha
19326,6411,6,6,"1,5 - 2",l/ha
19327,6412,104,74,"1,5 - 3",kg/ha
19328,6412,104,30,"1,5 - 3",kg/ha
19329,6412,104,24,"1,5 - 3",kg/ha
19330,6412,104,9,"1,5 - 3",kg/ha
19331,6412,104,69,"1,5 - 3",kg/ha
19332,6413,75,69,"0,75 - 1,5",kg/ha
19333,6413,75,122,"0,75 - 1,5",kg/ha
19334,6413,75,9,,-
19335,6413,75,29,,-
19336,6413,1,34,"0,75 - 1,5",l/ha
19337,6413,1,31,,-
19338,6413,1,9,,-
19339,6413,1,405,,-
19340,6413,1,567,"0,75 - 1,5",l/ha
19341,6413,1,122,,-
19342,6414,4,81,1,ml/l
19343,6415,11,166,2,g/l
19344,6416,11,46,2,g/l
19345,6417,4,16,1,ml/l
19346,6418,51,45,"1,5",ml/l
19347,6419,11,164,2,g/l
19348,6420,48,6,,-
19349,6420,48,66,"1,5 -3",l/ha
19350,6420,48,35,"1,5 -3",l/ha
19351,6420,130,54,"1,5 -3",l/ha
19352,6420,130,34,"1 - 1,5",l/ha
19353,6420,130,152,,
19354,6420,130,384,,-
19355,6420,130,445,,
19356,6420,130,9,,-
19357,6420,130,6,"1 - 1,5",l/ha
19358,6421,9,74,75 - 150,ml/ha
19359,6421,9,1875,,-
19360,6421,9,2,75 - 150,ml/ha
19361,6421,9,1876,75 - 150,ml/ha
19362,6421,9,40,,-
19363,6421,9,41,,-
19364,6422,4,44,"0,75",ml/l
19365,6424,7,4,,-
19366,6424,7,35,,-
19367,6424,7,69,,-
19368,6424,7,443,,-
19369,6424,7,382,"1,5 - 3",l/ha
19370,6424,7,218,"1,5 - 3",l/ha
19371,6424,7,29,,-
19372,6424,7,376,,-
19373,6424,7,445,,-
19374,6424,7,30,,-
19375,6424,7,9,"1,5 - 3",l/ha
19376,6424,7,122,,-
19377,6424,7,70,,-
19378,6425,5,124,150,ml/ha
19379,6425,5,584,150,ml/ha
19380,6426,4,81,1,ml/l
19381,6427,4,81,"1,5",ml/l
19382,6427,4,44,"1,5",ml/l
19383,6427,55,47,1,ml/l
19384,6429,117,7,"1,5 - 3",l/ha
19385,6429,117,30,,-
19386,6429,117,9,,-
19387,6429,117,35,"1,5 - 3",l/ha
19388,6429,117,38,,-
19389,6431,669,121,"1,5",ml/l
19390,6431,14,109,2,ml/l
19391,6431,44,118,1,ml/l
19392,6431,44,119,"1,5",ml/l
19393,6431,670,121,"1,5",ml/l
19394,6432,161,2,75-100,ml/ha
19395,6432,161,407,75-100,ml/ha
19396,6432,161,1877,75-100,ml/ha
19397,6432,161,1878,75-100,ml/ha
19398,6433,6,66,3 - 5,l/ha
19399,6433,6,9,3 - 5,l/ha
19400,6433,6,57,3 - 5,l/ha
19401,6433,6,6,3 - 5,l/ha
19402,6433,6,36,3 - 5,l/ha
19403,6433,6,34,3 - 5,l/ha
19404,6433,6,38,3 - 5,l/ha
19405,6433,6,51,3 - 5,l/ha
19406,6434,4,182,"0,5",ml/l
19407,6434,4,81,"0,5",ml/l
19408,6435,232,38,,-
19409,6435,232,3,2 - 4,l/ha
19410,6435,232,1184,,-
19411,6435,232,9,,
19412,6435,232,57,,-
19413,6435,232,1185,2 - 4,l/ha
19414,6435,232,29,,-
19415,6435,232,445,,-
19416,6435,232,76,,
19417,6436,28,46,1,g/l
19418,6438,248,64,1,ml/l
19419,6439,14,121,"1,5",ml/l
19420,6440,2,72,1.125,g/l
19421,6441,3,206,,-
19422,6442,28,1879,2,ml/l
19423,6443,48,6,,-
19424,6443,48,9,"1,5 - 3",l/ha
19425,6443,48,38,,-
19426,6443,48,35,"1,5 - 3",l/ha
19427,6444,37,124,,-
19428,6444,37,18,,-
19429,6444,37,195,,-
19430,6444,37,91,,-
19431,6444,37,92,,-
19432,6445,51,123,2.0,ml/l
19433,6446,155,240,1,g/l
19434,6447,14,50,2,ml/l
19435,6448,29,64,95,%
19436,6449,111,47,"0,4% Retensi : 0,7 kg/m3",-
19437,6450,4,81,1.5,ml/l
19438,6450,4,44,1.5,ml/l
19439,6451,29,64,-,
19440,6452,10,43,2,ml/l
19441,6453,197,10,"1,5",g/l
19442,6454,561,66,"1,5 - 3",l/ha
19443,6454,561,6,"1,5 – 3",l/ha
19444,6454,561,52,"1,5 – 3",l/ha
19445,6454,561,4,"1,5 - 3",l/ha
19446,6454,561,3,"1,5 - 3",l/ha
19447,6454,561,38,"1,5 – 3",l/ha
19448,6454,561,35,"1,5 – 3",l/ha
19449,6455,36,84,0.2,ml/l
19450,6456,2,14,2,ml/l
19451,6457,293,100,1 - 3,l/ha
19452,6457,293,79,,-
19453,6457,293,41,,-
19454,6457,293,39,,-
19455,6457,293,42,1 - 3,l/ha
19456,6457,293,74,1 - 3,l/ha
19457,6457,293,95,,-
19458,6458,29,64,-,%
19459,6460,14,1392,2,g/l
19460,6461,6,52,1.5-3,l/ha
19461,6461,6,6,1.5-3,l/ha
19462,6461,6,852,1.5-3,l/ha
19463,6461,6,31,1.5-3,l/ha
19464,6461,6,35,3,l/ha
19465,6461,87,41,3-4,l/ha
19466,6461,87,42,3-4,l/ha
19467,6461,87,39,3-4,l/ha
19468,6461,87,1880,3-4,l/ha
19469,6461,87,1881,3-4,l/ha
19470,6461,87,368,4.5-5,l/ha
19471,6461,87,74,4.5-5,l/ha
19472,6461,42,35,2.5-3,l/ha
19473,6461,42,34,2.5-3,l/ha
19474,6461,42,52,2.5-3,l/ha
19475,6461,42,6,2.5-3,l/ha
19476,6462,6,153,,-
19477,6462,6,9,"37,5 - 50",g/ha
19478,6462,6,30,,-
19479,6462,6,158,,-
19480,6463,3,14,2,g/l
19481,6464,44,118,2,ml/l
19482,6465,4,102,2,ml/l
19483,6466,36,110,1,ml/l
19484,6467,434,105,2.5,ml/l
19485,6469,8,66,,-
19486,6469,8,30,,-
19487,6469,8,58,,
19488,6469,8,6,75 - 150,g/ha
19489,6469,8,29,,-
19490,6470,14,111,1,ml/l
19491,6471,9,41,60 - 120,g/ha
19492,6471,9,98,,-
19493,6471,9,134,,-
19494,6471,9,42,,-
19495,6471,9,95,60 - 120,g/ha
19496,6471,9,82,60 - 120,g/ha
19497,6472,6,38,1.5 - 2,l/ha
19498,6472,6,36,1.5 - 2,l/ha
19499,6472,6,30,1.5 - 2,l/ha
19500,6472,6,9,1.5 - 2,l/ha
19501,6472,42,38,1.5 - 2,l/ha
19502,6472,42,51,1.5 - 2,l/ha
19503,6472,42,30,1.5 - 2,l/ha
19504,6472,42,1882,1.5 - 2,l/ha
19505,6474,6,6,"1,5 - 3",l/ha
19506,6474,6,66,"1,5 - 3",l/ha
19507,6474,6,35,"1,5 - 3",l/ha
19508,6474,6,36,"1,5 - 3",l/ha
19509,6475,8,36,"1,5 - 3",l/ha
19510,6475,8,38,,-
19511,6475,8,66,"1,5 - 3",l/ha
19512,6475,8,58,,-
19513,6476,37,18,,-
19514,6476,37,124,,-
19515,6476,37,195,,-
19516,6477,2,10,1,ml/l
19517,6478,29,825,-,
19518,6479,14,111,0.8,g/l
19519,6480,11,250,11.25,kg/ha
19520,6481,2,114,1,ml/l
19521,6481,2,83,1,ml/l
19522,6482,85,124,2.5 - 3.5 gram,%
19523,6482,85,18,2.5 - 3.5 gram,%
19524,6483,7,9,"0,75 - 1,5",l/ha
19525,6483,7,30,"0,75 - 1,5",l/ha
19526,6483,7,35,"0,75 - 1,5",l/ha
19527,6483,8,9,1 - 2,l/ha
19528,6483,8,66,1 - 2,l/ha
19529,6483,8,34,1 - 2,l/ha
19530,6483,8,36,1 - 2,l/ha
19531,6483,48,36,1 - 2,l/ha
19532,6483,48,9,1 - 2,l/ha
19533,6483,48,30,1 - 2,l/ha
19534,6484,474,221,,-
19535,6484,474,1883,,-
19536,6484,474,124,20,ml/l
19537,6485,2,14,2,ml/l
19538,6486,10,9,1 - 2,l/ha
19539,6486,10,24,1 - 2,l/ha
19540,6486,10,122,1 - 2,l/ha
19541,6486,10,861,1 - 2,l/ha
19542,6486,10,69,1 - 2,l/ha
19543,6486,10,4,1 - 2,l/ha
19544,6487,6,58,,-
19545,6487,6,6,,-
19546,6487,6,9,,-
19547,6487,6,66,"1,5 - 3",l/ha
19548,6487,6,38,,-
19549,6487,6,35,"1,5 - 3",l/ha
19550,6487,6,34,,-
19551,6488,111,326,"12,5",ml/l
19552,6489,34,244,600-750,ml/ha
19553,6489,34,4,600-750,ml/ha
19554,6490,11,46,1,g/l
19555,6491,6,36,1-3,l/ha
19556,6491,6,38,1-3,l/ha
19557,6491,6,9,1-3,l/ha
19558,6491,6,58,1-3,l/ha
19559,6491,6,66,1-3,l/ha
19560,6492,7,1884,,-
19561,6492,7,76,,-
19562,6492,7,29,"1,75 - 2,0",l/ha
19563,6492,7,128,,-
19564,6492,7,9,,-
19565,6492,7,94,"1,75 - 2,0",l/ha
19566,6492,7,1630,,-
19567,6493,103,276,"0,5",g/l
19568,6493,14,50,2,g/l
19569,6493,36,105,2,g/l
19570,6493,11,46,1,g/l
19571,6493,30,277,2,g/l
19572,6493,40,201,2,g/l
19573,6493,4,102,2,g/l
19574,6493,4,106,2,g/l
19575,6493,2,188,1,g/l
19576,6493,79,670,2,g/l
19577,6493,28,46,1,g/l
19578,6494,623,4,100 - 150,ml/ha
19579,6494,623,94,100 - 150,ml/ha
19580,6494,623,69,100 - 150,ml/ha
19581,6494,623,24,100 - 150,ml/ha
19582,6494,623,6,100 - 150,ml/ha
19583,6494,623,9,100 - 150,ml/ha
19584,6494,623,29,100 - 150,ml/ha
19585,6495,3,72,56.25,kg/ha
19586,6496,29,64,-,%
19587,6497,29,64,,
19588,6498,671,1885,40,g/m2
19589,6498,11,1886,75,g/m2
19590,6499,132,124,,-
19591,6499,132,160,,-
19592,6499,132,195,,-
19593,6499,132,91,,-
19594,6499,132,92,,-
19595,6500,64,165,1 plate/30 m³,
19596,6500,64,165,1 plate/30 m³,-
19597,6500,672,215,1 plate/30 m³,-
19598,6501,3,74,1 - 2,l/ha
19599,6501,3,98,1 - 2,l/ha
19600,6501,3,134,1 - 2,l/ha
19601,6501,3,41,1 - 2,l/ha
19602,6501,3,42,1 - 2,l/ha
19603,6501,3,100,1 - 2,l/ha
19604,6502,28,23,1,ml/l
19605,6503,10,1275,"1,5",ml/l
19606,6504,2,14,2,ml/l
19607,6504,490,118,"0,5",ml/l
19608,6504,4,1016,"0,5",ml/l
19609,6506,7,71,"1 - 1,5",l/ha
19610,6506,7,29,"1 - 1,5",l/ha
19611,6506,7,24,"1 - 1,5",l/ha
19612,6506,7,130,"1 - 1,5",l/ha
19613,6507,4,44,1,ml/l
19614,6508,14,50,"1,5",ml/l
19615,6509,111,47,0.5,ml/l
19616,6509,111,47,0.5,ml/l
19617,6510,51,45,2,ml/l
19618,6511,69,58,"1 - 1,5",kg/ha
19619,6511,69,6,"1 - 1,5",kg/ha
19620,6511,69,36,"1 - 1,5",kg/ha
19621,6512,44,118,1.00,g/l
19622,6513,37,91,,-
19623,6513,37,92,,-
19624,6514,55,47,10,ml/l
19625,6514,10,267,3.75,ml/kg benih
19626,6516,28,1887,3,g/l
19627,6516,11,359,2,g/l
19628,6518,51,45,"0,5",ml/l
19629,6519,6,9,"1,5 - 3",l/ha
19630,6519,6,38,,-
19631,6519,6,36,"1,5 - 3",l/ha
19632,6521,2,14,1.5,ml/l
19633,6522,64,1888,2,tablet/m3
19634,6523,5,195,"5,25",g/m2
19635,6525,29,64,-,%
19636,6526,2,14,"2,25",ml/l
19637,6526,2,83,"2,25",ml/l
19638,6527,55,207,2,unit/ha
19639,6529,2,188,1,g/l
19640,6530,474,569,10 g/100 l Air,g/l
19641,6530,474,124,10 g/100 l Air,g/l
19642,6530,474,1883,10 g/100 l Air,g/l
19643,6531,9,95,,-
19644,6531,9,74,,-
19645,6531,9,127,"1,5 - 3",l/ha
19646,6531,9,41,,-
19647,6531,9,1457,,-
19648,6531,9,42,"1,5 - 3",l/ha
19649,6531,9,100,"1,5 - 3",l/ha
19650,6531,9,79,,-
19651,6533,42,3,2 - 3,l/ha
19652,6533,42,6,"0,75 - 1,5",l/ha
19653,6533,6,36,"1,5 - 3",l/ha
19654,6533,6,3,2 - 3,l/ha
19655,6534,11,46,1,ml/l
19656,6536,673,137,"0,5",ml/l
19657,6536,475,137,"0,5",ml/l
19658,6536,260,45,"0,4",ml/l
19659,6536,148,269,"0,5",ml/l
19660,6536,77,43,"0,375",ml/l
19661,6536,242,118,"0,5",ml/l
19662,6537,11,46,"1,5",g/l
19663,6538,27,1889,22,g/l
19664,6540,57,57,1-2,l/ha
19665,6540,57,6,1-2,l/ha
19666,6540,57,30,1-2,l/ha
19667,6540,57,9,1-2,l/ha
19668,6540,57,66,1-2,l/ha
19669,6540,57,38,1-2,l/ha
19670,6540,57,35,1-2,l/ha
19671,6540,57,34,1-2,l/ha
19672,6540,57,51,1-2,l/ha
19673,6540,57,36,1-2,l/ha
19674,6541,3,83,2,ml/l
19675,6541,4,81,1,ml/l
19676,6542,51,9,"1,25 - 1,5",l/ha
19677,6542,51,153,,-
19678,6542,51,24,,-
19679,6542,51,30,,-
19680,6542,51,4,,-
19681,6542,51,69,"1,25 - 1,5",l/ha
19682,6543,37,18,,-
19683,6543,37,124,,-
19684,6544,14,111,"1,5",ml/l
19685,6545,9,42,"0,9 - 1,8",kg/ha
19686,6545,9,82,,-
19687,6545,9,79,"0,9 - 1,8",kg/ha
19688,6546,51,137,"1,5",g/l
19689,6548,31,112,3 - 5,l/ha
19690,6548,31,29,3 - 5,l/ha
19691,6548,31,1890,3 - 5,l/ha
19692,6548,31,4,3 - 5,l/ha
19693,6548,31,94,3 - 5,l/ha
19694,6548,31,42,3 - 5,l/ha
19695,6548,31,1198,3 - 5,l/ha
19696,6548,31,74,3 - 5,l/ha
19697,6548,7,112,3 - 5,l/ha
19698,6548,7,1891,3 - 5,l/ha
19699,6548,7,6,3 - 5,l/ha
19700,6548,7,29,3 - 5,l/ha
19701,6548,7,4,3 - 5,l/ha
19702,6548,7,9,3 - 5,l/ha
19703,6548,7,69,3 - 5,
19704,6548,7,35,3 - 5,l/ha
19705,6550,3,74,"0,75 - 1",l/ha
19706,6550,3,97,"0,75 - 1",l/ha
19707,6550,3,42,,-
19708,6550,3,40,,-
19709,6550,42,66,"1,125 - 1,875",l/ha
19710,6551,37,18,,-
19711,6551,37,124,,-
19712,6552,4,81,1,ml/l
19713,6552,55,254,"0,125",ml/l
19714,6553,14,111,"1,5",ml/l
19715,6554,8,35,1-2,l/ha
19716,6554,8,1892,1-2,l/ha
19717,6555,51,292,15,kg/ha
19718,6557,14,50,1,g/l
19719,6558,369,9,2-3,l/ha
19720,6558,369,30,,-
19721,6558,369,58,,-
19722,6558,369,116,,-
19723,6558,369,6,,-
19724,6558,369,66,,-
19725,6558,369,3,2 - 3,l/ha
19726,6558,369,51,,-
19727,6558,369,38,,-
19728,6558,369,35,,-
19729,6558,369,34,,-
19730,6560,55,208,10,gr/Pohon
19731,6562,3,98,2-3,l/ha
19732,6562,3,134,2-3,l/ha
19733,6562,3,42,2-3,l/ha
19734,6562,3,41,2-3,l/ha
19735,6562,3,802,2-3,l/ha
19736,6562,3,141,2-3,l/ha
19737,6565,38,74,"1,5 - 3",l/ha
19738,6565,38,296,,
19739,6565,38,41,,
19740,6565,38,39,,
19741,6565,38,424,"1,5 - 3",l/ha
19742,6565,38,82,,
19743,6565,38,147,"1,5 - 3",l/ha
19744,6566,10,4,"1,5 - 3",l/ha
19745,6566,10,128,"1,5 - 3",l/ha
19746,6566,10,24,"1,5 - 3",l/ha
19747,6566,10,122,"1,5 - 3",l/ha
19748,6566,10,29,"1,5 - 3",l/ha
19749,6566,10,26,"1,5 - 3",l/ha
19750,6566,10,30,"1,5 - 3",l/ha
19751,6566,10,25,"1,5 - 3",l/ha
19752,6566,10,415,"1,5 - 3",l/ha
19753,6567,3,1893,"1,5 - 2,5",l/ha
19754,6567,3,1894,"1,5 - 2,5",l/ha
19755,6567,3,1895,"1,5 - 2,5",l/ha
19756,6568,2,127,"1 - 1,5",l/ha
19757,6568,2,1083,"1 - 1,5",l/ha
19758,6568,2,41,"1 - 1,5",l/ha
19759,6568,2,1896,"1 - 1,5",l/ha
19760,6568,2,2,"1 - 1,5",l/ha
19761,6568,2,79,"1 - 1,5",l/ha
19762,6568,14,683,"0,75 - 1,5",l/ha
19763,6568,14,94,"0,75 - 1,5",l/ha
19764,6568,14,1897,"0,75 - 1,5",l/ha
19765,6568,14,153,"0,75 - 1,5",l/ha
19766,6570,11,1898,1,ml/l
19767,6570,11,1899,1,ml/l
19768,6570,55,1900,"0,25 - 1",ml/l
19769,6570,4,1901,"0,75",ml/l
19770,6570,4,1902,"0,75",ml/l
19771,6570,2,1903,"1,5",ml/l
19772,6570,2,1904,"0,75 - 1",ml/l
19773,6570,2,1905,"0,75 - 1",ml/l
19774,6570,2,1906,1,ml/l
19775,6570,14,1907,"0,75",ml/l
19776,6570,44,1327,2,ml/l
19777,6570,44,1908,2,ml/l
19778,6570,269,1909,"0,25",ml/l
19779,6570,269,1910,"0,25",ml/l
19780,6571,674,445,100-200,ml/ha
19781,6571,674,30,100-200,ml/ha
19782,6571,674,69,100-200,ml/ha
19783,6571,675,24,100-300,ml/ha
19784,6571,675,130,100-300,ml/ha
19785,6571,675,847,100-300,ml/ha
19786,6571,675,382,200-300,ml/ha
19787,6571,675,398,100-300,ml/ha
19788,6571,675,94,100-300,ml/ha
19789,6571,24,57,75-150,ml/ha
19790,6571,24,76,75-150,ml/ha
19791,6571,24,9,75-150,ml/ha
19792,6571,24,51,75-150,ml/ha
19793,6571,24,445,75-150,ml/ha
19794,6571,24,29,75-150,ml/ha
19795,6571,24,218,75-150,ml/ha
19796,6571,20,69,75-125,ml/ha
19797,6571,20,9,75-125,ml/ha
19798,6571,20,76,75-125,ml/ha
19799,6571,20,939,75-125,ml/ha
19800,6571,676,1911,100-300,ml/ha
19801,6571,676,24,100-300,ml/ha
19802,6571,676,235,250-300,ml/ha
19803,6571,676,29,100-300,ml/ha
19804,6571,676,26,100-300,ml/ha
19805,6571,676,4,200-300,ml/ha
19806,6571,676,382,200-300,ml/ha
19807,6571,676,69,150-300,ml/ha
19808,6571,676,1912,250-300,ml/ha
19809,6571,18,218,125-150,ml/ha
19810,6571,18,378,75-150,ml/ha
19811,6571,18,30,75-150,ml/ha
19812,6571,18,9,75-150,ml/ha
19813,6571,18,25,75-150,ml/ha
19814,6571,18,4,125-150,ml/ha
19815,6571,6,94,100-200,ml/ha
19816,6571,6,69,100-200,ml/ha
19817,6571,6,6,100-200,ml/ha
19818,6571,6,29,100-200,ml/ha
19819,6571,42,34,100-200,ml/ha
19820,6571,42,69,100-200,ml/ha
19821,6571,42,445,100-200,ml/ha
19822,6571,15,9,75-150,ml/ha
19823,6571,15,30,100-150,ml/ha
19824,6571,15,76,100-150,ml/ha
19825,6571,15,57,100-150,ml/ha
19826,6571,15,1913,100-150,ml/ha
19827,6571,15,218,125-150,ml/ha
19828,6571,15,51,100-150,ml/ha
19829,6571,15,34,100-150,ml/ha
19830,6571,15,1914,75-150,ml/ha
19831,6572,14,109,"1,5",ml/l
19832,6572,2,120,2,ml/l
19833,6572,2,11,"1,5",ml/l
19834,6572,2,14,1,ml/l
19835,6572,36,170,"1,5",ml/l
19836,6572,1,788,"1,5",ml/l
19837,6572,4,109,6,ml/l
19838,6572,20,84,"0,6",ml/l
19839,6574,14,50,"1,5",g/l
19840,6575,4,81,2,ml/l
19841,6576,3,82,"1,5 - 2,0",l/ha
19842,6576,3,42,"1,5 - 2,0",l/ha
19843,6576,3,41,,-
19844,6576,3,134,,-
19845,6577,3,14,"0,7",ml/l
19846,6578,11,46,2,ml/l
19847,6579,3,14,1,ml/l
19848,6579,14,109,2,ml/l
19849,6580,3,83,2.25,ml/l
19850,6580,3,14,2.25,ml/l
19851,6581,37,18,,-
19852,6581,37,124,,
19853,6582,14,111,1,ml/l
19854,6583,6,30,2-3,l/ha
19855,6583,6,1367,2-3,l/ha
19856,6583,6,9,2-3,l/ha
19857,6583,6,38,2-3,l/ha
19858,6583,6,36,2-3,l/ha
19859,6583,6,34,2-3,l/ha
19860,6583,6,3,2-3,l/ha
19861,6584,30,1915,10,ml/l/pohon
19862,6585,43,35,,
19863,6585,43,1027,,-
19864,6585,43,51,,
19865,6585,43,98,0.75 - 1.0,kg/ha
19866,6585,43,4,,-
19867,6585,43,30,,-
19868,6585,43,722,,-
19869,6585,43,9,"0,75 - 1,5",kg/ha
19870,6585,43,902,,
19871,6586,37,124,,-
19872,6586,37,18,,-
19873,6587,4,45,2,g/l
19874,6588,2,114,"0,75",ml/l
19875,6589,677,1916,,-
19876,6589,677,377,,-
19877,6590,55,206,,-
19878,6590,55,825,,-
19879,6590,55,825,,-
19880,6591,44,118,0.375,ml/l
19881,6592,3,14,1,g/l
19882,6593,6,34,"3,75 - 5",l/ha
19883,6593,6,36,"3,75 - 5",l/ha
19884,6593,6,38,"3,75 - 5",l/ha
19885,6593,6,58,"3,75 - 5",l/ha
19886,6593,6,9,"3,75 - 5",l/ha
19887,6593,6,6,"3,75 - 5",l/ha
19888,6594,51,1917,1,ml/l
19889,6595,4,182,"0,75",ml/l
19890,6596,10,43,"1,5",ml/l
19891,6597,28,46,"1,6",g/l
19892,6597,11,46,"0,8",g/l
19893,6598,37,18,,-
19894,6598,37,124,,
19895,6599,3,82,150 - 300,ml/ha
19896,6599,3,79,150 - 300,ml/ha
19897,6599,3,90,150 - 300,ml/ha
19898,6599,3,1918,225 - 300,ml/ha
19899,6599,3,42,150 - 300,ml/ha
19900,6600,3,1919,1,ml/l
19901,6601,261,781,tidak tersedia untuk ekspor,
19902,6602,4,1920,"2,5",ml/l
19903,6603,3,14,"1,5",g/l
19904,6604,11,80,2,g/l
19905,6605,4,45,0.5,ml/l
19906,6606,29,64,-,
19907,6607,55,208,0.14,g/l
19908,6607,44,118,0.34,g/l
19909,6608,51,159,3,ml/l
19910,6608,44,118,3,ml/l
19911,6608,44,119,3,ml/l
19912,6608,28,23,3,ml/l
19913,6608,14,109,"0,5",ml/l
19914,6608,4,45,1,ml/l
19915,6609,9,95,,-
19916,6609,9,74,"112,5 - 225",g/ha
19917,6609,9,88,"112,5 - 225",g/ha
19918,6609,9,79,,-
19919,6609,9,82,,-
19920,6609,9,41,,-
19921,6609,9,40,,-
19922,6609,9,39,,-
19923,6609,9,42,,-
19924,6609,9,294,"112,5 - 225",g/ha
19925,6610,4,45,"0,5",ml/l
19926,6610,36,110,"1,5",ml/l
19927,6610,14,109,2,ml/l
19928,6611,82,38,"2,5 – 3,5",l/ha
19929,6612,29,64,-,
19930,6613,2,188,2,ml/l
19931,6614,14,109,"1,5",ml/l
19932,6614,14,111,"0,5",ml/l
19933,6614,2,83,1,ml/l
19934,6614,2,14,1,ml/l
19935,6615,14,81,3,ml/l
19936,6617,44,1056,1600,g/ha
19937,6618,3,206,,-
19938,6619,28,1151,2,ml/l
19939,6620,3,41,,-
19940,6620,3,42,,-
19941,6620,3,859,"0,75 - 1",l/ha
19942,6620,3,95,"0,75 - 1",l/ha
19943,6621,2,14,2,g/l
19944,6622,3,14,"0,75",ml/l
19945,6623,42,34,"1,5 - 2",ml/l
19946,6623,42,38,"1,5 - 2",ml/l
19947,6623,42,57,"1,5 - 2",ml/l
19948,6623,42,30,"1,5 - 2",ml/l
19949,6624,14,111,"0,5",ml/l
19950,6626,11,166,1.5,g/l
19951,6627,11,166,1.5,g/l
19952,6628,10,4,"0,75 -1,5",l/ha
19953,6628,10,1066,,-
19954,6628,10,30,"0,75 -1,5",l/ha
19955,6629,10,4,0.75 -1.5,l/ha
19956,6629,10,30,0.75 -1.5,l/ha
19957,6629,10,9,0.75 -1.5,l/ha
19958,6630,7,4,"2,25 - 3,75",l/ha
19959,6630,7,88,,-
19960,6630,7,74,"2,25 - 3,75",l/ha
19961,6630,7,130,"2,25 - 3,75",l/ha
19962,6631,500,38,1.5 - 3,l/ha
19963,6631,500,9,1.5 - 3,l/ha
19964,6631,500,235,1.5 - 3,l/ha
19965,6633,678,47,1.5,ml/ha
19966,6633,14,44,800,ml/l
19967,6633,51,519,1.2,ml/l
19968,6633,28,16,1,ml/l
19969,6633,28,81,1,ml/l
19970,6633,10,1921,400,ml/ha
19971,6633,20,170,100,ml/l
19972,6633,4,23,0.8,ml/l
19973,6633,4,44,0.8,ml/l
19974,6634,679,1922,30,g/m3
19975,6635,51,45,2,g/l
19976,6636,111,47,5,g/l
19977,6636,111,47,"retensi: 2,6 kg/m3",-
19978,6637,4,45,1,ml/l
19979,6637,10,43,"1,125",ml/l
19980,6638,2,14,2,ml/l
19981,6639,2,83,2,g/l
19982,6639,2,433,2,g/l
19983,6640,9,134,7.5 - 20,g/ha
19984,6640,9,41,7.5 - 20,g/ha
19985,6640,9,42,7.5 - 20,g/ha
19986,6640,9,74,10 -20,g/ha
19987,6641,380,1739,"0,1",g/l
19988,6642,14,111,2,ml/l
19989,6644,6,9,2 - 3,l/ha
19990,6644,6,36,2 - 3,l/ha
19991,6644,6,38,,-
19992,6644,6,34,,-
19993,6645,37,124,"0,6",ml/m2
19994,6645,37,18,"2,5",ml/m2
19995,6648,14,50,1,ml/l
19996,6650,11,46,1,g/l
19997,6651,42,4,20 - 30,g/ha
19998,6651,42,30,,-
19999,6651,42,9,20 - 30,g/ha
20000,6651,42,76,,-
20001,6653,35,9,,-
20002,6653,35,6,"1,5 - 3",kg/ha
20003,6653,35,153,,-
20004,6653,35,54,"1,5 - 3",kg/ha
20005,6653,35,2,"1,5 - 3",kg/ha
20006,6653,35,1923,,
20007,6655,14,4,"1,5 - 3",l/ha
20008,6655,14,33,1.5 - 3,l/ha
20009,6655,14,70,"1,5 - 3",l/ha
20010,6656,2,188,"1,125",ml/l
20011,6657,14,1924,1.5 / 10 l (3 dan 6 MST),-
20012,6658,10,122,"1,2 - 1,6",liter/ha
20013,6658,10,30,"1,2 - 1,6",liter/ha
20014,6658,10,9,"1,2 - 1,6",liter/ha
20015,6658,10,4,"1,2 - 1,6",liter/ha
20016,6659,37,124,,Pembakaran
20017,6659,37,18,,Pembakaran
20018,6660,39,54,"2,25 - 4,5",l/ha
20019,6660,39,74,,-
20020,6660,39,70,,
20021,6660,39,77,"2,25 - 4,5",l/ha
20022,6660,39,445,,-
20023,6660,39,153,,-
20024,6660,39,30,,-
20025,6660,39,9,,-
20026,6660,39,122,,-
20027,6660,39,33,,-
20028,6660,39,444,,
20029,6660,39,35,,-
20030,6660,39,442,,-
20031,6660,39,69,"2,25 - 4,5",l/ha
20032,6660,39,4,,-
20033,6660,39,382,,-
20034,6661,37,18,,-
20035,6661,37,124,,-
20036,6662,4,346,2,g/l
20037,6662,4,102,1,g/l
20038,6662,4,106,1,g/l
20039,6662,2,386,1,g/l
20040,6663,14,50,"112,50",ml/ha
20041,6665,3,72,"37,5",kg/ha
20042,6666,2,10,0.36,g/l
20043,6667,14,111,1,ml/l
20044,6668,263,4,2 - 3,l/ha
20045,6668,263,51,2 - 3,l/ha
20046,6668,263,9,2 - 3,l/ha
20047,6668,263,30,2 - 3,l/ha
20048,6668,6,52,2.25 - 3,l/ha
20049,6668,6,6,2.25 - 3,l/ha
20050,6668,6,58,2.25 - 3,l/ha
20051,6668,6,38,2.25 - 3,l/ha
20052,6668,6,36,2.25 - 3,l/ha
20053,6668,117,1440,0.5 - 1.5,l/ha
20054,6668,117,1027,0.75 - 1.5,l/ha
20055,6668,117,30,0.75 - 1.5,l/ha
20056,6668,117,235,0.75 - 1.5,l/ha
20057,6668,117,66,0.75 - 1.5,l/ha
20058,6668,680,42,0.5 - 1.5,l/ha
20059,6668,680,41,0.5 - 1.5,l/ha
20060,6668,680,90,0.5 - 1.5,l/ha
20061,6668,680,1440,0.5 - 1.5,l/ha
20062,6668,680,69,0.5 - 1.5,l/ha
20063,6668,680,82,0.5 - 1.5,l/ha
20064,6669,14,284,2,ml/l
20065,6670,160,1925,N/A,ml/l
20066,6671,20,51,2 -3,l/ha
20067,6671,20,6,"1,5 -3",l/ha
20068,6671,20,9,,-
20069,6672,4,81,2,ml/l
20070,6673,681,517,TAD,%
20071,6675,4,44,1,ml/l
20072,6676,4,81,"1,0",ml/l
20073,6676,4,269,"1,5",ml/l
20074,6677,2,14,2,g/l
20075,6678,6,58,1.5 - 2.5,l/ha
20076,6678,6,6,1.5 - 2.5,l/ha
20077,6678,6,66,1.5 - 2.5,l/ha
20078,6678,6,9,1.5 - 2.5,l/ha
20079,6679,405,18,-,-
20080,6679,405,124,-,-
20081,6679,405,91,-,-
20082,6679,405,92,-,-
20083,6679,405,195,-,-
20084,6679,405,231,-,-
20085,6680,2,14,"2,25",ml/l
20086,6681,37,195,,-
20087,6681,37,18,,-
20088,6681,37,124,,-
20089,6681,37,231,,-
20090,6681,37,92,,-
20091,6681,37,91,,-
20092,6682,48,38,,
20093,6682,48,301,,-
20094,6682,48,230,2 -4,l/ha
20095,6682,48,34,,-
20096,6682,48,60,,
20097,6682,48,57,,
20098,6682,48,58,,-
20099,6682,48,6,,-
20100,6682,48,9,2 - 4,l/ha
20101,6683,6,60,1-2,l/ha
20102,6683,6,9,1-2,l/ha
20103,6683,6,38,1-2,l/ha
20104,6683,6,1926,1-2,l/ha
20105,6684,32,24,"1 - 2,5",l/ha
20106,6684,32,9,"1 - 2,5",l/ha
20107,6684,32,6,"1 - 2,5",l/ha
20108,6684,32,76,"1 - 2,5",l/ha
20109,6684,32,94,1 - 2.5,l/ha
20110,6684,32,69,"1 - 2,5",l/ha
20111,6684,32,4,"1 - 2,5",l/ha
20112,6684,32,411,"1 - 2,5",l/ha
20113,6685,1,9,1.5 - 3,kg/ha
20114,6685,1,27,1.5 - 3,kg/ha
20115,6685,1,30,1.5 - 3,kg/ha
20116,6685,1,69,1.5 - 3,kg/ha
20117,6686,51,123,2.0,ml/l
20118,6687,55,47,2,ml/l
20119,6687,2,83,2,ml/l
20120,6687,2,14,2,ml/l
20121,6687,1,211,"0,75 - 1",ml/l
20122,6687,4,45,"1,5",ml/l
20123,6687,10,226,"0,75 - 1",ml/l
20124,6687,10,181,"0,75 - 1",ml/l
20125,6687,36,177,"0,75 - 1",ml/l
20126,6688,3,1473,6,kg/ha
20127,6688,44,265,4,kg/ha
20128,6689,4,45,3,ml/l
20129,6690,8,9,,-
20130,6690,8,58,,-
20131,6690,8,52,,
20132,6690,8,66,,-
20133,6690,8,6,"1,5 - 2,5",l/ha
20134,6690,8,34,,-
20135,6690,8,35,"1,5 - 2,5",l/ha
20136,6690,8,38,,-
20137,6692,2,1315,2.5,ml/l
20138,6693,5,195,4 ml/l s.d. 4 minggu,
20139,6693,5,91,4 ml/l s.d 4 minggu,
20140,6693,5,92,4 ml/l s.d 4 minggu,
20141,6693,5,1927,16,ml/ha
20142,6693,5,1928,16,ml/ha
20143,6693,5,1929,24,ml/ha
20144,6693,5,1930,24,ml/ha
20145,6693,37,231,16,ml/l
20146,6693,37,1931,18,ml/ha
20147,6694,44,118,1,ml/l
20148,6695,4,396,1,ml/l
20149,6695,2,188,1,ml/l
20150,6695,28,164,1,ml/l
20151,6696,71,1932,"0,5 - 1",l/ha
20152,6696,71,1933,"0,5 - 1",l/ha
20153,6696,71,1934,"0,5 - 1",l/ha
20154,6696,71,1935,"0,5 - 1",l/ha
20155,6697,11,46,"1,125",g/l
20156,6698,3,97,45 - 75,g/ha
20157,6698,3,42,45 - 75,g/ha
20158,6698,3,565,45 - 75,g/ha
20159,6698,3,134,45 - 75,g/ha
20160,6698,3,40,45 - 75,g/ha
20161,6698,3,127,45 - 75,g/ha
20162,6698,3,1500,45 - 75,g/ha
20163,6698,3,125,45 - 75,g/ha
20164,6698,3,126,45 - 75,g/ha
20165,6698,3,37,45 - 75,g/ha
20166,6699,37,124,,-
20167,6699,37,18,,-
20168,6700,4,81,2,ml/l
20169,6700,4,44,2,ml/l
20170,6700,2,14,"1,5",ml/l
20171,6700,2,83,"1,5",ml/l
20172,6701,4,81,2,g/l
20173,6702,233,18,45 hari/8 jam 1 hari,-
20174,6702,233,124,45 hari/8 jam 1 hari,-
20175,6703,51,137,2,g/l
20176,6704,4,44,1,ml/l
20177,6705,3,1936,"1,5-2,5",l/ha
20178,6705,3,95,"1,5 - 2,5",l/ha
20179,6705,3,74,"1,5 - 2,5",l/ha
20180,6705,3,830,"1,5 - 2,5",l/ha
20181,6705,3,42,"1,5 - 2,5",l/ha
20182,6705,3,99,"1,5 - 2,5",l/ha
20183,6706,20,530,2,ml/l
20184,6706,20,84,"1,5 - 2",ml/l
20185,6706,36,1814,"0,5",ml/l
20186,6706,3,120,"1,5 - 2",ml/l
20187,6706,3,14,"1,5 - 2",ml/l
20188,6706,3,83,"1,5 - 2",ml/l
20189,6706,55,208,5 - 10,ml/pohon
20190,6706,4,81,2,ml/l
20191,6707,6,66,75 - 100,g/ha
20192,6707,6,6,75 - 100,g/ha
20193,6707,6,451,75 - 100,g/ha
20194,6708,2,14,"0,5",g/l
20195,6709,255,171,3,ml/l
20196,6709,255,172,3,ml/l
20197,6709,255,165,3,ml/l
20198,6710,2,14,1.5,ml/l
20199,6712,27,668,1,ml/l
20200,6712,79,1194,1,ml/l
20201,6712,4,1937,0.75,ml/l
20202,6713,6,9,1 - 2,l/ha
20203,6713,6,36,1 - 2,l/ha
20204,6713,6,38,1 - 2,l/ha
20205,6713,682,41,2 - 3,l/ha
20206,6713,682,79,"1,5 - 2",l/ha
20207,6718,29,64,,
20208,6719,4,1938,"1,125",g/l
20209,6719,4,106,"1,125",g/l
20210,6720,39,54,,
20211,6720,39,218,"2,25 - 3,5",l/ha
20212,6720,39,74,,-
20213,6720,39,30,2.5 - 3.5,l/ha
20214,6720,39,9,,-
20215,6720,39,122,,-
20216,6720,39,153,,-
20217,6720,39,34,,
20218,6720,39,35,,-
20219,6720,39,4,,-
20220,6720,39,382,,-
20221,6720,39,69,"2,25 - 3,5 l/ha",l/ha
20222,6721,8,58,,-
20223,6721,8,6,2 – 3,l/ha
20224,6721,8,57,,-
20225,6721,8,66,,-
20226,6721,8,9,,-
20227,6721,8,51,,-
20228,6721,8,36,,-
20229,6721,8,34,,-
20230,6721,8,38,,-
20231,6721,8,69,,-
20232,6721,8,35,2 – 3,l/ha
20233,6723,35,25,150 – 300,g/ha
20234,6723,35,9,150 – 300,g/ha
20235,6723,35,27,150 – 300,g/ha
20236,6723,35,31,150 – 300,g/ha
20237,6723,35,29,150 – 300,g/ha
20238,6723,35,32,150 – 300,g/ha
20239,6723,35,88,150 – 300,g/ha
20240,6723,35,69,150 – 300,g/ha
20241,6724,683,1151,"0,6",g/l
20242,6724,684,182,"0,6",g/l
20243,6724,684,23,"0,6",g/l
20244,6724,338,111,1,g/l
20245,6724,338,109,1,g/l
20246,6726,4,81,1,ml/l
20247,6727,18,35,1-3,l/ha
20248,6727,18,71,1-3,l/ha
20249,6727,18,6,2-3,l/ha
20250,6727,18,9,2-3,l/ha
20251,6728,2,10,1.5,ml/l
20252,6729,10,226,"1,5",ml/l
20253,6729,44,118,"1,5",ml/l
20254,6729,14,284,"1,5",ml/l
20255,6729,36,110,1,ml/l
20256,6729,4,45,"0,75",ml/l
20257,6730,3,1939,1,gr/ 10 l air
20258,6731,3,1940,"0,75",ml/l
20259,6732,10,252,,-
20260,6733,28,142,2,ml/l
20261,6733,28,16,2,ml/l
20262,6733,28,23,2,ml/l
20263,6733,4,81,2.0,ml/l
20264,6733,4,44,2.5,ml/l
20265,6733,4,23,2.5,ml/l
20266,6733,14,111,2,ml/l
20267,6733,14,269,2.5,ml/l
20268,6734,6,34,,-
20269,6734,6,35,"1,5 - 3",l/ha
20270,6734,6,1256,,-
20271,6734,6,38,,-
20272,6734,6,4,,-
20273,6734,6,158,,-
20274,6734,6,66,,-
20275,6734,6,57,,-
20276,6734,6,30,,-
20277,6734,6,58,,-
20278,6734,6,52,"1,5 - 3",l/ha
20279,6735,129,365,izin tetap ulang bahan teknis,%
20280,6736,7,382,250 – 500,g/ha
20281,6736,7,4,250 – 500,g/ha
20282,6736,7,88,250 – 500,g/ha
20283,6736,7,152,250 – 500,g/ha
20284,6736,7,69,250 – 500,g/ha
20285,6736,7,130,250 – 500,g/ha
20286,6736,7,25,250 – 500,g/ha
20287,6736,7,24,250 – 500,g/ha
20288,6736,7,29,250 – 500,g/ha
20289,6736,7,33,250 – 500,g/ha
20290,6736,7,26,250 – 500,g/ha
20291,6736,7,6,250 – 500,g/ha
20292,6738,329,565,0.75 - 1,l/ha
20293,6738,329,39,,-
20294,6738,329,41,,
20295,6738,329,40,,-
20296,6738,329,42,,-
20297,6738,329,95,0.75 - 1,l/ha
20298,6739,14,1366,2,ml/l
20299,6739,10,43,2,ml/l
20300,6740,685,1941,1,ml/l
20301,6740,686,1942,0.5,l/ha
20302,6740,686,1943,0.5,l/ha
20303,6740,686,1944,0.5,l/ha
20304,6740,687,1945,0.6,ml/l
20305,6740,688,1946,1,ml/l
20306,6740,688,1947,1,ml/l
20307,6740,688,1948,1,ml/l
20308,6740,689,1949,1,ml/l
20309,6740,690,1950,1,ml/l
20310,6740,690,1951,1,ml/l
20311,6741,4,81,1.5,ml/l
20312,6742,130,4,2 - 3,l/ha
20313,6742,130,35,,
20314,6742,130,30,,
20315,6742,130,153,2 - 3,liter/ha
20316,6742,130,130,,
20317,6742,130,24,,
20318,6743,37,124,,-
20319,6743,37,18,,-
20320,6744,11,121,2,g/l
20321,6745,2,188,2,ml/l
20322,6747,14,109,1,ml/l
20323,6749,71,35,"1,5 - 2,5",l/ha
20324,6749,71,3,,-
20325,6749,71,38,,-
20326,6749,71,34,,-
20327,6749,71,9,"1,5 - 2,5",l/ha
20328,6749,71,6,,-
20329,6750,29,64,-,
20330,6751,6,66,"1,5 - 2,5",l/ha
20331,6751,6,6,"1,5 - 2,5",l/ha
20332,6751,6,35,"1,5 - 2,5",l/ha
20333,6751,6,6,"1,5-2,5",l/ha
20334,6752,28,46,2,g/l
20335,6752,36,105,2,g/l
20336,6752,2,10,4,g/l
20337,6752,2,448,4,g/l
20338,6753,55,291,3,ml/l
20339,6753,4,45,0.5,ml/l
20340,6754,294,18,75,ml/ha
20341,6754,294,124,75,ml/ha
20342,6755,7,4,"1,2 - 1,8",l/ha
20343,6755,7,69,,-
20344,6755,7,122,,-
20345,6755,7,30,"1,2 - 1,8",l/ha
20346,6755,7,9,,-
20347,6755,7,29,,-
20348,6755,7,24,,
20349,6756,1,4,1.125 - 1.875,kg/ha
20350,6756,1,128,1.125 - 1.875,kg/ha
20351,6756,1,29,1.125 - 1.875,kg/ha
20352,6756,1,30,1.125 - 1.875,kg/ha
20353,6756,1,24,1.125 - 1.875,kg/ha
20354,6756,1,27,1.125 - 1.875,kg/ha
20355,6757,30,64,1,ml/liter
20356,6758,6,30,"0,75 - 1",l/ha
20357,6758,6,66,"0,75 - 1",l/ha
20358,6758,6,9,"0,75 - 1",l/ha
20359,6758,6,6,"0,75 - 1",l/ha
20360,6758,6,1794,"0,75 - 1",l/ha
20361,6758,6,1952,"0,75 - 1",l/ha
20362,6758,6,51,"0,75 - 1",l/ha
20363,6759,213,1738,60,ml/100 m2
20364,6760,9,42,"1,5 - 3",l/ha
20365,6760,9,41,,-
20366,6760,9,100,"1,5 - 3",l/ha
20367,6760,9,79,,-
20368,6760,9,719,1.5 - 2.5,l/ha
20369,6760,9,1953,"1,5 - 3",l/ha
20370,6761,5,124,,-
20371,6761,5,18,0.02,ml/m2
20372,6761,5,124,"0,06",ml/m2
20373,6761,5,18,,-
20374,6762,2,681,1,ml/l
20375,6763,691,41,1-2,l/ha
20376,6763,691,112,1-2,l/ha
20377,6763,691,150,1-2,l/ha
20378,6763,691,39,1-2,l/ha
20379,6764,6,38,2 - 2.5,l/ha
20380,6764,6,6,2 - 2.5,l/ha
20381,6764,6,30,2 - 2.5,l/ha
20382,6764,17,38,3 - 6,l/ha
20383,6764,17,35,3 - 6,l/ha
20384,6764,17,6,3 - 6,l/ha
20385,6764,221,791,3 - 6,l/ha
20386,6764,221,122,3 - 6,l/ha
20387,6764,221,9,3 - 6,l/ha
20388,6764,106,6,3 - 6,l/ha
20389,6764,106,9,3 - 6,l/ha
20390,6764,106,34,3 - 6,l/ha
20391,6765,29,64,-,
20392,6766,18,52,56.25-112.5,g/ha
20393,6766,18,130,56.25-112.5,g/ha
20394,6766,18,6,56.25-112.5,g/ha
20395,6766,18,57,56.25-112.5,g/ha
20396,6767,2,79,0.3 - 0.5,l/ha
20397,6767,2,82,0.3 - 0.5,l/ha
20398,6768,37,160,,-
20399,6768,37,124,,-
20400,6769,692,124,"104-208 g/8,5 l air",-
20401,6769,692,430,"104-208 g/8,5 l air",
20402,6772,28,46,1,ml/l
20403,6772,11,46,1,ml/l
20404,6773,10,43,2,ml/l
20405,6774,4,81,1,ml/l
20406,6775,57,52,3 - 4,l/ha
20407,6775,57,66,3 - 4,l/ha
20408,6775,57,6,3 - 4,l/ha
20409,6775,57,256,3 - 4,l/ha
20410,6775,57,38,3 - 4,l/ha
20411,6775,57,4,3 - 4,l/ha
20412,6775,57,34,3 - 4,l/ha
20413,6776,30,64,5 ml/l air/pohon,-
20414,6777,693,1330,"22,5 - 30",g/ha
20415,6777,693,122,"22,5 - 30",g/ha
20416,6777,693,1954,"22,5 - 30",g/ha
20417,6777,693,34,"22,5 - 30",g/ha
20418,6779,29,64,-,
20419,6780,86,240,1 kg/ha (tenggang waktu penebaran 35 hari),-
20420,6781,2,120,17,kg/ha
20421,6781,2,14,17,kg/ha
20422,6783,3,114,2,ml/l
20423,6784,3,296,"1,875 - 3,75",l/ha
20424,6784,3,100,,-
20425,6784,3,79,,-
20426,6784,3,41,"1,875 - 3,75",l/ha
20427,6784,3,42,,-
20428,6784,3,74,"1,875 - 3,75",l/ha
20429,6786,3,1011,1,ml/l
20430,6787,8,35,1 - 2,l/ha
20431,6787,8,34,,-
20432,6787,8,38,,-
20433,6787,8,3,,-
20434,6787,8,36,,-
20435,6787,8,76,,-
20436,6787,8,30,1 - 2,l/ha
20437,6787,8,6,,-
20438,6787,8,9,,-
20439,6788,694,9,"3,5 - 5,25",l/ha
20440,6788,694,6,,-
20441,6788,694,69,,
20442,6788,694,3,,-
20443,6788,694,34,"3,5 - 5,25",l/ha
20444,6788,694,30,,
20445,6788,694,366,,
20446,6789,10,71,0.75 - 1.5,l/ha
20447,6789,10,30,0.75 - 1.5,l/ha
20448,6789,10,9,0.75 - 1.5,l/ha
20449,6789,10,153,0.75 - 1.5,l/ha
20450,6790,6,65,"0,5 - 1",l/ha
20451,6790,6,58,"1 - 1,5",l/ha
20452,6790,87,41,"1,25 - 1,5",l/ha
20453,6790,87,40,"1,25 - 1,5",l/ha
20454,6790,87,39,"1,5",l/ha
20455,6790,87,150,"1,5",l/ha
20456,6791,14,109,1.5,ml/l
20457,6792,37,124,,-
20458,6792,37,18,,-
20459,6793,1,29,"1,5-3",l/ha
20460,6793,1,1955,"1,5-3",l/ha
20461,6793,1,30,"1,5-3",l/ha
20462,6793,1,6,"1,5-3",l/ha
20463,6793,3,42,"0,5-1,5",l/ha
20464,6793,3,77,"0,5-1,5",l/ha
20465,6793,3,41,"0,5-1,5",l/ha
20466,6793,3,39,"0,5-1,5",l/ha
20467,6793,3,74,"0,5-1,5",l/ha
20468,6795,4,102,3,kg/ha
20469,6796,8,9,"1,5 - 2",l/ha
20470,6796,8,36,"1,5 - 2",l/ha
20471,6797,2,14,2,g/l
20472,6798,27,667,1,ml/l
20473,6799,8,4,2 - 3,l/ha
20474,6799,8,38,2 -3,l/ha
20475,6799,8,35,2 -3,l/ha
20476,6799,8,51,2 -3,l/ha
20477,6799,8,58,2 - 3,l/ha
20478,6799,8,66,2 - 3,l/ha
20479,6799,8,30,2 - 3,l/ha
20480,6799,8,9,2 - 3,l/ha
20481,6799,8,6,2 - 3,l/ha
20482,6799,8,57,2 - 3,l/ha
20483,6800,55,254,"0,25",ml/l
20484,6800,36,170,"0,25",ml/l
20485,6800,28,23,"0,75",ml/l
20486,6800,28,142,"0,75",ml/l
20487,6800,51,843,"0,75",ml/l
20488,6801,11,1627,"1,5",ml/l
20489,6801,28,1956,"1,5",ml/l
20490,6801,4,1627,"1,5",ml/l
20491,6802,397,205,"0,75 g/kg benih",-
20492,6803,2,10,1,g/l
20493,6806,4,1517,"0,5",kg/ha
20494,6807,24,35,4 - 6,l/ha
20495,6807,24,6,,-
20496,6807,24,9,4 - 6,l/ha
20497,6807,15,34,4 - 6,l/ha
20498,6807,15,6,4 - 6,l/ha
20499,6808,132,124,,-
20500,6808,132,18,,-
20501,6809,14,111,"1,5",ml/l
20502,6810,130,4,"1,25 - 2,25",l/ha
20503,6810,130,30,"1,25 - 2,25",l/ha
20504,6810,130,9,"1,25 - 2,25",l/ha
20505,6810,130,98,"1,25 - 2,25",l/ha
20506,6810,130,29,"1,25 - 2,25",l/ha
20507,6811,2,95,100-200,ml/ha
20508,6811,2,127,100-200,ml/ha
20509,6811,2,134,100-200,ml/ha
20510,6811,2,39,100-200,ml/ha
20511,6811,2,150,100-200,ml/ha
20512,6811,2,1957,100-200,ml/ha
20513,6811,2,2,100-200,ml/ha
20514,6813,7,69,"1,125-2,25",l/ha
20515,6813,7,9,,-
20516,6813,7,122,,-
20517,6813,7,30,"1,125-2,25",l/ha
20518,6814,6,66,"2 - 2,5",l/ha
20519,6814,6,35,"2 - 2,5",l/ha
20520,6814,6,36,"2 - 2,5",l/ha
20521,6816,37,18,,
20522,6816,37,124,,-
20523,6817,11,46,2,g/l
20524,6818,111,47,"0,0625",%
20525,6820,3,134,,-
20526,6820,3,1958,,-
20527,6820,3,40,,-
20528,6820,3,42,,-
20529,6820,3,41,,-
20530,6820,3,112,2 - 3,l/ha
20531,6820,3,1959,,-
20532,6820,3,69,2 - 3,l/ha
20533,6820,3,296,,-
20534,6821,57,256,2 - 3,l/ha
20535,6821,57,38,2 - 3,l/ha
20536,6821,57,34,2 - 3,l/ha
20537,6821,57,52,2 - 3,l/ha
20538,6821,57,66,2 - 3,l/ha
20539,6821,57,9,2 - 3,l/ha
20540,6821,57,6,2 -3,l/ha
20541,6822,4,81,1,ml/l
20542,6823,8,36,,-
20543,6823,8,34,2 - 3,l/ha
20544,6823,8,146,,-
20545,6823,8,38,,
20546,6823,8,9,2 - 3,l/ha
20547,6823,8,66,,-
20548,6823,8,57,,-
20549,6823,8,6,,-
20550,6824,13,48,"0,05",ml/pohon
20551,6825,3,14,0.75,ml/l
20552,6826,132,18,,-
20553,6826,132,124,,-
20554,6827,11,46,"1,5",g/l
20555,6830,8,38,,-
20556,6830,8,35,"1,5 - 3",-
20557,6830,8,34,,-
20558,6830,8,66,,-
20559,6830,8,9,,-
20560,6830,8,58,"1,5 – 3",l/ha
20561,6830,8,6,,-
20562,6831,27,310,3,g/l
20563,6833,77,43,1.0,ml/l
20564,6834,8,35,"1,5 - 3",l/ha
20565,6834,8,38,,-
20566,6834,8,9,"1,5 - 3",l/ha
20567,6834,8,57,,-
20568,6834,8,6,,-
20569,6835,113,14,1,g/l
20570,6836,3,14,15,kg/ha
20571,6836,3,83,15,kg/ha
20572,6836,1,211,10,kg/ha
20573,6836,1,1144,10,kg/ha
20574,6837,3,433,"1,5",kg/ha
20575,6838,4,413,2,g/l
20576,6838,4,106,2,g/l
20577,6838,4,1627,2,g/l
20578,6838,27,1336,"2,5",g/l
20579,6838,27,310,2,g/l
20580,6838,27,330,6,g/l
20581,6839,18,66,75 - 100,g/ha
20582,6839,18,9,,-
20583,6839,18,130,,-
20584,6839,18,6,,-
20585,6839,18,38,75 - 100,g/ha
20586,6840,79,1432,0.5,ml/l
20587,6840,28,16,1,ml/l
20588,6840,4,182,1,ml/l
20589,6840,4,285,1,ml/l
20590,6840,4,81,1,ml/l
20591,6840,4,16,0.5,ml/l
20592,6840,14,109,1,ml/l
20593,6840,44,118,0.5,ml/l
20594,6840,11,182,0.5,ml/l
20595,6840,40,182,1,ml/l
20596,6840,40,529,1,ml/l
20597,6840,40,81,1,ml/l
20598,6841,10,43,1,ml/l
20599,6841,4,44,"1,5",ml/l
20600,6842,10,757,"1,5-2",l/ha
20601,6842,10,9,"1,5-2",l/ha
20602,6842,10,122,"1,5-2",l/ha
20603,6842,10,30,"1,5-2",l/ha
20604,6842,10,69,"1,5-2",l/ha
20605,6842,10,1960,"1,5-2",l/ha
20606,6844,2,72,"0,375",kg/ha
20607,6845,51,137,1,ml/l
20608,6846,6,6,3 -3.75,l/ha
20609,6846,6,66,3 - 3.75,l/ha
20610,6846,6,58,3 - 3.75,l/ha
20611,6846,6,36,3 - 3.75,l/ha
20612,6847,245,74,,-
20613,6847,245,1466,50 - 100,g/ha
20614,6847,245,112,,-
20615,6847,245,41,,-
20616,6847,245,39,,-
20617,6847,245,42,,-
20618,6847,245,40,50 - 100,g/ha
20619,6848,14,50,1,ml/l
20620,6849,8,256,2.0 - 3.0,l/ha
20621,6849,8,230,2.0 - 3.0,l/ha
20622,6849,8,34,2.0 - 3.0,l/ha
20623,6849,8,1794,2.0 - 3.0,l/ha
20624,6849,8,38,2.0 - 3.0,l/ha
20625,6849,8,54,2.0 - 3.0,l/ha
20626,6849,8,6,2.0 - 3.0,l/ha
20627,6849,8,217,2.0 - 3.0,l/ha
20628,6849,8,9,2.0 - 3.0,l/ha
20629,6849,8,66,2.0 - 3.0,l/ha
20630,6849,8,190,2.0 - 3.0,l/ha
20631,6849,8,8,2.0 - 3.0,l/ha
20632,6849,8,33,2.0 - 3.0,l/ha
20633,6849,8,52,2.0 - 3.0,l/ha
20634,6849,8,1783,2.0 - 3.0,l/ha
20635,6850,2,83,3,ml/l
20636,6850,2,14,3,ml/l
20637,6850,10,43,2,ml/l
20638,6851,30,1961,5,ml/l/pohon
20639,6855,8,35,,-
20640,6855,8,34,1-2,l/ha
20641,6855,8,36,,-
20642,6855,8,30,,-
20643,6855,8,6,1-2,l/ha
20644,6856,2,83,1,ml/l
20645,6856,2,114,1,ml/l
20646,6856,2,14,"1,5",l/ha
20647,6856,4,81,"0,5",ml/l
20648,6856,4,44,"0,5",ml/l
20649,6857,2,72,"7,5",kg/ha
20650,6858,4,346,5,g/l
20651,6859,10,205,400 ml/100 kg benih,-
20652,6860,10,23,1,ml/l
20653,6861,4,106,2,ml/l
20654,6862,14,81,2,ml/l
20655,6864,8,38,"2,25 - 3,75",l/ha
20656,6864,8,34,,-
20657,6864,8,35,,-
20658,6864,8,6,"2,25 - 3,75",l/ha
20659,6864,8,30,,-
20660,6865,6,66,,
20661,6865,6,6,"1,5-3",l/ha
20662,6865,6,58,,
20663,6865,6,1962,"1,5-3",l/ha
20664,6866,37,124,,-
20665,6866,37,18,,-
20666,6866,37,92,,-
20667,6866,37,91,,-
20668,6866,37,195,,-
20669,6868,6,66,"1,5 - 3,5",l/ha
20670,6868,6,6,"1,5 - 3,5",l/ha
20671,6868,6,51,"1,5 - 3,5",l/ha
20672,6868,6,35,"1,5 - 3,5",l/ha
20673,6868,6,36,"1,5 - 3,5",l/ha
20674,6868,130,35,"1,5 - 3",l/ha
20675,6868,130,69,1.5 - 3,l/ha
20676,6868,130,4,1.5 - 3,l/ha
20677,6868,130,51,"1,5 - 3",l/ha
20678,6868,130,36,"1,5 - 3",l/ha
20679,6868,130,6,"1,5 - 3",l/ha
20680,6868,130,57,1.5 - 3,l/ha
20681,6868,130,29,1.5 - 3,l/ha
20682,6868,130,66,"1,5 - 3",l/ha
20683,6868,130,9,1.5 - 3,l/ha
20684,6869,3,14,"0,5",ml/l
20685,6869,81,44,"0,5",ml/l
20686,6871,3,74,90 - 180,ml/ha
20687,6871,3,41,,-
20688,6871,3,42,90 - 180,ml/ha
20689,6871,3,79,,-
20690,6871,3,126,90 - 180,ml/ha
20691,6873,14,908,"1,5",ml/l
20692,6874,28,23,1,g/l
20693,6875,8,9,,-
20694,6875,8,9,"1 - 2,5",l/ha
20695,6875,8,3,"1 - 2,5",l/ha
20696,6875,8,35,,-
20697,6875,8,36,,-
20698,6875,8,38,,-
20699,6875,8,34,,-
20700,6876,37,18,,-
20701,6876,37,124,,-
20702,6877,4,81,2,ml/l
20703,6879,3,95,15 - 20,g/ha
20704,6879,3,41,,-
20705,6879,3,134,,-
20706,6879,3,42,15 - 20,g/ha
20707,6879,6,379,75 - 150,g/ha
20708,6879,6,38,50 - 100,g/ha
20709,6879,6,6,50 - 100,g/ha
20710,6880,14,1963,60 g/ha/aplikasi,-
20711,6881,4,44,2,ml/l
20712,6882,8,58,,-
20713,6882,8,66,"1,5 - 3",l/ha
20714,6882,8,9,,-
20715,6882,8,6,,-
20716,6882,8,35,,-
20717,6882,8,34,"1,5 - 3",l/ha
20718,6882,8,38,,-
20719,6883,108,124,150,ml/ha
20720,6883,108,569,,-
20721,6884,82,3,3 - 4,l/ha
20722,6885,695,311,2,ml/l
20723,6885,2,448,"1,5",ml/l
20724,6886,13,1402,1,gr/Pohon
20725,6887,3,72,0.75,g/l
20726,6888,8,51,"1,5 - 3",l/ha
20727,6888,8,38,"1,5 - 3",l/ha
20728,6888,8,4,"1,5 - 3",l/ha
20729,6888,8,34,"1,5 - 3",l/ha
20730,6888,8,35,"1,5 - 3",l/ha
20731,6888,8,66,"1,5 - 3",l/ha
20732,6888,8,52,"1,5 - 3",l/ha
20733,6888,8,9,"1,5 - 3",l/ha
20734,6888,8,57,"1,5 - 3",l/ha
20735,6888,8,30,"1,5 - 3",l/ha
20736,6888,8,58,"1,5 - 3",l/ha
20737,6888,8,6,"1,5 - 3",l/ha
20738,6888,8,31,"1,5 - 3",l/ha
20739,6888,8,3,"1,5 - 3",l/ha
20740,6890,304,124,,-
20741,6890,304,18,,
20742,6890,304,195,,-
20743,6890,304,231,,-
20744,6890,304,92,,-
20745,6890,304,91,,
20746,6891,14,50,2,ml/l
20747,6892,7,34,,-
20748,6892,7,4,"1,5 - 3",l/ha
20749,6892,7,69,,-
20750,6892,7,94,,-
20751,6892,7,98,,-
20752,6892,7,30,,-
20753,6892,7,29,,-
20754,6892,7,122,"1,5 - 3",l/ha
20755,6892,7,9,,-
20756,6892,7,217,,-
20757,6893,4,81,1,ml/l
20758,6894,14,109,"0,75",ml/l
20759,6896,11,46,"1,5",g/l
20760,6896,4,102,2,g/l
20761,6896,4,106,2,g/l
20762,6897,11,46,2,ml/l
20763,6898,321,97,"0,5-1,5",l/ha
20764,6898,321,40,"0,5-1,5",l/ha
20765,6898,321,1964,"0,5-1,5",l/ha
20766,6898,321,74,"0,5-1,5",l/ha
20767,6898,321,248,"0,5-1,5",l/ha
20768,6899,2,1556,"0,8",ml/l
20769,6899,2,187,"0,8",ml/ha
20770,6899,2,10,"0,8",ml/l
20771,6899,14,50,"0,8",ml/l
20772,6899,14,346,800,ml/ha
20773,6899,51,1359,"0,8",ml/l
20774,6899,30,103,"0,6 - 0,8",ml/l
20775,6900,14,50,"1,5",g/l
20776,6901,8,35,"1,5 - 3",l/ha
20777,6901,8,36,"1,5 - 3",l/ha
20778,6901,8,38,"1,5 - 3",l/ha
20779,6901,8,9,"1,5 - 3",l/ha
20780,6901,8,30,"1,5 - 3",l/ha
20781,6901,8,76,"1,5 - 3",l/ha
20782,6901,8,3,"1,5 - 3",l/ha
20783,6902,44,118,"1,5",ml/l
20784,6904,8,38,"1,5-3,75",l/ha
20785,6904,8,54,"1,5-3,75",l/ha
20786,6904,8,1185,"1,5-3,75",l/ha
20787,6904,8,385,"1,5-3,75",l/ha
20788,6904,8,6,"1,5-3,75",l/ha
20789,6904,8,52,"1,5-3,75",l/ha
20790,6905,37,18,,-
20791,6905,37,124,,-
20792,6906,14,109,"1,5",g/l
20793,6907,8,35,,
20794,6907,8,4,,-
20795,6907,8,38,"1,5-2,0",l/ha
20796,6907,8,6,,-
20797,6907,8,29,"1,5-2,0",l/ha
20798,6907,8,9,,-
20799,6908,14,81,"1,5",ml/l
20800,6911,48,38,2 – 3,l/ha
20801,6911,48,35,2 – 3,l/ha
20802,6911,48,129,2 – 3,l/ha
20803,6911,48,52,2 – 3,l/ha
20804,6911,48,25,2 – 3,l/ha
20805,6912,72,1604,10,ml/l 1 liter/25 m2
20806,6912,72,1965,10,ml/l 1 liter/25 m2
20807,6913,696,122,"1,5 – 2",l/ha
20808,6913,696,30,"1,5 – 2",l/ha
20809,6913,696,9,"1,5 – 2",l/ha
20810,6913,696,69,"1,5 – 2",l/ha
20811,6913,697,4,"1,5 – 2",l/ha
20812,6913,697,30,"1,5 – 2",l/ha
20813,6913,697,122,"1,5 – 2",l/ha
20814,6913,697,9,"1,5 – 2",l/ha
20815,6914,1,9,2.25 - 3,kg/ha
20816,6914,1,27,3 - 4.5,kg/ha
20817,6914,1,24,2.25 - 3,kg/ha
20818,6914,1,29,3 - 4.5,kg/ha
20819,6914,1,79,2.25 - 3,kg/ha
20820,6914,1,69,2.25 - 3,kg/ha
20821,6914,1,71,2.25 - 3,kg/ha
20822,6914,10,56,0.75 - 1.5,kg/ha
20823,6914,10,415,0.75 - 1.55,kg/ha
20824,6914,10,24,0.75 - 1.5,kg/ha
20825,6914,10,26,0.75 - 1.5,kg/ha
20826,6915,2,188,1,l/ha
20827,6915,14,50,"1,5",ml/l
20828,6917,8,94,,-
20829,6917,8,36,,-
20830,6917,8,69,,-
20831,6917,8,34,,-
20832,6917,8,1794,,-
20833,6917,8,146,2 - 4,l/ha
20834,6917,8,54,2 - 4,l/ha
20835,6917,8,217,,-
20836,6917,8,153,,-
20837,6917,8,8,,-
20838,6917,8,1783,,-
20839,6917,8,9,,-
20840,6917,8,66,2 - 4,l/ha
20841,6917,8,6,,-
20842,6918,118,128,"0,75 - 1,5",kg/ha
20843,6918,75,30,"0,75-1",kg/ha
20844,6918,75,1435,,-
20845,6918,75,9,,-
20846,6918,75,69,"0,75-1",kg/ha
20847,6919,3,97,0.5 - 1,l/ha
20848,6919,3,39,0.5 - 1,l/ha
20849,6919,3,150,0.5 - 1,l/ha
20850,6919,3,40,0.5 - 1,l/ha
20851,6919,3,95,0.5 - 1,l/ha
20852,6919,3,127,0.5 - 1,l/ha
20853,6922,11,46,2,g/l
20854,6923,18,3,,-
20855,6923,18,38,"1,125 - 2,25",l/ha
20856,6923,18,66,"1,125 - 2,25",l/ha
20857,6923,18,57,,-
20858,6924,113,206,,-
20859,6925,37,785,"2,5",l/ha
20860,6925,37,124,3 ml/ 100 l,-
20861,6926,6,35,"2,25 - 3",l/ha
20862,6926,6,38,"2,25 - 3",l/ha
20863,6926,6,58,"2,25 - 3",l/ha
20864,6926,6,6,"2,25 - 3",l/ha
20865,6927,395,248,0.5 - 1,kg/ha
20866,6927,395,112,0.5 - 1,kg/ha
20867,6927,395,39,0.5 - 1,kg/ha
20868,6927,395,42,0.5 - 1,kg/ha
20869,6927,395,41,0.5 - 1,kg/ha
20870,6927,395,141,0.5 - 1,kg/ha
20871,6927,395,95,0.5 - 1,kg/ha
20872,6928,11,1966,0.5,ml/l
20873,6928,3,83,2,ml/l
20874,6928,3,14,2,ml/l
20875,6928,4,44,0.5,ml/l
20876,6928,4,81,0.5,ml/l
20877,6929,4,45,2,g/l
20878,6930,3,14,1.5,g/l
20879,6932,114,44,2,ml/l
20880,6933,6,9,1 - 2,l/ha
20881,6933,6,58,1 - 2,l/ha
20882,6933,6,66,1 - 2,l/ha
20883,6933,6,34,1 - 2,l/ha
20884,6934,44,119,1,ml/l
20885,6935,2,188,2,ml/l
20886,6937,47,1967,2 - 3,l/ha
20887,6937,47,1968,2 - 3,l/ha
20888,6937,47,1969,2 - 3,l/ha
20889,6937,47,1970,2 - 3,l/ha
20890,6937,47,1971,2 - 3,l/ha
20891,6938,10,205,10,g/kg benih
20892,6939,44,1068,1.5,ml/l
20893,6939,44,118,1.5,ml/l
20894,6940,71,1972,1.5 - 3,l/ha
20895,6940,71,1973,1.5 - 3,l/ha
20896,6940,71,1974,1.5 - 3,l/ha
20897,6940,71,1284,1.5 - 3,l/ha
20898,6940,71,1975,1.5 - 3,l/ha
20899,6940,8,1973,1.5 - 3,l/ha
20900,6940,8,1976,1.5 - 3,l/ha
20901,6940,8,1977,1.5 - 3,l/ha
20902,6940,8,1972,1.5 - 3,l/ha
20903,6940,8,1978,1.5 - 3,l/ha
20904,6940,8,1975,1.5 - 3,l/ha
20905,6940,8,1284,1.5 - 3,l/ha
20906,6940,8,1285,1.5 - 3,l/ha
20907,6942,14,269,1,ml/l
20908,6945,53,82,300 - 600,g/ha
20909,6945,53,112,300 - 500,g/ha
20910,6945,53,41,300 - 500,g/ha
20911,6945,53,42,300 - 500,g/ha
20912,6945,53,134,300 - 500,g/ha
20913,6945,53,127,300 - 500,g/ha
20914,6945,53,74,300 - 500,g/ha
20915,6945,53,95,300 - 500,g/ha
20916,6947,4,44,1,ml/l
20917,6948,82,3,"2,5 - 3,75",l/ha
20918,6949,138,1979,2,g/l
20919,6950,14,111,1.5,ml/l
20920,6952,14,50,2,g/l
20921,6953,7,29,,-
20922,6953,7,30,,-
20923,6953,7,9,,-
20924,6953,7,70,"1 - 1,5",l/ha
20925,6954,4,45,3,g/l
20926,6954,55,344,0.5,g/l
20927,6954,55,208,0.5,g/l
20928,6956,51,45,2,ml/l
20929,6958,3,90,2 - 3,l/ha
20930,6958,3,74,,
20931,6958,3,141,2 - 3,l/ha
20932,6958,3,6,2 - 3,l/ha
20933,6958,3,859,2 - 3,l/ha
20934,6958,3,659,2 - 3,l/ha
20935,6958,3,134,2 - 3,l/ha
20936,6958,3,639,2 - 3,l/ha
20937,6958,3,41,2 - 3,l/ha
20938,6960,29,64,-,-
20939,6961,48,38,"1,5 - 3",l/ha
20940,6961,48,35,,-
20941,6961,48,25,,-
20942,6961,48,52,,-
20943,6961,48,6,"1,5 - 3",l/ha
20944,6962,248,6,2-4,kg/ha
20945,6962,248,34,2-4,kg/ha
20946,6964,2,14,1.5,ml/l
20947,6964,51,45,1,ml/l
20948,6964,4,45,0.75,ml/l
20949,6965,2,188,2,ml/l
20950,6966,2,10,"1,5",g/l
20951,6967,698,857,1 - 2,l/ha
20952,6967,698,74,1 - 2,l/ha
20953,6967,698,780,1 - 2,l/ha
20954,6967,6,38,1 - 2,l/ha
20955,6967,6,35,1 - 2,l/ha
20956,6967,6,405,1 - 2,l/ha
20957,6967,6,66,1 - 2,l/ha
20958,6968,14,50,1,ml/l
20959,6969,44,934,0.5,ml/l
20960,6970,13,1980,1 - 2,ml/pohon
20961,6972,11,46,"1,5",g/l
20962,6973,14,109,"1,5",g/l
20963,6974,14,274,2,g/l
20964,6976,6,58,,-
20965,6976,6,66,"1,5-3",l/ha
20966,6976,6,35,,-
20967,6976,6,4,"1,5-3",l/ha
20968,6977,3,188,"1,5",ml/l
20969,6978,72,1981,,-
20970,6979,699,1982,"1,5 - 2",l/ha
20971,6979,700,6,"0,375-0,5",l/ha
20972,6979,700,55,"0,375-0,5",l/ha
20973,6979,700,9,"0,375-0,5",l/ha
20974,6979,701,1983,"1,5 - 2",l/ha
20975,6979,701,702,"1,5 - 2",l/ha
20976,6979,701,52,"1,5 - 2",l/ha
20977,6980,44,118,2,ml/l
20978,6981,4,102,"0,75",ml/l
20979,6982,7,27,1.5 - 3,l/ha
20980,6982,7,9,1.5 - 3,l/ha
20981,6982,7,6,1.5 - 3,l/ha
20982,6982,7,29,1.5 - 3,l/ha
20983,6982,7,4,1.5 - 3,l/ha
20984,6982,7,34,1.5 - 3,l/ha
20985,6984,81,64,1,ml/l
20986,6984,11,64,1,ml/l
20987,6985,51,45,2,ml/l
20988,6986,30,1984,"2,5 ml/l air/pohon",-
20989,6987,44,118,"1,5",ml/l
20990,6988,2,14,1,l/ha
20991,6988,2,83,"1,125",l/ha
20992,6988,4,45,"2,25",ml/ha
20993,6989,55,207,1,ml/l
20994,6989,4,44,"1,5",ml/l
20995,6989,4,81,"1,5",ml/l
20996,6991,57,38,1.5 - 2,l/ha
20997,6991,57,36,1.5 - 2,l/ha
20998,6991,57,6,1.5 - 2.5,l/ha
20999,6991,57,9,1.5 - 2.5,l/ha
21000,6991,57,66,1.5 - 2.5,l/ha
21001,6992,4,44,3,ml/l
21002,6992,4,81,3,ml/l
21003,6993,6,36,,-
21004,6993,6,38,"1,5 - 2,5",l/ha
21005,6993,6,9,,-
21006,6993,6,58,"1,5 - 2,5",l/ha
21007,6994,14,1985,2,gr/ 10 l air
21008,6995,3,72,375,g/ha
21009,6996,7,9,2-3,l/ha
21010,6996,7,856,2-3,l/ha
21011,6996,7,112,2-3,l/ha
21012,6996,7,30,2-3,l/ha
21013,6996,7,1986,2-3,l/ha
21014,6996,7,4,2-3,l/ha
21015,6996,7,69,2-3,l/ha
21016,6997,51,64,1 l/ha (3 dan 6 MST),-
21017,6998,29,64,-,%
21018,6999,6,6,1.5 - 3,l/ha
21019,6999,6,66,1.5 - 3,l/ha
21020,6999,6,38,1.5 - 3,l/ha
21021,6999,6,36,1.5 - 3,l/ha
21022,7001,2,1987,2,ml/l
21023,7001,11,164,2,ml/l
21024,7003,4,81,"1,5",g/l
21025,7004,4,45,2,ml/l
21026,7005,124,1988,2 gram/lengan,-
21027,7005,124,18,2 gram/lengan,-
21028,7007,8,66,75 - 150,g/ha
21029,7007,8,52,75 - 150,g/ha
21030,7007,8,57,75 - 150,g/ha
21031,7007,8,9,75 - 150,g/ha
21032,7007,8,30,75 - 150,g/ha
21033,7007,8,6,75 - 150,g/ha
21034,7008,11,46,450,g/ha
21035,7010,2,14,1,ml/l
21036,7011,48,1989,"1,5 - 3",l/ha
21037,7011,48,38,"1,5 - 3",l/ha
21038,7011,48,52,"1,5 - 3",l/ha
21039,7011,48,6,"1,5 - 3",l/ha
21040,7011,48,25,"1,5 - 3",l/ha
21041,7011,48,57,"1,5 - 3",l/ha
21042,7012,4,44,1,g/l
21043,7013,14,1990,,-
21044,7014,8,35,3-4,l/ha
21045,7014,8,38,3-4,l/ha
21046,7014,8,34,3-4,l/ha
21047,7014,8,36,3-4,l/ha
21048,7014,8,6,3-4,l/ha
21049,7014,8,57,3-4,l/ha
21050,7015,35,94,,-
21051,7015,35,71,"1,5 - 3",kg/ha
21052,7015,35,948,,-
21053,7015,35,69,,-
21054,7015,35,6,,-
21055,7015,35,9,"1,5 - 3",kg/ha
21056,7015,35,7,,-
21057,7015,35,24,,-
21058,7015,35,1595,,-
21059,7015,35,630,,-
21060,7015,35,128,,-
21061,7016,55,344,"0,5",ml/l
21062,7016,44,118,1,ml/l
21063,7016,4,45,1,ml/l
21064,7016,51,1991,"0,25",ml/l
21065,7016,36,110,2,ml/l
21066,7016,11,142,"0,5",ml/l
21067,7017,44,118,1,ml/l
21068,7017,44,119,1,ml/l
21069,7017,11,142,4,ml/l
21070,7017,11,121,4,ml/l
21071,7017,4,1992,2,ml/l
21072,7017,4,81,1,ml/l
21073,7017,2,83,1,ml/l
21074,7017,2,14,1,ml/l
21075,7019,2,14,2,g/l
21076,7019,52,1253,"1,125",g/l
21077,7019,27,179,2,g/l
21078,7019,33,284,,
21079,7020,4,45,1,ml/l
21080,7021,11,46,3,g/l
21081,7022,13,1993,1 - 2,gr/Pohon
21082,7023,5,92,,-
21083,7023,5,91,,-
21084,7024,4,44,2,g/l
21085,7025,51,251,1,ml/l
21086,7026,527,188,2.5,ml/l
21087,7027,702,205,20,ml/kg benih
21088,7027,563,49,3,ml/l
21089,7027,703,199,4,ml/l
21090,7028,37,18,,%
21091,7028,37,124,,%
21092,7029,14,64,2 ml/l air 3 dan 6 HST,-
21093,7030,3,72,"1,5",ml/l
21094,7031,269,199,"2,5",ml/l
21095,7032,32,9,"1,5 - 2,25",l/ha
21096,7032,32,856,"1,5 - 2,25",l/ha
21097,7032,32,112,"1,5 - 2,25",l/ha
21098,7032,32,1025,"1,5 - 2,25",l/ha
21099,7032,32,1330,"1,5 - 2,25",l/ha
21100,7032,32,94,"1,5 - 2,25",l/ha
21101,7032,32,375,"1,5 - 2,25",l/ha
21102,7033,2,14,1.5,g/l
21103,7033,4,45,1,g/l
21104,7034,6,60,4.5 - 6,l/ha
21105,7034,6,66,4.5 - 6,l/ha
21106,7034,6,9,4.5 - 6,l/ha
21107,7034,6,36,4.5 - 6,l/ha
21108,7034,6,38,4.5 - 6,l/ha
21109,7035,55,208,2,g/l
21110,7037,248,30,"1,5 - 3",kg/ha
21111,7037,248,9,"1,5 - 3",kg/ha
21112,7037,248,6,"1,5 - 3",kg/ha
21113,7037,248,1994,"1,5 - 3",kg/ha
21114,7038,11,46,"1,5",g/l
21115,7039,3,72,2,ml/l
21116,7040,3,42,"1,5 - 2",kg/ha
21117,7040,3,41,"1,5 - 2",kg/ha
21118,7040,3,74,"1,5 - 2",kg/ha
21119,7040,3,82,"1,5 - 2",kg/ha
21120,7041,394,69,1.5 - 3,l/ha
21121,7041,394,51,1.5 - 3,l/ha
21122,7041,394,38,1.5 - 3,l/ha
21123,7041,394,36,1.5 - 3,l/ha
21124,7041,394,6,1.5 - 3,l/ha
21125,7041,394,9,1.5 - 3,l/ha
21126,7041,394,66,1.5 - 3,l/ha
21127,7041,394,57,1.5 - 3,l/ha
21128,7042,51,137,"0,75",ml/l
21129,7042,36,110,"0,375",ml/l
21130,7043,14,111,2,ml/l
21131,7043,4,81,2,ml/l
21132,7043,44,118,2,ml/l
21133,7044,2,14,250,ml/ha
21134,7044,2,114,250,ml/ha
21135,7044,2,83,250,ml/ha
21136,7044,44,118,"0,25",ml/l
21137,7044,4,44,1,ml/l
21138,7045,4,81,1,ml/l
21139,7045,4,44,1,ml/l
21140,7046,254,30,"1,2 - 2",l/ha
21141,7046,254,77,"1,2 - 2",l/ha
21142,7046,254,9,"1,2 - 2",l/ha
21143,7046,254,69,"1,2 - 2",l/ha
21144,7046,254,4,"1,2 - 2",l/ha
21145,7047,238,762,0,%
21146,7048,460,1995,100 - 200,g/ha
21147,7048,460,1996,,-
21148,7048,460,1997,100 - 200,g/ha
21149,7048,363,1998,,-
21150,7048,363,1999,,-
21151,7048,363,2000,150 - 250,g/kg
21152,7048,363,2001,150 - 250,g/ha
21153,7049,4,81,2,ml/l
21154,7050,10,43,1,ml/l
21155,7051,3,42,"1 - 1,5",l/ha
21156,7051,3,41,"1 - 1,5",l/ha
21157,7051,3,134,"1 - 1,5",l/ha
21158,7051,3,95,"1 - 1,5",l/ha
21159,7052,51,636,1,g/l
21160,7054,4,102,"1,5",g/l
21161,7055,11,121,"0,75",ml/l
21162,7057,13,48,1,gr/Pohon
21163,7058,51,45,2,g/l
21164,7059,335,1356,6,kg/ha
21165,7060,37,18,,-
21166,7060,37,124,,-
21167,7061,4,44,2.0,%
21168,7062,51,636,"0,5 - 1",ml/l
21169,7062,51,251,"0,5 -1",ml/l
21170,7062,4,81,1,ml/l
21171,7062,4,817,1,ml/l
21172,7062,4,2002,"0,5 - 1",ml/l
21173,7062,36,110,"0,5",ml/l
21174,7063,28,2003,"1,5",g/l
21175,7064,704,2004,16,perangkap/ha
21176,7065,11,2005,16,g/ha
21177,7066,13,64,"0,5",gr/Pohon
21178,7067,4,106,1,ml/l
21179,7067,51,278,"0,5",ml/l
21180,7067,28,164,3,ml/l
21181,7067,13,387,3,ml/l
21182,7067,10,281,4,ml/l
21183,7067,27,62,1,ml/l
21184,7067,11,164,3,ml/l
21185,7067,138,388,3,ml/l
21186,7067,2,188,2,ml/l
21187,7067,40,201,"0,5",ml/l
21188,7067,103,276,6,ml/l
21189,7067,36,105,2,ml/l
21190,7069,10,43,1,ml/l
21191,7070,27,1816,1,ml/l
21192,7071,44,118,3,g/l
21193,7071,44,119,3,g/l
21194,7071,58,530,2.4,g/l
21195,7071,45,414,1.8,g/l
21196,7071,45,45,1.8,g/l
21197,7071,14,109,1.5,g/l
21198,7071,28,23,1.5,g/l
21199,7071,51,137,0.6,g/l
21200,7073,3,188,"0,5",ml/l
21201,7075,4,45,"1,5",ml/l
21202,7076,3,1394,0.5 ml/L/aplikasi,-
21203,7077,2,14,1,ml/l
21204,7079,29,64,92,%
21205,7080,4,44,1,ml/l
21206,7081,42,30,"1,125-2,250",l/ha
21207,7081,42,66,"1,125-2,250",l/ha
21208,7081,42,9,"1,125-2,250",l/ha
21209,7081,42,6,"1,125-2,250",l/ha
21210,7081,42,36,"1,125-2,250",l/ha
21211,7081,42,35,"1,125-2,250",l/ha
21212,7082,4,44,1,ml/l
21213,7083,4,2006,2,ml/l
21214,7083,14,109,2,ml/l
21215,7084,37,124,,-
21216,7084,37,18,,-
21217,7085,9,112,,
21218,7085,9,41,"1,5 - 3",l/ha
21219,7085,9,42,,-
21220,7085,9,95,,
21221,7085,9,74,"1,5 - 3",l/ha
21222,7085,9,82,1.5 - 3,l/ha
21223,7086,6,34,1-2,liter/ha
21224,7086,6,51,1-2,liter/ha
21225,7086,6,35,1-2,liter/ha
21226,7086,6,66,1-2,liter/ha
21227,7086,6,6,1-2,liter/ha
21228,7091,4,81,0.8,ml/l
21229,7092,4,81,0.75,l/ha
21230,7092,4,44,1,l/ha
21231,7093,42,38,2 - 4,l/ha
21232,7093,6,6,,-
21233,7093,6,66,"1,5 - 3",l/ha
21234,7093,6,36,"1,5 - 3",l/ha
21235,7093,106,9,2 - 4,l/ha
21236,7093,106,36,,-
21237,7093,106,35,,-
21238,7093,106,38,2 - 4,l/ha
21239,7094,14,109,"0,75",ml/l
21240,7095,37,124,,-
21241,7095,37,221,,-
21242,7096,9,127,,-
21243,7096,9,74,"1,5 - 3",kg/ha
21244,7096,9,100,"1,5 - 3",kg/ha
21245,7096,9,79,,-
21246,7096,9,41,"1,5 - 3",kg/ha
21247,7096,9,1304,,-
21248,7097,33,73,"1,5",ml/l
21249,7098,34,9,,-
21250,7098,34,153,,-
21251,7098,34,2007,"1,5 - 3",l/ha
21252,7098,34,70,,-
21253,7098,34,4,,-
21254,7098,34,69,"1,5 - 3",l/ha
21255,7099,705,34,1-1.5,l/ha
21256,7099,705,4,1-1.5,l/ha
21257,7099,705,69,1-1.5,l/ha
21258,7099,705,128,1-1.5,l/ha
21259,7099,705,616,1-1.5,l/ha
21260,7099,705,35,1-1.5,l/ha
21261,7100,10,43,2,ml/l
21262,7101,2,2008,0.5,ml/l
21263,7102,2,14,1,ml/l
21264,7103,6,411,3 - 4,l/ha
21265,7103,6,1005,5 - 6,l/ha
21266,7103,6,4,3 - 4,l/ha
21267,7103,6,1053,3 - 4,l/ha
21268,7104,29,64,-,%
21269,7105,55,825,-,
21270,7106,57,57,0.75-1.5,l/ha
21271,7106,57,6,0.75-1.5,l/ha
21272,7106,57,66,0.75-1.5,l/ha
21273,7106,57,53,0.75-1.5,l/ha
21274,7106,57,60,0.75-1.5,l/ha
21275,7107,4,102,2,ml/l
21276,7108,3,95,150-300,ml/ha
21277,7108,3,134,150-300,g/l
21278,7108,3,42,,-
21279,7108,3,41,,-
21280,7109,14,109,2,ml/l
21281,7110,14,50,"0,75",ml/l
21282,7111,48,94,,-
21283,7111,48,38,,-
21284,7111,48,34,,-
21285,7111,48,301,2 - 4,l/ha
21286,7111,48,35,,-
21287,7111,48,9,,-
21288,7111,48,300,,-
21289,7111,48,6,2 - 4,l/ha
21290,7112,706,41,"0,8 - 1,6",l/ha
21291,7112,706,150,"0,8 - 1,6",l/ha
21292,7112,706,79,"0,8 - 1,6",l/ha
21293,7112,706,82,"0,8 - 1,6",l/ha
21294,7112,706,2009,"0,8 - 1,6",l/ha
21295,7112,706,74,"0,8 - 1,6",l/ha
21296,7114,7,82,75 - 150,ml/ha
21297,7114,7,128,75 - 150,ml/ha
21298,7114,7,6,75 - 150,ml/ha
21299,7114,7,2010,75 - 150,ml/ha
21300,7114,7,24,75 - 150,ml/ha
21301,7116,4,45,1,ml/l
21302,7116,2,14,2,ml/l
21303,7116,2,83,2,ml/l
21304,7118,128,2011,10,ml/l
21305,7119,3,41,1-3,l/ha
21306,7119,3,42,1-3,l/ha
21307,7119,3,294,1-3,l/ha
21308,7119,3,112,1-3,l/ha
21309,7119,3,74,"1 - 2,5",l/ha
21310,7119,3,95,"1 - 2,5",l/ha
21311,7119,3,141,"1 - 2,5",l/ha
21312,7119,14,2,"2-2,5",l/ha
21313,7119,14,69,"2-2,5",l/ha
21314,7119,14,9,"1,5-2,5",l/ha
21315,7119,14,70,"1,5-2,5",l/ha
21316,7119,14,29,"1,5-2,5",l/ha
21317,7120,4,23,2,g/l
21318,7122,10,4,1 - 1.5,l/ha
21319,7122,10,69,2 - 2.5,l/ha
21320,7122,10,29,1 - 1.5,l/ha
21321,7122,10,30,,-
21322,7122,10,24,,-
21323,7122,10,122,,-
21324,7123,14,396,0.75,ml/l
21325,7124,3,79,0.75 - 1.5,l/ha
21326,7124,3,127,0.75 - 1.5,l/ha
21327,7124,3,90,0.75 - 1.5,l/ha
21328,7125,29,64,-,
21329,7126,51,137,2,ml/l
21330,7127,7,4,,-
21331,7127,7,69,"1,5 - 3",l/ha
21332,7127,7,29,"1,5 - 3",l/ha
21333,7127,7,76,,
21334,7127,7,9,,
21335,7127,7,30,,
21336,7127,7,6,,-
21337,7127,7,24,,-
21338,7128,3,2012,600,ml/ha
21339,7128,4,2013,1,ml/l
21340,7128,4,419,1,ml/l
21341,7129,132,124,-,-
21342,7129,132,18,-,-
21343,7131,154,569,1,gr/ 10 l air
21344,7131,154,124,1,gr/ 10 l air
21345,7133,14,50,1,ml/l
21346,7133,28,46,1,ml/l
21347,7134,4,16,1,ml/l
21348,7135,1,212,2,g/l
21349,7136,37,124,,-
21350,7136,37,18,,
21351,7137,55,208,"0,35",g/l
21352,7137,51,843,"1,5",g/l
21353,7138,4,45,1,ml/l
21354,7139,44,118,1.5,g/l
21355,7141,9,1177,200 - 300,ml/ha
21356,7141,9,74,,-
21357,7141,9,41,200 - 300,ml/ha
21358,7141,9,42,,-
21359,7141,9,2,200 - 300,ml/ha
21360,7141,9,79,,-
21361,7142,8,52,4 - 6,l/ha
21362,7142,8,9,4 - 6,l/ha
21363,7142,8,66,4 - 6,l/ha
21364,7142,8,6,4 - 6,l/ha
21365,7142,8,34,4 - 6,l/ha
21366,7142,8,4,4 - 6,l/ha
21367,7142,8,256,4 - 6,l/ha
21368,7142,8,38,4 - 6,l/ha
21369,7143,14,109,2,ml/l
21370,7146,11,428,"1,5",g/l
21371,7147,37,231,-,-
21372,7147,37,92,-,-
21373,7147,37,91,-,-
21374,7148,44,1056,1000,ml/ha
21375,7148,40,201,1,ml/l
21376,7148,28,46,500,ml/ha
21377,7148,4,310,1,ml/l
21378,7148,74,201,750,ml/ha
21379,7148,11,46,1,ml/l
21380,7148,14,49,"1,5",ml/l
21381,7148,73,201,"1,5",ml/l
21382,7149,14,109,"0,375",ml/l
21383,7150,6,66,2 - 3,l/ha
21384,7150,6,6,2 - 3,l/ha
21385,7150,6,52,2 - 3,l/ha
21386,7150,6,36,2 - 3,l/ha
21387,7152,51,45,0.5,ml/l
21388,7153,707,106,4,g/l
21389,7153,707,396,4,g/l
21390,7153,708,46,3,g/l
21391,7153,709,50,3,g/l
21392,7154,48,58,2 - 3,l/ha
21393,7154,48,116,,-
21394,7154,48,66,,-
21395,7154,48,95,,-
21396,7154,48,54,2 - 3,l/ha
21397,7154,48,34,,-
21398,7154,48,35,2 - 3,l/ha
21399,7154,48,38,,-
21400,7155,14,233,2,ml/l
21401,7155,14,44,2,ml/l
21402,7155,14,109,2,ml/l
21403,7157,2,188,2,g/l
21404,7158,11,46,1.5,g/l
21405,7159,29,64,-,%
21406,7160,3,188,2,ml/l
21407,7161,11,46,1.5,g/l
21408,7161,28,46,4,g/l
21409,7161,14,50,2,g/l
21410,7161,4,46,1,g/l
21411,7161,4,2014,1.5,g/l
21412,7162,1,211,34,kg/ha
21413,7162,3,114,"12,75",kg/ha
21414,7162,3,83,"25,5",kg/ha
21415,7162,3,322,"12,75",kg/ha
21416,7162,10,23,5,gr/Pohon
21417,7164,20,170,0.5,ml/l
21418,7165,37,18,,-
21419,7165,37,124,,-
21420,7166,10,43,"0,75",g/l
21421,7166,44,119,1,g/l
21422,7166,14,109,"0,1",g/l
21423,7166,14,111,"0,1",g/l
21424,7166,3,83,1,g/l
21425,7166,3,14,1,g/l
21426,7166,4,81,"0,3",g/l
21427,7166,4,1147,"0,3",g/l
21428,7167,29,64,-,
21429,7168,2,120,2,ml/l
21430,7168,2,14,2,ml/l
21431,7169,6,36,3 - 4,l/ha
21432,7169,6,35,3 - 4,l/ha
21433,7169,6,2015,3 - 4,g/l
21434,7169,6,6,3 - 4,l/ha
21435,7169,6,66,3 - 4,l/ha
21436,7170,140,392,"2,25",ml/l
21437,7171,51,4,225 - 375,ml/ha
21438,7172,4,45,1.5,ml/l
21439,7173,8,38,,-
21440,7173,8,35,2 - 4,l/ha
21441,7173,8,34,,-
21442,7173,8,3,,
21443,7173,8,9,2 - 4,l/ha
21444,7173,8,76,,-
21445,7173,8,29,,-
21446,7174,10,43,1,ml/l
21447,7175,14,111,2,g/l
21448,7176,30,1915,10 g/l air/pohon,-
21449,7177,42,34,"1,5 - 2,5",l/ha
21450,7177,42,51,"1,5 - 2,5",l/ha
21451,7177,42,36,"1,5 - 2,5",l/ha
21452,7177,42,38,"1,5 - 2,5",l/ha
21453,7177,42,9,"1,5 - 2,5",l/ha
21454,7178,8,38,3 - 4,l/ha
21455,7178,8,36,3 - 4,l/ha
21456,7178,8,683,3 - 4,l/ha
21457,7178,8,52,3 - 4,l/ha
21458,7178,8,66,3 - 4,l/ha
21459,7178,8,9,3 - 4,l/ha
21460,7178,8,6,3 - 4,l/ha
21461,7179,6,38,1.5 - 2.5,l/ha
21462,7179,6,6,1.5 - 2.5,l/ha
21463,7179,6,66,1.5 - 2.5,l/ha
21464,7180,51,137,2,ml/l
21465,7181,11,428,"0,75",g/l
21466,7182,3,14,1,g/l
21467,7184,6,9,100,g/ha
21468,7184,6,31,100,g/ha
21469,7185,51,123,2,ml/l
21470,7185,51,519,2,ml/l
21471,7186,10,45,1,ml/l
21472,7187,14,44,"1,5",ml/l
21473,7188,2,188,4,g/l
21474,7188,4,1125,2,g/l
21475,7188,13,423,200,gr/Pohon
21476,7189,37,195,,-
21477,7189,37,124,,-
21478,7189,37,18,,-
21479,7189,37,92,,-
21480,7189,37,91,,-
21481,7189,37,231,,-
21482,7190,4,44,2,ml/l
21483,7190,4,81,"1,5",ml/l
21484,7191,8,9,,-
21485,7191,8,6,,-
21486,7191,8,57,2 - 4,l/ha
21487,7191,8,36,2 - 4,l/ha
21488,7191,8,69,,-
21489,7191,8,51,,-
21490,7191,8,38,,-
21491,7192,710,2016,"0,25",mg/l
21492,7193,3,79,,-
21493,7193,3,100,150 - 200,ml/ha
21494,7194,37,18,,-
21495,7194,37,124,,-
21496,7195,14,109,2,ml/l
21497,7196,37,92,6 ml/liter air,-
21498,7196,37,91,3 ml/liter air,-
21499,7196,711,124,"4,5",ml/l
21500,7196,711,18,3,ml/l
21501,7196,712,195,4 ml/liter solar,-
21502,7196,713,2017,20,ml/ha
21503,7196,713,124,20,ml/ha
21504,7197,11,46,2,g/l
21505,7198,6,38,"1,125-1,5",l/ha
21506,7198,6,36,"1,125-1,5",l/ha
21507,7198,6,9,"1,125 - 1,5",l/ha
21508,7198,6,66,1.125 -1.5,l/ha
21509,7198,6,2018,"1,125 - 1,5",l/ha
21510,7199,55,254,"0,50",ml/l
21511,7199,51,45,1,ml/l
21512,7199,36,110,"0,75",ml/l
21513,7199,4,1572,1,ml/l
21514,7200,2,448,"0,75",g/l
21515,7200,2,2019,"0,75",g/l
21516,7201,136,1692,,
21517,7202,2,10,0.75,ml/l
21518,7203,10,43,1,ml/l
21519,7205,55,254,8,g/l
21520,7206,4,44,300,g/ha
21521,7209,37,124,siap pakai,-
21522,7209,37,18,siap pakai,-
21523,7210,6,9,100-150,g/ha
21524,7210,6,30,100-150,g/ha
21525,7210,6,1558,100-150,g/ha
21526,7211,14,111,1,g/l
21527,7212,679,2020,4,g/m3
21528,7213,14,109,0.75,ml/l
21529,7214,9,82,"0,375-1,5",l/ha
21530,7214,9,90,"0,375-1,5",l/ha
21531,7214,51,94,"2,25 - 3",l/ha
21532,7214,51,112,"2,25 - 3",l/ha
21533,7214,51,9,"2,25 - 3",l/ha
21534,7214,14,9,"2,25 - 3",l/ha
21535,7214,14,112,"2,25 - 3",l/ha
21536,7214,14,33,"2,25 - 3",l/ha
21537,7214,14,4,"2,25 - 3",l/ha
21538,7214,14,94,"2,25 - 3",l/ha
21539,7215,10,43,"1,5",ml/l
21540,7216,28,46,2,g/l
21541,7217,14,233,"2,5",ml/l
21542,7218,9,95,,-
21543,7218,9,74,75 - 150,g/ha
21544,7218,9,1563,,-
21545,7218,9,39,,-
21546,7218,9,41,,-
21547,7218,9,42,75 - 150,g/ha
21548,7218,9,79,,-
21549,7218,9,2,75 - 150,g/ha
21550,7218,9,100,,-
21551,7219,11,121,"0,6",g/l
21552,7219,11,81,"1,2",g/l
21553,7219,2,14,"1,2",g/l
21554,7219,2,120,2,g/l
21555,7219,2,676,"1,5",g/l
21556,7219,14,109,"1,2",g/l
21557,7220,2,10,2,ml/l
21558,7221,4,447,2,g/l
21559,7221,36,200,"0,5",g/l
21560,7221,14,346,"1,75",g/l
21561,7221,2,412,"1,75",g/l
21562,7222,29,64,-,%
21563,7223,10,23,1,ml/l
21564,7223,44,118,1,ml/l
21565,7224,14,2021,1,unit/ha
21566,7226,714,2022,2,g/l
21567,7226,714,2023,"0,5",g/l
21568,7226,714,2024,2,g/l
21569,7227,14,109,"1,5",ml/l
21570,7227,715,2025,"2,25",ml/l
21571,7227,2,681,2,ml/l
21572,7227,2,14,2,ml/l
21573,7228,6,9,3 - 4,l/ha
21574,7228,6,6,,-
21575,7228,6,38,,-
21576,7228,6,36,4,l/ha
21577,7229,14,111,1,ml/l
21578,7230,4,44,"1,5",ml/l
21579,7231,716,1376,1.04,%
21580,7232,51,519,1,g/l
21581,7234,9,1083,,-
21582,7234,9,74,"0,75 - 1,5",l/ha
21583,7234,9,112,"0,75 - 1,5",l/ha
21584,7234,9,79,"0,75 - 1,5",l/ha
21585,7234,9,1080,,-
21586,7235,8,4,,-
21587,7235,8,38,,-
21588,7235,8,34,1 - 3,l/ha
21589,7235,8,36,,-
21590,7235,8,9,,-
21591,7235,8,66,,-
21592,7235,8,52,,-
21593,7235,8,6,,-
21594,7235,8,57,1 - 3,l/ha
21595,7236,14,50,1,g/l
21596,7236,2,224,2,g/l
21597,7237,717,34,"1 - 1,5",l/ha
21598,7237,717,616,,-
21599,7237,717,4,,-
21600,7237,717,35,,-
21601,7240,14,109,1.125,g/l
21602,7241,468,396,1,ml/l
21603,7242,29,2026,Didaftarkan untuk keperluan Ekspor,
21604,7243,3,14,4,g/l
21605,7243,51,636,4,g/l
21606,7243,51,519,4,g/l
21607,7245,34,9,,-
21608,7245,34,2027,1 - 3,l/ha
21609,7245,34,6,,-
21610,7245,34,69,,-
21611,7245,34,4,1 - 3,l/ha
21612,7245,34,90,1 - 3,l/ha
21613,7245,34,74,,-
21614,7246,4,2028,0.5,ml/l
21615,7246,2,2029,225 - 300,ml/ha
21616,7247,161,82,"1-1,25",ml/l
21617,7247,161,248,"1-1,25",ml/l
21618,7247,161,79,"0,75-1,25",ml/l
21619,7248,35,69,2 - 3,kg/ha
21620,7248,35,2,2 - 3,kg/ha
21621,7248,35,152,2 - 3,kg/ha
21622,7248,35,27,2 - 3,kg/ha
21623,7248,35,6,2 - 3,kg/ha
21624,7248,35,24,2 - 3,kg/ha
21625,7248,35,9,2 - 3,kg/ha
21626,7248,35,30,2 - 3,kg/ha
21627,7248,35,29,2 - 3,kg/ha
21628,7249,207,2030,,-
21629,7250,14,2031,3,g/l
21630,7252,129,365,-,%
21631,7253,51,123,0.75,ml/l
21632,7255,42,34,3-4,l/ha
21633,7255,42,4,3-4,l/ha
21634,7255,42,35,3-4,l/ha
21635,7255,42,7,3-4,l/ha
21636,7255,42,30,3-4,l/ha
21637,7255,42,6,3-4,l/ha
21638,7255,42,9,3-4,l/ha
21639,7256,718,112,,-
21640,7256,718,42,,-
21641,7256,718,39,,-
21642,7256,718,41,,-
21643,7256,718,134,2 - 3,kg/ha
21644,7256,718,147,,-
21645,7256,718,1501,,-
21646,7256,718,79,2 - 3,kg/ha
21647,7257,14,50,1,ml/l
21648,7258,48,52,1.875 - 2.25,l/ha
21649,7258,48,130,1.875 - 2.25,l/ha
21650,7258,48,235,1.875 - 2.25,l/ha
21651,7258,48,34,1.875 - 2.25,l/ha
21652,7258,48,38,1.875 - 2.25,l/ha
21653,7259,7,69,100 - 175,g/ha
21654,7259,7,33,100 - 175,g/ha
21655,7259,7,76,100 - 175,g/ha
21656,7259,7,30,100 - 175,g/ha
21657,7259,7,9,100 - 175,g/ha
21658,7259,7,24,100 - 175,g/ha
21659,7260,81,106,2,g/l
21660,7260,81,102,2,g/l
21661,7261,6,30,"1,5 – 3",l/ha
21662,7261,6,9,"1,5 – 3",l/ha
21663,7261,6,6,"1,5 – 3",l/ha
21664,7261,6,4,"1,5 – 3",l/ha
21665,7261,6,3,"1,5 – 3",l/ha
21666,7261,6,34,"1,5 – 3",l/ha
21667,7262,8,54,"1,5 - 3",l/ha
21668,7262,8,128,"1,5 - 3",l/ha
21669,7262,8,34,"1,5 – 3",l/ha
21670,7262,8,35,"1,5 – 3",l/ha
21671,7262,8,38,"1,5 – 3",l/ha
21672,7262,8,217,"1,5 – 3",l/ha
21673,7262,8,58,"1,5 – 3",l/ha
21674,7262,8,66,"1,5 – 3",l/ha
21675,7262,8,6,"1,5 – 3",l/ha
21676,7262,8,30,"1,5 – 3",l/ha
21677,7262,8,2032,"1,5 – 3",l/ha
21678,7262,8,9,"1,5 – 3",l/ha
21679,7263,6,58,"1,5-2,25",liter/ha
21680,7263,6,66,"1,5-2,25",liter/ha
21681,7263,6,6,"2,5",liter/ha
21682,7263,6,9,"1,5-2,25",liter/ha
21683,7263,6,51,"1,5-2,25",l/ha
21684,7263,6,38,"1,5-2,25",liter/ha
21685,7263,6,36,"1,5-2,25",liter/ha
21686,7264,10,43,1,ml/l
21687,7265,2,83,"7,5",kg/ha
21688,7266,6,6,75 - 125,g/ha
21689,7266,6,30,75 - 125,g/ha
21690,7266,6,9,75 - 125,g/ha
21691,7267,437,35,,-
21692,7267,437,4,2 - 3,l/ha
21693,7267,437,1367,2 - 3,l/ha
21694,7267,437,9,,-
21695,7267,6,66,,-
21696,7267,6,890,,-
21697,7267,6,58,2 - 4,l/ha
21698,7267,6,36,2 - 4,l/ha
21699,7268,2,83,15,kg/ha
21700,7268,2,14,20,kg/ha
21701,7269,3,72,"1,5",g/l
21702,7270,9,40,"0,75 - 1,5",l/ha
21703,7270,9,41,"0,75 - 1,5",l/ha
21704,7270,9,82,"0,75 - 1,5",l/ha
21705,7270,9,4,"0,75 - 1,5",l/ha
21706,7270,9,94,"0,75 - 1,5",l/ha
21707,7270,9,79,"0,75 - 1,5",l/ha
21708,7270,9,95,"0,75 - 1,5",l/ha
21709,7271,2,41,15 – 30,g/ha
21710,7271,2,42,15 – 30,g/ha
21711,7271,2,39,15 – 30,g/ha
21712,7271,2,248,15 – 30,g/ha
21713,7271,2,82,15 – 30,g/ha
21714,7271,2,141,15 - 30,g/ha
21715,7272,29,64,-,%
21716,7273,8,58,1.0 - 1.5,l/ha
21717,7273,8,158,1.0 - 1.5,l/ha
21718,7273,8,57,1.0 - 1.5,l/ha
21719,7273,8,9,1.0 - 1.5,l/ha
21720,7273,8,66,1.0 - 1.5,l/ha
21721,7275,9,127,"56,25 - 75",g/ha
21722,7275,9,125,"56,25 - 75",g/ha
21723,7275,9,126,"56,25 - 75",g/ha
21724,7275,9,40,"56,25 - 75",g/ha
21725,7275,9,42,"56,25 - 75",g/ha
21726,7275,9,2033,"56,25 - 75",g/ha
21727,7276,380,2034,1,ml/l
21728,7276,40,2035,3,ml/l
21729,7276,40,2036,3,ml/l
21730,7276,79,330,5,ml/ 10 liter air
21731,7278,27,1616,"1,25",g/l
21732,7280,44,1056,400,kg/ha
21733,7281,3,14,1,g/l
21734,7282,719,109,"1,5",ml/l
21735,7282,55,291,"0,5",ml/l
21736,7282,4,45,1,ml/l
21737,7283,44,118,2,ml/l
21738,7284,4,81,2,g/l
21739,7285,475,137,1,ml/l
21740,7286,7,69,,-
21741,7286,7,4,2 - 3,l/ha
21742,7286,7,30,2 - 3,l/ha
21743,7286,7,24,,-
21744,7286,7,130,,-
21745,7286,7,218,,-
21746,7286,7,218,2 - 3,l/ha
21747,7287,14,111,2,ml/l
21748,7287,10,43,2,ml/l
21749,7288,2,10,250,ml/ha
21750,7288,2,279,250,ml/ha
21751,7289,9,42,252-504,g/ha
21752,7289,9,95,252-504,g/ha
21753,7289,9,82,252-504,g/ha
21754,7289,9,79,252-504,g/ha
21755,7290,2,72,2,l/ha
21756,7291,9,74,"0,5 - 1,5",l/ha
21757,7291,9,42,,-
21758,7291,9,41,"0,5 - 1,5",l/ha
21759,7291,9,40,,-
21760,7292,11,46,2,g/l
21761,7293,2,14,3,ml/l
21762,7293,2,83,2,ml/l
21763,7294,6,36,3 - 3.75,l/ha
21764,7294,6,6,3 - 3.75,l/ha
21765,7294,6,66,3 - 3.75,l/ha
21766,7294,6,58,3.75 - 4.5,l/ha
21767,7295,4,106,2,g/l
21768,7295,51,435,2,g/l
21769,7296,18,825,umpan siap pakai,-
21770,7296,18,206,umpan siap pakai,
21771,7297,55,208,2,g/l
21772,7298,2,188,2,ml/l
21773,7299,720,1692,1 tablet/lubang,-
21774,7300,8,34,"1,5 - 3,5",l/ha
21775,7300,8,38,,-
21776,7300,8,6,,-
21777,7300,8,1363,"1,5 - 3,5",l/ha
21778,7301,79,483,0.1875,l/ha
21779,7303,6,6,,-
21780,7303,6,9,"1,5-2",l/ha
21781,7303,6,3,"1,5-2",l/ha
21782,7305,14,111,2,ml/l
21783,7306,10,43,"1,5",g/l
21784,7306,2,14,1,g/l
21785,7306,14,109,"1,5",g/l
21786,7307,3,14,2,g/l
21787,7308,28,23,3,g/l
21788,7308,36,110,2,g/l
21789,7308,10,226,2,g/l
21790,7308,14,284,3,g/l
21791,7309,28,121,1,ml/l
21792,7310,3,112,315 - 420,g/ha
21793,7310,3,134,315 - 420,g/ha
21794,7310,3,2037,315 - 420,g/ha
21795,7310,3,82,315 - 420,g/ha
21796,7310,3,74,315 - 420,g/ha
21797,7310,3,127,315 - 420,g/ha
21798,7310,3,95,315 - 420,g/ha
21799,7311,132,124,,-
21800,7311,132,18,,
21801,7312,3,2038,4,ml/l
21802,7316,29,64,-,g/l
21803,7317,2,1073,1,g/l
21804,7318,14,2039,"0,5",ml/l
21805,7319,3,188,2,ml/l
21806,7320,14,88,"1,5-2",l/ha
21807,7320,14,69,"1,5-2",l/ha
21808,7320,14,9,"1,5-2",l/ha
21809,7320,14,30,"1,5-2",l/ha
21810,7320,14,122,"1,5-2",l/ha
21811,7320,14,70,"1,5-2",l/ha
21812,7321,3,42,100-150,ml/ha
21813,7321,3,134,100-150,ml/ha
21814,7321,3,127,100-150,ml/ha
21815,7321,3,82,100-150,ml/ha
21816,7324,11,46,"0,5",ml/l
21817,7325,28,81,2,ml/l
21818,7327,2,83,1,ml/l
21819,7328,10,43,2,ml/l
21820,7330,104,638,1.5 - 3,l/ha
21821,7330,104,30,1.5 - 3,l/ha
21822,7330,104,100,1.5 - 3,l/ha
21823,7331,6,257,"1,5 - 3",l/ha
21824,7331,6,2040,"1,5 - 3",l/ha
21825,7331,6,259,"1,5 - 3",l/ha
21826,7331,6,1571,"1,5 - 3",l/ha
21827,7331,6,914,"1,5 - 3",l/ha
21828,7331,6,2041,"1,5 - 3",l/ha
21829,7332,721,33,200 - 400,ml/ha
21830,7332,721,70,200 - 400,ml/ha
21831,7332,721,122,200 - 400,ml/ha
21832,7332,721,24,200 - 400,ml/ha
21833,7332,721,27,200 - 400,ml/ha
21834,7333,5,2042,20,ml/ha
21835,7333,5,124,20,ml/ha
21836,7334,111,439,25,ml/l
21837,7335,261,781,tidak tersedia untuk ekspor,
21838,7337,4,81,"1,5",ml/l
21839,7337,4,44,1,ml/l
21840,7338,29,64,-,
21841,7339,37,18,,
21842,7339,37,124,,-
21843,7340,14,109,0.5 - 1,g/l
21844,7341,28,81,2,g/l
21845,7341,27,667,2,g/l
21846,7341,27,179,,-
21847,7342,11,46,"1,5",g/l
21848,7343,11,80,1,g/l
21849,7344,37,124,,-
21850,7344,37,18,,
21851,7345,30,2043,20,ml/l
21852,7346,7,95,"0,75 - 1,5",l/ha
21853,7346,7,68,"0,75 - 1,5",l/ha
21854,7346,7,1834,"0,75 - 1,5",l/ha
21855,7346,7,71,"0,75 - 1,5",l/ha
21856,7346,7,2044,"0,75 - 1,5",l/ha
21857,7346,7,9,"0,75 - 1,5",l/ha
21858,7347,51,137,2,ml/l
21859,7349,8,36,,-
21860,7349,8,35,"1,5 - 3",l/ha
21861,7349,8,38,,
21862,7349,8,69,,-
21863,7349,8,9,,-
21864,7349,8,58,,-
21865,7349,8,57,,-
21866,7349,8,66,,-
21867,7349,8,6,,-
21868,7349,8,52,"1,5 - 3",l/ha
21869,7350,4,81,2,g/l
21870,7351,14,111,2,ml/l
21871,7352,6,1256,1 - 1.5,l/ha
21872,7352,6,31,1 - 1.5,l/ha
21873,7352,6,9,1 - 1.5,l/ha
21874,7353,14,50,"1,5",g/l
21875,7353,14,49,2,g/l
21876,7353,11,46,"1,25",g/l
21877,7354,195,82,"0,75 - 1,5",l/ha
21878,7354,195,79,"0,75 - 1,5",l/ha
21879,7355,4,81,"0,4",ml/l
21880,7356,8,30,"1,5 - 3",l/ha
21881,7356,8,66,,-
21882,7356,8,9,,-
21883,7356,8,6,,-
21884,7356,8,2045,,-
21885,7356,8,57,,-
21886,7356,8,58,,-
21887,7357,11,46,2,g/l
21888,7357,14,50,2,g/l
21889,7358,2,14,2,ml/l
21890,7359,3,188,2,g/l
21891,7360,11,2046,300 ml/ha/aplikasi 40 dan 60 HST,-
21892,7360,335,2047,300 ml/ha/aplikasi (40 & 60 HST),-
21893,7361,28,23,1.25,ml/l
21894,7362,14,109,"1,5",ml/l
21895,7363,2,188,"0,5",l/ha
21896,7364,51,46,2,ml/l
21897,7365,4,81,2,ml/l
21898,7368,44,118,2,g/l
21899,7368,44,119,2,g/l
21900,7369,37,124,,-
21901,7369,37,18,,-
21902,7370,3,10,300,ml/ha
21903,7371,3,39,10 - 20,g/ha
21904,7371,3,42,10 - 20,g/ha
21905,7371,3,41,10 - 20,g/ha
21906,7372,6,9,100 – 150,g/ha
21907,7372,6,66,100 – 150,g/ha
21908,7372,6,6,100 – 150,g/ha
21909,7372,6,57,100 – 150,g/ha
21910,7373,27,907,1,ml/l
21911,7374,2,14,"1,5",ml/l
21912,7375,9,100,"0,6 - 1,2",l/ha
21913,7375,9,42,,-
21914,7375,9,39,,-
21915,7375,9,97,"0,6 - 1,2",l/ha
21916,7376,221,6,4 - 6,l/ha
21917,7376,221,34,4 - 6,l/ha
21918,7376,221,35,4 - 6,l/ha
21919,7377,55,208,"0,25",g/l
21920,7377,14,109,"1,5",g/l
21921,7378,14,109,"0,375",ml/l
21922,7379,722,64,-,%
21923,7380,14,111,1,ml/l
21924,7380,44,118,1,ml/l
21925,7381,10,226,2,ml/l
21926,7381,51,519,"0,5",ml/l
21927,7381,51,45,"0,5",ml/l
21928,7381,4,45,1,ml/l
21929,7381,36,110,1,ml/l
21930,7381,36,170,1,ml/l
21931,7381,50,45,1,ml/l
21932,7381,55,254,1,ml/l
21933,7381,55,208,2,ml/l
21934,7382,71,1330,"1,5 - 2,5",l/ha
21935,7382,71,66,,-
21936,7382,71,9,"1,5 - 2,5",l/ha
21937,7382,71,34,,-
21938,7382,71,38,,-
21939,7382,71,128,"1,5 - 2,5",l/ha
21940,7383,2,10,3,g/l
21941,7383,2,386,1.5,g/l
21942,7383,2,224,"1,5",g/l
21943,7383,40,413,1,g/l
21944,7383,4,106,2,g/l
21945,7383,79,483,2,g/l
21946,7383,27,478,1,g/l
21947,7384,261,781,tidak tersedia untuk ekspor,
21948,7385,33,2048,1,ml/l
21949,7385,4,44,"0,5",ml/l
21950,7385,27,818,"0,5",ml/l
21951,7385,44,118,1,ml/l
21952,7385,28,121,1,ml/l
21953,7385,380,2049,1,ml/l
21954,7385,11,121,"0,5",ml/l
21955,7385,11,142,"0,5",ml/l
21956,7385,45,2050,1,ml/l
21957,7385,45,45,1,ml/l
21958,7385,79,909,,
21959,7386,68,44,2,ml/l
21960,7387,4,81,2,ml/l
21961,7388,7,122,,-
21962,7388,7,9,,-
21963,7388,7,446,"2,25 - 3,75",l/ha
21964,7388,7,403,,-
21965,7388,7,218,"2,25 - 3,75",l/ha
21966,7388,7,4,"2,25 - 3,75",l/ha
21967,7388,7,35,,-
21968,7388,7,69,,-
21969,7389,11,46,1,ml/l
21970,7390,11,46,2,g/l
21971,7391,71,30,3 - 6,l/ha
21972,7391,71,66,3 - 6,l/ha
21973,7391,71,58,3 - 6,l/ha
21974,7391,71,6,3 - 6,l/ha
21975,7391,71,38,3 - 6,l/ha
21976,7391,71,34,3 - 6,l/ha
21977,7391,71,35,3 - 6,l/ha
21978,7391,71,36,3 - 6,l/ha
21979,7392,42,9,"1,5-3",l/ha
21980,7392,42,218,2-3,l/ha
21981,7392,42,34,"1,5-3",l/ha
21982,7392,106,9,2-3,l/ha
21983,7392,106,38,2-3,l/ha
21984,7392,6,38,"1-1,5",l/ha
21985,7392,6,35,"1-1,5",l/ha
21986,7392,6,9,"1-1,5",l/ha
21987,7392,221,9,"1,5-3",l/ha
21988,7393,8,38,"1,5 - 3",l/ha
21989,7393,8,34,"1,5 - 3",l/ha
21990,7393,8,9,"1,5 - 3",l/ha
21991,7393,8,66,"1,5 - 3",l/ha
21992,7393,8,58,"1,5 - 3",l/ha
21993,7393,8,6,"1,5 - 3",l/ha
21994,7394,3,448,"1,5",ml/l
21995,7395,11,46,"1,5",g/l
21996,7395,397,205,"2,25",g/kg benih
21997,7396,9,95,"1,125 - 2,25",l/ha
21998,7396,9,42,,-
21999,7396,9,40,"1,125 - 2,25",l/ha
22000,7396,9,41,,-
22001,7397,51,233,2.25,ml/kg benih
22002,7397,51,159,2.25,ml/kg benih
22003,7397,58,233,4,ml/kg benih
22004,7397,10,2051,3.375,ml/kg benih
22005,7397,10,1417,3.375,ml/kg benih
22006,7397,10,937,3.375,ml/kg benih
22007,7397,2,182,3.375,ml/kg benih
22008,7397,2,1280,3.375,ml/kg benih
22009,7398,4,81,1,ml/l
22010,7399,8,6,,-
22011,7399,8,9,"1,5 - 3",l/ha
22012,7399,8,3,,-
22013,7399,8,1,"1,5 - 3",l/ha
22014,7399,8,35,,-
22015,7399,8,38,,-
22016,7400,9,82,400 - 500,ml/ha
22017,7400,9,4,,-
22018,7400,9,147,,-
22019,7400,9,79,,-
22020,7400,34,51,750 - 1000,ml/ha
22021,7400,34,94,,-
22022,7400,34,234,,
22023,7400,34,71,,-
22024,7400,34,2,,
22025,7400,34,33,750 - 1000,ml/ha
22026,7400,723,35,,
22027,7400,723,4,1000 - 1250,ml/ha
22028,7400,723,94,,-
22029,7400,723,234,,-
22030,7400,723,71,,
22031,7400,724,4,,-
22032,7400,724,69,,-
22033,7400,724,34,1000 - 1250,ml/ha
22034,7400,724,35,,-
22035,7400,724,9,1000 - 1250,ml/ha
22036,7401,111,2052,"2,50%, Retensi: 12,06 kg/m3",-
22037,7402,134,373,"1,5",ml/l
22038,7402,134,2053,4,ml/l
22039,7404,29,64,-,
22040,7405,6,6,1.5 - 3,l/ha
22041,7405,6,156,1.5 - 3,l/ha
22042,7405,6,35,1.5 - 3,l/ha
22043,7405,6,38,1.5 - 3,l/ha
22044,7406,364,9,2-3,l/ha
22045,7406,364,52,2-3,l/ha
22046,7406,364,30,2-3,l/ha
22047,7406,364,58,2-3,l/ha
22048,7407,14,50,1,g/l
22049,7408,47,66,"1,5-2,5",l/ha
22050,7408,47,36,"1,5-2,5",l/ha
22051,7408,47,35,"1,5-2,5",l/ha
22052,7408,47,38,"1,5-2,5",l/ha
22053,7409,3,39,7.5 - 10 g/ha,
22054,7409,3,42,7.5 - 10 g/ha,
22055,7409,3,41,7.5 - 10 g/ha,
22056,7409,611,30,50-100 g/ha,
22057,7409,611,9,50-100 g/ha,
22058,7409,611,31,50-100 g/ha,
22059,7409,631,30,50-100 g/ha,
22060,7409,631,9,50-100 g/ha,
22061,7409,631,6,50-100 g/ha,
22062,7409,631,7,50-100 g/ha,
22063,7409,6,59,75-100 g/ha,
22064,7409,6,9,50-100 g/ha,
22065,7409,6,31,75-100 g/ha,
22066,7409,6,58,50-100 g/ha,
22067,7410,10,831,0.50,ml/l
22068,7411,38,69,0.5 - 1.5,l/ha
22069,7411,38,82,0.5 - 1.5,l/ha
22070,7411,38,90,0.5 - 1.5,l/ha
22071,7411,38,1440,0.5 - 1.5,l/ha
22072,7411,38,42,0.5 - 1.5,l/ha
22073,7411,38,41,0.5 - 1.5,l/ha
22074,7411,263,9,2 - 3,l/ha
22075,7411,263,30,2 - 3,l/ha
22076,7411,263,2054,2 - 3,l/ha
22077,7411,263,4,2 - 3,l/ha
22078,7411,6,2055,2.25 - 3,l/ha
22079,7411,6,6,2.25 - 3,l/ha
22080,7411,6,52,2.25 - 3,l/ha
22081,7411,6,38,2.25 - 3,l/ha
22082,7411,6,36,2.25 - 3,l/ha
22083,7411,117,1027,0.75 - 1.5,l/ha
22084,7411,117,203,0.75 - 1.5,l/ha
22085,7411,117,66,0.75 - 1.5,l/ha
22086,7411,117,235,0.75 - 1.5,l/ha
22087,7411,117,1440,0.5 - 1.5,l/ha
22088,7412,9,41,,-
22089,7412,9,134,,
22090,7412,9,42,,-
22091,7412,9,40,1 - 2,l/ha
22092,7412,9,39,,-
22093,7412,9,69,,
22094,7413,8,35,,-
22095,7413,8,34,"1,5 - 3",l/ha
22096,7413,8,38,,-
22097,7413,8,6,,-
22098,7413,8,9,,-
22099,7413,8,58,"1,5 - 3",l/ha
22100,7413,8,66,,-
22101,7414,14,111,"1,5",ml/l
22102,7415,132,18,-,-
22103,7415,132,124,-,-
22104,7417,1,789,10,kg/ha
22105,7418,3,41,240-480,g/ha
22106,7418,3,42,240-480,g/ha
22107,7418,3,39,240-480,g/ha
22108,7418,3,95,240-480,g/ha
22109,7418,3,74,240-480,g/ha
22110,7419,725,288,5 - 10,%
22111,7419,725,1376,"1,6",%
22112,7421,37,195,"0,5 ml/l s.d hari ke-30",-
22113,7421,37,92,"0,5 ml/l s.d hari ke-30",-
22114,7421,37,91,,
22115,7422,148,121,"1,5",ml/l
22116,7423,3,141,1.5 - 2,kg/ha
22117,7423,3,95,1.5 - 2,kg/ha
22118,7423,3,41,1.5 - 2,kg/ha
22119,7424,4,81,2,ml/l
22120,7425,238,762,0,%
22121,7426,2,10,"1,5",ml/l
22122,7427,8,6,,-
22123,7427,8,445,,-
22124,7427,8,385,,-
22125,7427,8,122,,-
22126,7427,8,223,2 - 3,l/ha
22127,7427,8,153,,-
22128,7427,8,54,2 - 3,l/ha
22129,7427,8,218,,-
22130,7427,8,35,,-
22131,7427,8,450,2 - 3,l/ha
22132,7427,8,69,,-
22133,7427,8,94,,-
22134,7427,8,38,,-
22135,7428,6,57,"1,5 - 3",l/ha
22136,7428,6,6,"1,5 - 3",l/ha
22137,7428,6,66,"1,5 - 3",l/ha
22138,7430,3,83,1,g/l
22139,7431,48,57,,-
22140,7431,48,52,"0,5 -1,5",l/ha
22141,7431,48,58,,-
22142,7431,48,6,,-
22143,7431,48,66,,-
22144,7432,14,2056,"3 g/l 9,16 dan 30 HST",-
22145,7433,14,50,2,g/l
22146,7433,4,102,2,g/l
22147,7434,8,4,"1,875 - 2,5",l/ha
22148,7434,8,35,"1,875 - 2,5",l/ha
22149,7434,8,255,"1,875 - 2,5",l/ha
22150,7434,8,9,"1,875 - 2,5",l/ha
22151,7434,8,6,"1,875 - 2,5",l/ha
22152,7435,4,45,1.5,ml/l
22153,7435,36,170,1.5 - 2,ml/l
22154,7436,37,124,,-
22155,7436,37,18,,-
22156,7437,37,124,,
22157,7437,37,18,"Satu padatan lingkar untuk pemakaian 8, 10, 12 jam",-
22158,7440,726,4,3 - 4,l/ha
22159,7440,726,35,3 - 4,l/ha
22160,7440,726,153,3 - 4,l/ha
22161,7440,726,24,3 - 4,l/ha
22162,7440,726,30,3 - 4,l/ha
22163,7440,726,405,3 - 4,l/ha
22164,7441,2,386,1,ml/l
22165,7441,10,205,2,ml/l
22166,7442,9,1083,"0,75 - 1,5",l/ha
22167,7442,9,74,,-
22168,7442,9,100,"0,75 - 1,5",l/ha
22169,7442,9,112,"0,75 - 1,5",l/ha
22170,7444,79,2057,3,ml/l
22171,7445,42,2058,3 -4,l/ha
22172,7445,42,1666,3 -4,l/ha
22173,7445,61,2059,1-2,l/ha
22174,7445,61,2060,1-2,l/ha
22175,7445,61,9,1-2,l/ha
22176,7445,61,30,1-2,l/ha
22177,7445,6,2061,2.25 - 3,l/ha
22178,7445,6,2062,2.25 - 3,l/ha
22179,7445,6,2063,2.25 - 3,l/ha
22180,7445,6,2064,2.25 - 3,l/ha
22181,7446,7,35,,-
22182,7446,7,69,,-
22183,7446,7,791,,-
22184,7446,7,34,"1,5 - 3",l/ha
22185,7446,7,31,,-
22186,7446,7,6,"1,5 - 3",l/ha
22187,7446,7,9,,-
22188,7447,4,817,1,g/l
22189,7448,132,124,,-
22190,7448,132,18,,-
22191,7448,132,91,,-
22192,7448,132,92,,-
22193,7448,132,195,,-
22194,7449,14,939,"0,75 - 1,5",l/ha
22195,7449,14,88,"0,75 - 1,5",l/ha
22196,7449,14,70,"0,75 - 1,5",l/ha
22197,7450,4,81,2,ml/l
22198,7451,29,64,-,
22199,7452,10,4,"1,5-3",l/ha
22200,7452,10,9,"1,5-3",l/ha
22201,7452,10,6,,-
22202,7452,6,36,3-4,l/ha
22203,7452,6,30,3-4,l/ha
22204,7452,6,9,,-
22205,7453,3,2065,95,%
22206,7456,55,254,0.5,ml/l
22207,7457,4,45,3,g/l
22208,7458,11,46,2,g/l
22209,7460,2,10,0.75,ml/l
22210,7461,10,226,2,g/l
22211,7461,3,14,"1,5",g/l
22212,7461,36,170,"0,5",g/l
22213,7461,11,142,1,g/l
22214,7461,11,1594,1,g/l
22215,7461,55,254,"0,5",g/l
22216,7463,9,39,,-
22217,7463,9,41,50 - 150,ml/ha
22218,7463,9,150,,-
22219,7463,9,40,,-
22220,7463,9,82,,-
22221,7463,9,2,50 - 150,ml/ha
22222,7463,9,79,,-
22223,7463,9,95,50 - 150,ml/ha
22224,7463,9,74,,-
22225,7464,109,190,"1,5-2,5",l/ha
22226,7464,109,6,"1,5-2,5",l/ha
22227,7464,109,30,"1,5-2,5",l/ha
22228,7464,109,9,"1,5-2,5",l/ha
22229,7464,109,36,"1,5-2,5",l/ha
22230,7464,109,35,"1,5-2,5",l/ha
22231,7464,57,71,1-2,l/ha
22232,7464,57,4,1-2,l/ha
22233,7464,57,2066,1-2,l/ha
22234,7464,57,6,1-2,l/ha
22235,7464,57,190,1-2,l/ha
22236,7464,57,9,1-2,l/ha
22237,7464,57,8,1-2,l/ha
22238,7465,3,74,200 – 400,ml/ha
22239,7465,3,90,200 – 400,ml/ha
22240,7465,3,39,300 - 400,ml/ha
22241,7465,3,40,400 – 500,ml/ha
22242,7465,3,82,400 – 500,ml/ha
22243,7465,3,79,300 - 400,ml/ha
22244,7465,396,39,150 – 300,ml/ha
22245,7465,396,41,150 – 300,ml/ha
22246,7465,396,82,150 – 300,ml/ha
22247,7466,40,103,"0,5",g/l
22248,7466,74,103,"0,5",g/l
22249,7466,74,2067,"0,75",g/l
22250,7466,4,106,"0,5",g/l
22251,7466,4,102,"0,375",g/l
22252,7466,28,164,"0,5",g/l
22253,7466,28,318,"0,5",g/l
22254,7466,30,103,"0,5",g/l
22255,7466,103,2068,"0,125",g/l
22256,7466,371,484,"0,25",g/l
22257,7466,79,483,"0,75",g/l
22258,7466,79,670,"0,75",g/l
22259,7466,10,281,"0,75",g/l
22260,7466,10,281,"2,5",g/l
22261,7466,73,101,"0,5",g/l
22262,7466,52,486,1,g/l
22263,7466,52,485,1,g/l
22264,7466,14,2069,"0,125",g/l
22265,7466,14,346,"0,375",g/l
22266,7466,51,435,"0,375",g/l
22267,7466,13,572,3,g/l/pohon
22268,7466,13,387,"0,2",g/l
22269,7466,380,474,"0,125",g/l
22270,7466,2,311,"0,25",g/l
22271,7466,2,188,"2,5 g/l",g/l
22272,7466,2,188,1,g/l
22273,7466,2,1032,1,g/l
22274,7466,2,1480,"0,5",g/l
22275,7466,50,10,"0,375",g/l
22276,7466,45,1028,"0,375",g/l
22277,7466,140,392,"0,375",g/l
22278,7466,36,1355,"0,5",g/l
22279,7466,27,2070,150,g/ha
22280,7466,27,478,"0,125",g/l
22281,7466,27,103,"0,125",g/l
22282,7466,33,480,"0,5",g/l
22283,7466,58,1374,"0,125",g/l
22284,7466,20,488,"0,125",g/l
22285,7467,3,14,2,ml/l
22286,7468,8,57,1 - 3,l/ha
22287,7468,8,6,,-
22288,7468,8,9,,-
22289,7468,8,34,,-
22290,7468,8,38,1 - 3,l/ha
22291,7468,8,4,,-
22292,7469,71,9,,-
22293,7469,71,6,,-
22294,7469,71,66,"1 - 1,5",l/ha
22295,7469,71,122,,-
22296,7470,14,81,1,ml/l
22297,7471,4,44,2,ml/l
22298,7472,81,2071,2,ml/l
22299,7473,2,2072,2,g/l
22300,7473,55,2073,1,g/l
22301,7473,4,2074,1,g/l
22302,7473,51,2075,2,g/l
22303,7473,28,2076,1,g/l
22304,7473,11,733,4,g/l
22305,7473,14,2077,1,g/l
22306,7473,10,2078,4,g/l
22307,7473,30,2079,"1,5",g/l
22308,7474,3,10,"1,5",ml/l
22309,7475,11,46,"1,5",g/l
22310,7476,727,9,,-
22311,7476,727,6,,-
22312,7476,727,66,"1 - 1,75",l/ha
22313,7476,727,116,,
22314,7477,37,231,,-
22315,7477,37,91,,-
22316,7477,37,92,,-
22317,7478,51,137,"1,5",ml/l
22318,7479,37,92,,-
22319,7479,37,91,,
22320,7480,4,44,1,ml/l
22321,7481,37,91,10 -15,ml/l
22322,7481,37,92,10 - 15,ml/l
22323,7482,3,79,"0,75 – 1,5",l/ha
22324,7482,3,88,"0,75 – 1,5",l/ha
22325,7482,3,100,"0,75 – 1,5",l/ha
22326,7482,3,147,"0,75 – 1,5",l/ha
22327,7482,3,37,"0,75 – 1,5",l/ha
22328,7483,4,81,2,ml/l
22329,7483,51,1012,2,ml/l
22330,7483,51,137,2,ml/l
22331,7484,18,65,"0,6 - 1,5",l/ha
22332,7484,18,58,"0,6 - 1,5",l/ha
22333,7484,18,408,"0,6 - 1,5",l/ha
22334,7485,7,6,,-
22335,7485,7,26,75 - 150,ml/ha
22336,7485,7,24,,-
22337,7485,7,76,,
22338,7485,7,2080,75 - 150,ml/ha
22339,7485,7,69,,-
22340,7485,7,4,,-
22341,7486,728,569,"0,25",briket/20m2
22342,7487,116,134,,
22343,7487,116,41,,-
22344,7487,116,830,"1,5 - 3",l/ha
22345,7487,116,42,,-
22346,7487,116,95,1.5 - 3,l/ha
22347,7487,116,74,1.5 - 3,l/ha
22348,7489,37,92,,
22349,7489,37,194,,
22350,7489,37,231,-,-
22351,7491,8,52,"0,9 - 2,1",l/ha
22352,7491,8,9,"0,9 - 2,1",l/ha
22353,7491,8,66,"0,9 - 2,1",l/ha
22354,7491,8,6,"0,9 - 2,1",
22355,7491,8,58,"0,9 - 2,1",l/ha
22356,7493,729,64,0,%
22357,7494,37,124,,-
22358,7494,37,18,,
22359,7495,9,95,100 - 120,g/ha
22360,7495,9,74,,-
22361,7495,9,100,100 - 120,g/ha
22362,7495,9,42,,-
22363,7495,9,39,,-
22364,7495,9,41,,-
22365,7495,9,2081,,-
22366,7495,9,2082,,-
22367,7495,9,40,100 - 120,g/ha
22368,7495,9,1132,,-
22369,7496,8,35,"1,5 - 3,5",l/ha
22370,7496,8,51,,-
22371,7496,8,38,,-
22372,7496,8,69,,-
22373,7496,8,36,,-
22374,7496,8,6,"1,5 - 3,5",l/ha
22375,7496,8,9,,-
22376,7496,8,57,,-
22377,7496,8,66,,-
22378,7496,8,58,,-
22379,7497,730,195,"1,5",g/l
22380,7497,730,231,1,g/m2
22381,7497,730,253,2,g/l
22382,7497,730,92,1,g/l
22383,7497,730,91,6,g/l
22384,7499,11,46,1,g/l
22385,7500,118,2083,75,kg/ha
22386,7501,4,81,2,ml/l
22387,7504,3,74,1.5 - 2.5,l/ha
22388,7504,3,42,1.5 - 2.5,l/ha
22389,7504,3,97,1.5 - 2.5,l/ha
22390,7505,152,2084,-,-
22391,7506,29,64,,
22392,7507,11,2085,1,ml/l
22393,7510,2,448,1,ml/l
22394,7511,3,14,2,g/l
22395,7512,14,50,2,g/l
22396,7513,79,1194,0.5,ml/l
22397,7514,4,1436,"0,375",ml/l
22398,7515,37,124,,-
22399,7515,37,18,,-
22400,7516,14,111,1,ml/l
22401,7517,10,43,1.5,ml/l
22402,7518,2,10,1,ml/l
22403,7519,1,4,"2,25 -3",l/ha
22404,7519,1,66,"2,25 -3",l/ha
22405,7519,1,9,"2,25 -3",l/ha
22406,7520,9,41,,-
22407,7520,9,39,,-
22408,7520,9,40,,-
22409,7520,9,42,,-
22410,7520,9,70,,-
22411,7520,9,243,"0,75 - 1,75",l/ha
22412,7521,111,47,3.75,ml/l
22413,7521,111,47,0.5,ml/l
22414,7521,111,47,0.5,ml/l
22415,7522,34,33,,-
22416,7522,34,9,"2,5 - 3",liter/ha
22417,7522,34,76,,-
22418,7523,82,3,"2,25 - 3,75",l/ha
22419,7524,29,64,-,%
22420,7525,8,36,,-
22421,7525,8,35,1-2,l/ha
22422,7525,8,34,,-
22423,7525,8,30,1-2,l/ha
22424,7525,8,6,,-
22425,7526,4,1147,1,ml/l
22426,7527,18,254,300,g/ha
22427,7528,1,6,1-2,kg/ha
22428,7528,1,2086,1-2,kg/ha
22429,7528,1,9,1-2,kg/ha
22430,7528,1,69,1-2,kg/ha
22431,7528,1,4,1-2,kg/ha
22432,7530,11,81,"0,375 - 0,5",ml/l
22433,7530,11,121,"0,5",ml/l
22434,7530,3,83,1,ml/l
22435,7530,3,14,1,ml/l
22436,7530,4,44,"0,75",ml/l
22437,7531,396,74,1250 - 2000,ml/ha
22438,7531,396,95,1250 - 2000,ml/ha
22439,7531,396,79,1250 - 2000,ml/ha
22440,7531,396,82,1250 - 2000,ml/ha
22441,7531,396,42,1250 - 2000,ml/ha
22442,7531,396,41,1250 - 2000,ml/ha
22443,7531,396,407,1250 - 2000,ml/ha
22444,7531,116,41,1250 - 2000,ml/ha
22445,7531,116,79,1250 - 2000,ml/ha
22446,7531,116,82,1250 - 2000,ml/ha
22447,7531,116,74,1250 - 2000,ml/ha
22448,7531,116,95,1250 - 2000,ml/ha
22449,7532,261,781,tidak tersedia untuk ekspor,g/l
22450,7533,129,365,Izin Tetap Ulang Bahan Teknis,-
22451,7534,304,18,"Satu padatan lingkar untuk pemakaian 8, 10, 12 jam",-
22452,7534,304,124,"Satu padatan lingkar untuk pemakaian 8, 10, 12 jam",-
22453,7535,14,2087,2 ml/l/air/aplikasi,-
22454,7536,14,121,1.5,g/l
22455,7537,4,44,1,ml/l
22456,7538,132,231,,-
22457,7539,8,38,3 - 6,l/ha
22458,7539,8,36,3 - 6,l/ha
22459,7539,8,34,3 - 6,l/ha
22460,7539,8,9,3 - 6,l/ha
22461,7539,8,52,3 - 6,l/ha
22462,7539,8,158,3 - 6,l/ha
22463,7539,8,66,5 - 6,l/ha
22464,7540,10,317,"1,5",g/l
22465,7542,132,195,,-
22466,7542,132,92,,-
22467,7542,132,91,,-
22468,7542,132,18,,-
22469,7542,132,124,,-
22470,7542,132,231,,-
22471,7543,29,64,,
22472,7544,4,44,"0,75",ml/l
22473,7545,14,50,1,ml/l
22474,7546,37,18,,-
22475,7546,37,124,,-
22476,7547,132,124,,-
22477,7547,132,18,,-
22478,7548,124,91,Secukupnya,-
22479,7548,124,92,Secukupnya,-
22480,7548,124,18,Secukupnya,-
22481,7548,124,124,Secukupnya,-
22482,7548,124,195,Secukupnya,-
22483,7549,132,195,-,-
22484,7549,132,92,-,-
22485,7549,132,91,-,-
22486,7549,132,18,-,-
22487,7549,132,124,-,-
22488,7550,4,81,"0,5",ml/l
22489,7550,4,44,"0,5",ml/l
22490,7550,14,109,0.5,ml/l
22491,7550,40,2088,1.5 - 2,ml/l
22492,7550,11,213,1.5 - 2,ml/l
22493,7551,8,38,2.25 - 3.75,l/ha
22494,7551,8,235,2.25 - 3.75,l/ha
22495,7551,8,58,2.25 - 3.75,l/ha
22496,7551,8,66,2.25 - 3.75,l/ha
22497,7551,106,38,2.25 - 3.75,l/ha
22498,7551,106,34,2.25 - 3.75,l/ha
22499,7551,106,65,2.25 - 3.75,l/ha
22500,7551,106,543,2.25 - 3.75,l/ha
22501,7551,106,2089,2.25 - 3.75,l/ha
22502,7552,2,10,2,ml/l
22503,7552,2,188,2,ml/l
22504,7554,51,1091,1,ml/l
22505,7555,27,179,1,ml/l
22506,7555,27,528,1,ml/l
22507,7555,30,992,1,ml/l
22508,7556,8,54,,-
22509,7556,8,95,"2,25 - 3,75",l/ha
22510,7556,8,3,,-
22511,7556,8,35,,-
22512,7556,8,34,"2,25 - 3,75",l/ha
22513,7556,8,51,,-
22514,7556,8,38,,-
22515,7556,8,116,"2,25 - 3,75",l/ha
22516,7556,8,58,,-
22517,7556,8,66,,-
22518,7556,8,9,,-
22519,7556,8,6,,-
22520,7557,14,109,1.0,ml/l
22521,7558,55,9,50-100,g/ha
22522,7558,55,2090,50-100,g/ha
22523,7559,4,44,1,ml/l
22524,7560,444,825,-,-
22525,7561,37,124,siap pakai,-
22526,7561,37,18,siap pakai,-
22527,7562,4,81,1,g/l
22528,7562,4,44,1,g/l
22529,7563,3,74,"7,5 - 10",g/ha
22530,7563,3,112,"7,5 - 10",g/ha
22531,7563,3,42,"7,5 - 10",g/ha
22532,7563,3,97,"7,5 - 10",g/ha
22533,7563,21,57,100-175,g/ha
22534,7563,21,6,100-175,g/ha
22535,7563,21,9,100-175,g/ha
22536,7563,21,1198,100-175,g/ha
22537,7563,6,66,75 - 150,g/ha
22538,7563,6,9,75 - 150,g/ha
22539,7565,2,188,"1,5",ml/l
22540,7565,2,10,1,ml/l
22541,7565,2,448,"1,5",ml/l
22542,7565,2,386,"1,5",ml/l
22543,7566,14,109,"0,5",ml/l
22544,7567,3,72,"0,5",g/l
22545,7568,37,18,,-
22546,7568,37,124,,-
22547,7568,37,195,,-
22548,7568,37,92,,-
22549,7568,37,91,,-
22550,7569,72,18,1 tablet / 100 L air,-
22551,7569,72,124,1 tablet / 100 L air,-
22552,7569,72,569,1 tablet / 100 L air,-
22553,7570,3,206,,
22554,7571,6,35,,-
22555,7571,6,38,2 - 4,l/ha
22556,7571,6,66,2 - 4,l/ha
22557,7571,6,52,,-
22558,7572,10,281,"0,5",ml/l
22559,7574,4,35,,-
22560,7574,4,82,,-
22561,7574,4,69,"1,5 - 3",l/ha
22562,7574,4,94,,-
22563,7574,4,36,,-
22564,7575,4,44,"1,5",g/l
22565,7576,10,43,2,ml/l
22566,7578,3,42,,-
22567,7578,3,39,"1,5 - 3",l/ha
22568,7578,3,82,"1,5 - 3",l/ha
22569,7578,3,95,,-
22570,7578,3,74,"1,5 - 3",l/ha
22571,7579,7,30,100 - 300,ml/ha
22572,7579,7,6,,-
22573,7579,7,9,,-
22574,7579,7,128,,
22575,7579,7,69,100 - 300,ml/ha
22576,7580,275,839,-,
22577,7582,47,9,"1,5 - 2",l/ha
22578,7582,47,38,"1,5 - 2",l/ha
22579,7582,47,34,"1,5 - 2",l/ha
22580,7582,17,3,"2 - 3,5",l/ha
22581,7582,17,901,"2 - 3,5",l/ha
22582,7582,17,51,"2 - 3,5",l/ha
22583,7582,17,2091,"1,5 - 2,5",l/ha
22584,7582,42,2092,2 - 3,l/ha
22585,7582,42,34,2 - 3,l/ha
22586,7582,42,2093,2 - 3,l/ha
22587,7582,42,3,2 - 3,l/ha
22588,7583,2,188,2,g/l
22589,7584,432,51,,-
22590,7584,432,51,"1,5 - 3",l/ha
22591,7584,432,38,,-
22592,7584,432,35,,-
22593,7584,432,3,,-
22594,7584,432,6,,-
22595,7584,432,52,,-
22596,7584,432,9,,-
22597,7584,432,122,,-
22598,7584,432,30,,-
22599,7584,432,445,"1,5 - 3",l/ha
22600,7584,432,54,,-
22601,7584,432,74,"1,5 - 3",l/ha
22602,7585,79,2094,"0,15 ml/l air/aplikasi",
22603,7586,51,123,2,ml/l
22604,7587,2,188,1,g/l
22605,7588,7,9,1 - 3,l/ha
22606,7588,7,445,,-
22607,7588,7,33,,-
22608,7588,7,24,,-
22609,7588,7,2095,,-
22610,7588,7,94,1 - 3,l/ha
22611,7588,7,4,,-
22612,7588,7,69,,-
22613,7589,238,762,0,%
22614,7590,29,64,,
22615,7591,132,2096,,
22616,7591,132,1375,,
22617,7591,132,231,,-
22618,7591,132,2097,,
22619,7592,331,344,2,ml/l
22620,7593,29,64,0,ml/l
22621,7594,3,10,0.75,ml/l
22622,7595,8,51,,-
22623,7595,8,38,1.5 - 2,l/ha
22624,7595,8,6,1.5 - 2,l/ha
22625,7595,8,66,,-
22626,7596,28,16,1.5,ml/l
22627,7596,11,561,0.4,ml/l
22628,7596,11,16,1.2,ml/l
22629,7596,4,16,1.5,ml/l
22630,7596,4,561,0.4,ml/l
22631,7596,27,996,0.9,ml/l
22632,7597,55,254,2,ml/l
22633,7597,51,45,1,ml/l
22634,7601,3,473,3-4,ml/l
22635,7602,110,325,20,ml/pohon
22636,7602,51,123,0.75,ml/l
22637,7602,51,184,1,ml/l
22638,7602,2,352,3,ml/l
22639,7602,2,323,3,ml/l
22640,7602,2,14,3,ml/l
22641,7602,11,121,1,ml/l
22642,7602,45,73,3,ml/l
22643,7603,14,2098,"375 ml/ha/aplikasi 9, 16 dan 30 HST",ml/ha
22644,7605,44,2099,2,ml/l
22645,7606,9,74,,-
22646,7606,9,127,,-
22647,7606,9,95,"1,5 - 3",kg/ha
22648,7606,9,134,,-
22649,7606,9,41,"1,5 - 3",kg/ha
22650,7606,9,39,,-
22651,7606,9,42,,-
22652,7606,9,40,,-
22653,7606,9,35,,-
22654,7606,9,79,"1,5 - 3",kg/ha
22655,7606,9,82,,-
22656,7608,158,436,-,
22657,7609,51,45,"0,5",ml/l
22658,7610,28,164,2,ml/l
22659,7610,4,1627,2,ml/l
22660,7610,4,102,2,ml/l
22661,7611,14,109,2,ml/l
22662,7612,44,118,0.8,ml/l
22663,7613,261,781,tidak tersedia untuk ekspor,g/l
22664,7614,37,18,40 ml/m2 (sd. Minggu ke-8),-
22665,7614,37,609,40 ml/m2 (sd. Minggu ke-8),-
22666,7615,2,14,1.5,ml/l
22667,7616,2,83,2,ml/l
22668,7617,7,824,1.125 - 2.250,l/ha
22669,7617,7,6,1.125 - 2.250,l/ha
22670,7617,7,235,1.125 - 2.250,l/ha
22671,7617,7,38,1.125 - 2.250,l/ha
22672,7618,28,23,1,ml/l
22673,7619,401,294,150-200,ml/ha
22674,7619,401,39,150-200,ml/ha
22675,7619,401,89,150-200,ml/ha
22676,7619,401,150,150-200,ml/ha
22677,7619,401,127,150-200,ml/ha
22678,7619,401,95,150-200,ml/ha
22679,7619,401,2,150-200,ml/ha
22680,7619,401,147,150-200,ml/ha
22681,7619,401,79,150-200,ml/ha
22682,7619,401,37,175-250,ml/ha
22683,7619,731,127,150-200,ml/ha
22684,7619,731,39,150-200,ml/ha
22685,7619,731,150,150-200,ml/ha
22686,7619,731,248,150-200,ml/ha
22687,7619,731,2,150-200,ml/ha
22688,7619,731,79,150-200,ml/ha
22689,7619,731,37,150-200,ml/ha
22690,7619,732,2,150-200,ml/ha
22691,7619,732,79,150-200,ml/ha
22692,7619,732,95,150-200,ml/ha
22693,7619,732,127,150-200,ml/ha
22694,7619,732,2,150-200,ml/ha
22695,7619,732,39,150-200,ml/ha
22696,7619,732,112,150-200,ml/ha
22697,7619,732,150,150-200,ml/ha
22698,7619,732,41,150-200,ml/ha
22699,7621,733,106,1,ml/l
22700,7622,7,6,,-
22701,7622,7,24,75 – 150,ml/ha
22702,7622,7,128,75 – 150,ml/ha
22703,7622,7,69,,-
22704,7623,7,54,300 - 600,ml/ha
22705,7623,7,69,300 - 600,ml/ha
22706,7623,7,4,300 - 600,ml/ha
22707,7623,7,2100,300 - 600,ml/ha
22708,7623,7,9,300 - 600,ml/ha
22709,7623,7,2101,300 - 600,ml/ha
22710,7624,55,207,9,gr/Pohon
22711,7625,3,72,375,g/ha
22712,7626,6,66,,
22713,7626,6,6,"0,625 - 0,75",l/ha
22714,7626,6,25,,
22715,7626,6,52,,-
22716,7626,6,38,"0,625 - 0,75",l/ha
22717,7626,6,35,,-
22718,7629,11,46,2,g/l
22719,7630,132,124,100,ml/ha
22720,7630,132,569,100,ml/ha
22721,7631,11,4,,-
22722,7631,11,69,"0,25 - 0,5",kg/ha
22723,7631,11,112,"0,25 - 0,5",kg/ha
22724,7633,11,46,"1,5",g/l
22725,7634,73,121,"1,6",ml/l
22726,7634,28,121,"1,6",ml/l
22727,7634,14,111,"1,6",ml/l
22728,7635,14,111,1.5,ml/l
22729,7636,2,83,800 g/ha (1000 tablet/ha),
22730,7636,2,681,800 g/ha (1000 tablet/ha),-
22731,7637,20,84,1,ml/l
22732,7637,2,12,2,ml/l
22733,7637,2,675,4,ml/l
22734,7637,2,120,2,ml/l
22735,7637,2,114,2,ml/l
22736,7637,2,14,3,ml/l
22737,7637,2,11,2,ml/l
22738,7637,269,816,2,ml/l
22739,7637,269,2102,2,ml/l
22740,7637,52,528,2,ml/l
22741,7637,36,170,2,ml/l
22742,7637,51,137,2,ml/l
22743,7637,51,519,2,ml/l
22744,7637,51,636,2,ml/l
22745,7637,51,159,1,ml/l
22746,7637,51,123,"1,5",ml/l
22747,7637,51,251,1,ml/l
22748,7638,83,1809,3,ml/l
22749,7638,83,467,3,ml/l
22750,7639,2,83,2,ml/l
22751,7640,3,2103,1,ml/l
22752,7642,221,6,4 - 5,l/ha
22753,7642,221,9,4 - 5,l/ha
22754,7642,221,38,4 - 5,l/ha
22755,7642,221,51,4 - 5,l/ha
22756,7643,4,23,"0,4",ml/l
22757,7644,8,38,,-
22758,7644,8,69,"1,5 - 3",l/ha
22759,7644,8,34,,-
22760,7644,8,36,,-
22761,7644,8,58,"1,5 - 3",l/ha
22762,7644,8,57,,-
22763,7644,8,6,,-
22764,7644,8,66,,-
22765,7644,8,9,,-
22766,7645,248,2104,1 ml/l air/pohon,-
22767,7646,14,111,1,ml/l
22768,7647,3,40,"1,5 - 2,5",l/ha
22769,7647,3,41,"1,5 - 2,5",l/ha
22770,7647,3,149,"1,5 - 2,5",l/ha
22771,7647,3,134,"1,5 - 2,5",l/ha
22772,7647,3,74,"1,5 - 2,5",l/ha
22773,7648,29,64,-,-
22774,7649,8,6,"1,5 - 3",kg/ha
22775,7649,8,9,,-
22776,7649,8,3,,-
22777,7649,8,35,"1,5 - 3",kg/ha
22778,7650,734,124,200,ml/ha
22779,7650,734,569,200,ml/ha
22780,7651,735,4,1.25 - 1.5,kg/ha
22781,7651,735,24,1.25 - 1.5,kg/ha
22782,7651,735,27,1.5,kg/ha
22783,7652,2,188,2,ml/l
22784,7653,2,14,"0,75",l/ha
22785,7653,2,83,1,l/ha
22786,7654,4,106,"0,3",g/l
22787,7655,11,80,3,g/l
22788,7656,11,164,"0,5",kg/ha
22789,7656,11,46,"0,5",kg/ha
22790,7657,111,47,"3,125",ml/l
22791,7658,11,2105,2,g/l
22792,7659,6,58,"1,5 - 3",l/ha
22793,7659,6,116,,-
22794,7659,6,3,"1,5 - 3",l/ha
22795,7659,6,128,,
22796,7660,14,50,"0,5",kg/ha
22797,7661,680,82,"3 - 4,5",l/ha
22798,7661,680,79,,-
22799,7661,680,41,,-
22800,7661,680,77,,-
22801,7661,680,42,"3 - 4,5",l/ha
22802,7661,680,74,"3 - 4,5",l/ha
22803,7662,35,4,1.5 - 3,kg/ha
22804,7662,35,69,1.5 - 3,kg/ha
22805,7662,35,415,1.5 - 3,kg/ha
22806,7662,35,6,1.5 - 3,kg/ha
22807,7662,35,153,1.5 - 3,kg/ha
22808,7662,35,30,1.5 - 3,kg/ha
22809,7662,35,122,1.5 - 3,kg/ha
22810,7662,35,1660,1.5 - 3,kg/ha
22811,7664,135,374,Tidak Ada,
22812,7665,3,10,1,ml/l
22813,7666,4,106,"1,5",ml/l
22814,7667,736,25,400 – 800,g/ha
22815,7667,736,29,400 – 800,g/ha
22816,7667,736,27,400 – 800,g/ha
22817,7667,736,76,400 – 800,g/ha
22818,7667,736,2106,400 – 800,g/ha
22819,7667,736,722,400 – 800,g/ha
22820,7667,736,9,400 – 800,g/ha
22821,7667,736,70,400 – 800,g/ha
22822,7668,4,45,1,ml/l
22823,7669,37,18,,-
22824,7669,37,124,,-
22825,7670,3,14,1.5,g/l
22826,7671,45,251,1.5,ml/l
22827,7672,8,8,2 - 4,l/ha
22828,7672,8,6,2 - 4,l/ha
22829,7672,8,9,2 - 4,l/ha
22830,7672,8,30,2 - 4,l/ha
22831,7672,8,4,2 - 4,l/ha
22832,7672,8,35,2 - 4,l/ha
22833,7672,8,38,2 - 4,l/ha
22834,7672,8,1295,2 - 4,l/ha
22835,7673,14,109,3,ml/l
22836,7673,4,45,3,ml/l
22837,7674,238,762,0,-
22838,7675,3,14,2,g/l
22839,7676,111,47,5,ml/l
22840,7676,111,326,5,ml/l
22841,7677,37,124,,-
22842,7677,37,18,,-
22843,7678,48,35,,-
22844,7678,48,38,"1,5 - 3",l/ha
22845,7678,48,25,,-
22846,7678,48,130,,-
22847,7678,48,52,,-
22848,7678,48,57,,-
22849,7678,48,6,"1,5 - 3",l/ha
22850,7679,3,14,2,ml/l
22851,7680,14,284,2,g/l
22852,7681,34,9,1-3,l/ha
22853,7681,34,2107,1-3,l/ha
22854,7681,34,71,1-3,l/ha
22855,7681,34,939,1-3,l/ha
22856,7681,34,1805,1-3,l/ha
22857,7682,3,10,1.5,g/l
22858,7683,37,124,,-
22859,7683,37,18,,-
22860,7685,14,109,"1,5",ml/l
22861,7686,13,2108,"0,45",gr/Pohon
22862,7687,14,269,1,ml/l
22863,7687,14,109,1,ml/l
22864,7688,4,45,3,ml/l
22865,7689,3,14,0.75-1,g/l
22866,7690,6,2109,2 - 4,l/ha
22867,7690,6,9,,
22868,7690,6,35,,
22869,7690,6,38,2 - 4,l/ha
22870,7691,44,118,2,ml/l
22871,7691,44,119,2,ml/l
22872,7692,2,14,"0,5",g/l
22873,7693,44,265,3,kg/ha
22874,7694,34,1199,"1,5 - 2",l/ha
22875,7694,34,70,"1,5 - 2",l/ha
22876,7694,34,30,"1,5 - 2",l/ha
22877,7694,34,69,"1,5 - 2",l/ha
22878,7694,34,2,"1,5 - 2",l/ha
22879,7695,64,172,2 tablet/ton,-
22880,7695,64,2110,,
22881,7695,64,171,,
22882,7696,7,69,"0,75 - 1,5",l/ha
22883,7696,7,398,"0,75 - 1,5",l/ha
22884,7696,7,128,"0,75 - 1,5",l/ha
22885,7696,7,88,"0,75 - 1,5",l/ha
22886,7696,7,4,"0,75 - 1,5",l/ha
22887,7696,7,1005,"0,75 - 1,5",l/ha
22888,7696,7,54,"0,75 - 1,5",l/ha
22889,7696,7,656,"0,75 - 1,5",l/ha
22890,7696,7,27,"0,75 - 1,5",l/ha
22891,7696,7,2111,"0,75 - 1,5",l/ha
22892,7696,7,25,"0,75 - 1,5",l/ha
22893,7696,7,6,"0,75 - 1,5",l/ha
22894,7696,7,2112,"0,75 - 1,5",l/ha
22895,7696,7,24,"0,75 - 1,5",l/ha
22896,7697,6,66,"1 - 1,5",l/ha
22897,7697,6,6,"1 - 1,5",l/ha
22898,7697,6,38,"1 - 1,5",l/ha
22899,7697,6,36,"1 - 1,5",l/ha
22900,7698,14,2113,"0,1750",g/l
22901,7699,2,14,2,ml/l
22902,7700,7,9,,-
22903,7700,7,30,"1,125 - 2,5",l/ha
22904,7700,7,74,"1,125 - 2,5",l/ha
22905,7700,7,4,"1,125 - 2,5",l/ha
22906,7701,18,25,,-
22907,7701,18,130,"1,25 - 1,5",l/ha
22908,7701,18,6,,-
22909,7701,18,57,,-
22910,7701,18,38,"1,25 - 1,5",l/ha
22911,7701,18,34,,-
22912,7702,14,269,2,ml/l
22913,7703,2,2114,0.5,g/l
22914,7703,2,14,0.5,g/l
22915,7704,45,2050,"0,5",ml/l
22916,7704,51,2050,"0,5",ml/l
22917,7704,14,109,1,ml/l
22918,7704,14,269,"0,5",ml/l
22919,7704,44,118,"0,5",ml/l
22920,7704,28,45,"0,4",ml/l
22921,7704,10,43,"0,375",ml/l
22922,7704,4,45,"0,5",ml/l
22923,7704,4,44,"0,625",ml/l
22924,7706,8,1754,100 - 175,g/ha
22925,7706,8,66,100 - 175,g/ha
22926,7706,8,57,100 - 175,g/ha
22927,7706,8,6,100 - 175,g/ha
22928,7706,8,9,100 - 175,g/ha
22929,7707,3,188,1.5,ml/l
22930,7707,14,50,0.75,ml/l
22931,7708,243,18,,-
22932,7708,243,124,,-
22933,7709,32,69,"1,5 - 3",kg/ha
22934,7709,32,4,"1,5 - 3",kg/ha
22935,7709,32,6,"1,5 - 3",kg/ha
22936,7709,32,9,"1,5 - 3",kg/ha
22937,7709,32,24,"1,5 - 3",kg/ha
22938,7709,32,30,"1,5 - 3",kg/ha
22939,7711,67,206,,-
22940,7712,50,45,2,ml/l
22941,7713,30,2115,16 ml/l air/pohon,-
22942,7715,4,44,1,ml/l
22943,7716,3,2116,"0,75",ml/l
22944,7717,10,2117,,-
22945,7717,10,2118,,-
22946,7717,10,55,"1,5 - 2",l/ha
22947,7717,10,2119,,-
22948,7717,10,2120,"1,5 - 2",l/ha
22949,7717,10,2121,,-
22950,7717,10,2122,,-
22951,7717,10,2123,"1,5 - 2",l/ha
22952,7717,10,2124,,-
22953,7718,37,18,,
22954,7718,37,569,,
22955,7718,37,124,,
22956,7719,1,29,"1,5 - 2",l/ha
22957,7719,1,1192,"1,5 - 2",l/ha
22958,7719,1,2125,"1,5 - 2",l/ha
22959,7719,1,6,"1,5 - 2",l/ha
22960,7719,1,9,"1,5 - 2",l/ha
22961,7719,1,26,"1,5 - 2",l/ha
22962,7720,37,124,,-
22963,7720,37,18,,
22964,7721,34,41,,
22965,7721,34,79,"1 - 1,5",l/ha
22966,7721,34,134,,
22967,7721,34,95,,
22968,7721,34,74,"1 - 1,5",l/ha
22969,7722,64,171,,-
22970,7722,64,173,,-
