id,nama,perusahaan,jenis_pestisida,no_registrasi,tgl_terbit,tgl_berakhir
1,NORTHAM 480 SC,DELTAGRO MULIA SEJATI,Herbisida,01030120269427,2026-04-20,2031-04-20
2,RIOMAX 150/150 EC,AGRO NATURAL TECHNOLOGY,Fungisida,01020120093365,2024-03-05,2029-03-05
3,Plenum 50 WG,SYNGENTA INDONESIA,Insektisida,01010120093558,2024-03-05,2029-03-05
4,FICAZ 25 SP,ROYAL AGRO INDONESIA,Insektisida,01010120237998,2024-03-04,2029-03-04
5,ALFA 30 EC,KATAYA ABADI,Pestisida Pengendalian Vektor Penyakit Pada Manusia,06090120093514,2024-08-09,2029-08-09
6,TURBO UP GOLD 525 SL,BERBAK AGRO SEJATI,Herbisida,01030120124260,2022-10-04,2027-10-04
7,IGUANA 50 EC,DALZON CHEMICALS INDONESIA,Insektisida,01010120083193,2023-04-26,2028-04-26
8,ETEPHON 85 TC,CENTA BRASINDO ABADI CHEMICAL INDUSTRY,Zat Pengatur Tumbuh Tanaman,042018527,2023-02-08,2028-02-08
9,NUVATA 270 SL,ENFARM CROP SCIENCE,Herbisida,01030120258974,2025-09-26,2030-09-26
10,BERSIHTOP 200 SL,TIGA MUARA EMAS MAKMUR,Herbisida,01030120269339,2026-04-20,2031-04-20
11,DKNMC PLUS 750 SL,DANKEN INDONESIA,Herbisida,01030120248471,2024-11-18,2029-11-18
12,ULETE 30 EC,BERBAK AGRO SEJATI,Insektisida,01010120248337,2024-08-09,2029-08-09
13,CENTATIN 200 EC,CENTA BRASINDO ABADI CHEMICAL INDUSTRY,Insektisida,01010120072727,2022-06-27,2027-06-27
14,CHERIZEB 80 WP,ARENA AGRO UTAMA,Fungisida,01020120175677,2022-12-05,2027-12-05
15,PREVENTOL BO,BLUE CUBE INDONESIA,Pestisida lain-lain,0420241350,2024-11-18,2029-11-18
16,BIFTIN 50 SC,GONGCHENG BIOTECH INDONESIA,Bahan pengawet kayu,04110120269530,2026-07-16,2031-07-16
17,Prolatex 100 PA,AGRO SEJAHTERA INDONESIA,Zat Pengatur Tumbuh Tanaman,01040120083217,2024-03-05,2029-03-05
18,RED BELL 300 SC,SAKASAKI,Fungisida,01020120144917,2024-09-19,2029-09-19
19,ROUNDUP POWERMAX 660 SL,BAYER INDONESIA,Herbisida,01030120134713,2023-04-26,2028-04-26
20,ETRON 670 EC,ASIA GALA KIMIA,Herbisida,01030120134771,2023-08-28,2028-08-28
21,NUCLEO 20 SP,WAHANA PUNDIKARSA ABADI,Zat Pengatur Tumbuh Tanaman,01040120269611,2026-07-16,2031-07-16
22,NOVICURE-D 81 WG,UPL INDONESIA,Fungisida,01020120175916,2023-04-26,2028-04-26
23,GREYHUNTER 300/150 SC,SUNJOY AGRO INDONESIA,Fungisida,01020120238133,2024-03-05,2029-03-05
24,"2,4-D IPA 60 TC",ASIA GALA KIMIA,Herbisida,042001122,2025-07-11,2030-07-11
25,Propiconazole 95% TC.,SOLUSI TANI INDONESIA,Fungisida,0420231140,2023-04-26,2028-04-26
26,RAZOR 240 SL,CROP CARE INDONESIA,Herbisida,01030120031786,2025-09-26,2030-09-26
27,TRIBINZO 25/50 WG,TRIDA KIMIA SAKTI,Fungisida,01020120237823,2023-04-26,2028-04-26
28,EVERXONE 135 SL,INTI EVERSPRING INDONESIA,Herbisida,01030120227518,2022-12-05,2027-12-05
29,VERTIPLUS WP,PRIMA AGRO TECH,Insektisida,01010120237834,2023-04-26,2028-04-26
30,PRIMA-BUAH 250 SC,PRIMA KARYA BERJAYA,Zat Pengatur Tumbuh Tanaman,01040120258983,2025-09-26,2030-09-26
31,DRUMMER 85 WG,MULTI AGRO JAYA UTAMA,Herbisida,01030120248604,2025-02-17,2030-02-17
32,RAJA KEONG MAS 9 GR,PD. GARUDA,Moluskisida,01050120124512,2022-12-05,2027-12-05
33,BIOBAN™ 586 Antimicrobial,BLUE CUBE INDONESIA,Bakterisida,042017456,2024-03-04,2029-03-04
34,NIKOSULFURON 95 TC,MULTI AGRO JAYA UTAMA,Herbisida,0420231138,2023-04-26,2028-04-26
35,AGROFOS 480 EC,EXINDO RAHARJA PRATAMA,Insektisida,01010120124333,2022-10-04,2027-10-04
36,VUANK 120 EW,DELTA GIRI WACANA,Herbisida,01030120217226,2026-04-20,2031-04-20
37,JOTOS 490 EC,PETROSIDA GRESIK,Herbisida,01030120073050,2022-10-04,2027-10-04
38,CALIWA 75 WG,ZENITH CROPSCIENCES INDONESIA,Fungisida,01020120206820,2025-11-13,2030-11-13
39,ALAMO 350 SC,AGRICULTURE CONSTRUCTION,Insektisida,01010120083166,2023-04-26,2028-04-26
40,LARBAN 500/50 EC,TRIDA KIMIA SAKTI,Insektisida,01010120124476,2023-04-26,2028-04-26
41,TENURA 120/80 OD,KINGAGROOT BIOTECHNOLOGY INDONESIA,Herbisida,01030120269672,2026-07-16,2031-07-16
42,DIVATRIN 500 SC,MULTI SARANA INDOTANI,Herbisida,01030120093426,2023-04-26,2028-04-26
43,WINDA 250 SC,DA MING INDONESIA,Zat Pengatur Tumbuh Tanaman,01040120206882,2025-07-11,2030-07-11
44,ARJUNA 200 EC,BELIRANG KALISARI,Insektisida,01010120083219,2023-02-08,2028-02-08
45,NUPRID 600 FS,NUFARM INDONESIA,Insektisida,01010120155384,2025-02-17,2030-02-17
46,TERMIBAN 405 EC,PETROKIMIA KAYAKU,Insektisida,01010120114004,2024-09-19,2029-09-19
47,PETROGENOL 800 L,PETROKIMIA KAYAKU,Atraktan / Feromon,01070119941169,2024-03-05,2029-03-05
48,CARBOFURAN 3 GR,AGROTECH PESTICIDE INDUSTRY,Insektisida,032025584,2025-07-11,2030-07-11
49,ZETRO 75 WG,CATUR AGRODAYA MANDIRI,Fungisida,01020120186095,2024-03-04,2029-03-04
50,GROAMIN 865 SL,TUNASHARAPAN MURNI,Herbisida,01030119981435,2026-04-20,2031-04-20
51,"WHIMAS 0,05 RB",WIRAJAYA MITRA SUKSESTAMA,Pestisida Rumah Tangga,06080120227481,2022-10-04,2027-10-04
52,PARAQUAT DICHLORIDE 42 TC,CENTA BRASINDO ABADI CHEMICAL INDUSTRY,Herbisida,0420231196,2023-08-28,2028-08-28
53,Tinker 200/200 SC,TANAMAN MAKMUR MANDIRI,Fungisida,01020120227364,2022-06-27,2027-06-27
54,BLUEZEB 80 WP,EXCEL MEG INDO,Fungisida,01020120175890,2023-04-26,2028-04-26
55,HOKUTO 250 SC,UPL INDONESIA,Herbisida,01030120259217,2026-01-20,2031-01-20
56,SALVATORE PLUS 12/18 WP,DELTA GIRI WACANA,Herbisida,01030120237930,2023-08-28,2028-08-28
57,ATMAGA 20 SL,Agro Bumi Timur,Zat Pengatur Tumbuh Tanaman,01040120217020,2026-07-16,2031-07-16
58,TEBUCOZ 430 SC,ALBAUGH AGRO INDONESIA,Fungisida,01020120145025,2024-09-19,2029-09-19
59,OMNI-TRON 150 SL,PRIMA KARYA BERJAYA,Herbisida,01030120227441,2022-10-04,2027-10-04
60,PROTROBIN 300/100 EW,RAINBOW AGROSCIENCES,Fungisida,01020120238049,2024-03-04,2029-03-04
61,TAMARIS 240 SL,SARI KRESNA KIMIA,Herbisida,01030120001514,2024-09-19,2029-09-19
62,GHOXONE 138 SL,FORAGRO MITRA SEJATI,Herbisida,01030120196265,2024-08-09,2029-08-09
63,KANMULUS 80 WG,SARI KRESNA KIMIA,Fungisida,01020120021869,2025-09-26,2030-09-26
64,CHLOROTHALONIL 98 TC,DELTA GIRI WACANA,Fungisida,042021978,2026-04-20,2031-04-20
65,AVIZOL 60 EC,DELTA CHEMICA,Fungisida,01020120237846,2023-08-28,2028-08-28
66,TYSON 30 WG,WINNER AGROCHEM INTERNUSA,Insektisida,01010120227718,2023-02-08,2028-02-08
67,Innosei ® PHMB,TRITUNGGAL ARTHAMAKMUR,Bakterisida,0420221118,2023-02-08,2028-02-08
68,TUNTAS KEONG 15 WP,SAFE CHEMICAL INDONESIA,Moluskisida,01050120124532,2023-04-26,2028-04-26
69,PREVENTOL WB PLUS-L,KEMINDO ARTHA JAYA,Fungisida,0420231211,2023-08-28,2028-08-28
70,FURIZEB 80 WP,DITYA CHEMINDO,Fungisida,01020120175898,2022-12-05,2027-12-05
71,Supergib 50 SL,GRAHA AGRO,Zat Pengatur Tumbuh Tanaman,01040120237939,2023-08-28,2028-08-28
72,DKLUFEM 50 WG,DANKEN INDONESIA,Insektisida,01010120165429,2022-01-14,2027-01-14
73,"2,4-D 98 TC",PRIMA KARYA BERJAYA,Herbisida,032024568,2025-02-17,2030-02-17
74,ALANDA 50 EC,ADVANSIA INDOTANI,Insektisida,01010120113940,2026-01-20,2031-01-20
75,SMATZEB 80 WP,SOLUSI MAJU AGRO TANI,Fungisida,01020120258877,2025-07-11,2030-07-11
76,AJI-BAN 40/120 SC,AGRO JAYA INDUSTRI,Insektisida,01010120248350,2024-09-19,2029-09-19
77,HALORICE PLUS 60/25 EC,RAINBOW AGROSCIENCES,Herbisida,01030120227413,2022-10-04,2027-10-04
78,FREECOR 50 SC,FMC AGRICULTURAL MANUFACTURING,Insektisida,01010120227647,2023-02-08,2028-02-08
79,INNOMAN ® BT 20,TRITUNGGAL ARTHAMAKMUR,Bakterisida,0420231158,2023-04-26,2028-04-26
80,RIDATOP 288 SL,PT.ASIANA CHEMICALINDO LESTARI,Herbisida,01030120185980,2023-04-26,2028-04-26
81,NEOFRON 60 SC,MULTI SARANA INDOTANI,Insektisida,01010120103643,2023-08-28,2028-08-28
82,CARBOSULFAN 90 TC,DELTA GIRI WACANA,Insektisida,0420231247,2024-03-05,2029-03-05
83,JAYACIDE 400 EC,AGRO JAYA INDONESIA,Insektisida,01010120186078,2023-04-26,2028-04-26
84,FILLADO 440 EC,MASCO AGRI GENETICS,Insektisida,01010120134773,2023-08-28,2028-08-28
85,S-METOLAKLOR 98 TC,AGRO JAYA INDONESIA,Herbisida,0420251465,2026-01-20,2031-01-20
86,BONIZA 100/80/40 OD,DELTA GIRI WACANA,Herbisida,01030120248364,2024-09-19,2029-09-19
87,LOSMINE 50 EC,EXCEL MEG INDO,Insektisida,01010120186052,2023-08-28,2028-08-28
88,HIT 0.05 MC,GODREJ CONSUMER PRODUCTS INDONESIA,Pestisida Rumah Tangga,06080120217137,2026-07-16,2031-07-16
89,RHOPY 25/75 OD,SUMANS MANDIRI SEJAHTERA,Herbisida,01030120217169,2026-07-16,2031-07-16
90,AMAZOL 300 EC,JIRONA AGRITAMA,Fungisida,01020120155329,2025-02-17,2030-02-17
91,MARTYL 480 SL,GLOBAL AGROTECH,Herbisida,01030120093468,2024-03-05,2029-03-05
92,SINHIT 200 SL,SINERGI CHEM INDONESIA,Herbisida,01030120259292,2026-01-20,2031-01-20
93,KARROLIE 100 EC,MAJU MAKMUR UTOMO,Insektisida,01010120072901,2023-04-26,2028-04-26
94,EXTRACEL 50 EC,BOMA SAKTI TANI,Insektisida,01010120175768,2023-02-08,2028-02-08
95,TOPSANIL 50 WP,TUNASHARAPAN MURNI,Fungisida,01020120259008,2025-09-26,2030-09-26
96,PASTION 500 EC,PERSADA AGRO SUKSES,Insektisida,01010120248414,2024-09-19,2029-09-19
97,TIEZENE 80 WP,AGROMANNA JAYA LESTARI,Fungisida,0102011977264,2022-10-04,2027-10-04
98,Innosei ® QAC,TRITUNGGAL ARTHAMAKMUR,Bakterisida,0420251470,2026-01-20,2031-01-20
99,TIBROX 100/100 ME,KINGAGROOT BIOTECHNOLOGY INDONESIA,Herbisida,01030120269486,2026-04-20,2031-04-20
100,IPA GLYPHOSATE 62 TC,DELTA GIRI WACANA,Herbisida,042012289,2026-04-20,2031-04-20
101,ARFO 30 EC,INDAGRO,Insektisida,01010120001525,2025-11-13,2030-11-13
102,KOPTAN,PT. Agritek Tani Indonesia,Atraktan / Feromon,01070120134593,2024-03-04,2029-03-04
103,LUMETIN 36/100 EC,CHINA JIANGSU INTERNATIONAL INDONESIA,Insektisida,01010120206940,2025-11-13,2030-11-13
104,CARRICK 63/5 WP,DHARMA GUNA WIBAWA,Herbisida,01030120237738,2023-04-26,2028-04-26
105,WINFOS 525 SL,FORAGRO MAJU SEJAHTERA,Herbisida,01030120134735,2023-04-26,2028-04-26
106,NITENPIRAM 95 TC,SOLO LOGO INDONESIA,Insektisida,0420241320,2024-09-19,2029-09-19
107,SODAP 480 SL,PANEN AGRO PERKASA INDONESIA,Herbisida,01030120227586,2022-12-05,2027-12-05
108,AMFAST 200 SL,BIOWORLD BIOSCIENCES MANUFACTURING INDUSTRIES,Herbisida,032024550,2024-09-19,2029-09-19
109,"KUMATETRALIL 0,75 TP",TANI MAS SUBUR,Rodentisida,0420231189,2023-08-28,2028-08-28
110,IMIDAPLUS 25 WP,SARI KRESNA KIMIA,Insektisida,01010120103843,2024-11-18,2029-11-18
111,TOLERAN 75 WG,RAINBOW AGROSCIENCES,Herbisida,01030120134727,2023-02-08,2028-02-08
112,SUTORO 30 EC,MASCO AGRI GENETICS,Insektisida,01010120248709,2025-02-17,2030-02-17
113,METACHLOR 550/100 EC,SINAR GENERAL INDUSTRIES,Insektisida,01010120145085,2025-02-17,2030-02-17
114,PROVO 70/6 WP,DALZON CHEMICALS INDONESIA,Fungisida,01020120206968,2026-01-20,2031-01-20
115,ORLANDO 50 SP,GOLDEN FARM INDONESIA,Insektisida,01010120217072,2026-04-20,2031-04-20
116,ALLY 20 WG,FMC AGRICULTURAL MANUFACTURING,Herbisida,0103011988837,2023-08-28,2028-08-28
117,ATURO 276 SL,AGRO SENTOSA RAYA,Herbisida,01030120248234,2024-08-09,2029-08-09
118,KLOPINDO 10 WP,MITRA KREASIDHARMA,Insektisida,01010120042093,2024-08-09,2029-08-09
119,CADRE 240 SL,BASF INDONESIA,Herbisida,01030119981442,2023-08-28,2028-08-28
120,CRASH 480 SL,AGRICULTURE CONSTRUCTION,Herbisida,01030120021683,2026-04-20,2031-04-20
121,BESCONIL 80 WP,TIARA BUANA MANDIRI,Fungisida,01020120124282,2022-12-05,2027-12-05
122,COBRA 15 EC,AGROMANNA JAYA LESTARI,Insektisida,01010119961264,2025-02-17,2030-02-17
123,DIMETHOMORPH 98 TC,MULTI SARANA INDOTANI,Fungisida,042015332,2024-03-05,2029-03-05
124,HIT 70.59 MV,GODREJ CONSUMER PRODUCTS INDONESIA,Pestisida Rumah Tangga,06080120196349,2024-11-18,2029-11-18
125,SX-Pearl 93/281 SC,AGRO JAYA INDONESIA,Insektisida,01010120269481,2026-04-20,2031-04-20
126,CLOSTAR 600 SC,MULTI SARANA INDOTANI,Insektisida,01010120196515,2024-08-09,2029-08-09
127,NARATAN 65 WP,SAMUDRA UTAMA NARAPATI,Moluskisida,01050120196287,2024-03-05,2029-03-05
128,ZERAM 250 EC,PETROSIDA GRESIK,Herbisida,01030120072907,2022-06-27,2027-06-27
129,SAGRI-M7 100/150 EC,SATYA AGRO INDONESIA,Insektisida,01010120186150,2023-04-26,2028-04-26
130,SANDIMAS 400 SL,SANTANI AGRO PERKASA,Insektisida,01010120062367,2026-01-20,2031-01-20
131,DETOP 400 SL,ASIA GALA KIMIA,Insektisida,01010120165427,2021-10-12,2026-10-12
132,RICESHIELD 75 WP,RAINBOW AGROSCIENCES,Fungisida,01020120155387,2026-01-20,2031-01-20
133,DUET 160 SL,TANI ABADI,Herbisida,01030120093535,2024-08-09,2029-08-09
134,PROSPERO 80 WP,AGRO GUNA MAKMUR,Fungisida,01020120155324,2026-01-20,2031-01-20
135,LOGIC 70 WP,BIOTIS AGRINDO,Fungisida,01020120093349,2022-12-05,2027-12-05
136,METROZINE 50 WG,INTI EVERSPRING INDONESIA,Insektisida,01010120227557,2022-12-05,2027-12-05
137,DELTAXONE 280 SL*,FAJAR BUANA CHEMICAL,Herbisida,01030120124447,2024-03-04,2029-03-04
138,PROCLAIM 5 SG,SYNGENTA INDONESIA,Insektisida,01010120001510,2024-03-05,2029-03-05
139,CHECKPOINT 75 WP,UPL INDONESIA,Fungisida,01020120206909,2026-01-20,2031-01-20
140,SULFO-GAS 99.8 LG*,YANNO AGRO SCIENCE INDONESIA,Fumigan,05100120175801,2023-04-26,2028-04-26
141,NEMISPOR 80 WP,MITRA KREASIDHARMA,Fungisida,01020119991472,2024-03-04,2029-03-04
142,Goodknight 20.01 LT,GODREJ CONSUMER PRODUCTS INDONESIA,Repelen,06080120269382,2026-04-20,2031-04-20
143,BM TRICALON 480 EC,BEHN MEYER AGRICARE,Herbisida,01030120175892,2022-12-05,2027-12-05
144,GAYA 550 EC,MASCO AGRI GENETICS,Insektisida,01010120134681,2023-08-28,2028-08-28
145,HAWAII 45 SP,TIGA MUARA EMAS MAKMUR,Insektisida,01010120237760,2023-04-26,2028-04-26
146,BIOBAN™ BP-30 Preservative,BLUE CUBE INDONESIA,Pestisida lain-lain,042017458,2022-12-05,2027-12-05
147,HIT 3.24 LV,GODREJ CONSUMER PRODUCTS INDONESIA,Pestisida Rumah Tangga,06080120227418,2022-10-04,2027-10-04
148,ACEFLO 15/20 WG,INDOIN BUSINESS GROUP,Insektisida,01010120227607,2023-02-08,2028-02-08
149,GENIUS 20/125 OD,CV. SARANA TANI MAKMUR,Insektisida,01010120237757,2023-04-26,2028-04-26
150,CONTROL 400 SL,RAINBOW AGROSCIENCES,Insektisida,01010120134655,2023-02-08,2028-02-08
151,CBA-COL 70 WP,CENTA BRASINDO ABADI CHEMICAL INDUSTRY,Fungisida,01020120062481,2026-01-20,2031-01-20
152,MAGNAPHOS 66 TB*,UPL INDONESIA,Fumigan,05100120092098,2024-11-18,2029-11-18
153,RAMBO PEAK 550 SL,MULTI SARANA INDOTANI,Herbisida,01030120011632,2025-07-11,2030-07-11
154,RICEMASTER PLUS 50/10 OD,RAINBOW AGROSCIENCES,Herbisida,01030120227456,2022-10-04,2027-10-04
155,SUMO 50 EC,BELIRANG KALISARI,Insektisida,01010120031792,2024-03-04,2029-03-04
156,MERAH PUTIH 241 SL,CENTA BRASINDO ABADI CHEMICAL INDUSTRY,Herbisida,01030120227675,2023-02-08,2028-02-08
157,BIOXAN 50 WP,BIOTEK SARANATAMA,Fungisida,01020120124429,2023-08-28,2028-08-28
158,MACAN CBA 240/120 SL,CENTA BRASINDO ABADI CHEMICAL INDUSTRY,Herbisida,01030120259235,2026-01-20,2031-01-20
159,REGENT 50 SC,BASF INDONESIA,Insektisida,01010119951192,2025-09-26,2030-09-26
160,MANZO BIR 80 WP,INDOIN BUSINESS GROUP,Fungisida,01020120093569,2024-08-09,2029-08-09
161,DAMISAT 620 SL,DALZON CHEMICALS INDONESIA,Herbisida,01030120134624,2024-03-05,2029-03-05
162,DELINI 50 EC,UNI AGRO CHEMICA,Insektisida,01010120042066,2026-01-20,2031-01-20
163,MARCEL 50 EC,SARAREA PANEN RAYA,Insektisida,01010120227432,2022-10-04,2027-10-04
164,HIT 0.29 AE,GODREJ CONSUMER PRODUCTS INDONESIA,Pestisida Rumah Tangga,032022530,2022-12-05,2027-12-05
165,FOZARO 30/150 EC,DALZON CHEMICALS INDONESIA,Insektisida,01010120196568,2024-11-18,2029-11-18
166,MEPEAK 55/5 WG,RAINBOW AGROSCIENCES,Fungisida,01020120238023,2024-03-04,2029-03-04
167,ACANTO 250 SC,CORTEVA AGRISCIENCE MANUFACTURING INDONESIA,Fungisida,032019443,2024-03-05,2029-03-05
168,LEKTOR 480 SC,RAINBOW AGROSCIENCES,Herbisida,01030120134782,2023-02-08,2028-02-08
169,MESOTRIONE 97 TC,RAINBOW AGROSCIENCES,Herbisida,042021985,2026-07-16,2031-07-16
170,FLEXCIDE 150 EC,RAINBOW AGROSCIENCES,Herbisida,01030120238125,2024-03-05,2029-03-05
171,RG 50 SC,SAPROTAN UTAMA NUSANTARA,Insektisida,01010120248542,2024-11-18,2029-11-18
172,QUILT 75/125 SE,SYNGENTA INDONESIA,Fungisida,01020120186214,2024-03-04,2029-03-04
173,TENOPA 30/30 SC,BASF INDONESIA,Pestisida Pengendalian Vektor Penyakit Pada Manusia,06090120124325,2026-04-20,2031-04-20
174,SABLE PLUS 120 EW,RAINBOW AGROSCIENCES,Herbisida,01030120155392,2025-09-26,2030-09-26
175,GIBGRO 10 SP,NUFARM INDONESIA,Zat Pengatur Tumbuh Tanaman,01040120042264,2025-02-17,2030-02-17
176,TRICLOPYR BUTOTYL 95 TC,INTI EVERSPRING INDONESIA,Herbisida,042018664,2024-03-04,2029-03-04
177,PILARSTOP 450 CS,PILARQUIM AGROSCIENCE INDONESIA,Herbisida,01030120269624,2026-07-16,2031-07-16
178,Octavia 18 SL,MITRA INDOTANI ABADI,Zat Pengatur Tumbuh Tanaman,01040120258844,2025-07-11,2030-07-11
179,JOLT 25 EC,KRISTALINDO KARUNIA INTERNASIONAL,Pestisida Pengendalian Vektor Penyakit Pada Manusia,06090120186047,2023-04-26,2028-04-26
180,DARGO 76 WP,DELTAGRO MULIA SEJATI,Fungisida,01020120124444,2022-01-11,2027-01-11
181,ENDOTOX 276 SL,DELTA GIRI WACANA,Herbisida,01030120248253,2024-08-09,2029-08-09
182,"Baygon 0,575 AE WB",JOHNSON HOME HYGIENE PRODUCTS,Pestisida Rumah Tangga,06080120093518,2024-03-04,2029-03-04
183,PROSIMO 70/8 WP,Agro Bumi Timur,Fungisida,01020120237800,2023-04-26,2028-04-26
184,SAFLUFENACIL 95 TC,KINGAGROOT BIOTECHNOLOGY INDONESIA,Herbisida,0420251383,2025-07-11,2030-07-11
185,COWBOY 480 EC,BERBAK AGRO SEJATI,Herbisida,01030120134674,2023-08-28,2028-08-28
186,FLONIPRO 75/75 SE,AGRO SENTOSA RAYA,Insektisida,01010120248484,2024-11-18,2029-11-18
187,XIVANA 20 SC,BAYER INDONESIA,Fungisida,01020120248730,2025-02-17,2030-02-17
188,METRIZONE 500 SC,AGRO TERRUM INDONESIA,Herbisida,01030120258838,2025-07-11,2030-07-11
189,DORUM 350 SC,DELTAGRO MULIA SEJATI,Fungisida,01020120134621,2022-10-04,2027-10-04
190,RIKA 25 EC,BENIH BERKAH BERSERI,Insektisida,01010120258863,2025-07-11,2030-07-11
191,ZIPHOS 80 P*,SINAR GENERAL INDUSTRIES,Rodentisida,01120120186097,2023-04-26,2028-04-26
192,Farintop 50 EC,FADJARPURNAMA PRATAMA INTI,Insektisida,01010120062514,2022-12-05,2027-12-05
193,STARTHENE 75 WG,UPL INDONESIA,Insektisida,01010120072983,2023-02-08,2028-02-08
194,DAIMEX 80 WP,DELTA GIRI WACANA,Herbisida,01030120062508,2024-09-19,2029-09-19
195,MILANO 375/75 SC,SARI KRESNA KIMIA,Fungisida,01020120248663,2025-02-17,2030-02-17
196,AZOKSISTROBIN 98 TC,SOLO LOGO INDONESIA,Fungisida,0420241268,2024-08-09,2029-08-09
197,CONTACNIL 75 WP,TUNASHARAPAN MURNI,Fungisida,01020120103761,2025-09-26,2030-09-26
198,UNIHIT 100/20 SC,SINERGI CHEM INDONESIA,Insektisida,01010120207002,2025-09-26,2030-09-26
199,BESTFAST 250 EC,TIARA BUANA MANDIRI,Insektisida,01010120124424,2023-04-26,2028-04-26
200,GLIFOSAT 95 TC,MULTI AGRO JAYA UTAMA,Herbisida,042021950,2021-10-12,2026-10-12
201,SKIN VAPE 200 AL,FUMAKILLA INDONESIA,Repelen,06080120196303,2024-03-05,2029-03-05
202,LAMBDA-CYHALOTHRIN 95 TC,RAINBOW AGROSCIENCES,Insektisida,042019743,2024-09-19,2029-09-19
203,"FERTERRA 0,4 GR",BINA GUNA KIMIA,Insektisida,01010120103626,2024-08-09,2029-08-09
204,KENSELEC 500 EC,KENSO INDONESIA,Insektisida,01010120083136,2023-04-26,2028-04-26
205,ONESTEP 100 SC,ZHENGBANG CROP PROTECTION INDONESIA,Insektisida,01010120238176,2024-03-05,2029-03-05
206,AKKAIDO 20/100 EC,CENTA BRASINDO ABADI CHEMICAL INDUSTRY,Insektisida,01010120227379,2022-10-04,2027-10-04
207,K-VOLTAZ 180/120 SC,HANEARL SCIENCE INDONESIA,Insektisida,01010120237781,2023-04-26,2028-04-26
208,PUTIK 250 SC,CENTA BRASINDO ABADI CHEMICAL INDUSTRY,Zat Pengatur Tumbuh Tanaman,01040120217264,2026-04-20,2031-04-20
209,MARKOTOP 300 SL*,SANTANI AGRO PERKASA,Herbisida,01030120134788,2023-04-26,2028-04-26
210,MAGNAPHOS 56 PB*,UPL INDONESIA,Fumigan,05100120155162,2025-02-17,2030-02-17
211,HORPER 1.5 SL,TANI MAS SUBUR,Zat Pengatur Tumbuh Tanaman,01040120248283,2024-08-09,2029-08-09
212,VANCOUVER 500/50 SC,SANBRAND AGRO SEJAHTERA,Herbisida,01030120206702,2025-02-17,2030-02-17
213,CENTASIL 20 WP,CENTA BRASINDO ABADI CHEMICAL INDUSTRY,Fungisida,01020120217124,2025-09-26,2030-09-26
214,OMNITOP 276 SL,PRIMA KARYA BERJAYA,Herbisida,01030120217070,2026-01-20,2031-01-20
215,PREVENTOL P 91,BLUE CUBE INDONESIA,Pestisida lain-lain,0420251445,2025-11-13,2030-11-13
216,ZAPARIS 240 SL,ANDALL HASA PRIMA,Herbisida,01030120021724,2023-04-26,2028-04-26
217,ACTICIDE AGT2,JAYA WARINDO ABADI,Fungisida,0420231148,2023-04-26,2028-04-26
218,Innosei ® PHE,TRITUNGGAL ARTHAMAKMUR,Bakterisida,0420221115,2023-02-08,2028-02-08
219,Glufa 200 SL,MULTI AGRO JAYA UTAMA,Herbisida,01030120238002,2024-03-04,2029-03-04
220,BRANTACOL 70 WP,SINAR GENERAL INDUSTRIES,Fungisida,01020120114034,2026-07-16,2031-07-16
221,RAINLUCIDE 70 WP,RAINBOW AGROSCIENCES,Moluskisida,01050120155386,2025-09-26,2030-09-26
222,Densil AF1,ARXADA CHEMICALS INDONESIA,Pestisida lain-lain,0420261501,2026-07-16,2031-07-16
223,POSTON 250 SC,SAPROTAN UTAMA,Zat Pengatur Tumbuh Tanaman,01040120155381,2025-02-17,2030-02-17
224,TANICIS 25 EC,TANI MAS SUBUR,Insektisida,01010119951178,2023-04-26,2028-04-26
225,NOMOS 0.081MC,FUMAKILLA NOMOS,Pestisida Rumah Tangga,06080120206649,2025-09-26,2030-09-26
226,RAMACOL 140 SL*,BERBAK AGRO SEJATI,Herbisida,01030120258986,2025-09-26,2030-09-26
227,GRACIA 103 EC,NUFARM INDONESIA,Insektisida,01010120217053,2025-07-11,2030-07-11
228,NOMOS 0.2MC,FUMAKILLA NOMOS,Pestisida Rumah Tangga,06080120227337,2022-06-27,2027-06-27
229,FURATUR 3 GR,CATUR AGRODAYA MANDIRI,Insektisida,01010120083117,2023-04-26,2028-04-26
230,STUNTMAN 500 SL,RIA INDO AGRI,Insektisida,01010120093501,2024-03-05,2029-03-05
231,KERING 300 SL*,BERSAMA SATU TEGUH,Herbisida,01030120196363,2024-03-05,2029-03-05
232,TOPREL 10 PA,SARI KRESNA KIMIA,Zat Pengatur Tumbuh Tanaman,01040120083078,2026-07-16,2031-07-16
233,LAMDA SIHALOTRIN 95 TC,AGRO JAYA INDONESIA,Insektisida,0420231136,2023-04-26,2028-04-26
234,TEMBO-WEEDER 420 SC,MULTI AGRO JAYA UTAMA,Herbisida,01030120248432,2024-09-19,2029-09-19
235,"TAWON 0,3 MC",MENARA LAUT BERSATU,Pestisida Rumah Tangga,06080120186087,2024-03-04,2029-03-04
236,VICENZA 530/100 SC,SANTANI AGRO MANDIRI,Herbisida,01030120196484,2024-08-09,2029-08-09
237,TOPKUATX 250 SL*,FLORA FAUNA MANGGALA,Herbisida,01030120269678,2026-07-16,2031-07-16
238,NEVURA 265/35 OD,DELTA GIRI WACANA,Herbisida,01030120237910,2023-08-28,2028-08-28
239,FOLICUR 25 WP,BAYER INDONESIA,Fungisida,01020119931121,2023-04-26,2028-04-26
240,ERUGA 50 SP,TAPAL KOEDA INDONESIA,Insektisida,01010120217043,2026-01-20,2031-01-20
241,ASIATOP 288 SL*,PT.ASIANA CHEMICALINDO LESTARI,Herbisida,01030120196241,2024-03-05,2029-03-05
242,SUPORTAN 500 SL,BERBAK AGRO SEJATI,Insektisida,01010120237818,2023-04-26,2028-04-26
243,ANDALAN 400 SC,ADVANSIA INDOTANI,Herbisida,01030120165482,2026-01-20,2031-01-20
244,HERBAZOL 720 SL,AGROMANNA JAYA LESTARI,Herbisida,01030120103632,2024-11-18,2029-11-18
245,FONIUM 200 SL,AGRO JAYA INDONESIA,Herbisida,01030120206883,2025-09-26,2030-09-26
246,KAUTANG 50 WP,SANTANI AGRO PERKASA,Fungisida,01020120237898,2023-08-28,2028-08-28
247,BARCODE 505 SL,SARAREA PANEN RAYA,Insektisida,01010120155335,2025-07-11,2030-07-11
248,HIT 12.13 LV,GODREJ CONSUMER PRODUCTS INDONESIA,Pestisida Rumah Tangga,06080120258945,2025-09-26,2030-09-26
249,CENTATOP 276 SL*,AGROTECH PESTICIDE INDUSTRY,Herbisida,01030120113967,2026-04-20,2031-04-20
250,GMAX 18 EC,ARTHA BUANA MANDIRI,Insektisida,01010120186036,2023-08-28,2028-08-28
251,MOLABRAS PLUS 0.01/1.99 WG,RAINBOW AGROSCIENCES,Zat Pengatur Tumbuh Tanaman,01040120258840,2025-07-11,2030-07-11
252,LABAS 480 SL,SARI KRESNA KIMIA,Herbisida,01030120238146,2024-03-05,2029-03-05
253,SAGRI-SNAIL 63/10 WP,SATYA AGRO INDONESIA,Moluskisida,01050120196387,2024-08-09,2029-08-09
254,VERTHON 50 SC,INTI EVERSPRING INDONESIA,Insektisida,01010120259145,2025-11-13,2030-11-13
255,QUATIS 276 SL,BERBAK AGRO SEJATI,Herbisida,01030120238050,2024-03-04,2029-03-04
256,SAPPORO 52 EC,SANTANI AGRO MANDIRI,Insektisida,01010120155266,2025-02-17,2030-02-17
257,GULPROXONE 276 SL*,JIVA AGRICULTURE INDONESIA,Herbisida,01030120258781,2025-07-11,2030-07-11
258,SERUNI 100 EC,AGRO GUNA MAKMUR,Pestisida Pengendalian Vektor Penyakit Pada Manusia,06090120031848,2024-03-05,2029-03-05
259,EMATOAT 500 EC,TIGA MUARA EMAS MAKMUR,Insektisida,01010120206919,2026-01-20,2031-01-20
260,"HARAKA 0,005 BB",DELTA GIRI WACANA,Rodentisida,01120120124466,2022-06-27,2027-06-27
261,BISTAR 10 TK,BINA GUNA KIMIA,Insektisida,0420221046,2022-10-04,2027-10-04
262,DASATRIN 110 EC,PT. FORTUNA MULIA SEJATI,Insektisida,01010120083268,2023-02-08,2028-02-08
263,CHIX-GOLD 175/125 SC,UPL INDONESIA,Insektisida,01010120206605,2025-02-17,2030-02-17
264,VIRYA 300/150 SC,MAXXI AGRI INDONESIA,Fungisida,01020120248562,2024-11-18,2029-11-18
265,KEN-TEC 276 SL*,KENSO INDONESIA,Herbisida,01030120083199,2023-04-26,2028-04-26
266,SQUAD 200 SL,PETROKIMIA KAYAKU,Herbisida,01030120093496,2023-08-28,2028-08-28
267,EMPIRE 280 EC,GOLDEN FARM INDONESIA,Insektisida,01010120175687,2022-10-04,2027-10-04
268,MTM 77 SP,PERSADA AGRO SUKSES,Insektisida,01010120217210,2025-09-26,2030-09-26
269,PRIMA-FUR 3 GR,NUTRI AGRO INDONESIA,Insektisida,01010120031778,2023-08-28,2028-08-28
270,ZORVEC ENCANTIA 300/30 SE,CORTEVA AGRISCIENCE MANUFACTURING INDONESIA,Fungisida,01020120165558,2026-01-20,2031-01-20
271,SIGPLUS TURBO 276 SL*,REJEKI INDO AGROTEC,Herbisida,01030120248700,2025-02-17,2030-02-17
272,FLYDROP 1 GB,AGRO JAYA INDUSTRI,Pestisida untuk peternakan,02140120269369,2026-04-20,2031-04-20
273,TIRAYAP 200 SL,NUGROHO PRATAMA CHEMICA ASIA,Bahan pengawet kayu,04110120103800,2025-07-11,2030-07-11
274,NEOCRON 80 OL,INTI EVERSPRING INDONESIA,Herbisida,01030120155313,2025-02-17,2030-02-17
275,CONDIOR 25 WP,Agro Bumi Timur,Insektisida,01010120259045,2025-11-13,2030-11-13
276,STARNOVA 50/100 OD,CV. Raja Grafika,Insektisida,01010120217265,2022-01-14,2027-01-14
277,GRANDALLY 25 WP,TIGA MUARA EMAS MAKMUR,Herbisida,01030120134579,2022-12-05,2027-12-05
278,BASTNATE 200 SL,RAINBOW AGROSCIENCES,Herbisida,01030120134551,2022-12-05,2027-12-05
279,BRIGGS 480 SL,DALZON CHEMICALS INDONESIA,Zat Pengatur Tumbuh Tanaman,01040120103712,2024-03-04,2029-03-04
280,BRODIFACOUM 96 TC,CENTA BRASINDO ABADI CHEMICAL INDUSTRY,Rodentisida,042018560,2024-08-09,2029-08-09
281,TRUSTINATE 200 SL,TRUSTCHEM AGRO INDONESIA,Herbisida,01030120248439,2024-09-19,2029-09-19
282,RING UP 480 SL,AGRO DYNAMICS INDO,Herbisida,01030120093485,2024-08-09,2029-08-09
283,TRISULA 450 SL,MULTI SARANA INDOTANI,Insektisida,01010120072820,2024-03-04,2029-03-04
284,KANTE 120/180 SC,BIOTEK SARANA INDUSTRI,Insektisida,01010120259223,2026-01-20,2031-01-20
285,PASFOS 500 EC,PERSADA AGRO SUKSES,Insektisida,01010120248525,2024-11-18,2029-11-18
286,VAPE LIQUID e90 LV,FUMAKILLA INDONESIA,Pestisida Rumah Tangga,032009220,2024-03-04,2029-03-04
287,SPIKERHYTHM 350 EC,MULTI AGRO JAYA UTAMA,Herbisida,01030120238198,2024-03-05,2029-03-05
288,BELU 50 EC,YANNO AGRO SCIENCE INDONESIA,Insektisida,01010120227498,2022-12-05,2027-12-05
289,CAPOLO 52 EC,Agro Bumi Timur,Insektisida,01010120258750,2025-07-11,2030-07-11
290,ROLLMAS 480 SL,ROLIMEX KIMIA NUSAMAS,Herbisida,01030120259117,2025-11-13,2030-11-13
291,TURBOID 70 WP,PRIMA KARYA BERJAYA,Moluskisida,03050120175758,2022-10-04,2027-10-04
292,C-PHOS 56 TB*,CATUR AGRODAYA MANDIRI,Fumigan,05100120134675,2024-03-04,2029-03-04
293,LIGNITE 200/100 SC,DELTA GIRI WACANA,Insektisida,01010120248509,2024-11-18,2029-11-18
294,ON-ZEB 85 WP,PERSADA AGRO SUKSES,Fungisida,01020120227338,2022-06-27,2027-06-27
295,OPTIMECT 18 EC,SARAREA PANEN RAYA,Insektisida,01010120155379,2025-07-11,2030-07-11
296,HIT 7.5 LV,GODREJ CONSUMER PRODUCTS INDONESIA,Pestisida Rumah Tangga,06080120175694,2022-06-27,2027-06-27
297,CELCRON 500 EC,EXCEL MEG INDO,Insektisida,01010120113882,2025-02-17,2030-02-17
298,INTERTEN 20/60 WG,INTER AGRO INDONESIA,Insektisida,01010120227425,2022-10-04,2027-10-04
299,INNOMAN ® HQ,TRITUNGGAL ARTHAMAKMUR,Bakterisida,0420231165,2023-04-26,2028-04-26
300,PRIMA-GOAL 240 EC,PRIMA KARYA BERJAYA,Herbisida,01030120269626,2026-07-16,2031-07-16
301,THRUSER 350 FS,CENTA BRASINDO ABADI CHEMICAL INDUSTRY,Insektisida,01010120217222,2026-01-20,2031-01-20
302,GLIFOSAT 95 TC,NATHANI CHEMICALS,Herbisida,042017468,2023-02-08,2028-02-08
303,ELESTAL NEO 30/24 WG,SYNGENTA INDONESIA,Insektisida,01.01.01.2021.7272,2022-01-14,2027-01-14
304,GLYPHOSATE 95 TC,SAPROTAN UTAMA NUSANTARA,Herbisida,0420163,2026-04-20,2031-04-20
305,"PETROKUM 0,005 BB",PETROKIMIA KAYAKU,Rodentisida,0112011989891,2024-08-09,2029-08-09
306,AMESUPER 500 SC,SINAMYANG INDONESIA,Herbisida,01030120145031,2024-03-05,2029-03-05
307,SPECIAL 240 SL,TRIBINA TANIKARYA,Herbisida,01030120021710,2024-03-04,2029-03-04
308,BT MAX WP,PRIMA AGRO TECH,Insektisida,01010120227288,2022-06-27,2027-06-27
309,REXPRONIL 50 SC,NUSA MANDIRI UTAMA,Insektisida,01010120165639,2026-04-20,2031-04-20
310,MORFUS 720 SC,ALBAUGH AGRO INDONESIA,Fungisida,01020120144947,2024-09-19,2029-09-19
311,FIPROZOLE 50 SC,RAINBOW AGROSCIENCES,Insektisida,01010120248613,2025-02-17,2030-02-17
312,FLUFENAZOPYR 98 TC,KINGAGROOT BIOTECHNOLOGY INDONESIA,Herbisida,0420261482,2026-04-20,2031-04-20
313,VAPE 1.2 MV,FUMAKILLA INDONESIA,Pestisida Rumah Tangga,032013327,2023-04-26,2028-04-26
314,METHOMYL 40 SP,DELTA GIRI WACANA,Insektisida,032025603,2025-09-26,2030-09-26
315,GLYPHOSATE 95 TC,MAHKOTA AGRO INDUSTRI,Herbisida,042018602,2024-03-05,2029-03-05
316,JAFFA 480 SL,SYNAGRO PERKASA,Herbisida,01030120248500,2024-11-18,2029-11-18
317,Hogasan 27 AL,CIPTA KARYA UNGGULAN,Pestisida Rumah Tangga,06080120206930,2025-11-13,2030-11-13
318,PROTRIN 250 EC,CENTA BRASINDO ABADI CHEMICAL INDUSTRY,Insektisida,01010120134852,2023-08-28,2028-08-28
319,SANTACOL 80 WP,JIRONA AGRITAMA,Fungisida,01020120134717,2024-08-09,2029-08-09
320,SYMPHONY 100 EC,ADVANSIA INDOTANI,Insektisida,01010120175928,2022-12-05,2027-12-05
321,DAWALA 33 EC,AGRO JAYA INDUSTRI,Insektisida,01010120248249,2024-08-09,2029-08-09
322,TRIBUNE 54.2/15 WP,INDOIN BUSINESS GROUP,Fungisida,01020120206869,2025-11-13,2030-11-13
323,POLARIS 240 SL,NATHANI CHEMICALS,Herbisida,01030120093507,2024-11-18,2029-11-18
324,POSBAN 200 EC,SAPROTAN UTAMA NUSANTARA,Insektisida,01010120042124,2025-02-17,2030-02-17
325,CROPSTAR 200/125 SC,SAFEEKO BIO INDONESIA,Fungisida,01020120206824,2025-11-13,2030-11-13
326,NEO XONE 276 SL*,MAXXI AGRI INDONESIA,Herbisida,01030120237909,2023-08-28,2028-08-28
327,GELIAT 486 SL,FORAGRO MAJU SEJAHTERA,Herbisida,01030120165641,2022-10-04,2027-10-04
328,ARSENAL 75 WP,KUNIMA JAYA SELARAS,Fungisida,01020120124419,2023-04-26,2028-04-26
329,QUINSAT 500 SL,SURYA KARYA ANDALAN,Herbisida,01030120196470,2024-09-19,2029-09-19
330,JIFOS 160 SL,PT. FORTUNA MULIA SEJATI,Herbisida,01030120093451,2023-02-08,2028-02-08
331,SILDOK 50 EC,TRIDA KIMIA SAKTI,Insektisida,01010120113922,2025-07-11,2030-07-11
332,KEOMAS 60 WP,KRISTALINDO KARUNIA INTERNASIONAL,Moluskisida,01050120258954,2025-09-26,2030-09-26
333,BRODIFACOUM 95 TC,EASTCHEM AGROSCIENCE INDONESIA,Rodentisida,0420241270,2024-08-09,2029-08-09
334,DELADAXIN 50/90 SC,CORTEVA AGRISCIENCE MANUFACTURING INDONESIA,Insektisida,01010120227513,2022-12-05,2027-12-05
335,Microcare IM,MARGA DWI KENCANA,Pestisida lain-lain,0420251438,2025-11-13,2030-11-13
336,CENTABAT 60 WP,CENTA BRASINDO ABADI CHEMICAL INDUSTRY,Fungisida,01020120196254,2024-08-09,2029-08-09
337,FLUMIOLIER 500 SC,MULTI AGRO JAYA UTAMA,Herbisida,01030120238126,2024-03-05,2029-03-05
338,AKOSIDRIN 50 EC,RAJA GROUP INDONESIA,Insektisida,01010120217230,2022-01-14,2027-01-14
339,OXAMYL 456 SL,INTI EVERSPRING INDONESIA,Insektisida,032017419,2023-04-26,2028-04-26
340,CASH FLOW 30 EC,CV. SAKASAKI INDONESIA,Insektisida,01010120248242,2024-08-09,2029-08-09
341,OK JOSS 276 SL,SARI KRESNA KIMIA,Herbisida,01030120259254,2026-01-20,2031-01-20
342,Windix 10/190 ME,KINGAGROOT BIOTECHNOLOGY INDONESIA,Herbisida,01030120269693,2026-07-16,2031-07-16
343,SHELTER 100 EC,MIO LIFE SCIENCES INDONESIA,Insektisida,01010120185989,2023-04-26,2028-04-26
344,TOXIPUT 5 GR,UNI AGRO CHEMICA,Moluskisida,01050119931133,2024-03-05,2029-03-05
345,ABASRI 80 OD,ADVANSIA INDOTANI,Herbisida,01030120248225,2024-08-09,2029-08-09
346,ABAMECTIN 95 % TC,AGRO JAYA INDUSTRI,Insektisida,0420231168,2023-08-28,2028-08-28
347,RUSH OUT 450 SL,INDO HOECHST,Insektisida,01010120175791,2022-12-05,2027-12-05
348,BALISTIC 50 SC,DELTA GIRI WACANA,Insektisida,01010120114027,2024-09-19,2029-09-19
349,GLUFOSINATE AMMONIUM 95 TC,REJEKI INDO AGROTEC,Herbisida,042021915,2026-01-20,2031-01-20
350,HEMAT 555 SL,SOLO LOGO INDONESIA,Herbisida,01030120155235,2024-09-19,2029-09-19
351,AMBLASH 510 SL,SOLO LOGO INDONESIA,Herbisida,01030120155207,2024-09-19,2029-09-19
352,ROVRAL 500 SC,BINA GUNA KIMIA,Fungisida,032024580,2025-02-17,2030-02-17
353,GAPLUS 40 SL,JAWA AGRINDO INTERNASIONAL,Zat Pengatur Tumbuh Tanaman,01040120258934,2025-09-26,2030-09-26
354,LULANGAN BLAST 200 SL,TIGA MUARA EMAS MAKMUR,Herbisida,01030120259234,2026-01-20,2031-01-20
355,PILARBOMBA 53/106 SC,PILARQUIM AGROSCIENCE INDONESIA,Insektisida,01010120238042,2024-03-04,2029-03-04
356,SENSASI 250 EC,SINAR GENERAL INDUSTRIES,Fungisida,01020120258997,2025-09-26,2030-09-26
357,RESTACK WP,AGROKIMINDO KURNIABUANA,Insektisida,01010120001549,2026-07-16,2031-07-16
358,Goodknight 0.40 MC,GODREJ CONSUMER PRODUCTS INDONESIA,Pestisida Rumah Tangga,06080120258938,2025-09-26,2030-09-26
359,VICTORY MIX 8/64 WP,MULTI SARANA INDOTANI,Fungisida,01020120042165,2023-04-26,2028-04-26
360,DIFENTAM 480 SC,JAWA AGRINDO INTERNASIONAL,Herbisida,01030120144978,2024-09-19,2029-09-19
361,N-2000 ANTIMICROBIAL,BLUE CUBE INDONESIA,Pestisida lain-lain,0420251473,2026-01-20,2031-01-20
362,Manzate 82 WP,CATUR AGRODAYA MANDIRI,Fungisida,0102011979393,2022-01-14,2027-01-14
363,PROMOMIN 865 SL,TIGA MUARA EMAS MAKMUR,Herbisida,01030120124504,2022-12-05,2027-12-05
364,MICROCARE CHD,TRITUNGGAL ARTHAMAKMUR,Bakterisida,0420221035,2022-06-27,2027-06-27
365,TIAMETOKSAM 98 TC,AGRO JAYA INDONESIA,Insektisida,0420231147,2023-04-26,2028-04-26
366,NEOLONE™ PHCG Preservative,BLUE CUBE INDONESIA,Bakterisida,042018582,2024-03-04,2029-03-04
367,KAPUAS 560 SC,TIGA MUARA EMAS MAKMUR,Fungisida,01020120186048,2023-04-26,2028-04-26
368,AMIPYR 670 EC,BIOWORLD BIOSCIENCES MANUFACTURING INDUSTRIES,Herbisida,01030120165480,2026-07-16,2031-07-16
369,BESROMIL 35 WP,TIARA BUANA MANDIRI,Fungisida,01020120114031,2026-01-20,2031-01-20
370,DKGLAMMO 200 SL,DANKEN INDONESIA,Herbisida,01030120165556,2026-07-16,2031-07-16
371,PROTECT 40/35 WP,EXINDO RAHARJA PRATAMA,Insektisida,01010120196379,2024-03-05,2029-03-05
372,FARMQUAT 276 SL*,FARMCO KIMIA,Herbisida,01030120124357,2023-08-28,2028-08-28
373,DACONIL 75 WP,EXINDO RAHARJA PRATAMA,Fungisida,010201197489,2025-09-26,2030-09-26
374,EXPLORE MAX 250 EC,DELTA GIRI WACANA,Fungisida,01020120134560,2022-06-27,2027-06-27
375,IMIDATOP PLUS 200 SL,JIRONA AGRITAMA,Bahan pengawet kayu,04110120134584,2024-03-05,2029-03-05
376,PACLO 15 WP,ARTHA BUANA MANDIRI,Zat Pengatur Tumbuh Tanaman,01040120083147,2024-03-04,2029-03-04
377,TENCHU 20 SG,AGRICULTURE CONSTRUCTION,Insektisida,01010120103852,2025-09-26,2030-09-26
378,KNOCKER 360 EC,AGROMANNA JAYA LESTARI,Insektisida,01010120134592,2022-12-05,2027-12-05
379,ML-THION 95 TC,YANNO AGRO SCIENCE INDONESIA,Insektisida,042007206,2025-11-13,2030-11-13
380,REVITHRIN 25 EC,ROYAL AGRO INDONESIA,Insektisida,01010120072700,2023-04-26,2028-04-26
381,SAFELURE AL,PANCA AGRO NIAGA LESTARI,Atraktan / Feromon,01140120206860,2025-07-11,2030-07-11
382,ATOZA 110 SC,ADVANSIA INDOTANI,Akarisida,01140120237845,2023-08-28,2028-08-28
383,STAND UP 240 SL,SOLO LOGO INDONESIA,Herbisida,01030120227587,2022-12-05,2027-12-05
384,GULMAXONE 276 SL*,TRIBINA TANIKARYA,Herbisida,01030120072867,2023-02-08,2028-02-08
385,ROLIDOR 25 EC,ROLIMEX KIMIA NUSAMAS,Insektisida,01010120031921,2024-03-05,2029-03-05
386,ACTICIDE MBR 1,JAYA WARINDO ABADI,Fungisida,042020868,2025-11-13,2030-11-13
387,HIT 1 STICK FU,GODREJ CONSUMER PRODUCTS INDONESIA,Pestisida Rumah Tangga,06080120196441,2024-11-18,2029-11-18
388,NOMOS 0.105MC,FUMAKILLA NOMOS,Pestisida Rumah Tangga,06080120196372,2024-09-19,2029-09-19
389,BAYGEST 40 SL,ARENA AGRO UTAMA,Zat Pengatur Tumbuh Tanaman,01040120134756,2024-03-05,2029-03-05
390,COMATCH 190/50 SC,SUNJOY AGRO INDONESIA,Insektisida,01010120237863,2023-08-28,2028-08-28
391,SUPRA 615 SL,NUFARM INDONESIA,Herbisida,01030120031933,2022-12-05,2027-12-05
392,RAMPART 25 WP,CATUR AGRODAYA MANDIRI,Fungisida,01020120042128,2024-08-09,2029-08-09
393,SCUD 50 EC,BIOTIS AGRINDO,Insektisida,01010120031926,2026-04-20,2031-04-20
394,GREATUP 480 SL,ARTHA MAKMUR ABADI,Herbisida,01030120144892,2024-08-09,2029-08-09
395,CER-ONE 10 PA,SINAR GENERAL INDUSTRIES,Zat Pengatur Tumbuh Tanaman,01040120114118,2022-01-14,2027-01-14
396,E-POST 15 WG,SUMANS MANDIRI SEJAHTERA,Herbisida,01030120227516,2022-12-05,2027-12-05
397,MAXXCIDE 77 WP,MAXXI AGRI INDONESIA,Fungisida,01020120258836,2025-07-11,2030-07-11
398,"SINAMORE 0,02/3,98 SL",SINAMYANG INDONESIA,Zat Pengatur Tumbuh Tanaman,01040120238064,2024-03-04,2029-03-04
399,IMIDAKLOPRID 97 TC,AGRO JAYA INDONESIA,Insektisida,0420231134,2023-04-26,2028-04-26
400,ACE-ONE 75 SP,SINAR GENERAL INDUSTRIES,Insektisida,01010120114014,2026-07-16,2031-07-16
401,SIDAPYR 325 EC,PETROSIDA GRESIK,Insektisida,01010120175924,2023-02-08,2028-02-08
402,RIAPIR 290 EC,REJEKI INDO AGROTEC,Herbisida,01030120269643,2026-07-16,2031-07-16
403,RAFFESIA 130 EC,DOUTA UTAMAN INDONESIA,Herbisida,01030120217166,2025-09-26,2030-09-26
404,DUOTOP 40/400 SC,GRAHA AGRO,Insektisida,01010120269554,2026-07-16,2031-07-16
405,GLIFOMAX 480 SL,MAXXI AGRI INDONESIA,Herbisida,01030120155302,2025-09-26,2030-09-26
406,EMACEN ULTRA 100 EC,CENTA BRASINDO ABADI CHEMICAL INDUSTRY,Insektisida,01010120237873,2023-08-28,2028-08-28
407,STARNER 20 WP,NUFARM INDONESIA,Bakterisida,01060119951100,2023-02-08,2028-02-08
408,GOH IT 200 SL,TIGA MUARA EMAS MAKMUR,Herbisida,01030120248493,2024-11-18,2029-11-18
409,MATEX 210 OD,Agro Bumi Timur,Insektisida,01010120258831,2025-07-11,2030-07-11
410,BIOX M248,BLUE CUBE INDONESIA,Pestisida lain-lain,0420241369,2025-02-17,2030-02-17
411,AMFURON 20 WG,ADIL MAKMUR FAJAR,Herbisida,01030120072707,2023-02-08,2028-02-08
412,SOFFELL LEAF 137 AL,HERLINA INDAH,Pestisida Rumah Tangga,06080120248550,2024-11-18,2029-11-18
413,VAPE 0.37 AE,FUMAKILLA INDONESIA,Pestisida Rumah Tangga,032017403,2022-06-27,2027-06-27
414,Glufosinate-ammonium 95 TC,EASTCHEM AGROSCIENCE INDONESIA,Herbisida,0420241267,2024-08-09,2029-08-09
415,FENOSIDA 255 EC,PETROSIDA GRESIK,Fungisida,01020120093435,2023-08-28,2028-08-28
416,ACTELLIC 500 EC,SYNGENTA INDONESIA,Pestisida Pengendalian Vektor Penyakit Pada Manusia,0609011978355,2022-10-04,2027-10-04
417,ROCYTRIN 325 EC,SOLO LOGO INDONESIA,Insektisida,01010120206973,2025-09-26,2030-09-26
418,MIXTION 300/50 EC,INTI EVERSPRING INDONESIA,Insektisida,01010120248408,2024-09-19,2029-09-19
419,KUPROXAT 345 SC,CROP CARE INDONESIA,Fungisida,01020119991478,2024-08-09,2029-08-09
420,PILARSPIRIT 20/147 OD,PILARQUIM AGROSCIENCE INDONESIA,Herbisida,01030120227346,2022-06-27,2027-06-27
421,PRIMA-HIPO 400 SL,PRIMA KARYA BERJAYA,Insektisida,01010120093381,2024-08-09,2029-08-09
422,BENEFIT 75 WP,ASIA GALA KIMIA,Fungisida,01020120145040,2024-08-09,2029-08-09
423,MEZO 15 WG,SARI KRESNA KIMIA,Insektisida,01010120217157,2025-11-13,2030-11-13
424,PRIMA-SIP 50 EC,PRIMA KARYA BERJAYA,Insektisida,01010120175885,2023-02-08,2028-02-08
425,WOLKY 60 WG,RAINBOW AGROSCIENCES,Herbisida,01030120134649,2022-10-04,2027-10-04
426,CHLORFENAPYR 98 TC,MULTI SARANA INDOTANI,Insektisida,0420221014,2022-06-27,2027-06-27
427,XANDERS 865 SL,BAHTERA BONIAGA LESTARI,Herbisida,01030120062198,2026-04-20,2031-04-20
428,TESLA 495 EC,GRAHA AGRITECH PRIMA,Fungisida,01020120175929,2023-04-26,2028-04-26
429,PASSPORT 28 EC,GLOBAL AGROTECH,Insektisida,01010120083281,2023-04-26,2028-04-26
430,ACTICIDE DCX 30,JAYA WARINDO ABADI,Fungisida,0420251385,2025-07-11,2030-07-11
431,BESTAN 60 WP,BERKAH SUMBER SUKSES,Moluskisida,01050120196417,2024-09-19,2029-09-19
432,RAMPART-MAX 317 FS,UPL INDONESIA,Fungisida,01020120175922,2023-04-26,2028-04-26
433,BUZZ ULTRA 75 WG,AGRO INSANI SEMESTA,Fungisida,01020120196513,2025-02-17,2030-02-17
434,MIRAI 200 DAYS,OSIMO INDONESIA,Pestisida Rumah Tangga,032024563,2024-11-18,2029-11-18
435,DELTAMETHRIN 98 TC,GELPI KURNIALESTARI,Insektisida,042009251,2023-04-26,2028-04-26
436,MERKURY 75 WP,SINAR GENERAL INDUSTRIES,Fungisida,01020120114033,2021-11-18,2026-11-18
437,HIT 66.667 MV,GODREJ CONSUMER PRODUCTS INDONESIA,Pestisida Rumah Tangga,06080120186189,2024-08-09,2029-08-09
438,KENISA 280 SC,ARTHA BUANA MANDIRI,Fungisida,01020120185963,2023-04-26,2028-04-26
439,NAGANO 30/50 EC,CV INDO AGRO CHEMICAL,Insektisida,01010120227679,2023-02-08,2028-02-08
440,ENDURE 120 SC,CORTEVA AGRISCIENCE MANUFACTURING INDONESIA,Insektisida,01010120093431,2022-06-27,2027-06-27
441,PASSXONE 276 SL,TIGA MUARA EMAS MAKMUR,Herbisida,01030120206959,2025-11-13,2030-11-13
442,PROFENOFOS 94 TC,BIOTIS AGRINDO,Insektisida,042019796,2024-09-19,2029-09-19
443,BESTION 500 EC,PETROSIDA GRESIK,Insektisida,01010120259176,2026-01-20,2031-01-20
444,VALERA 200 EC,SARI KRESNA KIMIA,Insektisida,01010120073004,2025-11-13,2030-11-13
445,FLUROKSIPIR MEPTIL 95 TC,AGRO JAYA INDONESIA,Herbisida,0420221020,2022-06-27,2027-06-27
446,SPONTANKING 400 SL,AGRICULTURE CONSTRUCTION,Insektisida,01010120011650,2022-06-27,2027-06-27
447,QILURAM FULL 25 WG,QILU CROP SCIENCE,Insektisida,01010120269633,2026-07-16,2031-07-16
448,TERMIBAN 400 EC,PETROKIMIA KAYAKU,Bahan pengawet kayu,0411011990929,2025-07-11,2030-07-11
449,P.MEC 36 EC,PRIMA AGRO PERKASA,Insektisida,01010120165526.,2021-10-12,2026-10-12
450,GANAS 5 WG,CV PLANET AGRONUSA,Zat Pengatur Tumbuh Tanaman,01040120227408,2022-10-04,2027-10-04
451,KUMBOKARNO 3 GR,DELTA GIRI WACANA,Insektisida,01010120259230,2026-01-20,2031-01-20
452,COLANTA 70 WP,SARI KIMIA UNGGUL,Fungisida,01020120062390,2025-11-13,2030-11-13
453,ATRAZINE 97 TC,RAINBOW AGROSCIENCES,Herbisida,0420221045,2022-10-04,2027-10-04
454,BALEDO 250/50 SC,ZENITH CROPSCIENCES INDONESIA,Insektisida,01010120206599,2025-02-17,2030-02-17
455,INDOMECTIN 120/40 SC,EXINDO RAHARJA PRATAMA,Insektisida,01010120237894,2023-08-28,2028-08-28
456,Proxel K31G,ARXADA CHEMICALS INDONESIA,Pestisida lain-lain,0420251407,2025-09-26,2030-09-26
457,TIRAMO 80 WP,MULTI SARANA INDOTANI,Fungisida,01020120186159,2023-04-26,2028-04-26
458,DENNIS 75 WP,DELTAGRO MULIA SEJATI,Fungisida,01020120072858,2026-04-20,2031-04-20
459,DELTAMETHRIN 98 TC,INTI EVERSPRING INDONESIA,Insektisida,042021979,2026-01-20,2031-01-20
460,KIXAC 130 CS,BASF INDONESIA,Herbisida,01030120259080,2025-11-13,2030-11-13
461,HEXYTHIAZOX 98 TC,SOLO LOGO INDONESIA,Akarisida,0420251459,2026-01-20,2031-01-20
462,PROMOZE 250 EC,TIGA MUARA EMAS MAKMUR,Fungisida,01020120196468,2024-03-05,2029-03-05
463,MESOTRAZIN 50/500 SC,EXINDO RAHARJA PRATAMA,Herbisida,01030120248406,2024-09-19,2029-09-19
464,GARLON ULTRA 667.6 EC,CORTEVA AGRISCIENCE MANUFACTURING INDONESIA,Herbisida,01030120227649,2023-02-08,2028-02-08
465,BESTOX 50 EC,BINA GUNA KIMIA,Insektisida,01010119951177,2022-10-04,2027-10-04
466,DEKAPIRIM 400 SC,HARINA CHEMICALS INDUSTRI,Insektisida,01010120186114,2023-04-26,2028-04-26
467,EUVORA 80 WP,KUNIMA JAYA SELARAS,Fungisida,01020120124416,2023-04-26,2028-04-26
468,EMCLOPIR 300/20 EC,MAJU MAKMUR UTOMO,Insektisida,01010120186028,2023-08-28,2028-08-28
469,MONOSULTAP 95 TC,DALZON CHEMICALS INDONESIA,Insektisida,042007213,2022-01-14,2027-01-14
470,METSULFURON METHYL 96 TC,SURYA AGROKEMINDO PERKASA,Herbisida,042018656,2024-03-04,2029-03-04
471,DIFENOCONAZOLE 95 TC,RAINBOW AGROSCIENCES,Fungisida,042019734,2024-09-19,2029-09-19
472,PROSULFOCARB 800 EC,INDO-SINO AGROCHEMICAL,Herbisida,032026643,2026-04-20,2031-04-20
473,ADEMO 150 SL,SINAR GENERAL INDUSTRIES,Herbisida,01030120258897,2025-09-26,2030-09-26
474,OXAMYL 100 SL,INTI EVERSPRING INDONESIA,Insektisida,032017420,2023-04-26,2028-04-26
475,EPOKSIKONAZOL 97 TC,MULTI AGRO JAYA UTAMA,Fungisida,0420221093,2023-02-08,2028-02-08
476,YOPYRAN 250 SC,TANAMAN MAKMUR MANDIRI,Insektisida,01010120238223,2024-03-05,2029-03-05
477,KISS UP 490 SL,ANKEWA CHEMICAL INDONESIA,Herbisida,01030120134690,2023-02-08,2028-02-08
478,HAMADOR 25 EC,INDAGRO,Insektisida,01010120001523,2025-11-13,2030-11-13
479,GAMPRONEB 70 WP,GLOBAL AGRO MANDIRI,Fungisida,01020120134866,2024-08-09,2029-08-09
480,Richtown 200/125 SC,SUNJOY AGRO INDONESIA,Fungisida,01020120238054,2024-03-04,2029-03-04
481,SAMBER 50 SL,PUTRA TIMUR AGRO NUSANTARA,Insektisida,01010120083082,2022-12-05,2027-12-05
482,EMMAMECTIN BENZOATE 95 TC,INTI EVERSPRING INDONESIA,Insektisida,042018525,2023-04-26,2028-04-26
483,ACTION 500 SL,SARAREA PANEN RAYA,Zat Pengatur Tumbuh Tanaman,01040120227608,2023-02-08,2028-02-08
484,TRICHO PLUS AP,MULTI SARANA INDOTANI,Fungisida,01020120206870,2025-02-17,2030-02-17
485,HIT 12.13 LV,GODREJ CONSUMER PRODUCTS INDONESIA,Pestisida Rumah Tangga,032022531,2022-12-05,2027-12-05
486,CABZIM 500 SC,SINAMYANG INDONESIA,Fungisida,01020120145047,2025-07-11,2030-07-11
487,PYRATAN 125 SL,TANGGUH AGRO NUSA INDONESIA,Insektisida,01010120196555,2025-07-11,2030-07-11
488,HIT 1.1 MV,GODREJ CONSUMER PRODUCTS INDONESIA,Pestisida Rumah Tangga,06080120227417,2022-10-04,2027-10-04
489,PROGRESSIVE 50 SC,AGRO JAYA INDONESIA,Insektisida,01010120248534,2024-11-18,2029-11-18
490,AJI-XONE 160 SL,AGRO JAYA INDUSTRI,Herbisida,01030120237960,2024-03-04,2029-03-04
491,LOVLAN 1220 UL,ZAMRUD LINTAS KATULISTIWA,Pestisida Pengendalian Vektor Penyakit Pada Manusia,06090120093466,2024-03-05,2029-03-05
492,FETOC 300/60 SC,SARI KRESNA KIMIA,Insektisida,01010120237878,2023-08-28,2028-08-28
493,SINACHLORIN 550/50 EC,SINAMYANG INDONESIA,Insektisida,01010120145103,2024-03-04,2029-03-04
494,RELSION 200/6 SC,BASF INDONESIA,Herbisida,032022536,2023-02-08,2028-02-08
495,WINCESTER 480 EC,DELTA GIRI WACANA,Herbisida,01030120269692,2026-07-16,2031-07-16
496,WINFON 480 SL,DWIAGRI MAKMUR INTERTRADE,Zat Pengatur Tumbuh Tanaman,01040120114190,2022-12-05,2027-12-05
497,QUINXONE 276 SL,SURYA KARYA ANDALAN,Herbisida,01030120196471,2025-02-17,2030-02-17
498,GRANGE 25 EC,TRIBINA TANIKARYA,Insektisida,01010120072986,2023-02-08,2028-02-08
499,DEFUSE 400 SC,ZHENGBANG CROP PROTECTION INDONESIA,Fungisida,01020120238114,2024-03-05,2029-03-05
500,DIMETHOATE 98 TC,DALZON CHEMICALS INDONESIA,Insektisida,042018593,2024-03-05,2029-03-05
501,FIPRONIL 95 TC,SAMUDRA UTAMA NARAPATI,Insektisida,042018649,2024-03-05,2029-03-05
502,SORAX 480 SL,MULTIKIMIA AGRO SEJAHTERA,Zat Pengatur Tumbuh Tanaman,01040120093373,2024-03-05,2029-03-05
503,CARBARYL 99 TC,INTI EVERSPRING INDONESIA,Insektisida,0420241328,2024-11-18,2029-11-18
504,"HOOWLA 5,7 SG",AGROMANNA JAYA LESTARI,Insektisida,01010120196359,2024-09-19,2029-09-19
505,CRESPO 18 EC,TUNASHARAPAN MURNI,Insektisida,01010120083033,2023-04-26,2028-04-26
506,PYROXA 250 SC,MULTI SARANA INDOTANI,Fungisida,01020120186146,2023-04-26,2028-04-26
507,mantani 80 WP,TANGGUH AGRO NUSA INDONESIA,Fungisida,01020120238021,2024-03-04,2029-03-04
508,ZENVO 555/55 SC,CENTA BRASINDO ABADI CHEMICAL INDUSTRY,Herbisida,01030120237839,2023-04-26,2028-04-26
509,SAPUJAGAT 4/20 WP,SATYA ALAM SEMESTA,Insektisida,01010120217085,2025-09-26,2030-09-26
510,ACEPHATE 97 TC,CENTA BRASINDO ABADI CHEMICAL INDUSTRY,Insektisida,042018585,2023-08-28,2028-08-28
511,MONTAF 400 SL,PETROKIMIA KAYAKU,Insektisida,01010120042106,2024-03-04,2029-03-04
512,ACTICIDE OF 2,JAYA WARINDO ABADI,Fungisida,042019714,2024-09-19,2029-09-19
513,DIMACIDE 400 EC,KALATHAM,Insektisida,0101011980422,2026-04-20,2031-04-20
514,V-ABAHERO 20/300 EC,VISION CROP PROTECTION,Insektisida,01010120248723,2025-02-17,2030-02-17
515,FIPNA 0.5 DP,GONGCHENG BIOTECH INDONESIA,Bahan pengawet kayu,04110120269569,2026-07-16,2031-07-16
516,KILL UP 480/1 SL,AGROTECH PESTICIDE INDUSTRY,Herbisida,01030120072767,2022-10-04,2027-10-04
517,PAS-MOX 22 WP,PERSADA AGRO SUKSES,Fungisida,01020120238179,2024-03-05,2029-03-05
518,ZINEBI 80 WP,Agro Bumi Timur,Fungisida,01020120237956,2023-08-28,2028-08-28
519,XTRAMATE 200 EC,SINAR GENERAL INDUSTRIES,Insektisida,01010120196404,2024-09-19,2029-09-19
520,YELOZEB 80 WP,MAXXI AGRI INDONESIA,Fungisida,01020120238080,2024-03-04,2029-03-04
521,ARUBA 75 SP,SAFEEKO BIO INDONESIA,Insektisida,01010120206809,2025-11-13,2030-11-13
522,GLYPHOSATE 95 TC,DHARMA GUNA WIBAWA,Herbisida,042012294,2022-01-14,2027-01-14
523,NATRIUM 2.4-DINITROFENOL 98 TC,HARINA CHEMICALS INDUSTRI,Zat Pengatur Tumbuh Tanaman,0420241319,2024-09-19,2029-09-19
524,V-KFUN 75/25 ME,VISION CROP PROTECTION,Pestisida Pengendalian Vektor Penyakit Pada Manusia,06090120259011,2025-09-26,2030-09-26
525,GASTOR 100 PA,AGROKIMINDO KURNIABUANA,Zat Pengatur Tumbuh Tanaman,01040120124365,2022-06-27,2027-06-27
526,SIRIUS 150 SL,CV. AGRO MANDIRI SEJAHTERA,Insektisida,01010120196390,2024-09-19,2029-09-19
527,MAC LAMPIR 300 EC,JIRONA AGRITAMA,Insektisida,01010120144912,2024-08-09,2029-08-09
528,Soffell 100 AL,HERLINA INDAH,Repelen,06080120269473,2026-04-20,2031-04-20
529,MONOAMONIUM GLIFOSAT 45 TC,ADIL MAKMUR FAJAR,Herbisida,042000113,2022-06-27,2027-06-27
530,ACE-ONE 75 SP,SINAR GENERAL INDUSTRIES,Insektisida,01010120114014,2021-11-18,2026-11-18
531,ACTICIDE B 20,JAYA WARINDO ABADI,Fungisida,042020843,2025-11-13,2030-11-13
532,BM REAPER 500/50 SC,BEHN MEYER AGRICARE,Herbisida,01030120217032,2025-09-26,2030-09-26
533,VANTACOR 600 SC,BINA GUNA KIMIA,Insektisida,032025598,2025-07-11,2030-07-11
534,Lentra 200 SL,RABANA AGRO RESOURCES,Bahan pengawet kayu,04110120072773,2022-10-04,2027-10-04
535,MATADOR 25 CS,SYNGENTA INDONESIA,Insektisida,032016386,2021-10-12,2026-10-12
536,NARAPON 10 PA,SAMUDRA UTAMA NARAPATI,Zat Pengatur Tumbuh Tanaman,01040120124487,2022-10-04,2027-10-04
537,Feronia 250 SC,MITRA INDOTANI ABADI,Fungisida,01020120258771,2025-07-11,2030-07-11
538,ZEPHYR 80 WP,JAVAMAS AGROPHOS,Fungisida,0102012007385,2022-10-04,2027-10-04
539,ONE PUSH VAPE 1.7 AE,FUMAKILLA INDONESIA,Pestisida Rumah Tangga,06080120206650,2025-09-26,2030-09-26
540,DINAMEC 10 WG,FARMCO KIMIA,Insektisida,01010120124355,2023-08-28,2028-08-28
541,CEPHA 480 SL,INDAGRO,Zat Pengatur Tumbuh Tanaman,0104011978326,2026-01-20,2031-01-20
542,"UNISTRONG 5,7 WG",INTI EVERSPRING INDONESIA,Insektisida,01010120207005,2025-11-13,2030-11-13
543,Salufoste-p 106 SL,WINHONOR CONSULTING INDONESIA,Herbisida,01030120259284,2026-01-20,2031-01-20
544,CLIPPER 25 OD,CORTEVA AGRISCIENCE MANUFACTURING INDONESIA,Herbisida,032017394,2026-04-20,2031-04-20
545,GUSANG 40 EC,KRISTALINDO KARUNIA INTERNASIONAL,Insektisida,01010120155152,2025-02-17,2030-02-17
546,SALSA 550/55 EC,DALZON CHEMICALS INDONESIA,Insektisida,01010120175868,2022-12-05,2027-12-05
547,Mega 9 865 SL,RABANA AGRO RESOURCES,Herbisida,01030120072778,2022-06-27,2027-06-27
548,HEXAGOLD 75 WP,EXCEL MEG INDO,Fungisida,01020120186039,2023-04-26,2028-04-26
549,RESICORE 25 WP,SURYA AGROKEMINDO PERKASA,Herbisida,01030120196416,2024-09-19,2029-09-19
550,GLUFOSINATE-AMMONIUM 95 TC,SOLO LOGO INDONESIA,Herbisida,0420211000,2026-04-20,2031-04-20
551,BOOMING 250 EC,ASIA GALA KIMIA,Fungisida,01020120124209,2022-06-27,2027-06-27
552,JU VE 300 SC,JIRONA AGRITAMA,Insektisida,01010120144909,2024-08-09,2029-08-09
553,Goodknight 0.64 MC,GODREJ CONSUMER PRODUCTS INDONESIA,Pestisida Rumah Tangga,06080120259067,2025-11-13,2030-11-13
554,HIT MAGIC 0.10 FU,GODREJ CONSUMER PRODUCTS INDONESIA,Pestisida Rumah Tangga,06080120196277,2024-09-19,2029-09-19
555,RAZIA 141 SL,PETROKIMIA KAYAKU,Herbisida,01030120238053,2024-03-04,2029-03-04
556,ADVION 20 WG,SYNGENTA INDONESIA,Pestisida Pengendalian Vektor Penyakit Pada Manusia,06090120186005,2023-08-28,2028-08-28
557,PRYLLA 80 WP,RAINBOW AGROSCIENCES,Herbisida,01030120134613,2022-12-05,2027-12-05
558,Roundup Biactive 486 SL,MONAGRO KIMIA,Herbisida,032012300,2023-02-08,2028-02-08
559,SENACOR 70 WP,AGRORISEN INDOMAKMUR CEMERLANG,Herbisida,01030120258996,2025-09-26,2030-09-26
560,POKSINDO 200 EC,INTI EVERSPRING INDONESIA,Insektisida,01010119921051,2024-03-04,2029-03-04
561,ANDARAM 200 EC,ANDAFA AGRO INDO,Insektisida,01010120227610,2023-02-08,2028-02-08
562,METHOMYL 50 SP,INDO-SINO AGROCHEMICAL,Insektisida,032025632,2026-01-20,2031-01-20
563,TRIPON 30/5 WP,TRIDA KIMIA SAKTI,Insektisida,01010120237825,2023-04-26,2028-04-26
564,Sanitized® CDO,BRENNTAG,Bakterisida,0420231212,2023-08-28,2028-08-28
565,NUVET PLUSAQUA 600 EC,BUMI MAKMUR LESTARI UTAMA,Moluskisida,01050120238034,2024-03-04,2029-03-04
566,Zinnio 200 SL,AGRO SENTOSA RAYA,Herbisida,01030120248444,2024-09-19,2029-09-19
567,RIAJOS 50 EC,REJEKI INDO AGROTEC,Insektisida,01010120269642,2026-07-16,2031-07-16
568,MAXIGRASS 100 EC,GRAHA AGRO,Herbisida,01030120258965,2025-09-26,2030-09-26
569,DHARMAPARA 276 SL,MITRA KREASIDHARMA,Herbisida,01030120196342,2024-03-05,2029-03-05
570,MICROCARE DH,MARGA DWI KENCANA,Pestisida lain-lain,0420241345,2024-11-18,2029-11-18
571,REGIONT 55 SC,CENTA BRASINDO ABADI CHEMICAL INDUSTRY,Insektisida,01010120259275,2026-01-20,2031-01-20
572,GETAH 10 PA,AGRO DYNAMICS INDO,Zat Pengatur Tumbuh Tanaman,01040120134776,2024-03-05,2029-03-05
573,PARAQUAT DICHLORIDE 42 TC,REJEKI INDO AGROTEC,Herbisida,042020888,2025-11-13,2030-11-13
574,MAWSON 160/5 SL,TIGA MUARA EMAS MAKMUR,Herbisida,01030120134726,2023-02-08,2028-02-08
575,PATHFINDER 100 OD,INDO-SINO AGROCHEMICAL,Herbisida,032026658,2026-07-16,2031-07-16
576,RIAMORF 50 WP,REJEKI INDO AGROTEC,Fungisida,01020120258860,2025-07-11,2030-07-11
577,JAGOQUAT 276 SL*,CENTA BRASINDO ABADI CHEMICAL INDUSTRY,Herbisida,01030120227542,2026-07-16,2031-07-16
578,KLOWOR 140 SL*,SUMBER AGRO PERKASA,Herbisida,01030120269401,2026-04-20,2031-04-20
579,MICROCARE ® ITL,TRITUNGGAL ARTHAMAKMUR,Bakterisida,042021993,2021-11-18,2026-11-18
580,SELECTIVO 80 OD,MAXXI AGRI INDONESIA,Herbisida,01030120269655,2026-07-16,2031-07-16
581,PRODEL 250/45 EC,PT. Duta Alam Prima,Insektisida,01010120196466,2024-09-19,2029-09-19
582,ASHURA 100/200 SC,AGRORISEN INDOMAKMUR CEMERLANG,Insektisida,01010120259163,2026-01-20,2031-01-20
583,DIFENOCONAZOLE 95 TC,MULTI SARANA INDOTANI,Fungisida,042013301,2022-12-05,2027-12-05
584,SOREXIN 20 WP,DALZON CHEMICALS INDONESIA,Herbisida,01030120175796,2022-12-05,2027-12-05
585,Cardil 430 SC,RABANA AGRO RESOURCES,Fungisida,01020120186211,2024-03-05,2029-03-05
586,KOBONG 138 SL,SARI KRESNA KIMIA,Herbisida,01030120248399,2024-09-19,2029-09-19
587,ROCHLOP 480 EC,ALBAUGH AGRO INDONESIA,Insektisida,01010120145013,2024-09-19,2029-09-19
588,SUMILEX 50 WP,NUFARM INDONESIA,Fungisida,01020119971315,2024-08-09,2029-08-09
589,AMETRYN 98 TC,RAINBOW AGROSCIENCES,Herbisida,0420221011,2022-06-27,2027-06-27
590,"PROTECTSAFE 0,005 BB",BUMI MAKMUR LESTARI UTAMA,Rodentisida,06120120072969,2023-08-28,2028-08-28
591,MORELA 730 SL,ZENITH CROPSCIENCES INDONESIA,Fungisida,01020120206846,2025-09-26,2030-09-26
592,ASIARIS 550 SC,PT.ASIANA CHEMICALINDO LESTARI,Herbisida,01030120186007,2023-08-28,2028-08-28
593,OXAMYL 310 SL,INTI EVERSPRING INDONESIA,Insektisida,032023542,2023-08-28,2028-08-28
594,ROVRAL 250 SC,BINA GUNA KIMIA,Fungisida,032012302,2022-12-05,2027-12-05
595,DIVAXONE 138 SL,MULTI SARANA INDOTANI,Herbisida,01030120206725,2024-08-09,2029-08-09
596,Zinc Omadine ZOE dispersion,IMCD INDONESIA,Bakterisida,0420221090,2022-12-05,2027-12-05
597,TRAXONE 480 SC,SINAR GENERAL INDUSTRIES,Herbisida,01030120259139,2025-11-13,2030-11-13
598,SWITCH OFF 37.5/25 WG,RAINBOW AGROSCIENCES,Fungisida,01020120155395,2025-09-26,2030-09-26
599,TERRCO 200 SL,DHARMA GUNA WIBAWA,Bahan pengawet kayu,04110120093380,2023-02-08,2028-02-08
600,MORIOX 100/150 SC,NUFARM INDONESIA,Insektisida,01010120248304,2024-08-09,2029-08-09
601,FITOZEB 80 WP,INDO-SINO AGROCHEMICAL,Fungisida,01020120031887,2024-03-05,2029-03-05
602,BERSIHKEONG 65 WP,TIGA MUARA EMAS MAKMUR,Moluskisida,01050120227617,2023-02-08,2028-02-08
603,LORYFOS 500 EC,SATYA ALAM SEMESTA,Insektisida,01010120196552,2024-09-19,2029-09-19
604,MIPC 95 TC,INTI EVERSPRING INDONESIA,Insektisida,0419889,2024-03-05,2029-03-05
605,CYRO 20 WG,SARI KRESNA KIMIA,Herbisida,01030120186177,2024-03-04,2029-03-04
606,DKFENZO 20/100 SC,DANKEN INDONESIA,Insektisida,01010120165555,2026-07-16,2031-07-16
607,HEROZEB 80 WP,TUNASHARAPAN MURNI,Fungisida,01020120093377,2024-03-05,2029-03-05
608,Indoxacarb 95 TC,DALZON CHEMICALS INDONESIA,Insektisida,0420251416,2025-11-13,2030-11-13
609,VAPE 44 EC,FUMAKILLA INDONESIA,Pestisida Pengendalian Vektor Penyakit Pada Manusia,06090120237831,2023-04-26,2028-04-26
610,SIDARON 80 WP,PETROSIDA GRESIK,Herbisida,01030120042007,2022-06-27,2027-06-27
611,SIDAZOL 250 EC,PETROSIDA GRESIK,Fungisida,01020120072895,2022-06-27,2027-06-27
612,SIHALOFOP BUTIL 98 TC,MULTI AGRO JAYA UTAMA,Herbisida,0420241324,2024-09-19,2029-09-19
613,PROVIDE-X 21/45 SC,DELTA GIRI WACANA,Insektisida,01010120113915,2024-09-19,2029-09-19
614,Rohaka 40 SP,TRI AGRO CHEMICALS,Insektisida,01010120258866,2025-07-11,2030-07-11
615,CYCLON 290 SL,PUTRA TIMUR AGRO NUSANTARA,Herbisida,01030120021681,2023-02-08,2028-02-08
616,SENSATION 100/200 SC,SINAR GENERAL INDUSTRIES,Insektisida,01010120259287,2026-01-20,2031-01-20
617,RIACEL 30 EC,REJEKI INDO AGROTEC,Insektisida,01010120248691,2025-02-17,2030-02-17
618,"BADAK 0,068 MC",SUPRA TUSAMAN ABADI,Pestisida Rumah Tangga,06080120227384,2022-10-04,2027-10-04
619,KINGQUAT 276 SL,AGRICULTURE CONSTRUCTION,Herbisida,01030120269588,2026-07-16,2031-07-16
620,Goodknight 0.52 MC,GODREJ CONSUMER PRODUCTS INDONESIA,Pestisida Rumah Tangga,06080120258939,2025-09-26,2030-09-26
621,SUPRACIDE 25 WP,NATHANI CHEMICALS,Insektisida,01010120124482,2023-04-26,2028-04-26
622,NANOTRON 100/100 SC,BINGEI AGUNG,Fungisida,01020120237789,2023-04-26,2028-04-26
623,LUXON 139 SL,SAPROTAN UTAMA NUSANTARA,Herbisida,01030120269594,2026-07-16,2031-07-16
624,HIT 0.25 AE,GODREJ CONSUMER PRODUCTS INDONESIA,Pestisida Rumah Tangga,06080120196344,2024-11-18,2029-11-18
625,"Beta Siflutrin 96,5 TC",BAYER INDONESIA,Insektisida,042017441,2022-06-27,2027-06-27
626,Salribac 100 SC,WINHONOR CONSULTING INDONESIA,Herbisida,01030120259119,2025-11-13,2030-11-13
627,FENPROZOLE 500 EC,RAINBOW AGROSCIENCES,Fungisida,01020120134571,2023-04-26,2028-04-26
628,ORCA 480 SL,DA MING INDONESIA,Herbisida,01030120196565,2024-11-18,2029-11-18
629,DENSE 70 WP,DELTA GIRI WACANA,Fungisida,01020120103729,2024-03-05,2029-03-05
630,MAXKILL 50 EC,JIVA AGRICULTURE INDONESIA,Insektisida,01010120258834,2025-07-11,2030-07-11
631,Fipro Star 55/20 SC,DELTA CHEMICA,Insektisida,01010120258929,2025-09-26,2030-09-26
632,BIORE GUARD Lotion Anti Nyamuk 25/0.05 LT,KAO INDONESIA DISTRIBUTION,Repelen,06080120248361,2024-09-19,2029-09-19
633,CYLOCAPS 250 CS,AGRO INSANI SEMESTA,Insektisida,01010120206719,2025-07-11,2030-07-11
634,CHIX 25 EC,CROP CARE INDONESIA,Insektisida,01010119981404,2022-10-04,2027-10-04
635,RABBAT 250 SC,TRITAMA WIRAKARSA,Fungisida,01020120196472,2025-02-17,2030-02-17
636,EVEREST 80 WP,SAFEEKO BIO INDONESIA,Fungisida,01020120206831,2025-11-13,2030-11-13
637,FAST DOWN 200/100 EC,DELTA CHEMICA,Insektisida,01010120237876,2023-08-28,2028-08-28
638,ROUNDUP RENEW 486 SL,MONAGRO KIMIA,Herbisida,032022539,2023-02-08,2028-02-08
639,FORESTER 550/20 EC,MAXXI AGRI INDONESIA,Insektisida,01010120155301,2025-09-26,2030-09-26
640,PHYMAR C 67 SL,ALAM NABATI ANACARDIUM,Fungisida,01020120185974,2024-11-18,2029-11-18
641,MIDAS 250 EC,NATHANI CHEMICALS,Zat Pengatur Tumbuh Tanaman,01040120124481,2024-03-05,2029-03-05
642,ODEON 720 SC,ROYAL AGRO INDONESIA,Fungisida,01020120145087,2024-09-19,2029-09-19
643,MAX SULFURON 25 WP,ARTHA MAKMUR ABADI,Herbisida,01030120269597,2026-07-16,2031-07-16
644,PETRONIL 75 WP,PETROSIDA GRESIK,Fungisida,01020120113986,2025-07-11,2030-07-11
645,ROTAPRID 350 SC,ALBAUGH AGRO INDONESIA,Insektisida,01010120145016,2024-09-19,2029-09-19
646,B-DA 250 SC,BIOWORLD BIOSCIENCES MANUFACTURING INDUSTRIES,Insektisida,032024551,2024-09-19,2029-09-19
647,RICEFINE 400 SC,ENFARM CROP SCIENCE,Herbisida,01030120269645,2026-07-16,2031-07-16
648,BIOFURON 20 WG,YANNO AGRO SCIENCE INDONESIA,Herbisida,01030120031745,2024-08-09,2029-08-09
649,MONKEY 25 WP,SARANA TANI INDONESIA MAKMUR,Insektisida,01010120083254,2024-03-04,2029-03-04
650,ALOFIT 167/323 EC,ADVANSIA INDOTANI,Herbisida,01030120217110,2026-07-16,2031-07-16
651,Corn Star 300 SC,BYTER AGRICULTURE INDONESIA,Herbisida,01030120248593,2025-02-17,2030-02-17
652,JAGONA 400 SL,MASCO AGRI GENETICS,Insektisida,01010120093581,2024-08-09,2029-08-09
653,BELLKUTE 40 WP,MITSUBISHI CORPORATION INDONESIA,Fungisida,01020120021677,2022-10-04,2027-10-04
654,LANDHYPO 500 SL,AGROLAND INDO SYNERGY,Insektisida,01010120248295,2024-08-09,2029-08-09
655,PT-SANTAIS 25 WP,BIOWORLD BIOSCIENCES MANUFACTURING INDUSTRIES,Fungisida,032025623,2025-11-13,2030-11-13
656,Proxel 106 Preservative,ARXADA CHEMICALS INDONESIA,Pestisida lain-lain,042018673,2024-08-09,2029-08-09
657,OLNAIT 150 SL,SUPRA TUSAMAN ABADI,Pestisida Rumah Tangga,06080120155377,2026-01-20,2031-01-20
658,SPEEDUP 480 SL,NUFARM INDONESIA,Herbisida,01030120011647,2025-09-26,2030-09-26
659,HIMAQUAT 280 SL*,SAMUDRA UTAMA NARAPATI,Herbisida,01030120155358,2024-09-19,2029-09-19
660,Zhenshi 72 EC,Agro Bumi Timur,Insektisida,01010120259326,2026-01-20,2031-01-20
661,"INDOFUME 99,8 GA",MULTI GLOBAL CENTRO,Fumigan,07100120185960,2024-03-04,2029-03-04
662,BEVERA WP,PRIMA BERKAH NUSANTARA,Insektisida,01010120217117,2026-07-16,2031-07-16
663,MORGENT 50 SC,INTI EVERSPRING INDONESIA,Insektisida,01010120113907,2025-07-11,2030-07-11
664,BigGib 20 TB,LUMBUNG AGRO MAKMUR,Zat Pengatur Tumbuh Tanaman,01040120259037,2025-11-13,2030-11-13
665,VENOS 500 EC,KUNIMA JAYA SELARAS,Insektisida,01010120072810,2023-04-26,2028-04-26
666,DIOMEC 18 EC,BANGKIT JAYA,Insektisida,01010120062399,2023-04-26,2028-04-26
667,MATURE 330 EC,AGRICULTURE CONSTRUCTION,Herbisida,01030120258832,2025-07-11,2030-07-11
668,NICOSIDA 80 OD,PETROSIDA GRESIK,Herbisida,01030120238169,2024-03-05,2029-03-05
669,CAPTURE 50 EC,DELTA GIRI WACANA,Insektisida,01010120031874,2022-10-04,2027-10-04
670,DOTHIURON 500 SC,RAINBOW AGROSCIENCES,Insektisida,01010120227398,2022-10-04,2027-10-04
671,FORANAZOLE 250/150 SC,FORAGRO MITRA SEJATI,Fungisida,01020120258773,2025-07-11,2030-07-11
672,DETAFOS 200 EC,DELTAGRO MULIA SEJATI,Insektisida,01010120186022,2023-02-08,2028-02-08
673,VAPE 0.05 RB,FUMAKILLA INDONESIA,Pestisida Rumah Tangga,06080120196317,2024-03-05,2029-03-05
674,TERRADOR 70 WG,NUFARM INDONESIA,Herbisida,01030120206866,2024-09-19,2029-09-19
675,TOPTENAN 200/130 SC,CENTA BRASINDO ABADI CHEMICAL INDUSTRY,Fungisida,01020120217097,2025-09-26,2030-09-26
676,TOPTRUST 50/100 SC,ALFA BETA AGROCHEMICAL,Insektisida,01010120269488,2026-04-20,2031-04-20
677,SYUR-UP 625 SL,SINAR GENERAL INDUSTRIES,Herbisida,01030120196311,2024-09-19,2029-09-19
678,MULLER 50 SP,JIRONA AGRITAMA,Insektisida,01010120155375,2025-11-13,2030-11-13
679,FLONEX 80 WP,UPL INDONESIA,Fungisida,01020120248376,2024-09-19,2029-09-19
680,VAPE ULTRA 0.015 MC,FUMAKILLA INDONESIA,Insektisida,032016387,2026-07-16,2031-07-16
681,PREVENTOL D 9 PLUS,BLUE CUBE INDONESIA,Pestisida lain-lain,0420241351,2024-11-18,2029-11-18
682,FLIESAWAY 1.4 AE,BAHANA HANNELA MASSIMA,Pestisida Rumah Tangga,06080120175750,2022-12-05,2027-12-05
683,ANOSAD 120 SC,ADVANSIA INDOTANI,Insektisida,01010120134658,2023-08-28,2028-08-28
684,Cymax 100 OD,RABANA AGRO RESOURCES,Herbisida,01030120186176,2024-03-05,2029-03-05
685,DUTAZEB 55/30 WP,PT. Duta Alam Prima,Fungisida,01020120237745,2023-04-26,2028-04-26
686,KENLON EXTRA 680 EC,KENSO INDONESIA,Herbisida,01030120258806,2025-07-11,2030-07-11
687,MRJITU 480 SL,AGRO DYNAMICS INDO,Herbisida,01030120083192,2024-03-04,2029-03-04
688,TOXINIL 720 SC,SURYA AGROKEMINDO PERKASA,Fungisida,01020120134641,2023-04-26,2028-04-26
689,AMEXONE 500 SC,PETROKIMIA KAYAKU,Herbisida,01030120042047,2024-03-04,2029-03-04
690,INNOCENT 480 SC,BAHTERA BONIAGA LESTARI,Insektisida,01010120259220,2026-01-20,2031-01-20
691,BIOSTAR 200/125 SC,JIRONA AGRITAMA,Fungisida,01020120144895,2025-02-17,2030-02-17
692,Cleverole 50 SC,RAINBOW AGROSCIENCES,Insektisida,01010120248589,2025-02-17,2030-02-17
693,PRIMATIN 50 EC,CENTA BRASINDO ABADI CHEMICAL INDUSTRY,Insektisida,01010120093478,2023-08-28,2028-08-28
694,PROSAAPH 200/125 SC,JIVA AGRICULTURE INDONESIA,Fungisida,01020120269449,2026-04-20,2031-04-20
695,INDOCRON 500 EC,MITRA KREASIDHARMA,Insektisida,01010120062428,2025-11-13,2030-11-13
696,BENSTAR 50 WP,INDO-SINO AGROCHEMICAL,Fungisida,01020120031870,2024-03-05,2029-03-05
697,DELTAMETHRIN 98 TC,INTI EVERSPRING INDONESIA,Insektisida,042021979,2021-11-18,2026-11-18
698,Metina 150 EC,MULTI AGRO JAYA UTAMA,Herbisida,01030120227677,2023-02-08,2028-02-08
699,DAFAT 75 WG,DALZON CHEMICALS INDONESIA,Insektisida,01010120083180,2023-04-26,2028-04-26
700,CURUG 100 EC,TANAMAN MAKMUR MANDIRI,Herbisida,01030120238113,2024-03-05,2029-03-05
701,ENCLOR 300/28 SC,ALBAUGH AGRO INDONESIA,Insektisida,01010120144981,2024-09-19,2029-09-19
702,OORBYTE 480 SL,ARENA HORMON INDONUSA,Zat Pengatur Tumbuh Tanaman,01040120258976,2025-09-26,2030-09-26
703,ZEEPER 50 EC,UPL INDONESIA,Pestisida Pengendalian Vektor Penyakit Pada Manusia,06090120196322,2024-03-05,2029-03-05
704,Knocktrin 100 EC,JJM INDONESIA,Insektisida,01010120124200,2023-02-08,2028-02-08
705,SEPHIA 75 SP,YANNO AGRO SCIENCE INDONESIA,Insektisida,01010120206977,2025-09-26,2030-09-26
706,SANGKUR 50 EC,MAJU MAKMUR UTOMO,Insektisida,01010120186079,2023-08-28,2028-08-28
707,AGAXYS 400 SC,CENTA BRASINDO ABADI CHEMICAL INDUSTRY,Herbisida,01030120165595,2022-01-14,2027-01-14
708,ALL COVER 75/450 EC,NUFARM INDONESIA,Zat Pengatur Tumbuh Tanaman,032021507,2025-11-13,2030-11-13
709,MAXLON 670 EC,INTI EVERSPRING INDONESIA,Insektisida,01030120196554,2024-09-19,2029-09-19
710,DIMETOMORPH 96 TC,INTI EVERSPRING INDONESIA,Fungisida,042017443,2022-10-04,2027-10-04
711,REAKTIF 490 SL,PT. Spektra Global Intiagro,Herbisida,01030120114160,2022-01-14,2027-01-14
712,DUAL FORTE 225/90 SC,AGRORISEN INDOMAKMUR CEMERLANG,Herbisida,01030120248475,2024-11-18,2029-11-18
713,CYPERMETHRIN 92 % TC,AGRO JAYA INDUSTRI,Insektisida,0420231178,2023-08-28,2028-08-28
714,HAQQU 480 SL,MULTIGRO MAKMUR ABADI,Herbisida,01030120103745,2025-09-26,2030-09-26
715,TRICLOMAX 834 EC,RAINBOW AGROSCIENCES,Herbisida,01030120134642,2023-02-08,2028-02-08
716,DRAGOLD 50 WP,SUMANS MANDIRI SEJAHTERA,Moluskisida,01050120248370,2024-09-19,2029-09-19
717,BM EMATEZ 19 EC,BEHN MEYER AGRICARE,Insektisida,01010120114112,2025-11-13,2030-11-13
718,SONET 75 WP,ETONG CHEMICAL INDONESIA,Insektisida,01010120248704,2025-02-17,2030-02-17
719,DIABLO 36 EC,MAKMUR JAYA AGRO,Insektisida,01010120186115,2023-08-28,2028-08-28
720,MAXXTOMYL 40 SP,MAXXI AGRI INDONESIA,Insektisida,01010120269422,2026-04-20,2031-04-20
721,Acticide MBS,AZELIS INDONESIA DISTRIBUSI,Pestisida lain-lain,0420261493,2026-07-16,2031-07-16
722,STARMEK 18 EC,SAPROTAN UTAMA,Insektisida,01010120031935,2022-10-04,2027-10-04
723,MATRIX WIN 200/100 EC,MULTI SARANA INDOTANI,Insektisida,01010120155312,2024-03-04,2029-03-04
724,HEKSA 50 SC,BINA GUNA KIMIA,Fungisida,01020120042086,2024-08-09,2029-08-09
725,DUPLUS 145/77 SC,DELTAGRO MULIA SEJATI,Insektisida,01010120196523,2024-08-09,2029-08-09
726,MONOSULTAP 95 TC,INTI EVERSPRING INDONESIA,Insektisida,042017447,2022-10-04,2027-10-04
727,SUPERMIL 75 WP,MEKAR WARNA SARI,Fungisida,01020120093376,2024-08-09,2029-08-09
728,VAPE MOSQUITO COIL Ma MC,FUMAKILLA INDONESIA,Pestisida Rumah Tangga,032022526,2022-10-04,2027-10-04
729,KENAZOL 125 SC,KENSO INDONESIA,Fungisida,01020120155231,2025-11-13,2030-11-13
730,BISDI 100 SC,AGRO SENTOSA RAYA,Herbisida,01030120248363,2024-09-19,2029-09-19
731,V-WENZAN 100 EW,VISION CROP PROTECTION,Pestisida Rumah Tangga,06080120248727,2025-02-17,2030-02-17
732,FURY 100 EC,BINA GUNA KIMIA,Insektisida,032019460,2024-08-09,2029-08-09
733,HYPOTECH 500 SL,SUGI TEKNIK PANGAN,Insektisida,01010120227423,2022-10-04,2027-10-04
734,DIPHO 290 SL,INDAGRO,Insektisida,01010120001538,2025-11-13,2030-11-13
735,Soffell 200 AL,HERLINA INDAH,Pestisida Rumah Tangga,06080120269475,2026-04-20,2031-04-20
736,FURUYA 20 WP,JATI EMAS UNGGUL,Zat Pengatur Tumbuh Tanaman,01040120269373,2026-04-20,2031-04-20
737,INDOL-3-YLACETIC ACID 98 TC,SOLO LOGO INDONESIA,Zat Pengatur Tumbuh Tanaman,0420241312,2024-09-19,2029-09-19
738,BENHUR 500 EC,DELTAGRO MULIA SEJATI,Insektisida,01010120001498,2025-07-11,2030-07-11
739,KINGXONE 276 SL*,MAHKOTA AGRO INDUSTRI,Herbisida,01030120206753,2025-07-11,2030-07-11
740,TUMAGON PLUS 240 EC,SAPROTAN UTAMA NUSANTARA,Insektisida,01010120155278,2025-07-11,2030-07-11
741,CHLORPYRIFOS 94 TC,DELTA GIRI WACANA,Insektisida,042016393,2026-01-20,2031-01-20
742,STAM-F 340 EC,UPL INDONESIA,Herbisida,01030120093497,2024-08-09,2029-08-09
743,"SIDARAT 0,005BB",PETROSIDA GRESIK,Rodentisida,01120120093372,2023-02-08,2028-02-08
744,PROCLAZ 70 WP,JAWA AGRINDO INTERNASIONAL,Fungisida,01020120114092,2026-04-20,2031-04-20
745,MIPCIDIN 30/270 SC,Agro Bumi Timur,Insektisida,01010120258839,2025-07-11,2030-07-11
746,TRAP 20 WP,MULTIKIMIA AGRO SEJAHTERA,Herbisida,01030120031797,2024-03-05,2029-03-05
747,MARVICK 100 EC,ROYAL AGRO INDONESIA,Pestisida Pengendalian Vektor Penyakit Pada Manusia,06090120062200,2022-06-27,2027-06-27
748,BARESTAN 60 WP,TANI MAS SUBUR,Moluskisida,03050120072909,2023-02-08,2028-02-08
749,INDOHIPO 500 SL,INTI EVERSPRING INDONESIA,Insektisida,01010120155359,2025-09-26,2030-09-26
750,VAPE MOSQUITO COIL mg,FUMAKILLA INDONESIA,Pestisida Rumah Tangga,032025636,2026-01-20,2031-01-20
751,VIOLA 400/125 SE,SINAR GENERAL INDUSTRIES,Fungisida,01020120269501,2026-04-20,2031-04-20
752,TROGEN 50 SC,AGRO SENTOSA RAYA,Insektisida,01010120238209,2024-03-05,2029-03-05
753,BESTRIN FORTE 100 EC,BIOTEK SARANATAMA,Pestisida Pengendalian Vektor Penyakit Pada Manusia,06090120093519,2024-08-09,2029-08-09
754,SINERGY 150/150 EC,CROP CARE INDONESIA,Fungisida,01020120062538,2025-09-26,2030-09-26
755,YAMIDA 25 WP,SINAMYANG INDONESIA,Insektisida,01010120165474,2025-09-26,2030-09-26
756,Kenanga 25 EC,MAJU MAKMUR UTOMO,Pestisida Pengendalian Vektor Penyakit Pada Manusia,06090120031763,2022-12-05,2027-12-05
757,DKSTARZEB 80 WP,DANKEN INDONESIA,Fungisida,01020120165435,2026-07-16,2031-07-16
758,CAP MACAN 338 SL,TIGA MUARA EMAS MAKMUR,Herbisida,01030120227393,2022-10-04,2027-10-04
759,TERMITOK 200 EC,ZENITH CROPSCIENCES INDONESIA,Bahan pengawet kayu,04110119931137,2022-12-05,2027-12-05
760,HIT 0.606 MV,GODREJ CONSUMER PRODUCTS INDONESIA,Pestisida Rumah Tangga,06080120227311,2022-06-27,2027-06-27
761,BIOX AM133,BLUE CUBE INDONESIA,Pestisida lain-lain,0420241370,2025-02-17,2030-02-17
762,CHLORPYRIFOS 97 TC,CENTA BRASINDO ABADI CHEMICAL INDUSTRY,Insektisida,0420231176,2023-08-28,2028-08-28
763,AMETREX 500 SC,ROYAL AGRO INDONESIA,Herbisida,01030119931069,2023-04-26,2028-04-26
764,ZADE 63/12 WP,INDOIN BUSINESS GROUP,Fungisida,01020120206798,2025-09-26,2030-09-26
765,F510 GO MIRAI,OSIMO INDONESIA,Pestisida Rumah Tangga,032024573,2025-02-17,2030-02-17
766,GLYPHOSATE IPA 60 TA,NUFARM INDONESIA,Herbisida,0420241311,2024-09-19,2029-09-19
767,FASNATE 25 WP,GRAHA AGRO,Insektisida,01010120134676,2023-04-26,2028-04-26
768,CASTELO 80 WP,TIGA MUARA EMAS MAKMUR,Fungisida,01020120206908,2025-11-13,2030-11-13
769,UNIBRO 500/50 SC,INTI EVERSPRING INDONESIA,Herbisida,01030120206700,2024-11-18,2029-11-18
770,CHROTZ 45 EC,JIRONA AGRITAMA,Insektisida,01010120165425,2026-01-20,2031-01-20
771,VALEXIO 200 SC,BASF INDONESIA,Insektisida,032024581,2025-02-17,2030-02-17
772,MANTOK 20/21.5 WP,DUTA TANI,Fungisida,01020120248656,2025-02-17,2030-02-17
773,TRAVERSA 20/60 WG,ETONG CHEMICAL INDONESIA,Insektisida,01010120217269,2026-07-16,2031-07-16
774,CYPERMETHRIN 92 TC,MAJU MAKMUR UTOMO,Insektisida,042017423,2022-10-04,2027-10-04
775,ORYZOLE 250 EC,AGROTECH PESTICIDE INDUSTRY,Fungisida,01020120072786,2022-06-27,2027-06-27
776,MAXANIL 27 WP,PETROKIMIA KAYAKU,Fungisida,01020120114144,2025-07-11,2030-07-11
777,BENSPNIUM 100 SL,INDONESIA BENXING INDUSTRIAL,Herbisida,01030120259171,2026-01-20,2031-01-20
778,MATAMA 100 EC,SINAR GENERAL INDUSTRIES,Pestisida Pengendalian Vektor Penyakit Pada Manusia,06090120114066,2021-11-18,2026-11-18
779,VICTORY 75 WP,MULTI SARANA INDOTANI,Fungisida,01020120155196,2023-08-28,2028-08-28
780,Desanto 200 SL,MITRA INDOTANI ABADI,Insektisida,01010120165500,2022-01-19,2027-01-19
781,PARAKUAT DIKLORIDA 42 TC,SYNGENTA INDONESIA,Herbisida,042005165,2025-09-26,2030-09-26
782,HIT 0.63 AE,GODREJ CONSUMER PRODUCTS INDONESIA,Pestisida Rumah Tangga,06080120227416,2022-10-04,2027-10-04
783,STARMITOP 200/125 SC,TIGA MUARA EMAS MAKMUR,Fungisida,01020120269666,2026-07-16,2031-07-16
784,FLYTOX 1 P,MEDION FARMA JAYA,Pestisida Rumah Tangga,01060120217202,2025-09-26,2030-09-26
785,ENLAPIC 100 EC,CORTEVA AGRISCIENCE MANUFACTURING INDONESIA,Fungisida,032022524,2022-10-04,2027-10-04
786,QAISHAR 10 WP,JAWA AGRINDO INTERNASIONAL,Insektisida,01010120165456,2026-01-20,2031-01-20
787,TANICORD 50 EC,TANI MAS SUBUR,Insektisida,01010120042014,2025-09-26,2030-09-26
788,GRAVITAS 200 SL,CROP CARE INDONESIA,Herbisida,01030120134682,2026-07-16,2031-07-16
789,GOLEX 250 EC,BIOWORLD BIOSCIENCES MANUFACTURING INDUSTRIES,Fungisida,01020120052265,2025-09-26,2030-09-26
790,FENA 200 EC,CENTA BRASINDO ABADI CHEMICAL INDUSTRY,Insektisida,01010120217046,2025-09-26,2030-09-26
791,POWERGRASS 480 SL,INTISUBUR KIMINDO RAYA,Herbisida,0103012015383,2026-04-20,2031-04-20
792,AGRESOR 50 EC,PUSRI AGRO LESTARI,Insektisida,01010120134742,2024-08-09,2029-08-09
793,VERPIXO 100 SC,CORTEVA AGRISCIENCE MANUFACTURING INDONESIA,Fungisida,032021510,2026-04-20,2031-04-20
794,AMETREX 80 WP,ROYAL AGRO INDONESIA,Herbisida,01030119931070,2023-04-26,2028-04-26
795,"SIME EBOR 2030 0,003BB",Guthrie Agri Bio,Rodentisida,01120120113996,2023-04-26,2028-04-26
796,MAGISTER PLUS 390 EC,BINA GUNA KIMIA,Herbisida,032019451,2024-08-09,2029-08-09
797,PHOSTEK 56 P*,NUGROHO PRATAMA CHEMICA ASIA,Fumigan,05100120165638,2026-07-16,2031-07-16
798,RANGER 240 SL,MULTI SARANA INDOTANI,Herbisida,01030120031787,2025-07-11,2030-07-11
799,BIOBAN™ BP-PLUS Preservative,BLUE CUBE INDONESIA,Pestisida lain-lain,042017437,2022-12-05,2027-12-05
800,ANTIGERMEN PLUS 520 SC,JIRONA AGRITAMA,Fungisida,01020120134747,2024-08-09,2029-08-09
801,MEGANIUM 25 EC,MAJU MAKMUR UTOMO,Bahan pengawet kayu,04110120103675,2025-09-26,2030-09-26
802,PUZATE PLUS 25/53 WG,RAINBOW AGROSCIENCES,Herbisida,01030120248420,2024-09-19,2029-09-19
803,ISOPROPILAMINA GLIFOSAT 62 TK,MONAGRO KIMIA,Herbisida,0420221101,2023-02-08,2028-02-08
804,BIOBAN™ 551 S Antimicrobial,BLUE CUBE INDONESIA,Bakterisida,042018611,2024-03-04,2029-03-04
805,ALDIM 240 EC,ADVANSIA INDOTANI,Herbisida,01030120259157,2026-01-20,2031-01-20
806,ALGET 75 WP,ADVANSIA INDOTANI,Insektisida,01010120206888,2025-11-13,2030-11-13
807,AGSTAP 50 SP,AGSPEC INDONESIA,Insektisida,01010120124335,2023-04-26,2028-04-26
808,CROPCEL 30 EC,CROPLINK AGRIKULTUR TEKNOLOGI,Insektisida,01010120269346,2026-04-20,2031-04-20
809,VAPE 4.1 MV,FUMAKILLA INDONESIA,Pestisida Rumah Tangga,06080120134645,2023-02-08,2028-02-08
810,INDOPRID 25 WP,INTI EVERSPRING INDONESIA,Insektisida,01010120155360,2025-09-26,2030-09-26
811,BESTKILL 500/50 EC,BERKAH SUMBER SUKSES,Insektisida,01010120196505,2024-11-18,2029-11-18
812,PHOXIM 91 TC,SOLO LOGO INDONESIA,Insektisida,0420261487,2026-04-20,2031-04-20
813,"2,4-D Sodium Salt 95 TC",RAINBOW AGROSCIENCES,Herbisida,0420231218,2024-03-04,2029-03-04
814,SINAR-METHRIN 200 EC,SINAR GENERAL INDUSTRIES,Insektisida,01010120114169,2022-01-14,2027-01-14
815,PHOSTHENE 97 WG,CATUR AGRODAYA MANDIRI,Insektisida,01010120124498,2023-08-28,2028-08-28
816,MEVOR 20 WP,SARI KRESNA KIMIA,Herbisida,01030120238029,2024-03-04,2029-03-04
817,SPYKER GOLD 276 SL*,SURYA AGROKEMINDO PERKASA,Herbisida,01030120237935,2023-08-28,2028-08-28
818,PROTEOME 400 EC,INDOIN BUSINESS GROUP,Fungisida,01020120227351,2022-06-27,2027-06-27
819,SAMAR 75 WP,CATUR AGRODAYA MANDIRI,Fungisida,01020120124516,2023-04-26,2028-04-26
820,AHABIO TRICHO WP,TRUBUS PRIMA,Fungisida,01020120237843,2023-08-28,2028-08-28
821,SKIN VAPE 20 GL,FUMAKILLA INDONESIA,Repelen,06080120206682,2025-09-26,2030-09-26
822,BENCORE 250 EC,DA MING INDONESIA,Fungisida,01020120072923,2024-09-19,2029-09-19
823,GALA UP 360/120 SL,REJEKI INDO AGROTEC,Herbisida,01030120248621,2025-02-17,2030-02-17
824,ABAMECTIN 95 TC,MULTI SARANA INDOTANI,Insektisida,0420221009,2022-06-27,2027-06-27
825,BIOX P 520W,BLUE CUBE INDONESIA,Pestisida lain-lain,0420251435,2025-11-13,2030-11-13
826,SYNGLO 160/320 SC,SUNJOY AGRO INDONESIA,Fungisida,01020120248553,2024-11-18,2029-11-18
827,AXY WP,PT. Agritek Tani Indonesia,Insektisida,01010120206844,2025-11-13,2030-11-13
828,SERCADIS PLUS 125 SC,BASF INDONESIA,Fungisida,01020120186220,2023-08-28,2028-08-28
829,KRESNAXONE 276 SL,SARI KRESNA KIMIA,Herbisida,01030120124252,2025-11-13,2030-11-13
830,GLUFOSAT 300/100 SL,AGRO SENTOSA RAYA,Herbisida,01030120248387,2024-09-19,2029-09-19
831,FAJARQUAT 140 SL,AGRO JAYA INDUSTRI,Herbisida,01030120248256,2024-08-09,2029-08-09
832,PRIMADECO WP,PRIMA AGRO TECH,Fungisida,01020120186141,2023-04-26,2028-04-26
833,ELNINO 240 SL,MAHKOTA AGRO INDUSTRI,Herbisida,01030120021686,2024-03-04,2029-03-04
834,PROZONE 480 SC,AGRO TERRUM INDONESIA,Herbisida,01030120269451,2026-04-20,2031-04-20
835,BABIS 250 SL,FLORA FAUNA MANGGALA,Herbisida,01030120269336,2026-04-20,2031-04-20
836,PICODEX MAX 150/100 SC,AGRO TERRUM INDONESIA,Fungisida,01020120248673,2025-02-17,2030-02-17
837,COLUMBUS 540/60 EC,AGRO MULIA,Insektisida,01010120134672,2024-03-05,2029-03-05
838,HANDIDOR 200 SL,MUTIARA AGRO SEJATI,Herbisida,01030120269575,2026-07-16,2031-07-16
839,FREE-GEL 50 EC,CV. SAKASAKI INDONESIA,Insektisida,01010120196315,2024-09-19,2029-09-19
840,APOYOXONE 138 SL,TIGA MUARA EMAS MAKMUR,Herbisida,01030120227490,2022-12-05,2027-12-05
841,VAPE 15 MV,FUMAKILLA INDONESIA,Pestisida Rumah Tangga,032025634,2026-01-20,2031-01-20
842,KLORFENAPIR 98 TC,AGRO JAYA INDONESIA,Insektisida,0420241338,2024-11-18,2029-11-18
843,PAKARMAS 138 SL,DOUTA UTAMAN INDONESIA,Herbisida,01030120217073,2025-09-26,2030-09-26
844,BROADPLUS 0.7/0.7/75 WP,CORTEVA AGRISCIENCE INDONESIA,Herbisida,01030120001564,2025-11-13,2030-11-13
845,Welchem 500 SC,GLOBAL AGROTECH,Insektisida,01010120237837,2023-04-26,2028-04-26
846,Bithor 56.7/46.5 SC,ENSYSTEX INTERNATIONAL INDONESIA,Pestisida Pengendalian Vektor Penyakit Pada Manusia,06090120217031,2026-04-20,2031-04-20
847,CENTAFUR 3 GR,CENTA BRASINDO ABADI CHEMICAL INDUSTRY,Insektisida,01010120042056,2023-08-28,2028-08-28
848,RAGET 125 PA,FLORA DAN FAUNA,Zat Pengatur Tumbuh Tanaman,01040120134618,2023-04-26,2028-04-26
849,DANIGOLD 90 WG,INDO TANI UTAMA,Fungisida,01020120248596,2025-02-17,2030-02-17
850,DIFENOCONAZOLE 96 TC,CENTA BRASINDO ABADI CHEMICAL INDUSTRY,Fungisida,042018521,2023-02-08,2028-02-08
851,MACOBAN BLUE 80 WP,ROYAL AGRO INDONESIA,Fungisida,01020120238152,2024-03-05,2029-03-05
852,KO-Snail 6 RB,BIOWORLD BIOSCIENCES MANUFACTURING INDUSTRIES,Moluskisida,032025614,2025-11-13,2030-11-13
853,SRI MAGIO 325 SC,PRIMA LESTARI AGROSCIENCES INDONESIA,Fungisida,01020120175799,2023-04-26,2028-04-26
854,HILLPEAK 60 OD,KINGAGROOT BIOTECHNOLOGY INDONESIA,Herbisida,01030120259215,2026-01-20,2031-01-20
855,KENBAST 150 SL,KENSO INDONESIA,Herbisida,01030120062408,2025-11-13,2030-11-13
856,DEET 95 TC,MSR HIJAU LESTARI,Insektisida,042018563,2023-04-26,2028-04-26
857,KONTRAS 330 SC,SINAR GENERAL INDUSTRIES,Herbisida,01030120259228,2026-01-20,2031-01-20
858,MUSI 67 WP,PETROSIDA GRESIK,Moluskisida,01050120175706,2025-06-27,2030-06-27
859,FOSTIN 550/60 EC,SARI KRESNA KIMIA,Insektisida,01010120114046,2025-11-13,2030-11-13
860,PARAQUAT DICHLORIDE 42 TC,TRIBINA TANIKARYA,Herbisida,042021963,2026-04-20,2031-04-20
861,BOSSCO 400 SC,INDOIN BUSINESS GROUP,Herbisida,01030120206906,2026-01-20,2031-01-20
862,FIRETOP 520 EC,SINAR GENERAL INDUSTRIES,Herbisida,01030120196307,2024-09-19,2029-09-19
863,AGENDA 25 EC,DISCOVERY ENVIRONMENTAL SCIENCE INDONESIA,Bahan pengawet kayu,04110119971366,2024-03-04,2029-03-04
864,BIGEST 20 TB,MULTI SARANA INDOTANI,Zat Pengatur Tumbuh Tanaman,01040120093411,2023-04-26,2028-04-26
865,EFICAZ 18 EC,AGRO SENTOSA RAYA,Insektisida,01010120248371,2024-09-19,2029-09-19
866,BESTLANG 480 SL,BESTANI AGRO SEJAHTERA,Herbisida,01030120227618,2023-02-08,2028-02-08
867,ANTRACOL 70 WP,BAYER INDONESIA,Fungisida,010201197474,2025-07-11,2030-07-11
868,CAPITAL 200/300 SC,SANTANI AGRO MANDIRI,Fungisida,01020120196337,2024-03-05,2029-03-05
869,BAFIN 18 SL,CV. SARANA TANI MAKMUR,Fungisida,01020120206812,2025-11-13,2030-11-13
870,SELECT 240 EC,UPL INDONESIA,Herbisida,01030120248698,2025-02-17,2030-02-17
871,HIT MAGIC 0.103 FU,GODREJ CONSUMER PRODUCTS INDONESIA,Pestisida Rumah Tangga,06080120227665,2023-03-08,2028-03-08
872,MATROS 18 EC,PETROKIMIA KAYAKU,Insektisida,01010120042102,2024-09-19,2029-09-19
873,FURON 250 SC,SARI KRESNA KIMIA,Herbisida,01030120237879,2023-08-28,2028-08-28
874,BLOCK UP 480 SL,SARANA TANI INDONESIA MAKMUR,Herbisida,01030120145044,2024-09-19,2029-09-19
875,STANDARD 480 SL,RAINBOW AGROSCIENCES,Herbisida,01030120124302,2026-01-20,2031-01-20
876,FIPRON 50 SC,TIGA MUARA EMAS MAKMUR,Insektisida,01010120093578,2024-11-18,2029-11-18
877,ET-PRORICE 400 SC,ETONG CHEMICAL INDONESIA,Herbisida,01030120196527,2024-11-18,2029-11-18
878,KOPLO 500 EC,TIGA MUARA EMAS MAKMUR,Insektisida,01010120258817,2025-07-11,2030-07-11
879,"2,4-D 98 TC",RAINBOW AGROSCIENCES,Herbisida,042019780,2024-11-18,2029-11-18
880,SANKILL 530/60 EC,SANTANI AGRO MANDIRI,Insektisida,01010120124388,2022-06-27,2027-06-27
881,IMIDACLOPRID 97 TC,RAINBOW AGROSCIENCES,Insektisida,042019742,2024-09-19,2029-09-19
882,MUNJUL 80 SL,MAKMUR JAYA AGRO,Insektisida,01010120186134,2023-08-28,2028-08-28
883,WEEDAMIN 865 SL,PUTRISARI KIMIANUSA,Herbisida,01030120031944,2023-08-28,2028-08-28
884,SEHO 300/60 OD,Agro Bumi Timur,Herbisida,01030120258871,2025-07-11,2030-07-11
885,BANG WEED 480 SL,AGRO NATURAL TECHNOLOGY,Herbisida,01030120258904,2025-09-26,2030-09-26
886,CLEANOUT 373 SL,RAINBOW AGROSCIENCES,Herbisida,01030120248244,2024-08-09,2029-08-09
887,ONE PUSH VAPE 7.1 AE,FUMAKILLA INDONESIA,Pestisida Rumah Tangga,06080120206763,2025-11-13,2030-11-13
888,LORENTZ 61 EC,TIGA MUARA EMAS MAKMUR,Insektisida,01010120185965,2023-04-26,2028-04-26
889,GLIFOSAT 95 TC,MONAGRO KIMIA,Herbisida,0420221096,2023-02-08,2028-02-08
890,CENTAXONE 135 SL*,CENTA BRASINDO ABADI CHEMICAL INDUSTRY,Herbisida,01030120186107,2023-08-28,2028-08-28
891,MEILLER 50 SC,FOCUSINDO ASIA PACIFIC,Insektisida,01010120134597,2022-06-27,2027-06-27
892,ASIARON 80 WP,DA MING INDONESIA,Herbisida,01030120186008,2023-08-28,2028-08-28
893,AZOKSISTROBIN 98 TC,AGRO JAYA INDONESIA,Fungisida,0420231172,2023-08-28,2028-08-28
894,LUMIVIA B 625 FS,CORTEVA AGRISCIENCE MANUFACTURING INDONESIA,Insektisida,032019472,2024-11-18,2029-11-18
895,CARBOFURAN 10 GR,CENTA BRASINDO ABADI CHEMICAL INDUSTRY,Insektisida,032025587,2025-07-11,2030-07-11
896,PIRAZOSULFURON 97 TC,SOLO LOGO INDONESIA,Herbisida,042017500,2022-12-05,2027-12-05
897,SUPRANIL 75 WP,GRAHA AGRO,Fungisida,01020120124255,2022-10-04,2027-10-04
898,ORONDIS VIP 30/180 DC,SYNGENTA INDONESIA,Fungisida,032023541,2023-08-28,2028-08-28
899,BAKOCLEAN 480 EC,AGRICULTURE CONSTRUCTION,Herbisida,01030120227495,2022-12-05,2027-12-05
900,VAPE 0.4 AE,FUMAKILLA INDONESIA,Pestisida Rumah Tangga,06080120227597,2022-12-05,2027-12-05
901,CARBENDAZIM 98 TC,SAMUDRA UTAMA NARAPATI,Fungisida,042018642,2024-03-05,2029-03-05
902,MICROCARE QT,AZELIS INDONESIA DISTRIBUSI,Pestisida lain-lain,0420261516,2026-07-16,2031-07-16
903,TOUGHAG 70 WP,AGX ASIA INDONESIA,Fungisida,01020120206780,2025-09-26,2030-09-26
904,AMORA 200 SL,SARANA TANI INDONESIA MAKMUR,Herbisida,01030120175822,2022-12-05,2027-12-05
905,PETIR 480 SL,INDO TANI,Herbisida,01030120031701,2022-10-04,2027-10-04
906,COMEZONE MAXX 75/0.7/0.7 WP,AGRO TERRUM INDONESIA,Herbisida,01030120248590,2025-02-17,2030-02-17
907,FASTGRO 40 SL,MAXXI AGRI INDONESIA,Zat Pengatur Tumbuh Tanaman,01040120237997,2024-03-04,2029-03-04
908,HARAXIN 20 SL,DITYA CHEMINDO,Zat Pengatur Tumbuh Tanaman,01040120062419,2022-06-27,2027-06-27
909,MICROCARE CM,AZELIS INDONESIA DISTRIBUSI,Pestisida lain-lain,0420261492,2026-04-20,2031-04-20
910,SIBUTOX 6 GR,TANI MAS SUBUR,Moluskisida,01050120093491,2024-03-05,2029-03-05
911,WEEDUP 480 SL,CATUR AGRODAYA MANDIRI,Herbisida,01030120083164,2024-03-04,2029-03-04
912,Soffell Ice Mountain 300 AL,HERLINA INDAH,Repelen,06080120206687,2025-11-13,2030-11-13
913,CTS NATURAL COIL,FUMAKILLA NOMOS,Pestisida Rumah Tangga,032022515,2022-06-27,2027-06-27
914,PREVENTOL IT 14 MV,BLUE CUBE INDONESIA,Pestisida lain-lain,0420251443,2025-11-13,2030-11-13
915,STORIN 30 EC,PT Indo Pest Biochem,Insektisida,01010120103649,2023-08-28,2028-08-28
916,PROSID 25 WP,DELTAGRO MULIA SEJATI,Insektisida,01010120186063,2023-04-26,2028-04-26
917,GIBERPAT 20 TB,DA MING INDONESIA,Zat Pengatur Tumbuh Tanaman,01040120227651,2023-02-08,2028-02-08
918,GLIST UP 480 SL,MESTIKA NUSANTARA AGROKIMIA,Herbisida,01030120237882,2023-08-28,2028-08-28
919,VAPE 13.3 FU,FUMAKILLA INDONESIA,Pestisida Rumah Tangga,06080120217103,2026-04-20,2031-04-20
920,D-Alletrin Endura 90 TC,MSR HIJAU LESTARI,Insektisida,032018435,2024-03-05,2029-03-05
921,TRIDA UP 485 SL,TRIDA KIMIA SAKTI,Herbisida,01030120124530,2023-04-26,2028-04-26
922,TRUSINATE 80 SG,RAINBOW AGROSCIENCES,Herbisida,01030120155404,2025-11-13,2030-11-13
923,RATDON 0.0375 BB,SARI KRESNA KIMIA,Rodentisida,01120120269638,2026-07-16,2031-07-16
924,RANCAXONE 160 SL,TIGA MUARA EMAS MAKMUR,Herbisida,01030120238191,2024-03-05,2029-03-05
925,EMBARK 318 EC,MAJU MAKMUR UTOMO,Herbisida,01030120093536,2024-11-18,2029-11-18
926,"KINGKONG 0,069 MC",MENARA LAUT BERSATU,Pestisida Rumah Tangga,06080120259226,2026-01-20,2031-01-20
927,UNITOP 480 SL,UNI AGRO CHEMICA,Herbisida,01030120083088,2023-04-26,2028-04-26
928,CONFIPRID 10 WP,MAXXI AGRI INDONESIA,Insektisida,01020120103655,2025-09-26,2030-09-26
929,ALIKA 141/106 ZC,SYNGENTA INDONESIA,Insektisida,01010120072703,2026-04-20,2031-04-20
930,GANENDRA 75 WP,FOCUSINDO ASIA PACIFIC,Fungisida,01020120227522,2022-12-05,2027-12-05
931,NEWSIN WP,PETROKIMIA KAYAKU,Insektisida,01010120259096,2025-11-13,2030-11-13
932,STOPHAMA 300 EC,DALZON CHEMICALS INDONESIA,Insektisida,01010120124521,2023-02-08,2028-02-08
933,DETRANS-1209 5 ME,NUFARM INDONESIA,Insektisida,042019687,2024-08-09,2029-08-09
934,METSULFURON METHYL 96 TC,CHINA JIANGSU INTERNATIONAL INDONESIA,Herbisida,0420241318,2024-09-19,2029-09-19
935,SINOLIGHTNING 33/15 SL,INDO-SINO AGROCHEMICAL,Herbisida,032026659,2026-07-16,2031-07-16
936,TRANSFLUTRHIN 92 TC,MSR HIJAU LESTARI,Insektisida,042012292,2022-12-05,2027-12-05
937,NEW KING AP 226 SL,CENTA BRASINDO ABADI CHEMICAL INDUSTRY,Herbisida,01030120237911,2023-08-28,2028-08-28
938,"KINGKONG 0,058 MC",AMPUH PERKASA JAYA,Pestisida Rumah Tangga,06080120227428,2022-10-04,2027-10-04
939,MAHAKAM SORONG 280 SL,TIGA MUARA EMAS MAKMUR,Herbisida,01030120259237,2026-01-20,2031-01-20
940,SATURN-D 6 GR,PETROKIMIA KAYAKU,Herbisida,0103011975160,2022-12-05,2027-12-05
941,KINGBOSS 20 SG,ETONG CHEMICAL INDONESIA,Insektisida,01010120206746,2025-11-13,2030-11-13
942,MANGUNI 0.3 AE,CENTRAL BUKIT MORIA,Pestisida Rumah Tangga,06080120237784,2023-04-26,2028-04-26
943,METHOMYL 98 TC,DELTA GIRI WACANA,Insektisida,032025605,2025-09-26,2030-09-26
944,CARBOFURAN 5 GR,INTI EVERSPRING INDONESIA,Insektisida,032020495,2025-11-13,2030-11-13
945,JOEW POWER 276 SL,ARTHA MAKMUR ABADI,Herbisida,01030120248643,2025-02-17,2030-02-17
946,NOGAN P,MITRA SUKSES AGRINDO,Fungisida,01020120206648,2025-11-13,2030-11-13
947,ERUCA 40 SP,PRIMA AGRO LANCAR,Insektisida,01010120227300,2022-06-27,2027-06-27
948,RILLY 20 WG,AGROTECH PESTICIDE INDUSTRY,Herbisida,01030120072779,2022-06-27,2027-06-27
949,REALUP 480 SL,AMARTA BUANA SEJAHTERA,Herbisida,01030120031857,2023-04-26,2028-04-26
950,chithan-77 80 WP,AGROMANNA JAYA LESTARI,Fungisida,01020120237984,2024-03-04,2029-03-04
951,BM GULMATI 80 WP,BEHN MEYER AGRICARE,Herbisida,01030120165550,2025-09-26,2030-09-26
952,PIXEL 300 SL,DALZON CHEMICALS INDONESIA,Insektisida,01010120206670,2025-09-26,2030-09-26
953,CYPERMETHRIN 92 TC,MAHKOTA AGRO INDUSTRI,Insektisida,042018591,2024-03-05,2029-03-05
954,AVIORE 250 SC,KENSO INDONESIA,Fungisida,01020120134640,2023-04-26,2028-04-26
955,RIOVIL 50 SC,MAXXI AGRI INDONESIA,Fungisida,01020120103654,2024-11-18,2029-11-18
956,FAST BURN 276 SL,BYTER AGRICULTURE INDONESIA,Herbisida,01030120258770,2025-07-11,2030-07-11
957,NARAFOS 160 SL,SAMUDRA UTAMA NARAPATI,Herbisida,01030120217212,2025-11-13,2030-11-13
958,ROSE UP 525 SL,TIARA BUANA MANDIRI,Herbisida,01030120134626,2023-04-26,2028-04-26
959,BENTENG 250 SC,SANTANI AGRO MANDIRI,Bakterisida,01060120206713,2024-11-18,2029-11-18
960,KLIKER 500 SC,DELTAGRO MULIA SEJATI,Herbisida,01030120237777,2023-04-26,2028-04-26
961,BOOMINE 400 SC,FORAGRO MITRA SEJATI,Herbisida,01030120196247,2024-03-05,2029-03-05
962,VIBRATO 400 EC,DALZON CHEMICALS INDONESIA,Insektisida,01010120196591,2024-11-18,2029-11-18
963,GAPLUS 20 TB,JAWA AGRINDO INTERNASIONAL,Zat Pengatur Tumbuh Tanaman,01040120134867,2024-03-04,2029-03-04
964,KLOPER 500 SL,AGRO NATURAL TECHNOLOGY,Insektisida,01010120185964,2023-08-28,2028-08-28
965,PANINDO 10 WP,DA MING INDONESIA,Insektisida,01010120072788,2023-04-26,2028-04-26
966,APPLAUD 100 EC,INDAGRO,Insektisida,0101011989862,2022-12-05,2027-12-05
967,ROUNDUP TRANSORB 440SL,BAYER INDONESIA,Herbisida,01030120155319,2026-01-20,2031-01-20
968,QUICKMITE 50 WG,UPL INDONESIA,Insektisida,01010120175921,2023-04-26,2028-04-26
969,WINSPEED GOLD 20/200 ME,KINGAGROOT BIOTECHNOLOGY INDONESIA,Herbisida,01030120269502,2026-04-20,2031-04-20
970,SAFIXONE 200 SL,MULTI SARANA INDOTANI,Herbisida,01030120259280,2026-01-20,2031-01-20
971,Baicao Biotech,MENARA BERLIAN,Zat Pengatur Tumbuh Tanaman,0420251373,2025-07-11,2030-07-11
972,MAGNITUDE 500 SC,ALBAUGH AGRO INDONESIA,Insektisida,01010120144993,2024-09-19,2029-09-19
973,GLYPHOSATE 95 TC,MULTI SARANA INDOTANI,Herbisida,042019761,2024-03-05,2029-03-05
974,BIMICIA 25 WP,CV. SAKASAKI INDONESIA,Insektisida,01010120196506,2024-11-18,2029-11-18
975,KOEDADOR 25 WP,AGRO JAYA INDUSTRI,Insektisida,01010120258812,2025-07-11,2030-07-11
976,SANGAR 240 SL,SANTANI AGRO MANDIRI,Herbisida,01030120248327,2024-08-09,2029-08-09
977,DOMIT 200 SL,QILU CROP SCIENCE,Insektisida,01010120258924,2025-09-26,2030-09-26
978,HIT 0.17 AE,GODREJ CONSUMER PRODUCTS INDONESIA,Pestisida Rumah Tangga,06080120227415,2022-10-04,2027-10-04
979,PELITA 480 SL,PELITA AGUNG,Herbisida,01030119981417,2024-09-19,2029-09-19
980,BARFATE 75 SP,JATI EMAS UNGGUL,Insektisida,01010120165486,2025-11-13,2030-11-13
981,FLUMET 25/37.5 ME,UPL INDONESIA,Fungisida,01020120206618,2025-09-26,2030-09-26
982,FOXER 480 EC,AGRORISEN INDOMAKMUR CEMERLANG,Herbisida,01030120248384,2024-09-19,2029-09-19
983,TRUE 480 SL,PANCA AGRO NIAGA LESTARI,Herbisida,01030120072817,2022-10-04,2027-10-04
984,TRANSFLUTHRIN 92 TC,GELPI KURNIALESTARI,Insektisida,042012291,2026-04-20,2031-04-20
985,TRIDOMINE 400 SC,TRIDA KIMIA SAKTI,Herbisida,01030120206784,2025-07-11,2030-07-11
986,FUMITOXIN 56 PL*,BIOTEK SARANATAMA,Fumigan,05100120103671,2024-08-09,2029-08-09
987,JERSEY 30/200 EC,ARTHA BUANA MANDIRI,Insektisida,01010120217058,2026-01-20,2031-01-20
988,BIOCRON 500 EC,BIOTIS AGRINDO,Insektisida,01010120041956,2023-02-08,2028-02-08
989,PRIMA CUR-Z 722 SL,PRIMA KARYA BERJAYA,Fungisida,01020120258850,2025-07-11,2030-07-11
990,TUOFU 15/30 WP,SAFE CHEMICAL INDONESIA,Fungisida,01020120114180,2026-04-20,2031-04-20
991,ACERINE 25/50 ME,QILU CROP SCIENCE,Insektisida,01010120258735,2025-07-11,2030-07-11
992,PARAMOUNT 50 WP,INDOIN BUSINESS GROUP,Insektisida,01010120217217,2021-11-18,2026-11-18
993,CAPRENO 68/345 SC,BAYER INDONESIA,Herbisida,01030120217122,2026-04-20,2031-04-20
994,DKLUFEM 10/40 WG,DANKEN INDONESIA,Insektisida,01010120165429,2026-07-16,2031-07-16
995,DAUNKU 50 SL,Agro Bumi Timur,Zat Pengatur Tumbuh Tanaman,01040120269350,2026-04-20,2031-04-20
996,ARCHER 20 WP,DHARMA GUNA WIBAWA,Herbisida,01030120124543,2022-06-27,2027-06-27
997,Manxyl 68 WP,MAJU MAKMUR UTOMO,Fungisida,01020120062443,2021-11-18,2026-11-18
998,CYLATE 40 SP,CV. SAKASAKI INDONESIA,Insektisida,01010120258757,2025-07-11,2030-07-11
999,BOSCAPLUS 18 EC,GRAHA AGRO,Insektisida,01010120196250,2024-03-05,2029-03-05
1000,Herbi BAKAR 276 SL,BERSAMA SATU TEGUH,Herbisida,01030120238006,2024-03-04,2029-03-04
1001,AMETRYN 97 TC,MULTI SARANA INDOTANI,Herbisida,0420221010,2022-06-27,2027-06-27
1002,CALIWA 350 OD,ZENITH CROPSCIENCES INDONESIA,Fungisida,01020120196421,2024-09-19,2029-09-19
1003,FIPRONIL 95 TC,SOLO LOGO INDONESIA,Insektisida,0420241308,2024-09-19,2029-09-19
1004,SOLCORE 400/60 SL,SUNJOY AGRO INDONESIA,Herbisida,01030120248703,2025-02-17,2030-02-17
1005,MATCH 50 EC,SYNGENTA INDONESIA,Insektisida,01010119941157,2025-11-13,2030-11-13
1006,PARAQUAT DICHLORIDE 42 TK,MULTI SARANA INDOTANI,Herbisida,042017451,2025-11-13,2030-11-13
1007,EXTERMINEX 0.1 BB,SEGORO INTERNASIONAL,Bahan pengawet kayu,04110120196431,2024-08-09,2029-08-09
1008,JUTEK 400 SL,MAJU MAKMUR UTOMO,Zat Pengatur Tumbuh Tanaman,01040120196560,2024-11-18,2029-11-18
1009,GLUFOSINATE-AMMONIUM 95 TC,RAINBOW AGROSCIENCES,Herbisida,042021981,2026-07-16,2031-07-16
1010,CP 150 PA,AGROKIMINDO KURNIABUANA,Zat Pengatur Tumbuh Tanaman,01040120093420,2024-03-04,2029-03-04
1011,DKAZTROZOL PLUS 375 SC,DANKEN INDONESIA,Fungisida,01020120175838,2022-12-05,2027-12-05
1012,DYNASTY 400 SL,ADIL MAKMUR FAJAR,Insektisida,01010120072740,2023-02-08,2028-02-08
1013,TOPSINDO 70 WP,INTI EVERSPRING INDONESIA,Fungisida,01020120001565,2026-01-20,2031-01-20
1014,JOSSGONE 75 WP,CENTA BRASINDO ABADI CHEMICAL INDUSTRY,Fungisida,01020120238142,2024-03-05,2029-03-05
1015,BIOZEB 80 WP,JIRONA AGRITAMA,Fungisida,01020120124430,2023-04-26,2028-04-26
1016,GLUFOSINATE-AMMONIUM 95 TC,CENTA BRASINDO ABADI CHEMICAL INDUSTRY,Herbisida,0420251414,2025-11-13,2030-11-13
1017,FLASH 20 WG,ASIA GALA KIMIA,Herbisida,01030120134774,2023-04-26,2028-04-26
1018,FULLSTOP 325 SC,GRAHA AGRITECH PRIMA,Fungisida,01020120134575,2023-08-28,2028-08-28
1019,AURORA 70 WP,MULTI SARANA INDOTANI,Fungisida,01020120052232,2023-08-28,2028-08-28
1020,MEKTIXONE 177 SL*,SINAR GENERAL INDUSTRIES,Herbisida,01030120186053,2023-04-26,2028-04-26
1021,HANTUQUAT 50 EC,MUTIARA KERATON JIMMY&CO TRANS BISNIS INDONESIA,Insektisida,01010120259069,2025-11-13,2030-11-13
1022,SIMODIS 100 DC,SYNGENTA INDONESIA,Insektisida,032020489,2025-11-13,2030-11-13
1023,ABLE 100 EC,NOVINDO AGRITECH HUTAMA,Pestisida Pengendalian Vektor Penyakit Pada Manusia,06090120083243,2024-03-05,2029-03-05
1024,P-GLUFOSINAT 90 TC,MULTI AGRO JAYA UTAMA,Herbisida,0420221057,2022-10-04,2027-10-04
1025,MOHAWK 480 SL,NUFARM INDONESIA,Zat Pengatur Tumbuh Tanaman,01040120258969,2025-09-26,2030-09-26
1026,CALADINE Moisquito Repellent 10 Lt,GALENIUM PHARMASIA LABORATORIES,Repelen,06080120254043,2025-11-13,2030-11-13
1027,TRACKER 480 EC,FOCUSINDO ASIA PACIFIC,Herbisida,01030120124528,2022-06-27,2027-06-27
1028,TAMACIN 50 WP,SARI KRESNA KIMIA,Insektisida,01010120001513,2024-11-18,2029-11-18
1029,BM ZEBCO 80 WP,BEHN MEYER AGRICARE,Fungisida,01020120072721,2022-08-24,2027-08-24
1030,ROCIMA™ 640,BLUE CUBE INDONESIA,Bakterisida,042018630,2024-03-04,2029-03-04
1031,BASceper 50 EC,BERBAK AGRO SEJATI,Insektisida,01010120248237,2024-08-09,2029-08-09
1032,BM MASCONIL 50 SC,BEHN MEYER AGRICARE,Insektisida,01010120175676,2022-06-27,2027-06-27
1033,TRICHOSIDA WP,PETROSIDA GRESIK,Fungisida,01020120227473,2022-10-04,2027-10-04
1034,FORADIURON 80 WP,FORAGRO MITRA SEJATI,Herbisida,01030120258932,2025-09-26,2030-09-26
1035,CYTROZIN 60/20 WG,INDAGRO,Insektisida,01010120227394,2022-10-04,2027-10-04
1036,KARATE 50 EC,SARI KRESNA KIMIA,Insektisida,01010120062522,2025-11-13,2030-11-13
1037,FORMAIZE 75 WG,RAINBOW AGROSCIENCES,Herbisida,01030120155353,2025-11-13,2030-11-13
1038,EGOIST 300 SC,DUTA TANI,Fungisida,01020120237748,2023-04-26,2028-04-26
1039,PT-Hello 250 EC,BIOWORLD BIOSCIENCES MANUFACTURING INDUSTRIES,Fungisida,032025621,2025-11-13,2030-11-13
1040,FORTENZA 600 FS,SYNGENTA INDONESIA,Insektisida,01010120196339,2024-08-09,2029-08-09
1041,NORBT 75 WP,SINAMYANG INDONESIA,Fungisida,01020120217213,2025-11-13,2030-11-13
1042,VALETUDO 600 SC,MULTI SARANA INDOTANI,Insektisida,01010120186162,2023-08-28,2028-08-28
1043,GLYPHOSATE 95 TC,REJEKI INDO AGROTEC,Herbisida,042020857,2025-09-26,2030-09-26
1044,RUMOR 250 SL,SARI KRESNA KIMIA,Herbisida,01030120248323,2024-08-09,2029-08-09
1045,SANVORY 75 WP,ALISHAN NUSA INDAH,Fungisida,01020120093367,2022-12-05,2027-12-05
1046,TRICYNEX 75 WP,ROYAL AGRO INDONESIA,Fungisida,01020120114091,2022-01-14,2027-01-14
1047,TUREX WP,MULTI SARANA INDOTANI,Insektisida,01010119931103,2021-11-18,2026-11-18
1048,MULTITOMIL 40 SP,MULTI SARANA INDOTANI,Insektisida,01010120186133,2023-08-28,2028-08-28
1049,ABAMECTIN 92 TC,MAXXI AGRI INDONESIA,Insektisida,0420251447,2026-01-20,2031-01-20
1050,SENTRAL 11 PA,SAPROTAN UTAMA NUSANTARA,Zat Pengatur Tumbuh Tanaman,01040120113921,2025-02-17,2030-02-17
1051,TAMPIDOR 25 WP,TUNASHARAPAN MURNI,Insektisida,01010120103797,2025-09-26,2030-09-26
1052,CUPROCIDE 77 WP,SARI KRESNA KIMIA,Fungisida,01020120113956,2025-09-26,2030-09-26
1053,VERSUS 250 EC,EUREEKAGREAT NUSANTARA,Insektisida,01010120175723,2022-10-04,2027-10-04
1054,GOLDEN FOISON 150 SL,MULTI AGRO JAYA UTAMA,Herbisida,01030120238003,2024-03-04,2029-03-04
1055,FENTIN ASETAT 95 TC,SOLO LOGO INDONESIA,Moluskisida,042017492,2022-12-05,2027-12-05
1056,KENCIS 50 EC,KENSO INDONESIA,Insektisida,01010120196282,2024-08-09,2029-08-09
1057,AXOLOT 40/160 SC,SURYA AGROKEMINDO PERKASA,Insektisida,01.01.01.2022.7494,2022-12-05,2027-12-05
1058,SIHALOFOP BUTIL 97 TC,AGRO JAYA INDONESIA,Herbisida,0420231143,2023-04-26,2028-04-26
1059,Calaris 550 SC,SYNGENTA INDONESIA,Herbisida,01030120083256,2023-04-26,2028-04-26
1060,BISPAC 100 SC,ARTHA BUANA MANDIRI,Herbisida,01030120186013,2023-08-28,2028-08-28
1061,LABTE 100 CS,GONGCHENG BIOTECH INDONESIA,Pestisida Rumah Tangga,06080120269405,2026-04-20,2031-04-20
1062,Ngerejent 55 SC,SENTRAL TANI NUSANTARA,Insektisida,01010120269609,2026-07-16,2031-07-16
1063,ROUNDUP 486 SL,BAYER INDONESIA,Herbisida,01030120001560,2025-02-17,2030-02-17
1064,INTERCIDE DBF 10 DOTP,HALIM SAKTI PRATAMA,Fungisida,042018573,2024-03-04,2029-03-04
1065,PEANG 80 WP,AGRO JAYA INDUSTRI,Fungisida,01020120248528,2024-11-18,2029-11-18
1066,ETHION 95 TC,SOLO LOGO INDONESIA,Insektisida,0420241276,2024-08-09,2029-08-09
1067,NEOBAN PLUS 540/60 EC,CENTA BRASINDO ABADI CHEMICAL INDUSTRY,Insektisida,01010120175776,2026-07-16,2031-07-16
1068,CEPHA 100 PA,INDAGRO,Zat Pengatur Tumbuh Tanaman,0104011978327,2026-01-20,2031-01-20
1069,SKI-4 20WG,SINGA KIMIA INDONESIA,Pestisida Pengendalian Vektor Penyakit Pada Manusia,06090120269662,2026-07-16,2031-07-16
1070,ACEPHATE 97 TC,SOLO LOGO INDONESIA,Insektisida,0420251393,2025-09-26,2030-09-26
1071,PLATOON 75 WP,BIOTIS AGRINDO,Fungisida,01020120093557,2024-03-04,2029-03-04
1072,KAIPAL 200 EC,BAHTERA BONIAGA LESTARI,Insektisida,01010120124300,2022-12-05,2027-12-05
1073,AGROGIBB 20 TB,GLOBAL AGROTECH,Zat Pengatur Tumbuh Tanaman,01040120021671,2025-11-13,2030-11-13
1074,REGGI 60 EC,MAXXI AGRI INDONESIA,Insektisida,01010120155394,2025-07-11,2030-07-11
1075,LAMDA SIHALOTRIN 96 TC,SOLO LOGO INDONESIA,Insektisida,042019700,2024-03-04,2029-03-04
1076,KILLSTAR 200/100 SL,CENTA BRASINDO ABADI CHEMICAL INDUSTRY,Herbisida,01010120259225,2026-01-20,2031-01-20
1077,"ORY LURE 0,0005 SL",PT. Agritek Tani Indonesia,Atraktan / Feromon,01070120185972,2023-04-26,2028-04-26
1078,AMCOQUAT 135 SL,ADIL MAKMUR FAJAR,Herbisida,01030120217188,2026-07-16,2031-07-16
1079,JOSSBAN 600 EC,CV. Raja Grafika,Insektisida,01010120185961,2023-04-26,2028-04-26
1080,ANN GOLD GIBB 20 TB,NUSA NUR AGRO,Zat Pengatur Tumbuh Tanaman,01040120093540,2024-11-18,2029-11-18
1081,LAXILON 35 SD,DALZON CHEMICALS INDONESIA,Fungisida,01020120206638,2025-09-26,2030-09-26
1082,MILENIUM 60 WG,SARAREA PANEN RAYA,Insektisida,01010120227678,2023-02-08,2028-02-08
1083,BIOTRIN 350 EC,JIRONA AGRITAMA,Insektisida,01010120165644,2023-02-08,2028-02-08
1084,ALPHA CYPERMETHRIN 97 TC,GELPI KURNIALESTARI,Insektisida,042006169,2025-07-11,2030-07-11
1085,TERMIDOR 96 SC,BASF INDONESIA,Insektisida,032024555,2024-09-19,2029-09-19
1086,SANDOVIN 85 WP,DELTAGRO MULIA SEJATI,Insektisida,01010120042004,2023-02-08,2028-02-08
1087,PORTAAR 250 SC,ARENA HORMON INDONUSA,Zat Pengatur Tumbuh Tanaman,01040120258981,2025-09-26,2030-09-26
1088,ASXONE 138 SL,TIGA MUARA EMAS MAKMUR,Herbisida,01030120206711,2025-02-17,2030-02-17
1089,HONTO 10/30/15 WP,INDOIN BUSINESS GROUP,Herbisida,01030120227318,2022-06-27,2027-06-27
1090,ALTESSIA 300/10 EW,SYNGENTA INDONESIA,Herbisida,01030120259026,2025-11-13,2030-11-13
1091,METHOMYL 225 SL,INDO-SINO AGROCHEMICAL,Insektisida,032025617,2025-11-13,2030-11-13
1092,ALONIC 50 WG,ADVANSIA INDOTANI,Insektisida,01010120248569,2025-02-17,2030-02-17
1093,GIBREL 10 SP,MAKMUR JAYA AGRO,Zat Pengatur Tumbuh Tanaman,01040120227653,2023-03-08,2028-03-08
1094,MICROCARE PM4,AZELIS INDONESIA DISTRIBUSI,Pestisida lain-lain,0420261514,2026-07-16,2031-07-16
1095,RICESAFE PLUS 50/150 OD,RAINBOW AGROSCIENCES,Herbisida,01030120237926,2023-08-28,2028-08-28
1096,BASMIRATA 15 WP,ARYSTA LIFESCIENCE TIRTA,Herbisida,01030120155213,2023-10-11,2028-10-11
1097,BESTOP 530 SL,LANGGENG MUSTIKA CHEMINDO,Herbisida,01030120134553,2024-03-04,2029-03-04
1098,PUNTO 200 SL,RAINBOW AGROSCIENCES,Insektisida,01010120134612,2022-10-04,2027-10-04
1099,NARAXONE 320 SL*,SAMUDRA UTAMA NARAPATI,Herbisida,01030120124488,2022-10-04,2027-10-04
1100,GALAXY 250/150 SC,SINAR GENERAL INDUSTRIES,Fungisida,01020120144985,2024-09-19,2029-09-19
1101,TRACER 120 SC,CORTEVA AGRISCIENCE MANUFACTURING INDONESIA,Insektisida,032017411,2022-06-27,2027-06-27
1102,SPAR 1 GR,NOVINDO AGRITECH HUTAMA,Pestisida Pengendalian Vektor Penyakit Pada Manusia,06090120072806,2022-10-04,2027-10-04
1103,MANDAR 45 WP,TIGA MUARA EMAS MAKMUR,Insektisida,01010120185966,2023-04-26,2028-04-26
1104,ENVICUR 270 EC,SINAR GENERAL INDUSTRIES,Fungisida,01020120155143,2024-11-18,2029-11-18
1105,WINGREAT 400 EC,MULTI SARANA INDOTANI,Insektisida,01010120155198,2023-08-28,2028-08-28
1106,DEL UP 490 SL,Agro Bumi Timur,Herbisida,01030120124446,2023-04-26,2028-04-26
1107,SANDOUP 480 SL,DELTAGRO MULIA SEJATI,Herbisida,01030120042136,2023-08-28,2028-08-28
1108,STROBO FORTE 200/125 SE,Agro Bumi Timur,Fungisida,01020120259132,2025-11-13,2030-11-13
1109,CANTRIO 50 WG,BASF INDONESIA,Insektisida,01010120227626,2023-02-08,2028-02-08
1110,MITISUN 570 EC,ADIL MAKMUR FAJAR,Akarisida,01140119951237,2023-02-08,2028-02-08
1111,RONDA PLUS 360/5 SL,CENTA BRASINDO ABADI CHEMICAL INDUSTRY,Herbisida,01030120083223,2023-08-28,2028-08-28
1112,DOMARK 100 EC,MITRA KREASIDHARMA,Fungisida,01020120041406,2024-09-19,2029-09-19
1113,EVISET 50 SP,ARYSTA LIFESCIENCE TIRTA,Insektisida,01010120083040,2023-02-08,2028-02-08
1114,RONDO LOGICO 75 SG,UPL INDONESIA,Herbisida,01030120083289,2024-03-05,2029-03-05
1115,GINOK 200/10 SL,TANAMAN MAKMUR MANDIRI,Zat Pengatur Tumbuh Tanaman,01040120269379,2026-04-20,2031-04-20
1116,SRI HANG US 150 SL,PRIMA LESTARI AGROSCIENCES INDONESIA,Herbisida,01030120185992,2023-04-26,2028-04-26
1117,PRIMABAT 50 WP,PRIMA KARYA BERJAYA,Fungisida,01020120248418,2024-09-19,2029-09-19
1118,NUPLANT 722 SL,NUFARM INDONESIA,Fungisida,01020119971308,2021-11-18,2026-11-18
1119,BADRA 276 SL*,SOLO LOGO INDONESIA,Herbisida,01030120206598,2025-02-17,2030-02-17
1120,VICURE 200/100 EC,DELTA CHEMICA,Fungisida,01020120237835,2023-04-26,2028-04-26
1121,WEEDKILL 480 SL,ZHENGBANG CROP PROTECTION INDONESIA,Herbisida,01030120217271,2022-01-14,2027-01-14
1122,ATHENZ 33 EC,SINAR GENERAL INDUSTRIES,Insektisida,01010120196328,2024-09-19,2029-09-19
1123,NOMAD 495 SL,RAGAM MANDIRI,Herbisida,01030120124378,2026-07-16,2031-07-16
1124,KATROL 10 PA,SAPROTAN UTAMA,Zat Pengatur Tumbuh Tanaman,01040120072766,2021-11-18,2026-11-18
1125,AVONIK 150/150 OD,ADVANSIA INDOTANI,Insektisida,01010120258740,2025-07-11,2030-07-11
1126,PARAQUAT DICHLORIDE 42 TC,CENTA BRASINDO ABADI CHEMICAL INDUSTRY,Herbisida,0420241321,2024-09-19,2029-09-19
1127,NETOXIN 400 SL,TRIBINA TANIKARYA,Insektisida,01010120083055,2023-04-26,2028-04-26
1128,SANMEX 250/37 SC,SANTANI AGRO MANDIRI,Insektisida,01010120155265,2025-02-17,2030-02-17
1129,CONTESS 30/50 EC,KRISTALINDO KARUNIA INTERNASIONAL,Insektisida,01010120196255,2024-03-04,2029-03-04
1130,A Class 2.43 LN,BINTANG ANUGERAH CAHAYA ABADI,Pestisida Pengendalian Vektor Penyakit Pada Manusia,06090120237725,2023-04-26,2028-04-26
1131,PROPICONAZOLE 95 TC,RAINBOW AGROSCIENCES,Fungisida,042019749,2024-11-18,2029-11-18
1132,TAMIPSIN 500 SC,TUNASHARAPAN MURNI,Fungisida,01020120083297,2024-03-05,2029-03-05
1133,STARGATE 600 SC,BINA GUNA KIMIA,Insektisida,01010120155191,2024-09-19,2029-09-19
1134,EMARVEL 100/50 SC,ETONG CHEMICAL INDONESIA,Insektisida,01010120206611,2025-07-11,2030-07-11
1135,AHABIO BEVE WP,TRUBUS PRIMA,Insektisida,01010120237841,2023-08-28,2028-08-28
1136,PROGIBB 40 SG,SANITAS,Zat Pengatur Tumbuh Tanaman,01040120134878,2023-04-26,2028-04-26
1137,CENTATHANE 80 WP,CENTA BRASINDO ABADI CHEMICAL INDUSTRY,Fungisida,01020120113953,2025-07-11,2030-07-11
1138,IMIDACLOPRID 95 TC,INTI EVERSPRING INDONESIA,Insektisida,042017472,2022-12-05,2027-12-05
1139,KEONG KILL 60 WP,DA MING INDONESIA,Moluskisida,01050120206745,2025-07-11,2030-07-11
1140,MAX-UP 480 SL,JIVA AGRICULTURE INDONESIA,Herbisida,01030120155173,2025-09-26,2030-09-26
1141,PRIMA-SORB 440 SL,PRIMA KARYA BERJAYA,Herbisida,01030120227573,2022-12-05,2027-12-05
1142,PRIMA-GRO 10 SP,PRIMA KARYA BERJAYA,Zat Pengatur Tumbuh Tanaman,01040120238048,2024-03-04,2029-03-04
1143,MOLTOVIN 345/35 SC,NUFARM INDONESIA,Fungisida,01020120134793,2022-12-05,2027-12-05
1144,AHALO 108 EC,ADVANSIA INDOTANI,Herbisida,01030120248565,2025-02-17,2030-02-17
1145,SIBIRU MIX 8/64 WP,MAXXI AGRI INDONESIA,Fungisida,01020120259291,2026-01-20,2031-01-20
1146,GOLDCHECK 30/40 WG,EASTCHEM AGROSCIENCE INDONESIA,Insektisida,01010120248267,2024-08-09,2029-08-09
1147,Acticide B20,MARGA DWI KENCANA,Pestisida lain-lain,0420231155,2023-04-26,2028-04-26
1148,DKBENTA PLUS 432 SL,DANKEN INDONESIA,Herbisida,01030120186024,2023-02-08,2028-02-08
1149,BESFURON 20 WP,BIOTIS AGRINDO,Herbisida,01030120248359,2024-09-19,2029-09-19
1150,ROCIMA™ BT NV2,BLUE CUBE INDONESIA,Pestisida lain-lain,042018633,2024-03-04,2029-03-04
1151,Glifosat 95 TC,DALZON CHEMICALS INDONESIA,Herbisida,042006193,2025-11-13,2030-11-13
1152,KINSTA 1/3 GR,ETONG CHEMICAL INDONESIA,Insektisida,01010120269589,2026-07-16,2031-07-16
1153,DAITONA 400 EC,DELTAGRO MULIA SEJATI,Insektisida,01010120031751,2021-11-18,2026-11-18
1154,SKIN VAPE 200 SL,FUMAKILLA INDONESIA,Pestisida Rumah Tangga,06080120165532,2026-07-16,2031-07-16
1155,ASPEN 290 EC,DALZON CHEMICALS INDONESIA,Herbisida,01030120196501,2024-11-18,2029-11-18
1156,RAJAGLIFO 555 SL,MAXXI AGRI INDONESIA,Herbisida,01030120269636,2026-07-16,2031-07-16
1157,DETRANS-1209 95 TC,NUFARM INDONESIA,Insektisida,042017425,2023-02-08,2028-02-08
1158,VILAN 50 SC,GEKA MITRA NIAGA,Fungisida,01020120165589,2022-06-27,2027-06-27
1159,GRASS BUSTER 500 SL,SINAR GENERAL INDUSTRIES,Herbisida,01030120175714,2022-06-27,2027-06-27
1160,MM-TOP 490 SL,DALZON CHEMICALS INDONESIA,Herbisida,01030120083203,2023-04-26,2028-04-26
1161,DKPRO-NIL 50 SC,DANKEN INDONESIA,Insektisida,01010120155221,2025-02-17,2030-02-17
1162,VAPE 0.05 AL,FUMAKILLA INDONESIA,Pestisida Rumah Tangga,06080120175812,2022-12-05,2027-12-05
1163,FORDAM 870 SL,MULTI SARANA INDOTANI,Herbisida,01030120155352,2024-03-04,2029-03-04
1164,HIT EXPERT 0.65 AE,GODREJ CONSUMER PRODUCTS INDONESIA,Pestisida Rumah Tangga,06080120227663,2023-03-08,2028-03-08
1165,BELVO 80 WG,SARI KRESNA KIMIA,Fungisida,01020120093318,2023-08-28,2028-08-28
1166,AJI-QUAT 135 SL,AGRO JAYA INDUSTRI,Herbisida,01030120248449,2024-11-18,2029-11-18
1167,"Dekamon 22,43L",KALATHAM,Zat Pengatur Tumbuh Tanaman,0104011982532,2022-01-12,2027-01-12
1168,"MEGANIL 82,5 WP",CENTA BRASINDO ABADI CHEMICAL INDUSTRY,Fungisida,01020120165630,2026-01-20,2031-01-20
1169,INDOCRASE 200 EC,DOUTA UTAMAN INDONESIA,Herbisida,01030120196281,2024-08-09,2029-08-09
1170,Innosei ® CPO,TRITUNGGAL ARTHAMAKMUR,Bakterisida,0420221110,2023-02-08,2028-02-08
1171,ERKAREN 480 EC,ROLIMEX KIMIA NUSAMAS,Herbisida,01030120134863,2024-03-05,2029-03-05
1172,OBSESSI 400 SL,GLOBAL AGROTECH,Insektisida,01010120093474,2023-04-26,2028-04-26
1173,PROFENOFOS 95 TC,SOLO LOGO INDONESIA,Insektisida,042017501,2022-10-04,2027-10-04
1174,"RATGONE 0,005 BB",AGRICULTURE CONSTRUCTION,Rodentisida,01120119951212,2026-01-20,2031-01-20
1175,"2,4-D Acid 98 TC",DALZON CHEMICALS INDONESIA,Herbisida,042016386,2021-11-18,2026-11-18
1176,Innosei ® DMP,TRITUNGGAL ARTHAMAKMUR,Bakterisida,0420231164,2023-04-26,2028-04-26
1177,ET-TRAZOL 250 SC,ETONG CHEMICAL INDONESIA,Zat Pengatur Tumbuh Tanaman,01040120206613,2025-07-11,2030-07-11
1178,Primo Maxx 120 SL,SYNGENTA INDONESIA,Zat Pengatur Tumbuh Tanaman,01040120083149,2023-02-08,2028-02-08
1179,CAMPAIGN 480 SL,SURYA AGROKEMINDO PERKASA,Herbisida,01030120155218,2025-02-17,2030-02-17
1180,EMAXIS 30 EC,TRI AGRO CHEMICALS,Insektisida,01010120269560,2026-07-16,2031-07-16
1181,Gramoxone 135 SL,SYNGENTA INDONESIA,Herbisida,01030120165560,2021-10-12,2026-10-12
1182,ACTICIDE OTW,JAYA WARINDO ABADI,Fungisida,042020870,2025-11-13,2030-11-13
1183,Jentika 1 GR,MAJU MAKMUR UTOMO,Pestisida Pengendalian Vektor Penyakit Pada Manusia,06090120072874,2022-12-05,2027-12-05
1184,NAFLION 55/25 WG,SINAR GENERAL INDUSTRIES,Fungisida,01020120206646,2024-11-18,2029-11-18
1185,YOSAN 575 EC,PETROSIDA GRESIK,Insektisida,01010120072830,2022-10-04,2027-10-04
1186,HIT EXPERT 0.19 AE,GODREJ CONSUMER PRODUCTS INDONESIA,Pestisida Rumah Tangga,06080120227533,2022-12-05,2027-12-05
1187,RUUM UP 500 SL,CV. Raja Grafika,Herbisida,01030120185983,2023-04-26,2028-04-26
1188,GLIDER 210 SL,DALZON CHEMICALS INDONESIA,Herbisida,01030120217106,2026-07-16,2031-07-16
1189,"2,4-D DIMETIL AMINA 75 TC",ADIL MAKMUR FAJAR,Herbisida,042001235,2023-02-08,2028-02-08
1190,ACTICIDE CHR 0107,JAYA WARINDO ABADI,Fungisida,0420241293,2024-08-09,2029-08-09
1191,TAKOEZEB 80 WP,TAPAL KOEDA INDONESIA,Fungisida,01020120062357,2026-07-16,2031-07-16
1192,MAZAPIK 240 SL,AGRORISEN INDOMAKMUR CEMERLANG,Herbisida,01030120259243,2026-01-20,2031-01-20
1193,GHARDA 365 SL,DELTA GIRI WACANA,Herbisida,01030120083188,2026-01-20,2031-01-20
1194,RODELTA 50 EC,ALBAUGH AGRO INDONESIA,Insektisida,01010120145014,2024-09-19,2029-09-19
1195,KENFAS 100 EC,KENSO INDONESIA,Insektisida,01010120083134,2023-02-08,2028-02-08
1196,LUMINOR 399 EC,SINAR GENERAL INDUSTRIES,Fungisida,01020120206751,2025-07-11,2030-07-11
1197,KRESLON 480 EC,SARI KRESNA KIMIA,Herbisida,01030120103846,2024-09-19,2029-09-19
1198,AMEGRASS 80 WP,PETROSIDA GRESIK,Herbisida,01030120052021,2024-11-18,2029-11-18
1199,ARTOS 100 SL,SARI KRESNA KIMIA,Insektisida,01010120186210,2024-03-05,2029-03-05
1200,DAVINCI 17/8 WG,DELTA GIRI WACANA,Insektisida,01010120217127,2026-04-20,2031-04-20
1201,ZERAM 250 EC,PETROSIDA GRESIK,Herbisida,01030120072907,2022-06-27,2027-06-27
1202,GIBANT 10 SP,AGRO NATURAL TECHNOLOGY,Zat Pengatur Tumbuh Tanaman,01040120269572,2026-07-16,2031-07-16
1203,CURTHANE 80 WP,NATHANI CHEMICALS,Fungisida,01020120103721,2025-09-26,2030-09-26
1204,DELTAMEX 40 EC,DELTA CHEMICA,Insektisida,01010120185947,2023-04-26,2028-04-26
1205,GALAFOS 600/60 EC,REJEKI INDO AGROTEC,Insektisida,01010120196436,2024-09-19,2029-09-19
1206,ZEDELIS 300 OD,BINA GUNA KIMIA,Insektisida,01010120269506,2026-04-20,2031-04-20
1207,SKIN VAPE 20.1 LT,FUMAKILLA INDONESIA,Repelen,06080120206683,2025-09-26,2030-09-26
1208,Besun Plus 400 SC,AGRO JAYA INDONESIA,Bakterisida,01060120217028,2025-11-13,2030-11-13
1209,METSULFURON METHYL 95 TC,CENTA BRASINDO ABADI CHEMICAL INDUSTRY,Herbisida,042007212,2024-09-19,2029-09-19
1210,CHLORPYRIFOS 97 TC,CENTA BRASINDO ABADI CHEMICAL INDUSTRY,Insektisida,0420231177,2023-08-28,2028-08-28
1211,DINO-KING 0.5 RB,GONGCHENG BIOTECH INDONESIA,Pestisida Rumah Tangga,06080120269354,2026-04-20,2031-04-20
1212,RITA 38 EC,BENIH BERKAH BERSERI,Insektisida,01010120258864,2025-07-11,2030-07-11
1213,THUNDER 280 SL,ARTHA MAKMUR ABADI,Herbisida,01030120269484,2026-04-20,2031-04-20
1214,Dicamba 98 TC,SEJUK ALAM LESTARI,Herbisida,042018520,2024-08-09,2029-08-09
1215,ALMARIN 500 SC,DALZON CHEMICALS INDONESIA,Herbisida,01030120042044,2024-08-09,2029-08-09
1216,OMNI-FUR 3 GR,PRIMA KARYA BERJAYA,Insektisida,01010120237793,2023-04-26,2028-04-26
1217,HASTA-88 150 SL,SAPROTAN UTAMA,Herbisida,01030120083122,2023-02-08,2028-02-08
1218,BM GIB 5 TB,CV PLANET AGRONUSA,Zat Pengatur Tumbuh Tanaman,01040120238107,2024-03-05,2029-03-05
1219,LUMISENA 200 FS,CORTEVA AGRISCIENCE INDONESIA,Fungisida,01020120165570,2026-01-20,2031-01-20
1220,MOSPEL 0.015MC,FUMAKILLA NOMOS,Pestisida Rumah Tangga,032011258,2021-10-12,2026-10-12
1221,UNKA 20/50 WG,TUNAS SUBUR,Insektisida,01010120248338,2024-08-09,2029-08-09
1222,ACTICIDE MBS 2550,JAYA WARINDO ABADI,Fungisida,0420251431,2025-11-13,2030-11-13
1223,BUDASI 55 WP,PT. KENCANA AGRO GOLDENSIDA,Insektisida,01010120165422,2021-10-12,2026-10-12
1224,VENTURA 3 GR,MULTI SARANA INDOTANI,Insektisida,01010120165472,2024-09-19,2029-09-19
1225,TARUNG 25 EC,KENSO INDONESIA,Insektisida,01010120134785,2024-08-09,2029-08-09
1226,KENDIZOL 250 EC,KENSO INDONESIA,Fungisida,01020120083135,2023-02-08,2028-02-08
1227,KONVOI 336 OD,PRIMA KARYA BERJAYA,Herbisida,01030120237779,2023-04-26,2028-04-26
1228,Glyphosate 95 TC,TIGA MUARA EMAS MAKMUR,Herbisida,042021951,2025-11-13,2030-11-13
1229,PORYZA 400 SL,AGRO GUNA MAKMUR,Insektisida,01010120042123,2024-03-05,2029-03-05
1230,TOPSAT 240 SL,SAPROTAN UTAMA NUSANTARA,Herbisida,01030120072818,2025-07-11,2030-07-11
1231,RACKUS 80 P,PT BESTAGRO INDO SUKSES,Rodentisida,01120120269635,2026-07-16,2031-07-16
1232,DKAMINE 865 SL,DANKEN INDONESIA,Herbisida,01030120155220,2025-02-17,2030-02-17
1233,BENHASIL 50/20 WP,AGRO MULIA,Fungisida,01020120269528,2026-07-16,2031-07-16
1234,"2,4-D 98 TC",MULTI SARANA INDOTANI,Herbisida,042020875,2025-11-13,2030-11-13
1235,TRI-UP 480 SL,TRITAMA WIRAKARSA,Herbisida,01030120103812,2026-04-20,2031-04-20
1236,BATLE 278/22 EC,CENTA BRASINDO ABADI CHEMICAL INDUSTRY,Insektisida,01010120227615,2023-02-08,2028-02-08
1237,SODIAK 400 SC,AGRO CHEMICA,Herbisida,01030120186082,2023-04-26,2028-04-26
1238,GROWNIL 75 WP,PT. FORTUNA MULIA SEJATI,Fungisida,01020120041989,2023-02-08,2028-02-08
1239,PREPAZONE MAX 300/20 EC,AGRO TERRUM INDONESIA,Herbisida,01030120248679,2025-02-17,2030-02-17
1240,E-LUFE 50/50 EC,MASTERGREEN AGROCHEMICAL INDONESIA,Insektisida,01010120248372,2024-09-19,2029-09-19
1241,HANSTAR PLUS 600/60 EC,PARAMA AGROINDUSTRI DANAPATI,Insektisida,01010120237886,2023-08-28,2028-08-28
1242,NIZIN 60/10 WG,SINAMYANG INDONESIA,Insektisida,01010120227336,2022-06-27,2027-06-27
1243,SANTREL 10 PA,SANTANI AGRO PERKASA,Zat Pengatur Tumbuh Tanaman,01040120124250,2022-06-27,2027-06-27
1244,VAPE 1.01 AL,FUMAKILLA INDONESIA,Pestisida Rumah Tangga,06080120186092,2024-03-04,2029-03-04
1245,BASMIRUM 150 SL,AGRO JAYA INDUSTRI,Herbisida,01030120248575,2025-02-17,2030-02-17
1246,GLIPOZONE 480 SL,AGRO TERRUM INDONESIA,Herbisida,01030120248628,2025-02-17,2030-02-17
1247,Fluma Forte 100 EC,KINGAGROOT BIOTECHNOLOGY INDONESIA,Herbisida,01030120269365,2026-04-20,2031-04-20
1248,BROADPLUS 10/10 WP,CORTEVA AGRISCIENCE INDONESIA,Herbisida,032019467,2024-11-18,2029-11-18
1249,COPRAL 500 SC,FOCUSINDO ASIA PACIFIC,Herbisida,01030120134562,2023-02-08,2028-02-08
1250,PAMOR 20 TB,EUREEKAGREAT NUSANTARA,Zat Pengatur Tumbuh Tanaman,01040120259258,2026-01-20,2031-01-20
1251,NEOLONE™ M-10 Industrial Microbiocide,BLUE CUBE INDONESIA,Bakterisida,042018623,2024-03-04,2029-03-04
1252,SMARTZ 65 EC,SMARTZ AGRO LESTARI,Insektisida,01010120248425,2024-09-19,2029-09-19
1253,HIT 0.025 MC,GODREJ CONSUMER PRODUCTS INDONESIA,Pestisida Rumah Tangga,06080120206738,2025-11-13,2030-11-13
1254,TOPSIN M 70 WP,PETROKIMIA KAYAKU,Fungisida,0102011981500,2023-04-26,2028-04-26
1255,DUMIL 40 SP,EXCEL MEG INDO,Insektisida,01010120206918,2025-09-26,2030-09-26
1256,STANDAKTOP 250/25/225 FS,BASF INDONESIA,Insektisida,032025596,2025-07-11,2030-07-11
1257,Z-OFF 60/20 WG,GLOBAL AGROTECH,Insektisida,01010120227724,2023-02-08,2028-02-08
1258,SUPERCYTRIN 50 EC,YANNO AGRO SCIENCE INDONESIA,Insektisida,01010120269480,2026-04-20,2031-04-20
1259,CYMBUSH 50 EC,SYNGENTA INDONESIA,Insektisida,0101011981462,2025-11-13,2030-11-13
1260,HI-ZEB 80 WP,PERSADA AGRO SUKSES,Fungisida,01020120155153,2024-08-09,2029-08-09
1261,ARGENTO 480 SL,AGRO CHEMICA,Herbisida,01030120259162,2026-01-20,2031-01-20
1262,FLUCHLORAMINOPYR 98 TC,KINGAGROOT BIOTECHNOLOGY INDONESIA,Herbisida,0420251378,2025-07-11,2030-07-11
1263,KALIANDRA 482 EC,AGRO GUNA MAKMUR,Insektisida,01010120021694,2022-12-05,2027-12-05
1264,STROBO 400 SC,Agro Bumi Timur,Fungisida,01020120227590,2022-12-05,2027-12-05
1265,ENIGMA 21 EC,DELTA GIRI WACANA,Insektisida,01010120124450,2023-02-08,2028-02-08
1266,ZOMBA 200/50 SC,INDO TANI UTAMA,Insektisida,01020120206885,2025-09-26,2030-09-26
1267,OLNAIT 15 LT,SUPRA TUSAMAN ABADI,Repelen,06080120155257,2025-11-13,2030-11-13
1268,ORIZTIN 100 EC,KUNIMA JAYA SELARAS,Insektisida,01010120206956,2025-11-13,2030-11-13
1269,FUMIPHOS 56 TB,PHOSPHINDO JAYA UTAMA,Fumigan,05100120042036,2022-01-14,2027-01-14
1270,SONIC 450 SL,AGRO CHEMICA,Insektisida,01010120072805,2022-06-27,2027-06-27
1271,ASIACOL 70 WP,DA MING INDONESIA,Fungisida,01020120072787,2023-04-26,2028-04-26
1272,FENDONA 15 SC,BASF INDONESIA,Insektisida,0501011987770,2025-11-13,2030-11-13
1273,FLINT PRO 61.3/ 3.5 WG,BAYER INDONESIA,Fungisida,01020120206832,2025-07-11,2030-07-11
1274,UNIZOLE 200/125/50 SC,RAINBOW AGROSCIENCES,Fungisida,01020120155405,2025-09-26,2030-09-26
1275,DIMEHIPO 95 TC,INTI EVERSPRING INDONESIA,Insektisida,042008227,2024-03-04,2029-03-04
1276,ALODI 15 WG,ADVANSIA INDOTANI,Herbisida,01030120124414,2023-02-08,2028-02-08
1277,LIBERO 200 EC,SINAR AGRO KIMIA INDONESIA,Insektisida,01010120114142,2024-03-05,2029-03-05
1278,"ONEGO 0,005 SP",TANAMAN MAKMUR MANDIRI,Zat Pengatur Tumbuh Tanaman,01040120269617,2026-07-16,2031-07-16
1279,VORAXOR 250/125 SC,BASF INDONESIA,Herbisida,01030120227480,2022-10-04,2027-10-04
1280,PENTAQUAT 276 SL*,SOLO LOGO INDONESIA,Herbisida,01030120206655,2025-07-11,2030-07-11
1281,BESTAR 200 SL,SARI KRESNA KIMIA,Herbisida,01030120186011,2023-02-08,2028-02-08
1282,RAJABRANTAS 200 SL,TIGA MUARA EMAS MAKMUR,Herbisida,01030120134620,2022-12-05,2027-12-05
1283,CLEANNER 30 EC,BOMA SAKTI TANI,Insektisida,01010120175743,2023-02-08,2028-02-08
1284,DURAMIL 500 EC,DALZON CHEMICALS INDONESIA,Herbisida,01030120196430,2024-03-05,2029-03-05
1285,EKSAMIN 865 SL,EKA SALA ALFAINDO,Herbisida,01030120021708,2023-08-28,2028-08-28
1286,"AUTAN 14,05 AE",JOHNSON HOME HYGIENE PRODUCTS,Repelen,0608011974104,2022-10-04,2027-10-04
1287,PLUS XONE 276 SL*,GRAHA AGRO MAKMUR,Herbisida,01030120248532,2024-11-18,2029-11-18
1288,ZIBO 200 SL,ALBAUGH AGRO INDONESIA,Herbisida,01030120145029,2024-09-19,2029-09-19
1289,CADILAC 80 WP,BIOTIS AGRINDO,Fungisida,01020120041959,2022-10-04,2027-10-04
1290,PRINCIPAL 490 SL,PUSRI AGRO LESTARI,Herbisida,01030120134701,2024-08-09,2029-08-09
1291,KRESNABAT 50 WP,SARI KRESNA KIMIA,Fungisida,01020120113898,2024-11-18,2029-11-18
1292,PAVO 350 EC,TUNAS SUBUR,Insektisida,01010120134671,2024-03-05,2029-03-05
1293,MODARD UP 155 SL,CENTA BRASINDO ABADI CHEMICAL INDUSTRY,Herbisida,01030120259247,2026-01-20,2031-01-20
1294,KINGSTAR 84 WG,RAINBOW AGROSCIENCES,Fungisida,01020120134869,2023-02-08,2028-02-08
1295,SingRuso 300 SL,SENTRAL TANI NUSANTARA,Herbisida,01030120269657,2026-07-16,2031-07-16
1296,SILVADUR™ 930 FLEX Antimicrobial,BLUE CUBE INDONESIA,Bakterisida,042018637,2024-03-04,2029-03-04
1297,SAGRI-ZEB 85 WP,SATYA AGRO INDONESIA,Fungisida,01020120155203,2025-02-17,2030-02-17
1298,PAMUNGKAS ULTRAMAX 660 SL,INDO HOECHST,Herbisida,01030120165636,2026-07-16,2031-07-16
1299,ABASTAR 250/40 SC,EXCEL MEG INDO,Insektisida,01010120155121,2025-07-11,2030-07-11
1300,NICO-WEEDER 40 OD,MULTI AGRO JAYA UTAMA,Herbisida,01030120248410,2024-09-19,2029-09-19
1301,BUZZETE 8/64 WP,INTI EVERSPRING INDONESIA,Fungisida,01020120155341,2025-02-17,2030-02-17
1302,HARDTOP 550/60 EC,AGRO BERJAYA CITRA TANI,Insektisida,01010120165509,2026-04-20,2031-04-20
1303,NAZOLE 50 SC,CATUR AGRODAYA MANDIRI,Fungisida,01020120083142,2023-04-26,2028-04-26
1304,TANIBAN 200 EC,TANI MAS SUBUR,Insektisida,01010120042012,2025-07-11,2030-07-11
1305,MYLTOP 25 WP,TRIDA KIMIA SAKTI,Insektisida,01010120041988,2024-03-04,2029-03-04
1306,GLYPHOSATE 95 TC,DELTA GIRI WACANA,Herbisida,0420251380,2025-07-11,2030-07-11
1307,TERMINATE 100 EC,SINAR GENERAL INDUSTRIES,Bahan pengawet kayu,04110120114149,2022-01-14,2027-01-14
1308,MEOTHRIN 50 EC,SANITAS,Insektisida,0101011984717,2023-08-28,2028-08-28
1309,GROOVTOP 276 SL*,CROPLINK AGRIKULTUR TEKNOLOGI,Herbisida,01030120258941,2025-09-26,2030-09-26
1310,WIDCLEAR 288 EC,RAINBOW AGROSCIENCES,Herbisida,01030120165662,2026-01-20,2031-01-20
1311,RUMAT 300/100 SL,SARI KRESNA KIMIA,Herbisida,01030120042134,2024-03-04,2029-03-04
1312,COCORIN 100/100 SC,RAINBOW AGROSCIENCES,Insektisida,01010120237862,2023-08-28,2028-08-28
1313,ABAMIX 30/50 EC,DMA,Insektisida,01010120206887,2025-11-13,2030-11-13
1314,AMALON 690 EC,ARTHA MAKMUR ABADI,Herbisida,01030120269513,2026-07-16,2031-07-16
1315,ONE PUSH VAPE 4.8 AE,FUMAKILLA INDONESIA,Pestisida Rumah Tangga,06080120227565,2022-12-05,2027-12-05
1316,MATTEO ULTRAMAX 660 SL,INDO HOECHST,Herbisida,01030120165629,2026-07-16,2031-07-16
1317,BENLOX 50 WP,DELTA GIRI WACANA,Fungisida,01020120052237,2023-02-08,2028-02-08
1318,ADOPT 250 SC,GLOBAL AGROTECH,Fungisida,01020120227609,2023-02-08,2028-02-08
1319,FLUSINATE PLUS 15/185 OD,RAINBOW AGROSCIENCES,Herbisida,01030120248614,2025-02-17,2030-02-17
1320,METAFURON 20 WP,NUFARM INDONESIA,Herbisida,01030119951224,2025-09-26,2030-09-26
1321,MONTETOP 480 SL,CENTA BRASINDO ABADI CHEMICAL INDUSTRY,Herbisida,01030120238163,2024-03-05,2029-03-05
1322,GOLDEN EMA 36 EC,EUREEKAGREAT NUSANTARA,Insektisida,01010120248268,2024-08-09,2029-08-09
1323,FREMONT 480 SL,ALBAUGH AGRO INDONESIA,Herbisida,01030120144984,2024-09-19,2029-09-19
1324,BONSA 40 SP,AGRO SEJAHTERA INDONESIA,Insektisida,01010120134665,2023-08-28,2028-08-28
1325,PERMADAN 6 GR,SARAYA.LF.MANDIRI,Insektisida,01010120217158,2026-07-16,2031-07-16
1326,LAFENCID 45 WP,SINAR GENERAL INDUSTRIES,Moluskisida,01050120248294,2024-08-09,2029-08-09
1327,BELT EXPERT 480 SC,BAYER INDONESIA,Insektisida,01010120144893,2024-03-05,2029-03-05
1328,BENIX 550 SC,AGRO GUNA MAKMUR,Herbisida,01030120175735,2022-12-05,2027-12-05
1329,SUGARMAX 500 SC,BIMAGRO INDONESIA,Herbisida,01030120227360,2022-06-27,2027-06-27
1330,CARBOFURAN 3 GR,EASTCHEM AGROSCIENCE INDONESIA,Insektisida,032026648,2026-07-16,2031-07-16
1331,RAINCOZEB 80 WP,RAINBOW AGROSCIENCES,Fungisida,01020120134619,2022-10-04,2027-10-04
1332,LANNATE 40 SP,MITRA KREASIDHARMA,Insektisida,01010119991490,2025-07-11,2030-07-11
1333,FLOTEX 5 PA,AGRO DYNAMICS INDO,Zat Pengatur Tumbuh Tanaman,01040120124362,2023-04-26,2028-04-26
1334,HIT MAGIC 0.07 FU,GODREJ CONSUMER PRODUCTS INDONESIA,Pestisida Rumah Tangga,06080120227664,2023-03-08,2028-03-08
1335,PRIMA-CEL 18 EC,PRIMA KARYA BERJAYA,Insektisida,01010120165614,2021-11-18,2026-11-18
1336,PRIMA-TRON 135 SL,PRIMA KARYA BERJAYA,Herbisida,01030120186072,2023-08-28,2028-08-28
1337,TIFLO 80 WG,ROLIMEX KIMIA NUSAMAS,Fungisida,01020120021716,2022-06-27,2027-06-27
1338,VAPE 0.1 MC,FUMAKILLA INDONESIA,Insektisida,032016389,2021-10-12,2026-10-12
1339,ULTRON 25/18 WP,SAPROTAN UTAMA,Herbisida,01030120196399,2024-03-05,2029-03-05
1340,GIFT 190/10 SC,INDOIN BUSINESS GROUP,Insektisida,01010120227654,2023-02-08,2028-02-08
1341,MATOZE 75/75 EC,INDO TANI UTAMA,Insektisida,01010120206641,2025-09-26,2030-09-26
1342,MINECTO XTRA 200/200 SC,SYNGENTA INDONESIA,Insektisida,01010120206755,2025-07-11,2030-07-11
1343,EKSTRAKLIN 276 SL,AGRO SEJAHTERA INDONESIA,Herbisida,01030120103624,2024-09-19,2029-09-19
1344,TRIMMER 18 EC,DALZON CHEMICALS INDONESIA,Insektisida,01010120083302,2023-04-26,2028-04-26
1345,Alude 20/40 WG,ZHENGBANG CROP PROTECTION INDONESIA,Insektisida,01.01.01.2022.7484,2022-12-05,2027-12-05
1346,LAGOS 68/4 WP,DELTAGRO MULIA SEJATI,Fungisida,01020120196365,2024-03-04,2029-03-04
1347,ZIOFY 50 WG,INDOIN BUSINESS GROUP,Insektisida,01010120227375,2022-06-27,2027-06-27
1348,PROTAP 400 EC,EUREEKAGREAT NUSANTARA,Insektisida,01010120206771,2025-07-11,2030-07-11
1349,BRASTO 510 SL,DITYA CHEMINDO,Herbisida,01030120124211,2026-04-20,2031-04-20
1350,EXTRA-ONE 680 SC,SINAR GENERAL INDUSTRIES,Herbisida,01030120144933,2024-09-19,2029-09-19
1351,CBASTAR 310/110 SL,CENTA BRASINDO ABADI CHEMICAL INDUSTRY,Herbisida,01030120258913,2025-09-26,2030-09-26
1352,PREMIA BLUE 80 WP,AGRO NATURAL TECHNOLOGY,Fungisida,01020120248678,2025-02-17,2030-02-17
1353,QILURAM 120 SC,QILU CROP SCIENCE,Insektisida,01010120269632,2026-07-16,2031-07-16
1354,ASIAPON 10 PA,DA MING INDONESIA,Zat Pengatur Tumbuh Tanaman,01040120124522,2023-04-26,2028-04-26
1355,EMAMECTIN BENZOATE 70 % TC,AGRO JAYA INDUSTRI,Insektisida,0420231179,2023-08-28,2028-08-28
1356,RIDATOP 138 SL*,PT.ASIANA CHEMICALINDO LESTARI,Herbisida,01030120206971,2026-01-20,2031-01-20
1357,SUPERFOS 550 EC,FARMCO KIMIA,Insektisida,01010120165653,2023-04-26,2028-04-26
1358,JITSU 200 SL,GLOBAL AGROTECH,Insektisida,01010120103754,2025-07-11,2030-07-11
1359,BroVaten 200 SL,SENTRAL TANI NUSANTARA,Herbisida,01030120269534,2026-07-16,2031-07-16
1360,INTERBESS 150/250 SC,INTER AGRO INDONESIA,Fungisida,01020120269389,2026-04-20,2031-04-20
1361,FIDARID 200 SL,INDO-SINO AGROCHEMICAL,Insektisida,01010120124460,2023-08-28,2028-08-28
1362,PUANORIS 50 SP,JJM INDONESIA,Fungisida,01020120175920,2023-04-26,2028-04-26
1363,PREVICUR N 722 SL,BAYER INDONESIA,Fungisida,0102011982612,2022-12-05,2027-12-05
1364,ROSCEL 20 EC,INDAH TANI SEJAHTERA,Insektisida,01010120196449,2024-11-18,2029-11-18
1365,MAHAKAM MURAH 145 SL,TIGA MUARA EMAS MAKMUR,Herbisida,01030120248651,2025-02-17,2030-02-17
1366,AMFAS 150 SL,BIOWORLD BIOSCIENCES MANUFACTURING INDUSTRIES,Herbisida,01030120165479,2026-07-16,2031-07-16
1367,TRICORAZ PLUS 60/240 SC,RAINBOW AGROSCIENCES,Fungisida,01020120248715,2025-02-17,2030-02-17
1368,METINDO 40 SP,INTI EVERSPRING INDONESIA,Insektisida,01010120042103,2024-03-05,2029-03-05
1369,ENKAZEB 80 WP,ROLIMEX KIMIA NUSAMAS,Fungisida,01020120062407,2026-01-20,2031-01-20
1370,ABAMECTIN 95 TC,DELTA GIRI WACANA,Insektisida,042016387,2026-01-20,2031-01-20
1371,WINGLOS 150 SL,DWIAGRI MAKMUR INTERTRADE,Herbisida,01030120165663,2022-01-14,2027-01-14
1372,VAPE 0.78 AE,FUMAKILLA INDONESIA,Pestisida Rumah Tangga,032015374,2026-01-20,2031-01-20
1373,ALFAPON 100 PA,AGROTECH PESTICIDE INDUSTRY,Zat Pengatur Tumbuh Tanaman,01040120072839,2022-10-04,2027-10-04
1374,CARBOSULFAN 90 TC,INTI EVERSPRING INDONESIA,Insektisida,0420251374,2025-07-11,2030-07-11
1375,PILARTEP 115/230 SC,PILARQUIM AGROSCIENCE INDONESIA,Fungisida,01020120217160,2025-11-13,2030-11-13
1376,GENIE 40 SP,PT. AGROW USAHA TANI INDONESIA,Insektisida,01010120227305,2022-06-27,2027-06-27
1377,Neptune 25 WP,MAJU MAKMUR UTOMO,Insektisida,01010120041904,2024-03-04,2029-03-04
1378,TARANTULA 50 WP,ARTHA BUANA MANDIRI,Insektisida,01010120227709,2023-02-08,2028-02-08
1379,VAPE 0.2 MC,FUMAKILLA INDONESIA,Pestisida Rumah Tangga,06080120217101,2026-01-20,2031-01-20
1380,METAMECTIN 50 EC,TIENYEN INTERNATIONAL,Insektisida,01010120248297,2024-08-09,2029-08-09
1381,PENTACOL 280/200 SC*,SOLO LOGO INDONESIA,Herbisida,01030120196374,2024-03-05,2029-03-05
1382,WEIKO 330 EC,Agro Bumi Timur,Herbisida,01030120259320,2026-01-20,2031-01-20
1383,FASTQUAT 276 SL*,BAHTERA BONIAGA LESTARI,Herbisida,01030120134865,2024-03-04,2029-03-04
1384,WERENGIN 20/60 WG,MAKMUR JAYA AGRO,Insektisida,01010120227601,2022-12-05,2027-12-05
1385,Densil 2167,ARXADA CHEMICALS INDONESIA,Pestisida lain-lain,0420251437,2025-11-13,2030-11-13
1386,ManMop 9/60 WP,SOLO LOGO INDONESIA,Fungisida,01020120248296,2024-08-09,2029-08-09
1387,TERMIKON 15 EC,PETROKIMIA KAYAKU,Bahan pengawet kayu,04110119971323,2022-10-04,2027-10-04
1388,HIT 0.195 AE,GODREJ CONSUMER PRODUCTS INDONESIA,Pestisida Rumah Tangga,06080120238009,2024-03-04,2029-03-04
1389,IMMUNE START 200 / 80 FS,BAYER INDONESIA,Fungisida,01020120196544,2024-09-19,2029-09-19
1390,CRYOVEX 51 WG,INDONESIA BENXING INDUSTRIAL,Herbisida,01030120269545,2026-07-16,2031-07-16
1391,PRIMA-MAXIN 50 WP,PRIMA KARYA BERJAYA,Herbisida,01030120248681,2025-02-17,2030-02-17
1392,MEPERFLUTHRIN ENDURA 5 TC,MSR HIJAU LESTARI,Insektisida,032019471,2025-02-17,2030-02-17
1393,ALIETTE 80 WP,BAYER INDONESIA,Fungisida,032014344,2024-03-05,2029-03-05
1394,GIGANTIC 40 EC,AGRICULTURE CONSTRUCTION,Zat Pengatur Tumbuh Tanaman,01040120113924,2025-09-26,2030-09-26
1395,SATYAHOT 486 SL,SATYA ALAM SEMESTA,Herbisida,01030120155210,2024-09-19,2029-09-19
1396,VAPE ULTRA 0.015 MC,FUMAKILLA INDONESIA,Insektisida,032016387,2021-10-12,2026-10-12
1397,TURBO 300/200 SC,JIRONA AGRITAMA,Insektisida,01010120186091,2024-03-05,2029-03-05
1398,DICAMBA 98 TC,SOLO LOGO INDONESIA,Herbisida,0420231127,2023-04-26,2028-04-26
1399,SONKEI 230/95/25 EC,INDOIN BUSINESS GROUP,Herbisida,01030120237814,2023-04-26,2028-04-26
1400,KRESNOID 60 WP,SARI KRESNA KIMIA,Moluskisida,01050120145079,2024-08-09,2029-08-09
1401,BERSIH LULANGAN 155 SL,TIGA MUARA EMAS MAKMUR,Herbisida,01030120269338,2026-04-20,2031-04-20
1402,REATIS 480 FS,BAYER INDONESIA,Insektisida,01010120196569,2024-09-19,2029-09-19
1403,METHOMYL 24 SL,INTI EVERSPRING INDONESIA,Insektisida,03200025,2025-07-11,2030-07-11
1404,BACZIN 384/256 SC,AGRICULTURE CONSTRUCTION,Bakterisida,01060120217024,2025-09-26,2030-09-26
1405,LAVA 276 SL,RAINBOW AGROSCIENCES,Herbisida,01030120134595,2023-02-08,2028-02-08
1406,PadiClear 167/33 ME,WINHONOR CONSULTING INDONESIA,Herbisida,01030120269433,2026-04-20,2031-04-20
1407,TRAMOLIN 480 EC,DALZON CHEMICALS INDONESIA,Herbisida,01030120206697,2025-09-26,2030-09-26
1408,BOSHEP 150/60 SC,DMA,Insektisida,01010120196297,2024-03-05,2029-03-05
1409,JUNO 15/385 SE,DELTAGRO MULIA SEJATI,Herbisida,01030120227426,2022-10-04,2027-10-04
1410,AMETREX 80 WG,ROYAL AGRO INDONESIA,Herbisida,01030120145032,2024-11-18,2029-11-18
1411,OBR 25 WP,INDAGRO,Insektisida,01010120103780,2025-09-26,2030-09-26
1412,STARAS 100/35/20 EC,EASTCHEM AGROSCIENCE INDONESIA,Insektisida,01010120227358,2022-06-27,2027-06-27
1413,Natrium para-nitrofenol 98 TC,HARINA CHEMICALS INDUSTRI,Zat Pengatur Tumbuh Tanaman,0420241319,2024-09-19,2029-09-19
1414,DISTINC 50 EC,ZHENGBANG CROP PROTECTION INDONESIA,Insektisida,01010120238117,2024-03-05,2029-03-05
1415,BASMIN 865 SL,AGRO JAYA INDUSTRI,Herbisida,01030120248456,2024-11-18,2029-11-18
1416,STARLORD 100 CS,INDOIN BUSINESS GROUP,Insektisida,01010120237815,2023-04-26,2028-04-26
1417,EBEN 70 EC,SARI KRESNA KIMIA,Insektisida,01010120269555,2026-07-16,2031-07-16
1418,VIRTAKO 300 SC,SYNGENTA INDONESIA,Insektisida,01010120073006,2022-06-27,2027-06-27
1419,VELICA 20 WP,KUNIMA JAYA SELARAS,Fungisida,01020120124540,2023-04-26,2028-04-26
1420,YUTAXONE 276 SL,NUSANTARA AGRO SUKSES,Herbisida,01030120238083,2024-03-04,2029-03-04
1421,BIMASTAR 240/120 SL,NUFARM INDONESIA,Herbisida,01030119931079,2025-07-11,2030-07-11
1422,TRANSFLUTRIN 94 TC,TRITAMA WIRAKARSA,Insektisida,042015341,2026-07-16,2031-07-16
1423,PILARTA 110/110 SC,INDO-SINO AGROCHEMICAL,Insektisida,01010120227445,2022-10-04,2027-10-04
1424,Proxel GL20 Preservative,ARXADA CHEMICALS INDONESIA,Pestisida lain-lain,042019726,2024-09-19,2029-09-19
1425,PROWL 330 EC,BASF INDONESIA,Herbisida,0103011991990,2022-12-05,2027-12-05
1426,STARMYL 25 WP,MULTI SARANA INDOTANI,Fungisida,01020119991466,2025-09-26,2030-09-26
1427,VIRTAKO 40 WG,SYNGENTA INDONESIA,Insektisida,032009216,2024-03-05,2029-03-05
1428,HORAZ 50 WP,Agro Bumi Timur,Fungisida,01020120237766,2023-04-26,2028-04-26
1429,KINGLON 667 EC,MAXXI AGRI INDONESIA,Herbisida,01030120175906,2023-04-26,2028-04-26
1430,NAKARAZ 490 SL,BAHTERA BONIAGA LESTARI,Herbisida,01030120114153,2022-10-04,2027-10-04
1431,NARKLON 200/125 SC,SAMUDRA UTAMA NARAPATI,Fungisida,01020120238164,2024-03-05,2029-03-05
1432,PROZINON 600 EC,DELTAGRO MULIA SEJATI,Insektisida,01010120186144,2023-02-08,2028-02-08
1433,GLYFOMAX 480 SL,BIMAGRO INDONESIA,Herbisida,01030120259065,2025-11-13,2030-11-13
1434,NARAGENT 50 SC,SAMUDRA UTAMA NARAPATI,Insektisida,01010120134796,2024-03-04,2029-03-04
1435,BILIS 500 SC,BIOTIS AGRINDO,Herbisida,01030120083104,2022-12-05,2027-12-05
1436,BARMONE 100 EC,SARAREA PANEN RAYA,Insektisida,01010120134547,2023-04-26,2028-04-26
1437,ECOVICTORY 600 SL,INDONESIA BENXING INDUSTRIAL,Herbisida,01030120269557,2026-07-16,2031-07-16
1438,GUSANO 300 EC,PRIMA KARYA BERJAYA,Insektisida,01030120227412,2022-10-04,2027-10-04
1439,PROFENOFOS 95 TC,SOLO LOGO INDONESIA,Insektisida,0420241289,2024-08-09,2029-08-09
1440,RELIEFNET 0.18 LLIN,BIOTEK SARANATAMA,Pestisida Pengendalian Vektor Penyakit Pada Manusia,06090120134801,2024-11-18,2029-11-18
1441,SINARON 80 WP,SINAMYANG INDONESIA,Herbisida,01030120145105,2024-03-05,2029-03-05
1442,FRONTIER 500 SC,PERTIWI INTERTRADE,Fungisida,01010120155229,2025-11-13,2030-11-13
1443,DELTAMETRIN 98 TC,KRISTALINDO KARUNIA INTERNASIONAL,Insektisida,042017488,2023-04-26,2028-04-26
1444,Fenvalerate 93 TC,DALZON CHEMICALS INDONESIA,Insektisida,0420241334,2024-11-18,2029-11-18
1445,MARTAN 360 EC,DALZON CHEMICALS INDONESIA,Herbisida,01030120206943,2026-01-20,2031-01-20
1446,IMPROVA 33/167 ME,DELTAGRO MULIA SEJATI,Herbisida,01030120227539,2022-12-05,2027-12-05
1447,CENTAZEB 81 WP,CENTA BRASINDO ABADI CHEMICAL INDUSTRY,Fungisida,01020120227628,2023-02-08,2028-02-08
1448,ANILO 60 WP,DHARMA GUNA WIBAWA,Moluskisida,01050120134644,2023-02-08,2028-02-08
1449,GARANG 135 SL,SANTANI AGRO MANDIRI,Herbisida,01030120196553,2024-09-19,2029-09-19
1450,GOLOK 240 EC,DELTAGRO MULIA SEJATI,Herbisida,01030120031783,2026-01-20,2031-01-20
1451,SOFFELL XL 18 LT,HERLINA INDAH,Repelen,06080120196392,2024-09-19,2029-09-19
1452,KYUUBI 865 SL,FORAGRO MAJU SEJAHTERA,Herbisida,01030120175846,2022-12-05,2027-12-05
1453,STN-Parakuat 276 SL*,SENTRAL TANI NUSANTARA,Herbisida,01030120269668,2026-07-16,2031-07-16
1454,LOCK UP 480 SL,AGRI KIMIA NUSANTARA,Herbisida,01030120134693,2024-03-04,2029-03-04
1455,PRIMAXONE 276 SL*,CENTA BRASINDO ABADI CHEMICAL INDUSTRY,Herbisida,01030120062185,2026-01-20,2031-01-20
1456,KEN-UP 480 SL,KENSO INDONESIA,Herbisida,01030120062435,2025-11-13,2030-11-13
1457,BlightHealer 62.5/625 SC,KHARISMA AGRI WIJAYA,Fungisida,01020120269533,2026-07-16,2031-07-16
1458,PROPINEX 70 WP,MASCO AGRI GENETICS,Fungisida,01020120134609,2023-02-08,2028-02-08
1459,ET-TIO 520 SC,ETONG CHEMICAL INDONESIA,Fungisida,01020120227643,2023-02-08,2028-02-08
1460,FOLTUS PLUS 500 SL,DELTA GIRI WACANA,Insektisida,01010120155242,2025-07-11,2030-07-11
1461,Pro Maize 48/4 WP,MAJU MAKMUR UTOMO,Herbisida,01030120175879,2022-12-05,2027-12-05
1462,PENOKSULAM 98 TC,AGRO JAYA INDONESIA,Herbisida,0420231199,2023-08-28,2028-08-28
1463,DEXTER 80 WG,SARAREA PANEN RAYA,Fungisida,01020120206610,2025-09-26,2030-09-26
1464,VAPE DORA 0.005 RB,FUMAKILLA INDONESIA,Rodentisida,06120120269689,2026-07-16,2031-07-16
1465,K-FASTMIL 40 SP,HANEARL SCIENCE INDONESIA,Insektisida,01010120258807,2025-07-11,2030-07-11
1466,FORMECTIN 55 EC,FORAGRO MITRA SEJATI,Insektisida,01010120248491,2024-11-18,2029-11-18
1467,MOVIDA 40/130 SC,DALZON CHEMICALS INDONESIA,Insektisida,01010120206645,2025-09-26,2030-09-26
1468,DORSA 15/5 WP,AGRO CHEMICA,Insektisida,01010120124293,2022-10-04,2027-10-04
1469,SOCOTRA 18 EC,AGRO BERJAYA CITRA TANI,Insektisida,01010120259130,2025-11-13,2030-11-13
1470,STARANE 290 EC,CORTEVA AGRISCIENCE MANUFACTURING INDONESIA,Herbisida,0103011988854,2023-08-28,2028-08-28
1471,TIVIANT 7/70 WG,BAYER INDONESIA,Zat Pengatur Tumbuh Tanaman,01040120238204,2024-03-05,2029-03-05
1472,KLORFENAPIR 98 TC,TANAMAN MAKMUR MANDIRI,Insektisida,0420221102,2023-02-08,2028-02-08
1473,ALFONSO 15/55 OD,MITRA INDOTANI ABADI,Herbisida,01030120259158,2026-01-20,2031-01-20
1474,PENOXTAR 500/100 EC,ETONG CHEMICAL INDONESIA,Herbisida,01030120248530,2024-11-18,2029-11-18
1475,PHOSTOXIN 56 TB,INDO GLOBAL TRADE,Fumigan,051001197450,2024-03-04,2029-03-04
1476,CENTOP 540 SL,CENTA BRASINDO ABADI CHEMICAL INDUSTRY,Herbisida,01030120113954,2025-07-11,2030-07-11
1477,VALERON 200 EC,SARANA TANI INDONESIA MAKMUR,Insektisida,01010120083263,2023-08-28,2028-08-28
1478,OXADAN 3 GR,MITRA KREASIDHARMA,Insektisida,01010120227685,2023-02-08,2028-02-08
1479,VENTO 480 SL,AGRO SENTOSA RAYA,Herbisida,01030120238215,2024-03-05,2029-03-05
1480,TamiStar 100/100 SC,TUNASHARAPAN MURNI,Insektisida,01010120238201,2024-03-05,2029-03-05
1481,KENCONIL 75 WP,KENSO INDONESIA,Fungisida,01020120155343,2025-11-13,2030-11-13
1482,Cislin 25 EC,DISCOVERY ENVIRONMENTAL SCIENCE INDONESIA,Bahan pengawet kayu,04110120185945,2023-04-26,2028-04-26
1483,DESTAN 400 EC,DELTAGRO MULIA SEJATI,Insektisida,01010120042068,2023-08-28,2028-08-28
1484,OKSIVEN 240 EC,BENIH BERKAH BERSERI,Herbisida,01030120269614,2026-07-16,2031-07-16
1485,INDO-EAGROWCLEAR 15/30/10 WP,INDO-SINO AGROCHEMICAL,Herbisida,01030120237892,2023-08-28,2028-08-28
1486,SALTO 85 WP,SINAR GENERAL INDUSTRIES,Fungisida,01020120145020,2024-09-19,2029-09-19
1487,DEVRINOL 50 WG,UPL INDONESIA,Herbisida,01030120217199,2026-04-20,2031-04-20
1488,SAFLUFENACIL 96 TC,KHARISMA AGRI WIJAYA,Herbisida,0420261522,2026-07-16,2031-07-16
1489,PUSH 30/300 OD,EASTCHEM AGROSCIENCE INDONESIA,Herbisida,01030120237801,2023-04-26,2028-04-26
1490,STARTREK 288 EC,PETROKIMIA KAYAKU,Herbisida,.01030120083156,2022-06-27,2027-06-27
1491,Kemiholzply CTF-2M 380 OC,MSR HIJAU LESTARI,Insektisida,032001140,2023-08-28,2028-08-28
1492,KENDAX 400 EC,KENSO INDONESIA,Insektisida,01010120144940,2024-08-09,2029-08-09
1493,TASPON 10 PA,GLOBAL AGROTAMA INDONESIA,Zat Pengatur Tumbuh Tanaman,01040120124523,2023-08-28,2028-08-28
1494,FOLIRFOS 400 SL,MITRA KREASIDHARMA,Fungisida,0102011990959,2022-10-04,2027-10-04
1495,ACTICIDE MV,JAYA WARINDO ABADI,Fungisida,042019775,2024-09-19,2029-09-19
1496,"2,4-D 98 TC",MAXXI AGRI INDONESIA,Herbisida,0420251448,2026-01-20,2031-01-20
1497,SKIPPER 50/20 WP,DHARMA GUNA WIBAWA,Fungisida,01020120165463,2022-10-04,2027-10-04
1498,CARBARYL 99 TC,DELTA GIRI WACANA,Insektisida,0420241300,2024-09-19,2029-09-19
1499,Double star 200/70/30 OD,BYTER AGRICULTURE INDONESIA,Herbisida,01030120248603,2025-02-17,2030-02-17
1500,Touchdown Neo 480 SL,SYNGENTA INDONESIA,Herbisida,01030120114050,2025-11-13,2030-11-13
1501,ALEXIS 70 WP,MAJU MAKMUR UTOMO,Fungisida,01020120093537,2024-03-05,2029-03-05
1502,"Novixid 12,5/20 OD",CORTEVA AGRISCIENCE MANUFACTURING INDONESIA,Herbisida,01030120227561,2022-12-05,2027-12-05
1503,ACTICIDE MBS,JAYA WARINDO ABADI,Fungisida,042020849,2025-11-13,2030-11-13
1504,Lucky Flower - Anti Mold Sticker,GOLDEN STEP INDONESIA,Fungisida,042019751,2024-11-18,2029-11-18
1505,SPA 160 SL,MESTIKA NUSANTARA AGROKIMIA,Herbisida,01030120072898,2023-08-28,2028-08-28
1506,TORTORA 50 WP,AGRO SEJAHTERA INDONESIA,Fungisida,01020120134829,2024-03-04,2029-03-04
1507,KOMBO 120/60 EC,EUREEKAGREAT NUSANTARA,Fungisida,01020120186109,2024-03-05,2029-03-05
1508,PROF-GUARD 500 EC,AGRO JAYA INDUSTRI,Insektisida,05010120248684,2025-02-17,2030-02-17
1509,LAVENDA 125 SL,PT LION WINGS,Repelen,06080120175766,2022-12-05,2027-12-05
1510,CRASH 480 SL,AGRICULTURE CONSTRUCTION,Herbisida,01030120021683,2022-01-14,2027-01-14
1511,BAKARA 276 SL,Agro Bumi Timur,Herbisida,01030120237848,2023-08-28,2028-08-28
1512,MONKEY 40 SP,SARANA TANI INDONESIA MAKMUR,Insektisida,01010120175748,2022-10-04,2027-10-04
1513,REXXONE 276 SL,NUSA MANDIRI UTAMA,Herbisida,01030120134709,2024-03-04,2029-03-04
1514,ELEVEST 106/159 SC,BINA GUNA KIMIA,Insektisida,01010120237994,2024-03-04,2029-03-04
1515,Delstar Plus,JIRONA AGRITAMA,Insektisida,05010120175894,2023-04-26,2028-04-26
1516,MATIC 45 EC,BIOTEK SARANA INDUSTRI,Insektisida,01010120185967,2024-03-04,2029-03-04
1517,FAWEM 30 EC,Agro Bumi Timur,Insektisida,01010120248480,2024-11-18,2029-11-18
1518,Amine Gold 24/300 SL,BYTER AGRICULTURE INDONESIA,Herbisida,01030120259027,2025-11-13,2030-11-13
1519,KELPAK 11/0.031 SL,BIOWORLD BIOSCIENCES MANUFACTURING INDUSTRIES,Zat Pengatur Tumbuh Tanaman,01040120072668,2022-12-05,2027-12-05
1520,VAPE 0.32 AE,FUMAKILLA INDONESIA,Pestisida Rumah Tangga,032013331,2024-03-04,2029-03-04
1521,Glumon 10 GL,AGROSID MANUNGGAL SENTOSA,Atraktan / Feromon,01070120217051,2026-07-16,2031-07-16
1522,SINOTOBACOL 70 WP,AGRO JAYA INDONESIA,Fungisida,01020120259293,2026-01-20,2031-01-20
1523,VAPE 0.425 AE,FUMAKILLA INDONESIA,Pestisida Rumah Tangga,06080120185998,2023-02-08,2028-02-08
1524,"ITTOKU 8,36/64,64 WP",ARYSTA LIFESCIENCE TIRTA,Fungisida,01020120062351,2026-04-20,2031-04-20
1525,VAPE 0.16 AE,FUMAKILLA INDONESIA,Pestisida Rumah Tangga,06080120238212,2024-03-05,2029-03-05
1526,PARAKUAT DIKLORIDA 42 TC,DA MING INDONESIA,Herbisida,0420231234,2024-03-04,2029-03-04
1527,KIMIDA 10 WP,KENSO INDONESIA,Insektisida,01010120083133,2023-02-08,2028-02-08
1528,Ergostim 51/9 SL,AGROMANNA JAYA LESTARI,Zat Pengatur Tumbuh Tanaman,0104011984702,2023-02-08,2028-02-08
1529,EMPIRIZ 500/50 SC,INDO TANI UTAMA,Insektisida,01010120186180,2024-03-04,2029-03-04
1530,ROUNDTEC 18 EC,RAWWA ROUNDTEC INDONESIA,Insektisida,01010120165414,2026-01-20,2031-01-20
1531,GLYPHOSATE 95 TC,DANKEN INDONESIA,Pestisida lain-lain,04.2022.127,2022-06-27,2027-06-27
1532,LAE-UP 490 SL,PERSADA AGRO SUKSES,Herbisida,01030120155237,2024-09-19,2029-09-19
1533,SAWITTOP 140 SL*,FLORA FAUNA AGRO,Herbisida,01030120258870,2025-07-11,2030-07-11
1534,BENCURE 50 WP,INDOIN BUSINESS GROUP,Fungisida,01020120248579,2025-02-17,2030-02-17
1535,BORAL 480 SC,BINA GUNA KIMIA,Herbisida,01030119971351,2022-06-27,2027-06-27
1536,MATAPEL 25 EC,DA MING INDONESIA,Insektisida,01010120072775,2023-04-26,2028-04-26
1537,ZANTAN PLUS 500 SL,PT BESTAGRO INDO SUKSES,Insektisida,01010120165475,2026-04-20,2031-04-20
1538,BASMIGUL 490 SL,ANKEWA CHEMICAL INDONESIA,Herbisida,01030120186103,2023-02-08,2028-02-08
1539,ONSET 354/208/42 SE,ADIL MAKMUR FAJAR,Herbisida,01030120248523,2024-11-18,2029-11-18
1540,HIT 1.4 AE,GODREJ CONSUMER PRODUCTS INDONESIA,Pestisida Rumah Tangga,06080120206928,2026-01-20,2031-01-20
1541,THUKZHEPEN 420 EC,SARI KIMIA UNGGUL,Insektisida,01010120062035,2025-11-13,2030-11-13
1542,RUMP UP 480 SL,SARI KRESNA KIMIA,Herbisida,01030120238194,2024-03-05,2029-03-05
1543,BROADNET 160/12 EC,CORTEVA AGRISCIENCE MANUFACTURING INDONESIA,Herbisida,032022535,2023-02-08,2028-02-08
1544,DINOTOP 30 WP,NATHANI CHEMICALS,Insektisida,01010120196427,2024-08-09,2029-08-09
1545,RIAPIR MAX 480 EC,REJEKI INDO AGROTEC,Herbisida,01030120269644,2026-07-16,2031-07-16
1546,SynaDime 95 TC,TEXCHEM INDONESIA,Insektisida,0420251400,2025-09-26,2030-09-26
1547,PROTHEPHON 10 PA,MULTI SARANA INDOTANI,Zat Pengatur Tumbuh Tanaman,01040120072970,2026-04-20,2031-04-20
1548,SMASH 100 EC,KRISTALINDO KARUNIA INTERNASIONAL,Pestisida Pengendalian Vektor Penyakit Pada Manusia,06090120083259,2024-03-04,2029-03-04
1549,SUMILARV 2 MR,SEGORO INTERNASIONAL,Pestisida Pengendalian Vektor Penyakit Pada Manusia,06090120196310,2024-08-09,2029-08-09
1550,DURAMIL 500 EC,DALZON CHEMICALS INDONESIA,Herbisida,032014352,2024-03-05,2029-03-05
1551,VAPE 0.03 MC,FUMAKILLA INDONESIA,Pestisida Rumah Tangga,06080120165657,2022-01-14,2027-01-14
1552,METIL-GAS 98 LG*,YANNO AGRO SCIENCE INDONESIA,Fumigan,05100120175703,2022-10-04,2027-10-04
1553,GALAPIR 350 SC,REJEKI INDO AGROTEC,Insektisida,01010120217049,2026-01-20,2031-01-20
1554,ALVERDE 240 SC,BASF INDONESIA,Insektisida,032025624,2026-01-20,2031-01-20
1555,BAKORIN 5 SL,AGRICULTURE CONSTRUCTION,Insektisida,01010120227613,2023-02-08,2028-02-08
1556,DORA 0.05 GR,FUMAKILLA INDONESIA,Rodentisida,06120120206915,2026-01-20,2031-01-20
1557,KLORFENAPIR 98 TC,SOLO LOGO INDONESIA,Insektisida,0420241281,2024-08-09,2029-08-09
1558,REFILLXONE 135 SL,TIGA MUARA EMAS MAKMUR,Herbisida,01030120206674,2025-02-17,2030-02-17
1559,KENCIS 55 EW,KENSO INDONESIA,Insektisida,01010120217144,2026-07-16,2031-07-16
1560,GLYPHOSATE MONOAMMONIUM 38 TC,KENSO INDONESIA,Herbisida,042019740,2024-08-09,2029-08-09
1561,ACROMOR 500 SC,DALZON CHEMICALS INDONESIA,Fungisida,01020120165413,2021-10-12,2026-10-12
1562,BRANTAS 25 EC,CROP CARE INDONESIA,Insektisida,01010120042242,2023-04-26,2028-04-26
1563,IPA GLIFOSAT 62 TC,ANDALL HASA PRIMA,Herbisida,042020858,2025-11-13,2030-11-13
1564,VAPE 0.172 AE,FUMAKILLA INDONESIA,Pestisida Rumah Tangga,032013326,2023-04-26,2028-04-26
1565,KAYAN 128 SL,TIGA MUARA EMAS MAKMUR,Insektisida,01010120237770,2023-04-26,2028-04-26
1566,FAWLIGEN SC,DEWARI AGRO SAKTI,Insektisida,01010120259200,2026-01-20,2031-01-20
1567,TRYMEXYL 8/64 WP,TRIDA KIMIA SAKTI,Fungisida,01020120031941,2024-03-04,2029-03-04
1568,QUINZEB 80 WP,MAXXI AGRI INDONESIA,Fungisida,01020120217165,2026-04-20,2031-04-20
1569,Qiudor 25 WP,AGROMANNA JAYA LESTARI,Insektisida,01010120134705,2022-12-05,2027-12-05
1570,COPTEX PLUS 100/20 SC,RAINBOW AGROSCIENCES,Insektisida,01010120248592,2025-02-17,2030-02-17
1571,FOLTUS 400 SL,DELTA GIRI WACANA,Insektisida,01010120072748,2025-02-17,2030-02-17
1572,BM BENAPE 50 WG,BEHN MEYER AGRICARE,Insektisida,01010120227391,2022-10-04,2027-10-04
1573,MOCTAN 50 WP,TANGGUH AGRO NUSA INDONESIA,Fungisida,01020120165522,2025-11-13,2030-11-13
1574,BAKARON 532/45/118 SC,SANTANI AGRO LESTARI,Herbisida,01030120237731,2023-04-26,2028-04-26
1575,PREVENTOL A 14-D,KEMINDO ARTHA JAYA,Fungisida,0420231265,2024-03-05,2029-03-05
1576,LAMBDA-CYHALOTHRIN 95 TC,MULTI SARANA INDOTANI,Insektisida,042015354,2023-04-26,2028-04-26
1577,BRAVE 150 SL,DALZON CHEMICALS INDONESIA,Herbisida,01030120134556,2023-02-08,2028-02-08
1578,HIT 4.9 LV,GODREJ CONSUMER PRODUCTS INDONESIA,Pestisida Rumah Tangga,06080120227528,2022-12-05,2027-12-05
1579,XENTIUM 130 EC,KRISTALINDO KARUNIA INTERNASIONAL,Bahan pengawet kayu,04110120155199,2025-07-11,2030-07-11
1580,TOBAGO 240 EC,NUFARM INDONESIA,Zat Pengatur Tumbuh Tanaman,0104011987783,2021-10-12,2026-10-12
1581,HANDALTOP 200 SL,TIGA MUARA EMAS MAKMUR,Herbisida,01030120259212,2026-01-20,2031-01-20
1582,TANDEM 200/125 SC,BIOTIS AGRINDO,Fungisida,01020120124324,2026-04-20,2031-04-20
1583,ZATETOXA 327/163 SC,TRUSTCHEM AGRO INDONESIA,Akarisida,01140120259323,2026-01-20,2031-01-20
1584,SERENADE SC,BAYER INDONESIA,Zat Pengatur Tumbuh Tanaman,01040120206978,2025-11-13,2030-11-13
1585,IKIPAST 20/20 WP,PERSADA AGRO SUKSES,Insektisida,01010120259219,2026-01-20,2031-01-20
1586,SAMURAI 486 SL,REJEKI INDO AGROTEC,Herbisida,01030120113920,2026-01-20,2031-01-20
1587,Sunrise 80 WP,BYTER AGRICULTURE INDONESIA,Fungisida,01020120259003,2025-09-26,2030-09-26
1588,X-TRAIL 480 SL,GOLDEN FARM INDONESIA,Zat Pengatur Tumbuh Tanaman,01040120165664,2026-07-16,2031-07-16
1589,"PRIMA-BAIT 0,005 BB",PRIMA KARYA BERJAYA,Rodentisida,01120120144992,2024-08-09,2029-08-09
1590,PROTRUDE 400 SL,JIVA AGRICULTURE INDONESIA,Insektisida,01010120258852,2025-07-11,2030-07-11
1591,Permethrin 92 TC,GELPI KURNIALESTARI,Insektisida,042006186,2025-02-17,2030-02-17
1592,IMIDAPRO 30 WP,REJEKI INDO AGROTEC,Insektisida,01010120238138,2024-03-05,2029-03-05
1593,KINGGIB 10 TB,ARENA HORMON INDONUSA,Zat Pengatur Tumbuh Tanaman,01040120258955,2025-09-26,2030-09-26
1594,CONDUCTOR 480 EC,RAINBOW AGROSCIENCES,Herbisida,01030120155344,2025-09-26,2030-09-26
1595,MIPCINTA 50 WP,KIMIKA USAHA PRIMA,Insektisida,0101011978337,2026-04-20,2031-04-20
1596,AZOXA PLUS 560 SC,MULTI SARANA INDOTANI,Fungisida,01020120134754,2023-02-08,2028-02-08
1597,OPUS 125 SC,BASF INDONESIA,Fungisida,032022521,2026-04-20,2031-04-20
1598,BIFLEX 20 SC,BINA GUNA KIMIA,Insektisida,032014355,2024-09-19,2029-09-19
1599,LOVE UP 490 SL,SARI KRESNA KIMIA,Herbisida,01030120052239,2024-11-18,2029-11-18
1600,SS-GOLDA 300/150/50 EC,SANTANI AGRO PERKASA,Herbisida,01030120206987,2026-01-20,2031-01-20
1601,EMSHIELD 30 EC,SOLUSI MAJU AGRO TANI,Insektisida,01010120258767,2025-07-11,2030-07-11
1602,CHLOROMYCIN 440/300 EC,SINAR GENERAL INDUSTRIES,Insektisida,01010120144931,2024-11-18,2029-11-18
1603,MAXITOL 865 SL,DALZON CHEMICALS INDONESIA,Herbisida,01030120042026,2024-03-04,2029-03-04
1604,DKNIKLOS 250 EC,DANKEN INDONESIA,Moluskisida,01050120165431,2022-01-14,2027-01-14
1605,SIPERMETRIN 94 TC,SOLO LOGO INDONESIA,Insektisida,042020861,2025-02-17,2030-02-17
1606,B-ALFA®125 SC,AGRO JAYA INDUSTRI,Pestisida Pengendalian Vektor Penyakit Pada Manusia,06090120248574,2025-02-17,2030-02-17
1607,FLOALLI 20 WG,AGRO DYNAMICS INDO,Herbisida,01030120134872,2024-03-05,2029-03-05
1608,HANTER 20/60 WG,MUTIARA KERATON JIMMY&CO TRANS BISNIS INDONESIA,Insektisida,01010120227309,2022-06-27,2027-06-27
1609,SALIENT 40/90 OD,KINGAGROOT BIOTECHNOLOGY INDONESIA,Herbisida,01030120269652,2026-07-16,2031-07-16
1610,Amistar 250 SC,SYNGENTA INDONESIA,Fungisida,01020119971345,2021-10-12,2026-10-12
1611,PRALLE 50 TK,NUFARM INDONESIA,Insektisida,042018544,2023-04-26,2028-04-26
1612,RAMPOK 200 EC,AGRO CHEMICA,Insektisida,01010120124314,2022-10-04,2027-10-04
1613,RISEUP 480 SL,TIARA BUANA MANDIRI,Herbisida,01030120175726,2022-07-27,2027-07-27
1614,LAMBDA CYHALOTRIN 96 TC,INTI EVERSPRING INDONESIA,Insektisida,042019792,2024-09-19,2029-09-19
1615,RAMADA 300 SL,BERBAK AGRO SEJATI,Herbisida,01030120196381,2024-09-19,2029-09-19
1616,SUNBAS 200 SL,DA MING INDONESIA,Herbisida,01030120206712,2025-09-26,2030-09-26
1617,ABAPEAK 32 EC,QILU CROP SCIENCE,Insektisida,01010120248446,2024-11-18,2029-11-18
1618,PRIMA-QUICK 36/6 WP,PRIMA KARYA BERJAYA,Herbisida,01030120227450,2022-10-04,2027-10-04
1619,SIME RB PHEROMONE SL,Guthrie Agri Bio,Atraktan / Feromon,01070120196301,2024-03-04,2029-03-04
1620,PEST MASTER 40/160 SC,ALFA BETA AGROCHEMICAL,Insektisida,01010120269435,2026-04-20,2031-04-20
1621,LEVANTIN 200 EC,TIGA MUARA EMAS MAKMUR,Insektisida,01010120237902,2023-08-28,2028-08-28
1622,Proxel MB Preservative,IMCD INDONESIA,Bakterisida,0420231242,2024-03-04,2029-03-04
1623,LESENTA 80 WG,BAYER INDONESIA,Insektisida,01010120175848,2022-06-27,2027-06-27
1624,GLYPHOSATE 95 TC,DHARMA GUNA WIBAWA,Herbisida,042009235,2022-12-05,2027-12-05
1625,"2,4-D 98 TC",INDO-SINO AGROCHEMICAL,Herbisida,0420241354,2025-02-17,2030-02-17
1626,ENVOY 80 WP,CROP CARE INDONESIA,Fungisida,01020120134568,2022-12-05,2027-12-05
1627,CHLOROTHALONIL 98.5 TC,RAINBOW AGROSCIENCES,Fungisida,0420221015,2022-06-27,2027-06-27
1628,PRIMA-DUA 222 SL,PRIMA KARYA BERJAYA,Herbisida,01030120217080,2026-01-20,2031-01-20
1629,Glyphosate IPA 62 TC,SOLO LOGO INDONESIA,Herbisida,0420231132,2023-04-26,2028-04-26
1630,ENREKA 100 EC,FOCUSINDO ASIA PACIFIC,Insektisida,01010120185949,2022-12-05,2027-12-05
1631,BIORAM 160 SL,BIOTIS AGRINDO,Herbisida,01030120031856,2026-04-20,2031-04-20
1632,DKDUOPRO 490 EC,DANKEN INDONESIA,Fungisida,01010120155297,2022-01-19,2027-01-19
1633,DELTAMETRIN 98.5 TC,BAYER INDONESIA,Insektisida,042016398,2026-07-16,2031-07-16
1634,CROPGIB 40 WG,EXINDO RAHARJA PRATAMA,Zat Pengatur Tumbuh Tanaman,01040120175682,2022-10-04,2027-10-04
1635,AJI-TAN 80 WP,AGRO JAYA INDUSTRI,Fungisida,01020120238092,2024-03-05,2029-03-05
1636,CENTAPOS 120 SL,CENTA BRASINDO ABADI CHEMICAL INDUSTRY,Herbisida,01030120258914,2025-09-26,2030-09-26
1637,DMA 6 825 SL,CORTEVA AGRISCIENCE MANUFACTURING INDONESIA,Herbisida,010301197410,2025-11-13,2030-11-13
1638,"2,4-D ETHYLHEXYL 680 EC",INDO-SINO AGROCHEMICAL,Herbisida,032026638,2026-04-20,2031-04-20
1639,STELLAR PLUS 50/160 SL,BASF INDONESIA,Herbisida,032024549,2024-08-09,2029-08-09
1640,CERBERUS 200 SC,CENTA BRASINDO ABADI CHEMICAL INDUSTRY,Insektisida,01010120259187,2026-01-20,2031-01-20
1641,OXYCLOR 550/110 EC,PETROKIMIA KAYAKU,Herbisida,01030120248309,2024-08-09,2029-08-09
1642,JOMAKS 150 SL,LUMBUNG AGRO MAKMUR,Herbisida,01030120248644,2025-02-17,2030-02-17
1643,BM LAMDA 50 EC,BEHN MEYER AGRICARE,Insektisida,01010120072647,2026-01-20,2031-01-20
1644,TONDANO 50/500 SC,DA MING INDONESIA,Insektisida,01010120217094,2026-04-20,2031-04-20
1645,NIKKO 40 SC,DALZON CHEMICALS INDONESIA,Herbisida,032019454,2024-11-18,2029-11-18
1646,SIMXONE 135 SL*,GOLDEN MAKMUR AGRI,Herbisida,01030120206983,2026-01-20,2031-01-20
1647,GUELA 480 SL,PETROSIDA GRESIK,Zat Pengatur Tumbuh Tanaman,01040120114051,2025-11-13,2030-11-13
1648,MESTRAN 40/20 WG,AGRO SEJAHTERA INDONESIA,Insektisida,01010120238025,2024-03-04,2029-03-04
1649,NEOMINE 300/100 SL,CENTA BRASINDO ABADI CHEMICAL INDUSTRY,Herbisida,01030120237790,2023-04-26,2028-04-26
1650,SPEC-TRUP 550 SC,SINAR GENERAL INDUSTRIES,Fungisida,01020120196305,2024-09-19,2029-09-19
1651,TODAN 50/10 OD,SAPROTAN UTAMA,Herbisida,01030120237946,2023-08-28,2028-08-28
1652,JOSSEFAT 80 SP,TIGA MUARA EMAS MAKMUR,Insektisida,01010120145076,2025-02-17,2030-02-17
1653,DELFOX 25 EC,PT Indo Pest Biochem,Pestisida Pengendalian Vektor Penyakit Pada Manusia,06090120093424,2023-08-28,2028-08-28
1654,PRIMA-TIGA 276 SL,PRIMA KARYA BERJAYA,Herbisida,01030120248682,2025-02-17,2030-02-17
1655,GARLON 306 EC,CORTEVA AGRISCIENCE MANUFACTURING INDONESIA,Herbisida,031998104,2023-08-28,2028-08-28
1656,PASTIFAT 75 SP,MASCO AGRI GENETICS,Insektisida,01010120083212,2024-08-09,2029-08-09
1657,TRUCKTOR 80 WP,KUNIMA JAYA SELARAS,Fungisida,01020120134729,2023-04-26,2028-04-26
1658,MANGUNI 0.03 MC,CENTRAL BUKIT MORIA,Pestisida Rumah Tangga,06080120206841,2025-11-13,2030-11-13
1659,YESS MIN 865 SL,MUTIARA AGRO SEJATI,Herbisida,01030120269694,2026-07-16,2031-07-16
1660,PROPOXUR 97 TC,INTI EVERSPRING INDONESIA,Insektisida,042016385,2026-01-20,2031-01-20
1661,GLYPHOSATE ACID 95 TC,SAMUDRA UTAMA NARAPATI,Herbisida,042019694,2024-03-05,2029-03-05
1662,SATI-GOLD 10 WP,CATUR AGRODAYA MANDIRI,Herbisida,01030120042135,2024-08-09,2029-08-09
1663,BULDOK 25 EC,BAYER INDONESIA,Insektisida,0101011990933,2025-11-13,2030-11-13
1664,TOSBAN 250/50 EC,RAJA GROUP INDONESIA,Insektisida,01010120237821,2023-04-26,2028-04-26
1665,BASMILANG 486 SL,RAGAM MANDIRI,Herbisida,01030120124332,2022-01-14,2027-01-14
1666,BASBAN 200 EC,UNI AGRO CHEMICA,Insektisida,0101011984707,2023-02-08,2028-02-08
1667,GALLANT 108 EC,CORTEVA AGRISCIENCE MANUFACTURING INDONESIA,Herbisida,032017421,2023-04-26,2028-04-26
1668,LALANGBERSIH 155 SL,TIGA MUARA EMAS MAKMUR,Herbisida,01030120269407,2026-04-20,2031-04-20
1669,MATINAL 3 SL,ALFA BETA AGROCHEMICAL,Insektisida,01010120269419,2026-04-20,2031-04-20
1670,MOLERIMAX WP,PRIMA AGRO TECH,Fungisida,01020120258841,2025-07-11,2030-07-11
1671,PRIMA-CEL 18 EC,PRIMA KARYA BERJAYA,Insektisida,01010120165614,2026-07-16,2031-07-16
1672,NICORON 40 OD,QILU CROP SCIENCE,Herbisida,01030120248520,2024-11-18,2029-11-18
1673,ZENICORE 70 WP,ARTHA BUANA MANDIRI,Herbisida,01030120114193,2026-04-20,2031-04-20
1674,"RATTATA 0,0375 BB",PRIMA KARYA BERJAYA,Rodentisida,01120120248689,2025-02-17,2030-02-17
1675,SRIKANDI 160/20 OD,BELIRANG KALISARI,Insektisida,01010120165536,2025-11-13,2030-11-13
1676,CENTAFAT 80 SP,CENTA BRASINDO ABADI CHEMICAL INDUSTRY,Insektisida,01010120196514,2024-09-19,2029-09-19
1677,BUPROSIDA 100 EC,PETROSIDA GRESIK,Insektisida,01010120042053,2023-08-28,2028-08-28
1678,SINATILT 300 EC,SINAMYANG INDONESIA,Fungisida,01020120145106,2024-09-19,2029-09-19
1679,LIVEON 220 EC,SARI KIMIA UNGGUL,Insektisida,01010120206750,2025-07-11,2030-07-11
1680,AHABIO META WP,TRUBUS PRIMA,Insektisida,01010120237842,2023-08-28,2028-08-28
1681,GLUFAG 200 SL,AGX ASIA INDONESIA,Herbisida,01030120248386,2024-09-19,2029-09-19
1682,ATRAMIX 180/30 SC,NUFARM INDONESIA,Herbisida,01030120155330,2024-09-19,2029-09-19
1683,PRIMAJOS 865 SL,PRIMA KARYA BERJAYA,Herbisida,01030120083070,2023-08-28,2028-08-28
1684,AMMATE 150 EC,FMC AGRICULTURAL MANUFACTURING,Insektisida,01010120103707,2024-11-18,2029-11-18
1685,FLYER 240/120 SL,DALZON CHEMICALS INDONESIA,Herbisida,01030120093438,2024-03-05,2029-03-05
1686,INDOMEC 20 EC,MITRA KREASIDHARMA,Insektisida,01010120103634,2024-03-05,2029-03-05
1687,INOVATE 100 EC,NUFARM INDONESIA,Insektisida,01010120134839,2026-07-16,2031-07-16
1688,Biofungi Plus SP,TUNAS HARMONI ABADI,Fungisida,01020120227620,2023-02-08,2028-02-08
1689,AMORA 150 SL,INTI EVERSPRING INDONESIA,Herbisida,01030120269329,2026-04-20,2031-04-20
1690,PIROKSASULFON 98 TC,MULTI AGRO JAYA UTAMA,Herbisida,0420231139,2023-04-26,2028-04-26
1691,VELOCITY 400 SC,RAINBOW AGROSCIENCES,Herbisida,01030120134836,2023-08-28,2028-08-28
1692,TOPCANE 46.8/13.2 WG,RAINBOW AGROSCIENCES,Herbisida,01030120238206,2024-03-05,2029-03-05
1693,EBT ENDURA 92 TC,MSR HIJAU LESTARI,Insektisida,032018438,2024-03-05,2029-03-05
1694,FORAPHON 12.5 PA,FORAGRO MITRA SEJATI,Zat Pengatur Tumbuh Tanaman,01040120248379,2024-09-19,2029-09-19
1695,GLIFOSAT 95 TC,MULTI AGRO JAYA UTAMA,Herbisida,0420221021,2022-06-27,2027-06-27
1696,DIPHO 400 SL,INDAGRO,Insektisida,01010120083261,2022-10-04,2027-10-04
1697,RAINGRAN 460 SL,RAINBOW AGROSCIENCES,Herbisida,01030120186216,2023-08-28,2028-08-28
1698,KOEDAMIN 865 SL,AGRO JAYA INDUSTRI,Herbisida,01030120269403,2026-04-20,2031-04-20
1699,RUDOR 200 SL,DELTAGRO MULIA SEJATI,Insektisida,01010120042001,2023-02-08,2028-02-08
1700,PALM UP 240 SL,MESTIKA NUSANTARA AGROKIMIA,Herbisida,01030120237917,2023-08-28,2028-08-28
1701,SILAMDA XTRA 25 EC,DELTA GIRI WACANA,Insektisida,05010120238062,2024-03-04,2029-03-04
1702,SIDATHIAM 310 SC,PETROSIDA GRESIK,Insektisida,01010120175870,2022-10-04,2027-10-04
1703,SRI BITAMENG 350 SF,PRIMA LESTARI AGROSCIENCES INDONESIA,Insektisida,01010120175926,2023-04-26,2028-04-26
1704,SINAR-METHRIN 200 EC,SINAR GENERAL INDUSTRIES,Insektisida,01010120114169,2022-06-27,2027-06-27
1705,HIT EXPERT 8.1 LV,GODREJ CONSUMER PRODUCTS INDONESIA,Pestisida Rumah Tangga,06080120227535,2022-12-05,2027-12-05
1706,CENTALLY PLUS 40 WG,CENTA BRASINDO ABADI CHEMICAL INDUSTRY,Herbisida,01030120083178,2023-02-08,2028-02-08
1707,CLINCHER 200 EC,CORTEVA AGRISCIENCE MANUFACTURING INDONESIA,Herbisida,03199877,2023-08-28,2028-08-28
1708,RADAR 15 EC,PETROKIMIA KAYAKU,Insektisida,01010120021706,2026-04-20,2031-04-20
1709,KORALONE™ HP 150 Biocide,BLUE CUBE INDONESIA,Bakterisida,042018667,2024-03-04,2029-03-04
1710,NEOTRIN 50 EC,TRIBINA TANIKARYA,Insektisida,01010120072974,2023-04-26,2028-04-26
1711,CLARISSA 75 WP,ABADI JAYA,Fungisida,01020120072730,2022-10-04,2027-10-04
1712,CHLORMITE PLUS 459/46 EC,DELTA GIRI WACANA,Insektisida,01010120072654,2024-08-09,2029-08-09
1713,FUGO - P,PUPUK KUJANG,Fungisida,01020120227406,2022-10-04,2027-10-04
1714,DINGO 30 WG,INDO TANI UTAMA,Insektisida,01010120248600,2025-02-17,2030-02-17
1715,REGIO 250 SC,DELTAGRO MULIA SEJATI,Fungisida,01020120124315,2026-01-20,2031-01-20
1716,MONOSULTAP 95 TC,BIOTIS AGRINDO,Insektisida,042006195,2022-06-27,2027-06-27
1717,NAUTILE 68/5 WG,UPL INDONESIA,Fungisida,01020120134601,2023-04-26,2028-04-26
1718,PENTAGREAT 140 SL,SOLO LOGO INDONESIA,Herbisida,01030120238181,2024-03-05,2029-03-05
1719,RAKSON 140 SL,SARI KRESNA KIMIA,Herbisida,01030120238051,2024-03-04,2029-03-04
1720,DENZUMEC 36 EC,ASRITANI UTAMA,Insektisida,01010120248250,2024-08-09,2029-08-09
1721,VAPE 14.3 VP,FUMAKILLA INDONESIA,Pestisida Rumah Tangga,06080120227475,2022-10-04,2027-10-04
1722,FREED 40 SP,BOMA SAKTI TANI,Insektisida,01010120227648,2023-02-08,2028-02-08
1723,TORAM 25 SP,SAPROTAN UTAMA,Insektisida,01010120196312,2024-03-05,2029-03-05
1724,JOEWCLEAN 250 SL,ARTHA MAKMUR ABADI,Herbisida,01030120237896,2023-08-28,2028-08-28
1725,CYPERMAX 200 EC,MULTI SARANA INDOTANI,Insektisida,01010120134564,2023-04-26,2028-04-26
1726,GHAJANG 56/100 EC,NUSA NUR AGRO,Insektisida,01010120186034,2023-04-26,2028-04-26
1727,RATCHET 50/200 EC,ARTHA BUANA MANDIRI,Insektisida,01010120134591,2024-11-18,2029-11-18
1728,AMERICANO 300 EC,SARI KIMIA UNGGUL,Insektisida,01010120124376,2023-04-26,2028-04-26
1729,CYPERMETHRIN 94 TK,UPL INDONESIA,Insektisida,042019685,2024-08-09,2029-08-09
1730,SINASTAR 80 WP,SINAMYANG INDONESIA,Fungisida,01020120206861,2025-09-26,2030-09-26
1731,MIPC 75 WP,PETROKIMIA KAYAKU,Insektisida,032012308,2025-07-11,2030-07-11
1732,HIPPO 48 WP,AGRO SEJAHTERA INDONESIA,Insektisida,01010120083126,2023-04-26,2028-04-26
1733,"KINGKONG 0,089 MC",MENARA LAUT BERSATU,Pestisida Rumah Tangga,06080120269587,2026-07-16,2031-07-16
1734,ACROBAT 50 WP,BASF INDONESIA,Fungisida,01020119931072,2023-08-28,2028-08-28
1735,ROOSFAT 75 SP,TAPAL KOEDA INDONESIA,Insektisida,01010120145094,2024-11-18,2029-11-18
1736,WISAT 200 SL,GLOBAL AGROTECH,Herbisida,01030120227720,2023-02-08,2028-02-08
1737,TEBALLO 250 SL,PETROSIDA GRESIK,Insektisida,01010120175834,2022-10-04,2027-10-04
1738,"MALVA 0,45 AE",DWI PRIMA REZEKY,Pestisida Rumah Tangga,01080120259091,2025-11-13,2030-11-13
1739,FEODORE 480 SC,MITRA INDOTANI ABADI,Insektisida,01010120259058,2025-11-13,2030-11-13
1740,Soffell 10 LT,HERLINA INDAH,Repelen,06080120259294,2026-01-20,2031-01-20
1741,MARSHAL 35 DS,BINA GUNA KIMIA,Insektisida,032015372,2025-07-11,2030-07-11
1742,GIZMO 75 WP,DALZON CHEMICALS INDONESIA,Fungisida,01020120103740,2024-03-05,2029-03-05
1743,CENTACIS 25 EC,CENTA BRASINDO ABADI CHEMICAL INDUSTRY,Insektisida,01010120206823,2025-07-11,2030-07-11
1744,Mortein 0.2 MC,RECKITT BENCKISER INDONESIA,Pestisida Rumah Tangga,032012282,2022-12-05,2027-12-05
1745,ZEROTINE 100 EC,INDAGRO,Insektisida,01010120114101,2025-11-13,2030-11-13
1746,RIATET 0.0375 BB,REJEKI INDO AGROTEC,Rodentisida,01120120258989,2025-09-26,2030-09-26
1747,PESGUARD XT 1 B,BENTZ JAZ INDONESIA,Bahan pengawet kayu,04110120083240,2024-11-18,2029-11-18
1748,REDSIL 35 WP,SARAREA PANEN RAYA,Fungisida,01020120227454,2022-10-04,2027-10-04
1749,BOMBERMEX 60 EC,INDO TANI UTAMA,Insektisida,01010120248585,2025-02-17,2030-02-17
1750,DEVON 300 EC,GRAHA AGRITECH PRIMA,Fungisida,01020120175895,2023-04-26,2028-04-26
1751,HERBAGONE 300/100 SL,TIGA MUARA EMAS MAKMUR,Herbisida,01030120052323,2025-02-17,2030-02-17
1752,KIFIX 17.5/52.5 WG,BASF INDONESIA,Herbisida,032026639,2026-04-20,2031-04-20
1753,"E-TOGRO 3,98/0,02 SL",ETONG CHEMICAL INDONESIA,Zat Pengatur Tumbuh Tanaman,01040120248608,2025-02-17,2030-02-17
1754,BIOX M188,BLUE CUBE INDONESIA,Pestisida lain-lain,0420261498,2026-07-16,2031-07-16
1755,INSITOX 7.5 GR,SARAREA PANEN RAYA,Moluskisida,01050120227668,2023-02-08,2028-02-08
1756,COWBRAND 0.3 MC,KUDA RAYA KARYANUSA,Pestisida Rumah Tangga,06080120072931,2024-03-05,2029-03-05
1757,DANGKE 40 WP,DELTA GIRI WACANA,Insektisida,01010120072935,2025-09-26,2030-09-26
1758,ACTIVOL 20 TB,WINNER AGROCHEM INTERNUSA,Zat Pengatur Tumbuh Tanaman,01040120259023,2025-11-13,2030-11-13
1759,PERFORMANCE 93/46 SC,SINAR GENERAL INDUSTRIES,Insektisida,01010120259101,2025-11-13,2030-11-13
1760,MAGICXONE 138 SL,TIGA MUARA EMAS MAKMUR,Herbisida,01030120227551,2022-12-05,2027-12-05
1761,GERXONE 276 SL*,CENTA BRASINDO ABADI CHEMICAL INDUSTRY,Herbisida,01030120113990,2026-04-20,2031-04-20
1762,MEGATROL 240 SL,DA MING INDONESIA,Herbisida,01030120206642,2025-02-17,2030-02-17
1763,PENTA SO-Z 505 SL,PRIMA KARYA BERJAYA,Herbisida,01030120227341,2022-06-27,2027-06-27
1764,ABOLISI 865 SL,DELTA GIRI WACANA,Herbisida,01030120062199,2024-03-05,2029-03-05
1765,EMACEN 30 EC,CENTA BRASINDO ABADI CHEMICAL INDUSTRY,Insektisida,01010120227639,2023-02-08,2028-02-08
1766,LARVAGO SC,KINGLAB INDONESIA,Pestisida Pengendalian Vektor Penyakit Pada Manusia,06090120186130,2024-11-18,2029-11-18
1767,BENTO 50 EC,SARI KRESNA KIMIA,Insektisida,01010120031741,2025-09-26,2030-09-26
1768,ROVRAL 500 SC,BINA GUNA KIMIA,Fungisida,032012304,2022-12-05,2027-12-05
1769,BASRATA 150 SL,BERBAK AGRO SEJATI,Herbisida,01030120237850,2023-08-28,2028-08-28
1770,METHOMYL 225 SL,INTI EVERSPRING INDONESIA,Insektisida,032019452,2024-03-05,2029-03-05
1771,CHEETAH 10 PA,TIGA MUARA EMAS MAKMUR,Zat Pengatur Tumbuh Tanaman,01040120237983,2024-03-04,2029-03-04
1772,FLUROKSIPIR MEPTIL 95 TC,MULTI AGRO JAYA UTAMA,Herbisida,0420221095,2023-02-08,2028-02-08
1773,HIT Expert 0.251 AE,GODREJ CONSUMER PRODUCTS INDONESIA,Pestisida Rumah Tangga,06080120238015,2024-03-04,2029-03-04
1774,D-MECTIN 530 SL,SAKASAKI,Insektisida,01010120175840,2023-02-08,2028-02-08
1775,SUPORTAN 500 SL,BERBAK AGRO SEJATI,Insektisida,01010120259303,2026-01-20,2031-01-20
1776,SUPRETOX 276 SL,DHARMA GUNA WIBAWA,Herbisida,01030120042037,2022-06-27,2027-06-27
1777,Manzate 82 WP,CATUR AGRODAYA MANDIRI,Fungisida,0102011979393,2026-07-16,2031-07-16
1778,AMFONIL 75 WP,ADIL MAKMUR FAJAR,Fungisida,01020120124339,2023-04-26,2028-04-26
1779,MALLOT 50 DC,BASF INDONESIA,Insektisida,01010120206942,2025-11-13,2030-11-13
1780,CATALAN 33 WP,TIGA MUARA EMAS MAKMUR,Insektisida,01010120259184,2026-01-20,2031-01-20
1781,Densil S89,ARXADA CHEMICALS INDONESIA,Pestisida lain-lain,0420251401,2025-09-26,2030-09-26
1782,NUVET PLUS 600 EC,BUMI MAKMUR LESTARI UTAMA,Insektisida,02010120186057,2023-08-28,2028-08-28
1783,KARYATOP 276 SL,BINTANG CAHAYA AGRO PLANET,Herbisida,01030120269583,2026-07-16,2031-07-16
1784,MICROCARE PHC,AZELIS INDONESIA DISTRIBUSI,Pestisida lain-lain,0420261515,2026-07-16,2031-07-16
1785,RETANDER 480 SL,YANNO AGRO SCIENCE INDONESIA,Herbisida,01030120155263,2026-04-20,2031-04-20
1786,PROMEFON 250 EC,MULTI SARANA INDOTANI,Fungisida,01020120031842,2022-06-27,2027-06-27
1787,KEXOLIT 22 WG,CORTEVA AGRISCIENCE INDONESIA,Insektisida,032020478,2025-07-11,2030-07-11
1788,REJOSO 400 SC,TIGA MUARA EMAS MAKMUR,Insektisida,01010120185978,2023-04-26,2028-04-26
1789,MANKOZEB 85 TC,SOLO LOGO INDONESIA,Fungisida,042019701,2024-03-04,2029-03-04
1790,DELTAMETRIN 98 TC,INTI EVERSPRING INDONESIA,Insektisida,042001127,2022-10-04,2027-10-04
1791,TAMATRIN 300 EC,ANKEWA CHEMICAL INDONESIA,Insektisida,01010120185993,2023-02-08,2028-02-08
1792,"BRODIRAT 0,005 BB",MULTI SARANA INDOTANI,Rodentisida,01120120093414,2025-09-26,2030-09-26
1793,ZEBRA 0.6 MC,KUDA RAYA KARYANUSA,Pestisida Rumah Tangga,06080120073014,2024-03-05,2029-03-05
1794,SAPUJOS 480 SL,SEJAHTERA AGRONUSA LESTARI,Herbisida,01030120258995,2025-09-26,2030-09-26
1795,CRUMBLE 100 EC,MULTI SARANA INDOTANI,Insektisida,01010120186110,2023-04-26,2028-04-26
1796,AGITA 10 WG,NOVINDO AGRITECH HUTAMA,Insektisida,02140120031860,2022-06-27,2027-06-27
1797,"NOURICH 52,6/2,4 WG",CATUR AGRODAYA MANDIRI,Fungisida,01020120217069,2025-11-13,2030-11-13
1798,HIT ONE PUSH 8.5 AE,GODREJ CONSUMER PRODUCTS INDONESIA,Pestisida Rumah Tangga,06080120165446,2026-04-20,2031-04-20
1799,ABAGUARD 18 EC,SOLUSI MAJU AGRO TANI,Insektisida,01010120258732,2025-07-11,2030-07-11
1800,SANA 77 WG,Agro Bumi Timur,Fungisida,01020120259122,2025-11-13,2030-11-13
1801,ARIKADAN FUNZAI,FUMAKILLA NOMOS,Pestisida Rumah Tangga,032025610,2025-11-13,2030-11-13
1802,K-KINGGOLD 10 WP,HANEARL SCIENCE INDONESIA,Herbisida,01030120237775,2023-04-26,2028-04-26
1803,METIL METSULFURON 90 TC,INTI EVERSPRING INDONESIA,Herbisida,04199896,2024-03-05,2029-03-05
1804,ENDIUS 78 OD,ENFARM CROP SCIENCE,Herbisida,01030120248478,2024-11-18,2029-11-18
1805,STOFF 100/350 EC,SUMANS MANDIRI SEJAHTERA,Herbisida,01030120227589,2022-12-05,2027-12-05
1806,STRONG 333 EC,SARI KRESNA KIMIA,Insektisida,01010120217176,2025-11-13,2030-11-13
1807,TRIACTIVE PLUS 70 WP,BINANGUN AGRO LESTARI,Insektisida,01010120175808,2023-02-08,2028-02-08
1808,PROKLORAZ MANGAN KLORIDA 96 TC,SOLO LOGO INDONESIA,Fungisida,0420211005,2026-04-20,2031-04-20
1809,INBROM 98 LG,MULTIGUNA GEMILANG,Fumigan,07100220124330,2021-11-18,2026-11-18
1810,OBULUS 120 EC,ALBAUGH AGRO INDONESIA,Insektisida,01010120145001,2024-09-19,2029-09-19
1811,FINSOL 500 EC,UNI AGRO CHEMICA,Insektisida,01010120072746,2023-02-08,2028-02-08
1812,ANDAFAXONE 150 SL,ANDAFA AGRO INDO,Herbisida,01030120238097,2024-03-05,2029-03-05
1813,TORDON 101 115/450 SL,CORTEVA AGRISCIENCE MANUFACTURING INDONESIA,Herbisida,0103011975189,2023-08-28,2028-08-28
1814,BUNGKER 50 SP,Agro Bumi Timur,Insektisida,01010120237859,2023-08-28,2028-08-28
1815,HILEX 150 SC,ZHENGBANG CROP PROTECTION INDONESIA,Herbisida,01030120248276,2024-08-09,2029-08-09
1816,D-NAM 9 865 SL,PT. AGROW USAHA TANI INDONESIA,Herbisida,01030120269553,2026-07-16,2031-07-16
1817,RAINFAST 200 SL,RAINBOW AGROSCIENCES,Herbisida,01030120269454,2026-04-20,2031-04-20
1818,ATNIMES 200/20/40 OD,ADVANSIA INDOTANI,Herbisida,01030120227383,2022-10-04,2027-10-04
1819,PILARANDO 43/64 SC,INDO-SINO AGROCHEMICAL,Insektisida,01010120206963,2025-02-17,2030-02-17
1820,DOBINDOX 40/120 SC,SINAMYANG INDONESIA,Insektisida,01010120227295,2022-06-27,2027-06-27
1821,KINGPLUS 50 EC,AGRO JAYA INDUSTRI,Insektisida,01010120248505,2024-11-18,2029-11-18
1822,BETAFURON 20 WP,GLOBAL AGROTAMA INDONESIA,Herbisida,01030120227501,2022-12-05,2027-12-05
1823,FIPRONIL 96 TC,MAJU MAKMUR UTOMO,Insektisida,042019788,2025-02-17,2030-02-17
1824,HERBITRI 260/60/40 OD,BENIH BERKAH BERSERI,Herbisida,01030120259213,2026-01-20,2031-01-20
1825,DZEKO 36 EC,INDO HOECHST,Insektisida,01010120258926,2025-09-26,2030-09-26
1826,ACTICIDE SPX,JAYA WARINDO ABADI,Fungisida,042019777,2024-09-19,2029-09-19
1827,LANDMASTER 456 SL,PT. MASTRA INDOKORPORA,Herbisida,01030120021698,2023-08-28,2028-08-28
1828,SPYKER 135 SL*,SURYA AGROKEMINDO PERKASA,Herbisida,01030120237934,2023-08-28,2028-08-28
1829,INVERNO 50 WP,DELTA GIRI WACANA,Herbisida,01030120248639,2025-02-17,2030-02-17
1830,CYPERTOP 200 EW,FARMCO KIMIA,Insektisida,01010120124352,2024-03-05,2029-03-05
1831,EMAMECTIN BENZOATE 96 TC,AGRORISEN INDOMAKMUR CEMERLANG,Insektisida,0420231129,2023-04-26,2028-04-26
1832,CHLORIMURON ETHYL 95 TC,INTI EVERSPRING INDONESIA,Herbisida,042020812,2024-11-18,2029-11-18
1833,NOMOS 0.08MC,FUMAKILLA NOMOS,Pestisida Rumah Tangga,06080120196371,2024-09-19,2029-09-19
1834,GLOWSTAR 410 SL,DALZON CHEMICALS INDONESIA,Herbisida,032019450,2024-08-09,2029-08-09
1835,"COUNTER-PLUS 50/1,8 WG",CATUR AGRODAYA MANDIRI,Insektisida,01010120134766,2024-03-04,2029-03-04
1836,Mun Up 503 SL,MAJU MAKMUR UTOMO,Herbisida,01030120113908,2022-01-14,2027-01-14
1837,HIT 0.52 MC,GODREJ CONSUMER PRODUCTS INDONESIA,Pestisida Rumah Tangga,06080120258944,2025-09-26,2030-09-26
1838,PERMETHRIN 92 TC,DELTA GIRI WACANA,Insektisida,042009238,2023-04-26,2028-04-26
1839,DEMORF 60 WP,MULTI SARANA INDOTANI,Fungisida,01020120103728,2024-08-09,2029-08-09
1840,UNICORN 70/4.5 WG,AGRO INSANI SEMESTA,Fungisida,01020120206785,2025-09-26,2030-09-26
1841,CYMOX PLUS 60/20 WP,EXINDO RAHARJA PRATAMA,Fungisida,01020120072883,2024-03-04,2029-03-04
1842,NOMOS 0.1MC,FUMAKILLA NOMOS,Pestisida Rumah Tangga,06080120196563,2025-02-17,2030-02-17
1843,SELDENE 250 EC,PETROKIMIA KAYAKU,Moluskisida,01050120083200,2022-10-04,2027-10-04
1844,BRAVOTOP 555 SL,BRAVO DINAMIKA,Herbisida,01030120186105,2023-02-08,2028-02-08
1845,CYTRIN 50 EC,KATAYA ABADI,Pestisida Pengendalian Vektor Penyakit Pada Manusia,06090120258759,2025-07-11,2030-07-11
1846,KEN-AMINE 865 SL,KENSO INDONESIA,Herbisida,01030120062431,2025-11-13,2030-11-13
1847,ARAGON 36 EC,CV. SAKASAKI INDONESIA,Insektisida,01010120124342,2024-03-05,2029-03-05
1848,SOYATIP 62/5 WG,RAINBOW AGROSCIENCES,Herbisida,01030120155399,2025-09-26,2030-09-26
1849,DELTAMETHRIN 98.5 TC,RAINBOW AGROSCIENCES,Insektisida,0420221017,2022-06-27,2027-06-27
1850,"ACETRIN 22,7/27,3 WP",ADVANSIA INDOTANI,Insektisida,01010120238085,2024-03-05,2029-03-05
1851,NEWPRIMAXONE 75 SL,CENTA BRASINDO ABADI CHEMICAL INDUSTRY,Herbisida,01030120145000,2024-03-05,2029-03-05
1852,TRF-AZOHEX 200/100 SC,TRUSTCHEM AGRO INDONESIA,Fungisida,01020120248435,2024-09-19,2029-09-19
1853,Crowen 113 EC,MAJU MAKMUR UTOMO,Insektisida,01010120011623,2022-12-05,2027-12-05
1854,KAZOL 50 SC,INDOIN BUSINESS GROUP,Fungisida,01020120206634,2025-07-11,2030-07-11
1855,"BIOKUM 0,005 BB",BIOTIS AGRINDO,Rodentisida,01120120083252,2022-12-05,2027-12-05
1856,FOST UP 486 SL,CENTA BRASINDO ABADI CHEMICAL INDUSTRY,Herbisida,01030120113951,2026-01-20,2031-01-20
1857,K-MACOBLU 80 WP,HANEARL SCIENCE INDONESIA,Fungisida,01020120258811,2025-07-11,2030-07-11
1858,VENUS 400 SL,SARI KRESNA KIMIA,Insektisida,01010120083304,2023-02-08,2028-02-08
1859,ALCAN 375 SC,ADVANSIA INDOTANI,Insektisida,01010120186003,2023-08-28,2028-08-28
1860,DESMOS 200/60 SC,BIOTIS AGRINDO,Herbisida,01030120206825,2025-07-11,2030-07-11
1861,ONE UP PLUS 375/5 SL,SPEKTRUM GEO INAGRO,Herbisida,01030120114154,2022-10-04,2027-10-04
1862,Parakuat Diklorida 42 TC,FADJARPURNAMA PRATAMA INTI,Herbisida,042019772,2025-02-17,2030-02-17
1863,CASTORA 40 SP,MITRA INDOTANI ABADI,Insektisida,01010120206822,2026-01-20,2031-01-20
1864,BASFONATE 200 SL,KRISTALINDO KARUNIA INTERNASIONAL,Herbisida,01030120186102,2023-04-26,2028-04-26
1865,PILARFIN 81/101 OD,PILARQUIM AGROSCIENCE INDONESIA,Insektisida,01010120269437,2026-04-20,2031-04-20
1866,TEKSECT 106/141 SC,ASIA GALA KIMIA,Insektisida,01010120269482,2026-04-20,2031-04-20
1867,RANMAN 400 SC,SUMITOMO INDONESIA,Fungisida,01020120196473,2024-11-18,2029-11-18
1868,PROMIN 865 SL,DELTAGRO MULIA SEJATI,Herbisida,01030120001517,2025-07-11,2030-07-11
1869,MEKILL 24 WG,SINAMYANG INDONESIA,Herbisida,01030120144995,2024-03-05,2029-03-05
1870,STARKO 550/60 EC,PT. AGROW USAHA TANI INDONESIA,Insektisida,01010120238199,2024-03-05,2029-03-05
1871,AGXOBIN 250/50 SC,AGX ASIA INDONESIA,Fungisida,01020120237840,2023-08-28,2028-08-28
1872,CleanBioTM-Zinc <MIT Free>,TOYOTA TSUSHO INDONESIA,Fungisida,0420221077,2022-12-05,2027-12-05
1873,DAFAT 250 EC,DALZON CHEMICALS INDONESIA,Insektisida,01010120083179,2024-03-04,2029-03-04
1874,SINOTICTURE 50 WG,AGRO JAYA INDONESIA,Insektisida,01010120248702,2025-02-17,2030-02-17
1875,V-REN UP 480 SL,DELITAL LEEFREN AGROINDUSTRI,Herbisida,01030120258892,2025-07-11,2030-07-11
1876,BISPYRIBAC SODIUM 95 TC,MULTI SARANA INDOTANI,Herbisida,042019782,2024-08-09,2029-08-09
1877,BUTANIL 275/275 EC,EASTCHEM AGROSCIENCE INDONESIA,Herbisida,01030120227506,2022-12-05,2027-12-05
1878,TIAGA 57/181 SC,FARM HANNONG INDONESIA,Herbisida,01030120269677,2026-07-16,2031-07-16
1879,Sunpore 210 EC,MSR HIJAU LESTARI,Insektisida,0501010120175803,2023-02-08,2028-02-08
1880,"MENARA LAUT 0,088 MC",MENARA LAUT BERSATU,Pestisida Rumah Tangga,06080120269602,2026-07-16,2031-07-16
1881,JETFOZ 150/250 SC,AGROKIMINDO KURNIABUANA,Fungisida,01020120145075,2024-09-19,2029-09-19
1882,PARAXONE 276 SL*,DELTAGRO MULIA SEJATI,Herbisida,01030120186061,2023-02-08,2028-02-08
1883,COSKO 120/35 SC,ETONG CHEMICAL INDONESIA,Insektisida,01010120269345,2026-04-20,2031-04-20
1884,Minecto Forte 80/400 SC,SYNGENTA INDONESIA,Insektisida,01010120238030,2024-03-04,2029-03-04
1885,AMITES 110/110 SC,ADVANSIA INDOTANI,Insektisida,01010120258899,2025-09-26,2030-09-26
1886,RIAKON 336 SC,REJEKI INDO AGROTEC,Herbisida,01030120269460,2026-04-20,2031-04-20
1887,PROMECTIN 60 EC,MULTI SARANA INDOTANI,Insektisida,01010120124379,2022-06-27,2027-06-27
1888,KEN-TEC 276 SL*,KENSO INDONESIA,Herbisida,032025590,2025-07-11,2030-07-11
1889,NARASTAR 330 SC,RAINBOW AGROSCIENCES,Fungisida,01020120144905,2023-04-26,2028-04-26
1890,NOVLECT 120 EC,CORTEVA AGRISCIENCE MANUFACTURING INDONESIA,Herbisida,032016384,2026-01-20,2031-01-20
1891,HIT 0.222 AE,GODREJ CONSUMER PRODUCTS INDONESIA,Pestisida Rumah Tangga,06080120258789,2025-07-11,2030-07-11
1892,ALDOZER 25/100 OD,ADVANSIA INDOTANI,Herbisida,01030120227380,2022-10-04,2027-10-04
1893,ZORO 5 GR,SARI KRESNA KIMIA,Insektisida,01010120196490,2024-08-09,2029-08-09
1894,ARUNG 135 SL*,SAMUDRA UTAMA NARAPATI,Herbisida,01030120217114,2026-04-20,2031-04-20
1895,TRUSTATE PLUS 100/80 SL,TRUSTCHEM AGRO INDONESIA,Herbisida,01030120269682,2026-07-16,2031-07-16
1896,HERBAMIN 865 SL,INDO HOECHST,Herbisida,01030120031893,2024-08-09,2029-08-09
1897,SALERON UP 380/5 SL,TIGA MUARA EMAS MAKMUR,Herbisida,01030120134716,2023-02-08,2028-02-08
1898,GRANATE 44 WP,SINAR GENERAL INDUSTRIES,Insektisida,01010120206628,2024-11-18,2029-11-18
1899,AMINAX 865 SL,RAINBOW AGROSCIENCES,Herbisida,01030120134546,2022-12-05,2027-12-05
1900,ALITA 150 EC,ADVANSIA INDOTANI,Herbisida,01030120248451,2024-11-18,2029-11-18
1901,LEGEND 10 WP,MIO LIFE SCIENCES INDONESIA,Herbisida,01030120155369,2026-01-20,2031-01-20
1902,TRIBUTE 540 EC,AGRO SENTOSA RAYA,Herbisida,01030120269491,2026-04-20,2031-04-20
1903,AMISTAR 250 SC,SYNGENTA INDONESIA,Fungisida,032026647,2026-07-16,2031-07-16
1904,CHLOROTHALONIL 96 TC,CENTA BRASINDO ABADI CHEMICAL INDUSTRY,Fungisida,0420231222,2024-03-04,2029-03-04
1905,MICLOR 8/64 WP,SARI KRESNA KIMIA,Fungisida,01020120248302,2024-08-09,2029-08-09
1906,"CT ROOM 27,5 / 12,5 WP",ZAINI MAKMUR SENTOSA,Insektisida,01010120217126,2021-10-12,2026-10-12
1907,NOWELL 500/50 EC,INTI EVERSPRING INDONESIA,Insektisida,01010120238033,2024-03-04,2029-03-04
1908,WARSHIP 500 EC,DHARMA GUNA WIBAWA,Insektisida,01010120134654,2023-04-26,2028-04-26
1909,COLODIM 300/100 SC,SARI KRESNA KIMIA,Fungisida,01020120248248,2024-08-09,2029-08-09
1910,"Soffell 7,5 LT",HERLINA INDAH,Repelen,06080120259297,2026-01-20,2031-01-20
1911,REGENT 0.3 GR,BASF INDONESIA,Insektisida,01010119931131,2023-04-26,2028-04-26
1912,SINARFURON 20 WG,SINAR GENERAL INDUSTRIES,Herbisida,01030120113998,2026-07-16,2031-07-16
1913,HINOW 500 SL,YANNO AGRO SCIENCE INDONESIA,Insektisida,01010120227658,2023-02-08,2028-02-08
1914,ZARUS 188 SL,EASTCHEM AGROSCIENCE INDONESIA,Herbisida,01030120259322,2026-01-20,2031-01-20
1915,EMACEL 30 EC,EXCEL MEG INDO,Insektisida,01010120155349,2025-02-17,2030-02-17
1916,SERBU 400/60 SL,BIOTIS AGRINDO,Herbisida,01030120258872,2025-07-11,2030-07-11
1917,CLUTCH 25 EC,MASCO AGRI GENETICS,Insektisida,01010120093417,2024-08-09,2029-08-09
1918,KAMIKAZE 371 EC,PETROKIMIA KAYAKU,Fungisida,01020120165622,2021-10-12,2026-10-12
1919,TRANSFLUTHRIN 94 TC,TAKBIR SUKMA TRADA INDONESIA,Insektisida,0420231236,2024-03-04,2029-03-04
1920,AKALIS 500/50 SC,ADVANSIA INDOTANI,Herbisida,01030120144926,2024-03-05,2029-03-05
1921,DINOSHEEN 20 SG,INDOIN BUSINESS GROUP,Insektisida,01010120217128,2026-07-16,2031-07-16
1922,PYRAZOSULFURON ETHYL 98 TC,MULTI SARANA INDOTANI,Herbisida,042019798,2024-08-09,2029-08-09
1923,Proxel BZ Plus,ARXADA CHEMICALS INDONESIA,Pestisida lain-lain,042018671,2024-11-18,2029-11-18
1924,NEO RON 40 OD,MULTI SARANA INDOTANI,Herbisida,01030120186205,2023-08-28,2028-08-28
1925,PREVENTOL BM 10,BLUE CUBE INDONESIA,Pestisida lain-lain,0420241349,2024-11-18,2029-11-18
1926,KENRANE 288 EC,KENSO INDONESIA,Herbisida,01030120103759,2025-09-26,2030-09-26
1927,PORSELEN 5 SG,RAINBOW AGROSCIENCES,Insektisida,01010120134699,2023-04-26,2028-04-26
1928,PIVOT 385/15 SE,ADIL MAKMUR FAJAR,Herbisida,01030120258848,2025-07-11,2030-07-11
1929,CAMIX 138 SL*,CROPLINK AGRIKULTUR TEKNOLOGI,Herbisida,01030120217099,2026-01-20,2031-01-20
1930,APROPO 200 SE,ROYAL AGRO INDONESIA,Fungisida,01020120124418,2023-04-26,2028-04-26
1931,HEXONE 276 SL,BINTANG TANI SEJAHTERA,Herbisida,01030120248390,2024-09-19,2029-09-19
1932,AVENGER 50 SC,JIRONA AGRITAMA,Bahan pengawet kayu,04110120144890,2024-11-18,2029-11-18
1933,CYTRIN 100 EC,KATAYA ABADI,Pestisida Pengendalian Vektor Penyakit Pada Manusia,06090120258760,2025-07-11,2030-07-11
1934,DIURON 96 TC,INTI EVERSPRING INDONESIA,Herbisida,04199775,2022-06-27,2027-06-27
1935,SANTREL 500 SL,SANTANI AGRO PERKASA,Zat Pengatur Tumbuh Tanaman,01040120134718,2023-04-26,2028-04-26
1936,ROMADE 0.75 TP,ZENITH CROPSCIENCES INDONESIA,Rodentisida,01120120196384,2024-09-19,2029-09-19
1937,SAWARNA 18 EC,TIGA MUARA EMAS MAKMUR,Insektisida,01010120237807,2023-04-26,2028-04-26
1938,FLURALANER 99 TC,KHARISMA AGRI WIJAYA,Insektisida,0420241335,2024-11-18,2029-11-18
1939,SANCIS 25 EC,PT.ASIANA CHEMICALINDO LESTARI,Insektisida,01010120072799,2023-08-28,2028-08-28
1940,IPA GLYPHOSATE 62 TC,DHARMA GUNA WIBAWA,Herbisida,04200823,2021-11-18,2026-11-18
1941,JOSSXONE 135 SL,TIGA MUARA EMAS MAKMUR,Herbisida,01030120134589,2022-12-05,2027-12-05
1942,INDOSUPER 106/141 ZC,INDOIN BUSINESS GROUP,Insektisida,01010120227424,2022-10-04,2027-10-04
1943,BESTONIL 75 WP,DOUTA UTAMAN INDONESIA,Fungisida,01020120145062,2025-07-11,2030-07-11
1944,COFENRIN PLUS 250/50 SC,RAINBOW AGROSCIENCES,Insektisida,01010120227631,2023-02-08,2028-02-08
1945,UNITE 40/120 SC,ZHENGBANG CROP PROTECTION INDONESIA,Insektisida,01010120248561,2024-11-18,2029-11-18
1946,SPARK 160 SL,NATHANI CHEMICALS,Herbisida,01030120093447,2025-07-11,2030-07-11
1947,PROTOXONE 300 SL,FORAGRO MAJU SEJAHTERA,Herbisida,01030120134610,2023-08-28,2028-08-28
1948,DOUBLE POTENCE 100/100 SC,ZHENGBANG CROP PROTECTION INDONESIA,Insektisida,01010120227297,2022-06-27,2027-06-27
1949,ERKAREN 290 EC,ROLIMEX KIMIA NUSAMAS,Herbisida,01030120134862,2024-03-05,2029-03-05
1950,AEPON 100 SL,DELTAGRO MULIA SEJATI,Zat Pengatur Tumbuh Tanaman,01040120072698,2022-01-11,2027-01-11
1951,STARFAT 80 SP,REJEKI INDO AGROTEC,Insektisida,01010120196480,2024-09-19,2029-09-19
1952,Suncrop 24D2EH 680 EC,TRUSTCHEM AGRO INDONESIA,Herbisida,01030120259298,2026-01-20,2031-01-20
1953,DAFAT 400 SL,DALZON CHEMICALS INDONESIA,Insektisida,01010120093328,2024-03-04,2029-03-04
1954,LambidinPro 25 EC,JIVA AGRICULTURE INDONESIA,Insektisida,01010120103792,2025-11-13,2030-11-13
1955,KANA UP 485 SL,SAMUDRA UTAMA NARAPATI,Herbisida,01030120217142,2025-11-13,2030-11-13
1956,CERLORD 200 SL,SARI KIMIA UNGGUL,Herbisida,01030120206718,2025-07-11,2030-07-11
1957,MAGISTER 200 SC,GOENA WAHANA AGRO NIAGA,Insektisida,01010120206640,2025-09-26,2030-09-26
1958,CABRIO 250 EC,BASF INDONESIA,Fungisida,01020120072723,2025-11-13,2030-11-13
1959,GAMECTIN 30 EC,CV. SARANA TANI MAKMUR,Insektisida,01010120165440,2026-04-20,2031-04-20
1960,SIDABIN 200/150 SC,PETROSIDA GRESIK,Fungisida,01020120206776,2025-09-26,2030-09-26
1961,METAREX 20 WG,NUSA MANDIRI UTAMA,Herbisida,01030120134790,2024-03-04,2029-03-04
1962,GLIFOSAT 95 TC,SOLO LOGO INDONESIA,Herbisida,042021980,2025-07-11,2030-07-11
1963,SANCORD 50 EC,DELTAGRO MULIA SEJATI,Insektisida,01010120042003,2023-02-08,2028-02-08
1964,IVORY 68 WP,DOUTA UTAMAN INDONESIA,Herbisida,01030120175905,2023-02-08,2028-02-08
1965,TRIDIUM 70 WG,UPL INDONESIA,Fungisida,01020120185994,2023-04-26,2028-04-26
1966,DONKEY 40 WP,CENTA BRASINDO ABADI CHEMICAL INDUSTRY,Insektisida,01010120155142,2024-09-19,2029-09-19
1967,GLYPHOSATE 95 TC,TRIBINA TANIKARYA,Herbisida,0420241336,2024-11-18,2029-11-18
1968,LIVFUL 20 Lt,ASTORIA PRIMA,Pestisida Rumah Tangga,06080120248648,2025-02-17,2030-02-17
1969,INSECKIL 50 EC,BUMI MAKMUR LESTARI UTAMA,Insektisida,02140120113971,2026-07-16,2031-07-16
1970,"2,4-D 98 TC",REJEKI INDO AGROTEC,Herbisida,042020876,2025-11-13,2030-11-13
1971,QUICKSTAR 49/36 WG,RAINBOW AGROSCIENCES,Fungisida,01020120155179,2025-02-17,2030-02-17
1972,META-RON 20 WG,AGRO JAYA INDUSTRI,Herbisida,01030120238160,2024-03-05,2029-03-05
1973,ZESSNOIT 60 WP,BAHTERA BONIAGA LESTARI,Moluskisida,01050120175817,2022-12-05,2027-12-05
1974,Saco-P WP,TANI MAS SUBUR,Fungisida,01020120206678,2025-07-11,2030-07-11
1975,IGUAL 276 SL*,ALBAUGH AGRO INDONESIA,Herbisida,01030120144989,2024-09-19,2029-09-19
1976,CENTAZOLE 250 EC,CENTA BRASINDO ABADI CHEMICAL INDUSTRY,Fungisida,01020120072728,2022-06-27,2027-06-27
1977,Aristide 12 GR,MITRA INDOTANI ABADI,Moluskisida,01050120259031,2025-11-13,2030-11-13
1978,MIRAVIS DUO 75/125 SC,SYNGENTA INDONESIA,Fungisida,01020120206643,2025-02-17,2030-02-17
1979,SKYSTAR 280 SC,RAINBOW AGROSCIENCES,Fungisida,01020120134634,2023-02-08,2028-02-08
1980,VAPE 0.08 MC,FUMAKILLA INDONESIA,Pestisida Rumah Tangga,06080120196586,2024-11-18,2029-11-18
1981,MASTER BASS 150 SL,AGRO JAYA INDUSTRI,Herbisida,01030120269596,2026-07-16,2031-07-16
1982,TOPSIDA 75 WP,PETROSIDA GRESIK,Fungisida,01020120083300,2023-02-08,2028-02-08
1983,VAPE 0.51 MV,FUMAKILLA INDONESIA,Pestisida Rumah Tangga,06080120217184,2026-07-16,2031-07-16
1984,Pajero 230 EC,MAJU MAKMUR UTOMO,Insektisida,01010120072753,2023-02-08,2028-02-08
1985,ALAP 160 SL,TIGA MUARA EMAS MAKMUR,Herbisida,01030120206807,2025-02-17,2030-02-17
1986,Force Magic Techno 3 AL,HERLINA INDAH,Pestisida Rumah Tangga,06080120248382,2024-09-19,2029-09-19
1987,TAURUS 200 EC,DELTAGRO MULIA SEJATI,Insektisida,01010120011641,2025-07-11,2030-07-11
1988,STEDIM 240 EC,QILU CROP SCIENCE,Herbisida,01030120248708,2025-02-17,2030-02-17
1989,PRIMA-NOID 60 WP,PRIMA KARYA BERJAYA,Moluskisida,03050120093324,2024-03-05,2029-03-05
1990,VOLCANO 50 WG,DELTA GIRI WACANA,Insektisida,01010120237836,2023-04-26,2028-04-26
1991,FACET 250 SC,BASF INDONESIA,Herbisida,032018425,2023-08-28,2028-08-28
1992,P-GLUFOSINAT 90 TC,MULTI AGRO JAYA UTAMA,Herbisida,0420221069,2022-12-05,2027-12-05
1993,YAPEN 400/25 EC,TIGA MUARA EMAS MAKMUR,Insektisida,01010120196405,2024-08-09,2029-08-09
1994,KLORPIRIFOS 97 TC,SOLO LOGO INDONESIA,Insektisida,042019699,2024-03-04,2029-03-04
1995,Alphatrin 90 TC,MSR HIJAU LESTARI,Insektisida,042000114,2026-07-16,2031-07-16
1996,APOLLO 500 SC,ROYAL AGRO INDONESIA,Akarisida,01140119971347,2024-03-04,2029-03-04
1997,SACO-P,TANI MAS SUBUR,Fungisida,01020120185984,2023-02-08,2028-02-08
1998,TOP DOR 10 WP,PETROSIDA GRESIK,Insektisida,01010120062482,2026-04-20,2031-04-20
1999,ZIPHO 500 SL,LUMBUNG AGRO MAKMUR,Insektisida,01010120259021,2025-09-26,2030-09-26
2000,BONGKIS 30 EC,PERSADA AGRO SUKSES,Insektisida,01010120237855,2023-08-28,2028-08-28
2001,Heksagon 50 EC,MAJU MAKMUR UTOMO,Insektisida,01010120021675,2023-02-08,2028-02-08
2002,SAGRI-PURE 400/200 EC,SATYA AGRO INDONESIA,Insektisida,01010120196476,2024-08-09,2029-08-09
2003,Baygon 13 LV,JOHNSON HOME HYGIENE PRODUCTS,Pestisida Rumah Tangga,06080120083172,2023-04-26,2028-04-26
2004,KLORFENAPIR 96 TC,TANAMAN MAKMUR MANDIRI,Insektisida,0420221053,2022-10-04,2027-10-04
2005,PROFENOFOS 90 TC,MULTI SARANA INDOTANI,Insektisida,042015339,2023-08-28,2028-08-28
2006,VAPE PLUS 0.6 AE,FUMAKILLA INDONESIA,Pestisida Rumah Tangga,06080120124263,2022-06-27,2027-06-27
2007,HIT 0.295 AE,GODREJ CONSUMER PRODUCTS INDONESIA,Pestisida Rumah Tangga,06080120258791,2025-07-11,2030-07-11
2008,BENZIM 500 SC,AGX ASIA INDONESIA,Fungisida,01020120206805,2025-09-26,2030-09-26
2009,ROLLMAS 240 SL,ROLIMEX KIMIA NUSAMAS,Herbisida,01030120259116,2025-11-13,2030-11-13
2010,TRIESTER 480 EC,DHARMA GUNA WIBAWA,Herbisida,01030120083087,2022-10-04,2027-10-04
2011,ATRAZINE 95 TC,MULTI SARANA INDOTANI,Herbisida,042020836,2024-08-09,2029-08-09
2012,STARDON 60 WP,INTI EVERSPRING INDONESIA,Moluskisida,01050120237936,2023-08-28,2028-08-28
2013,dee - dee 12 LT,PT. Joenoes Ikamulya,Repelen,06080120269548,2026-07-16,2031-07-16
2014,VAPE SPIRAL 0.075 MC,FUMAKILLA INDONESIA,Pestisida Rumah Tangga,06080120258890,2025-07-11,2030-07-11
2015,SIPERMETRIN 92 TC,BIOTIS AGRINDO,Insektisida,042019800,2024-09-19,2029-09-19
2016,TOPSIN-M 500 SC,PETROKIMIA KAYAKU,Fungisida,0102011988857,2024-08-09,2029-08-09
2017,KOEDAMEC 20 EC,TAPAL KOEDA INDONESIA,Insektisida,01010120206818,2025-11-13,2030-11-13
2018,PRATHEN 75 SP,MEKAR WARNA SARI,Insektisida,01010120083282,2024-03-04,2029-03-04
2019,SOLITAIRE 200 SL,NATHANI CHEMICALS,Herbisida,01030120175873,2022-10-04,2027-10-04
2020,IMPACTOR 350 SC,MIO LIFE SCIENCES INDONESIA,Insektisida,01010120165511,2026-04-20,2031-04-20
2021,ZENITH 75 WP,CROP CARE INDONESIA,Fungisida,01020120134736,2026-07-16,2031-07-16
2022,KEN-SIPUT 70 WP,KENSO INDONESIA,Moluskisida,01050120155144,2025-09-26,2030-09-26
2023,DIVINO 250 EC,ROYAL AGRO INDONESIA,Fungisida,01020120145053,2024-09-19,2029-09-19
2024,METEOR 25 EC,ASIA GALA KIMIA,Insektisida,01010120031836,2023-02-08,2028-02-08
2025,TUTU 20/50 WG,BYTER AGRICULTURE INDONESIA,Insektisida,01010120248720,2025-02-17,2030-02-17
2026,BIONIL 75 WP,BIOTEK SARANATAMA,Fungisida,01020120124428,2023-04-26,2028-04-26
2027,IMIDAKLOPRID 97 TC,ZHENGBANG CROP PROTECTION INDONESIA,Insektisida,042021982,2021-11-18,2026-11-18
2028,PENTATOP 276 SL*,SOLO LOGO INDONESIA,Herbisida,01030120165576,2025-02-17,2030-02-17
2029,BIOX M149,BLUE CUBE INDONESIA,Pestisida lain-lain,0420251434,2025-11-13,2030-11-13
2030,MEGATOS 108 EC,CENTA BRASINDO ABADI CHEMICAL INDUSTRY,Herbisida,01030120258967,2025-09-26,2030-09-26
2031,SATURN-D 600 EC,PETROKIMIA KAYAKU,Herbisida,0103011984722,2022-12-05,2027-12-05
2032,CHLORANTRANILIPROLE 96 TC,KHARISMA AGRI WIJAYA,Insektisida,0420251451,2026-01-20,2031-01-20
2033,BIONIK 400 EC,SARI KRESNA KIMIA,Insektisida,01010120185942,2023-02-08,2028-02-08
2034,BURON 80 WP,SAPROTAN UTAMA,Herbisida,01030120093415,2023-08-28,2028-08-28
2035,HURRY-XONE 276 SL,AGRO SENTOSA INDAH KARUNIA,Herbisida,01030120259075,2025-11-13,2030-11-13
2036,BASMITOP 480 SL,DALZON CHEMICALS INDONESIA,Herbisida,01030120134550,2023-02-08,2028-02-08
2037,Glufosinate-ammonium 95% TC,SEJUK ALAM LESTARI,Herbisida,042017493,2023-08-28,2028-08-28
2038,RATKUM 0.0055 BB,PETROKIMIA KAYAKU,Rodentisida,01120120113917,2024-09-19,2029-09-19
2039,TIKAM 50 EC,ADIL MAKMUR FAJAR,Insektisida,01010120072814,2023-02-08,2028-02-08
2040,Emamectin Benzoate 95 TC,DALZON CHEMICALS INDONESIA,Insektisida,042019736,2024-08-09,2029-08-09
2041,RIACRON 500 EC,REJEKI INDO AGROTEC,Insektisida,01010120258859,2025-07-11,2030-07-11
2042,DIMPO 400 SL,CATUR AGRODAYA MANDIRI,Insektisida,01010120083113,2023-04-26,2028-04-26
2043,TopBenta 400/60 SL,AGRO JAYA INDONESIA,Herbisida,01030120238205,2024-03-05,2029-03-05
2044,ASETOP 30 EC,TUNASHARAPAN MURNI,Insektisida,01010120103706,2025-09-26,2030-09-26
2045,DAKAR 125/125 SC,AGRO SEJAHTERA INDONESIA,Fungisida,01020120227633,2023-02-08,2028-02-08
2046,SARADOR 30 WP,SARAREA PANEN RAYA,Insektisida,01010120227459,2022-10-04,2027-10-04
2047,BROFREYA 53 SC,AGRICULTURE CONSTRUCTION INDONESIA,Insektisida,01010120217194,2022-01-19,2027-01-19
2048,VONDOZEB 80 WP,CROP CARE INDONESIA,Fungisida,0102011988861,2022-10-04,2027-10-04
2049,TRAJET 25 EC,UPL INDONESIA,Insektisida,01010120042160,2024-08-09,2029-08-09
2050,"OSIRIS 5,45 SL",DHARMA GUNA WIBAWA,Insektisida,01010120165453,2026-07-16,2031-07-16
2051,DHARMARA 480 SL,SARANA TANI INDONESIA MAKMUR,Herbisida,01030120186232,2024-03-04,2029-03-04
2052,LW-THIAMETHRIN 106/141 SC,MULTI AGRO JAYA UTAMA,Insektisida,01010120248404,2024-09-19,2029-09-19
2053,KON UP 480 SL,SARI KRESNA KIMIA,Herbisida,01030120001503,2024-11-18,2029-11-18
2054,STARIUM 110/220 SC,DELTAGRO MULIA SEJATI,Insektisida,01010120238067,2024-03-04,2029-03-04
2055,HIT 10.8 LV,GODREJ CONSUMER PRODUCTS INDONESIA,Pestisida Rumah Tangga,06080120227420,2022-10-04,2027-10-04
2056,BATARA 135 SL,DELTA GIRI WACANA,Herbisida,01030120083023,2023-02-08,2028-02-08
2057,MASTEROLE 240 SC,RAINBOW AGROSCIENCES,Insektisida,01010120175701,2022-10-04,2027-10-04
2058,CHLORFENAPYR 98 TC,CENTA BRASINDO ABADI CHEMICAL INDUSTRY,Insektisida,042018643,2024-03-05,2029-03-05
2059,KATHON™ CG Preservative,BLUE CUBE INDONESIA,Pestisida lain-lain,042018575,2024-03-04,2029-03-04
2060,KRESPHO 54 TC,SARI KRESNA KIMIA,Pestisida lain-lain,04199889,2026-07-16,2031-07-16
2061,PERMIFOS 555 EC,PETROSIDA GRESIK,Insektisida,01010120175917,2023-02-08,2028-02-08
2062,PENDI-STAR 330 EC,PT. MALINDO AGROTEK PERKASA,Herbisida,01030120269620,2026-07-16,2031-07-16
2063,KEENALI 400 SC,BINA GUNA KIMIA,Herbisida,032024575,2025-02-17,2030-02-17
2064,Nomin Extra 200 SC,MAJU MAKMUR UTOMO,Herbisida,01030120185970,2023-04-26,2028-04-26
2065,PUDDAKO 210 SL,PETROSIDA GRESIK,Herbisida,01030120185975,2023-02-08,2028-02-08
2066,DIMOCEL 400 SL,EXCEL MEG INDO,Insektisida,01010120124354,2026-07-16,2031-07-16
2067,DACOMIN 865 SL,TRIBINA TANIKARYA,Herbisida,01030120042062,2024-08-09,2029-08-09
2068,FOLICUR 430 SC,BAYER INDONESIA,Fungisida,01020120083267,2023-04-26,2028-04-26
2069,TOPTRUE 75 WP,SARI KRESNA KIMIA,Fungisida,01020120259137,2025-11-13,2030-11-13
2070,ABACUS 18 EC,SAFEEKO BIO INDONESIA,Insektisida,01010120206801,2025-11-13,2030-11-13
2071,SMART 486 SL,TRIBINA TANIKARYA,Herbisida,01030119971313,2024-03-04,2029-03-04
2072,CYMOXAN 15 WP,GLOBAL AGROTECH,Fungisida,01020120021682,2025-11-13,2030-11-13
2073,FOXILOR 30/250/20 OD,AGRO SENTOSA RAYA,Herbisida,01030120259062,2025-11-13,2030-11-13
2074,INDO550 500/50 EC,INDOIN BUSINESS GROUP,Insektisida,01010120248497,2024-11-18,2029-11-18
2075,QUATXONE 150 SL,SAPROTAN UTAMA NUSANTARA,Herbisida,01030120093590,2025-07-11,2030-07-11
2076,AMMATE 30 WG,FMC AGRICULTURAL MANUFACTURING,Insektisida,01010120227485,2022-12-05,2027-12-05
2077,JENEWA 135 SL*,SANBRAND AGRO SEJAHTERA,Herbisida,01030120196360,2024-08-09,2029-08-09
2078,NOLULANG 336 SC,MAXXI AGRI INDONESIA,Herbisida,01030120258972,2025-09-26,2030-09-26
2079,VALANI 200 EC,FOCUSINDO ASIA PACIFIC,Insektisida,01010120124534,2022-06-27,2027-06-27
2080,ABIC 80 WP,SYNGENTA INDONESIA,Fungisida,01020120248226,2024-08-09,2029-08-09
2081,RAJAXONE PLUS 303 SL,TIGA MUARA EMAS MAKMUR,Herbisida,01030120227453,2022-10-04,2027-10-04
2082,WYNCAPFOS 150 SL,AGRO JAYA INDONESIA,Herbisida,01030120248729,2025-02-17,2030-02-17
2083,INDIGO 20/50 WP,ORCHID GLOBAL MAKMUR,Fungisida,01020120248284,2024-08-09,2029-08-09
2084,COOLER 1.5/4.5 GR,SINAMYANG INDONESIA,Moluskisida,01050120227291,2022-06-27,2027-06-27
2085,PARAGON 200/125 SC,SARI KRESNA KIMIA,Fungisida,01020120155169,2024-08-09,2029-08-09
2086,ROCIMA™ 361 Microbicide,BLUE CUBE INDONESIA,Pestisida lain-lain,042017482,2024-03-04,2029-03-04
2087,ZYROXFLY 0.5 RB,SYNGENTA INDONESIA,Pestisida Rumah Tangga,06080120175881,2022-10-04,2027-10-04
2088,CHEETAH 490 SL,TIGA MUARA EMAS MAKMUR,Zat Pengatur Tumbuh Tanaman,01040120134764,2022-12-05,2027-12-05
2089,SADDLER 80 WG,ALBAUGH AGRO INDONESIA,Insektisida,01010120144955,2024-09-19,2029-09-19
2090,BM NOTIKUS 0.005 BB,BEHN MEYER AGRICARE,Rodentisida,01120120103665,2024-03-05,2029-03-05
2091,"Greenvue 0,1 SL",WINHONOR CONSULTING INDONESIA,Zat Pengatur Tumbuh Tanaman,01040120259210,2026-01-20,2031-01-20
2092,VAPE 0.7 AE,FUMAKILLA INDONESIA,Pestisida Rumah Tangga,06080120258889,2025-07-11,2030-07-11
2093,PROVI-STAR 85 WP,DELTA CHEMICA,Fungisida,01020120165508,2026-07-16,2031-07-16
2094,IPA GLIFOSAT 60 TC,ASIA GALA KIMIA,Herbisida,042001124,2026-01-20,2031-01-20
2095,RIAFAT 75 SP,REJEKI INDO AGROTEC,Insektisida,01010120259112,2025-11-13,2030-11-13
2096,RodeneX 0.005 BB,BENTZ JAZ INDONESIA,Rodentisida,01120120248423,2024-09-19,2029-09-19
2097,PILAR UP 480 SL,CENTA BRASINDO ABADI CHEMICAL INDUSTRY,Herbisida,01030120042122,2023-08-28,2028-08-28
2098,SAMADOR 30 EC,JJM INDONESIA,Pestisida Pengendalian Vektor Penyakit Pada Manusia,06090120083293,2025-02-17,2030-02-17
2099,INVERIS GOLD 50/25 DC,BASF INDONESIA,Insektisida,01010120206933,2025-11-11,2030-11-11
2100,NAKULA 480 SL,SURYA AGRO PERKASA,Herbisida,01030120217211,2026-01-20,2031-01-20
2101,ZIBAZ 400 EC,PETROSIDA GRESIK,Insektisida,01010120175792,2022-10-04,2027-10-04
2102,SANTADOR 25 EC,SANTANI AGRO PERKASA,Insektisida,01010120042138,2024-09-19,2029-09-19
2103,KENDIURON 525 SC,KENSO INDONESIA,Herbisida,01030120175696,2022-06-27,2027-06-27
2104,BENTAGRAM (60/400 SL),YANNO AGRO SCIENCE INDONESIA,Herbisida,01030120227616,2023-02-08,2028-02-08
2105,MAGNUM 40 SP,GRAHA AGRITECH PRIMA,Insektisida,01010120196338,2024-09-19,2029-09-19
2106,ARRIVO 30 EC,BINA GUNA KIMIA,Insektisida,0101011983634,2024-03-04,2029-03-04
2107,PREVENTOL U-TEC G,KEMINDO ARTHA JAYA,Fungisida,0420231240,2024-03-04,2029-03-04
2108,TRIBOLA 500 EC,AGROKIMINDO KURNIABUANA,Insektisida,05010120011644,2026-07-16,2031-07-16
2109,KLENSECT EXTRA 200 EC,DHARMA GUNA WIBAWA,Insektisida,01010120083092,2021-11-18,2026-11-18
2110,EMACEL PLUS 20/500 EC,EXCEL MEG INDO,Insektisida,01010120206728,2025-02-17,2030-02-17
2111,ZOLETIN 138 SL*,SARI KIMIA UNGGUL,Herbisida,01030120206800,2025-07-11,2030-07-11
2112,VIDI 722 SL,MULTI SARANA INDOTANI,Fungisida,01020120073005,2025-09-26,2030-09-26
2113,ACERO 4/40 WP,NUFARM INDONESIA,Insektisida,01010120258736,2025-07-11,2030-07-11
2114,INVINSI 70 WG,FARMCO KIMIA,Insektisida,01010120124368,2023-08-28,2028-08-28
2115,RIZOLEX 50 WP,NUFARM INDONESIA,Fungisida,0102012003893,2024-11-18,2029-11-18
2116,SIPERMETRIN 92 TC,INTI EVERSPRING INDONESIA,Insektisida,04199893,2022-10-04,2027-10-04
2117,PASKAL 50 WP,TUNASHARAPAN MURNI,Fungisida,01020120083148,2024-03-04,2029-03-04
2118,Proxel DMB,ARXADA CHEMICALS INDONESIA,Pestisida lain-lain,0420241326,2024-09-19,2029-09-19
2119,STARCOZEB 80 WP,BAHTERA BONIAGA LESTARI,Fungisida,01020120227466,2022-10-04,2027-10-04
2120,Acticide MV,AZELIS INDONESIA DISTRIBUSI,Pestisida lain-lain,0420261494,2026-07-16,2031-07-16
2121,INNOMAN ® CMF,TRITUNGGAL ARTHAMAKMUR,Bakterisida,0420231161,2023-04-26,2028-04-26
2122,VORTEX 540 SL,DALZON CHEMICALS INDONESIA,Herbisida,01030120083239,2023-04-26,2028-04-26
2123,AVOS 525 SL,Agro Bumi Timur,Insektisida,01010120258741,2025-07-11,2030-07-11
2124,REVUS 250 SC,SYNGENTA INDONESIA,Fungisida,01020120072794,2021-11-18,2026-11-18
2125,GALATION 500 EC,MESTIKA NUSANTARA AGROKIMIA,Insektisida,01010120248622,2025-02-17,2030-02-17
2126,BROMADIOLON 95 TC,INTER AGRO TECHNOLOGY INDONESIA,Rodentisida,0420251450,2026-01-20,2031-01-20
2127,VAPE 0.051 MC,FUMAKILLA INDONESIA,Pestisida Rumah Tangga,06080120206788,2025-09-26,2030-09-26
2128,KONVOI COMPLETE 10/300 SC,PRIMA KARYA BERJAYA,Herbisida,01030120258816,2025-07-11,2030-07-11
2129,CARBOFURAN 3 GR,CENTA BRASINDO ABADI CHEMICAL INDUSTRY,Insektisida,032025585,2025-07-11,2030-07-11
2130,METALON 667 EC,AGRO JAYA INDUSTRI,Herbisida,01030120248515,2024-11-18,2029-11-18
2131,OCTO 160/20 OD,DELTA GIRI WACANA,Insektisida,01010120269613,2026-07-16,2031-07-16
2132,CHEPATE 75 SP,CROP CARE INDONESIA,Insektisida,01010120083032,2026-07-16,2031-07-16
2133,Sporgard WB,BLUE CUBE INDONESIA,Pestisida lain-lain,0420251467,2026-01-20,2031-01-20
2134,VIARON 500 SC,SARI KRESNA KIMIA,Herbisida,01030120072905,2025-09-26,2030-09-26
2135,PENTACRON 500 EC,SAPROTAN UTAMA,Insektisida,01010120031914,2022-10-04,2027-10-04
2136,CARBOMAX 3 GR,CENTA BRASINDO ABADI CHEMICAL INDUSTRY,Insektisida,032025599,2025-09-26,2030-09-26
2137,ANWAVIN 500 EC,SARI KRESNA KIMIA,Insektisida,01010120113942,2025-09-26,2030-09-26
2138,SAMIDA 15 WP,SAFE CHEMICAL INDONESIA,Insektisida,01010120083152,2023-04-26,2028-04-26
2139,HIT Naturalle 149.025 AL,GODREJ CONSUMER PRODUCTS INDONESIA,Repelen,06080120186041,2024-03-04,2029-03-04
2140,GERBERA 100 EC,MAJU MAKMUR UTOMO,Insektisida,01010120186032,2023-08-28,2028-08-28
2141,VALLO 525 SC,PETROSIDA GRESIK,Fungisida,01020120175722,2022-06-27,2027-06-27
2142,METAMEC 50 EC,MUTIARA AGRO SEJATI,Insektisida,01010120238027,2024-03-04,2029-03-04
2143,ONGATAN 60 WP,CENTA BRASINDO ABADI CHEMICAL INDUSTRY,Moluskisida,01050120165606,2026-01-20,2031-01-20
2144,BM CONZOLE 250 EC,BEHN MEYER AGRICARE,Fungisida,01020120062387,2024-09-19,2029-09-19
2145,EPIGROW 0.1/19.9 SL,TANAMAN MAKMUR MANDIRI,Zat Pengatur Tumbuh Tanaman,01040120269564,2026-07-16,2031-07-16
2146,METSUL 24 WP,SARI KRESNA KIMIA,Herbisida,01030120042104,2024-08-09,2029-08-09
2147,JENGGOTE 75 WP,SARAREA PANEN RAYA,Fungisida,01020120206744,2025-09-26,2030-09-26
2148,KINGPHOS 57 P,TRI AYUMON TERPADU,Fumigan,05100120217251,2022-01-14,2027-01-14
2149,HEXACONAZOLE 95 TC,DALZON CHEMICALS INDONESIA,Fungisida,0420221051,2022-10-04,2027-10-04
2150,RUBICON 150/30 EC,ARTHA BUANA MANDIRI,Insektisida,01010120206676,2025-09-26,2030-09-26
2151,BM SURROUND 150 SC,BEHN MEYER AGRICARE,Insektisida,01010120196246,2023-08-28,2028-08-28
2152,E-TOCRON 500 EC,ETONG CHEMICAL INDONESIA,Insektisida,01010120259054,2025-11-13,2030-11-13
2153,Chlomet 20/100 SC,AGRO SENTOSA RAYA,Insektisida,01010120248243,2024-08-09,2029-08-09
2154,MANTHENE 75 SP,DELTA GIRI WACANA,Insektisida,01010120072671,2024-08-09,2029-08-09
2155,FUATRIN 350 EC,SATYA ALAM SEMESTA,Insektisida,01010120196434,2024-08-09,2029-08-09
2156,PLUSH 2/58 WP,AGRICULTURE CONSTRUCTION,Insektisida,01010120103646,2024-11-18,2029-11-18
2157,CURZATE 8/64 WP,CORTEVA AGRISCIENCE INDONESIA,Fungisida,01020119971301,2023-02-08,2028-02-08
2158,TEBBAS 605 EC,PETROKIMIA KAYAKU,Insektisida,01010120144960,2023-08-28,2028-08-28
2159,ACHILES 300 EC,AGRO MULIA,Insektisida,01010120134545,2024-03-05,2029-03-05
2160,TRICLOPYR-BUTOTYL ESTER 95 TC,RAINBOW AGROSCIENCES,Herbisida,0420221032,2022-06-27,2027-06-27
2161,METOMIL 98 TC,SOLO LOGO INDONESIA,Insektisida,0420241282,2024-08-09,2029-08-09
2162,ASIAFUR 4/3 GR,PT. Hamka Multi Karya,Insektisida,01010120248232,2024-08-09,2029-08-09
2163,BIOPHON 10 PA,BIOTIS AGRINDO,Zat Pengatur Tumbuh Tanaman,01040120072718,2022-06-27,2027-06-27
2164,ADDIT 40 WG,BINA GUNA KIMIA,Herbisida,032012277,2022-12-05,2027-12-05
2165,Polyphase S99 Plus,ARXADA CHEMICALS INDONESIA,Pestisida lain-lain,0420251404,2025-09-26,2030-09-26
2166,ALIGATOR 350 EC,JIRONA AGRITAMA,Insektisida,01010120134745,2024-08-09,2029-08-09
2167,CANDINAS 480 SL,CROPLINK AGRIKULTUR TEKNOLOGI,Herbisida,01030120269341,2026-04-20,2031-04-20
2168,Chlorantraniliprole 98 TC,INDO-SINO AGROCHEMICAL,Insektisida,0420251452,2026-01-20,2031-01-20
2169,DRY UP 480 SL,PT. WIHADIL,Herbisida,01030119931082,2024-03-04,2029-03-04
2170,TRINEB 80 WP,CROP CARE INDONESIA,Fungisida,0102011990941,2025-09-26,2030-09-26
2171,CYPER100 100 EC,VADEL KSATRIA SAMUDRA INDONESIA,Pestisida Pengendalian Vektor Penyakit Pada Manusia,06090120083258,2024-08-09,2029-08-09
2172,CYMOXAN 50 WP,GLOBAL AGROTECH,Fungisida,01020120165495,2026-01-20,2031-01-20
2173,ATHOS 240 SC,ADVANSIA INDOTANI,Insektisida,01010120155211,2025-07-11,2030-07-11
2174,UPI-INFINITE 625/62.5 SC,UPI CROPSCIENCE INDONESIA,Fungisida,01020120259313,2026-01-20,2031-01-20
2175,GERCEP 75 SP,ETONG CHEMICAL INDONESIA,Insektisida,01010120217134,2026-07-16,2031-07-16
2176,DRACULA 300 SL,INDO TANI UTAMA,Insektisida,01010120206916,2026-04-20,2031-04-20
2177,NITROPLANT 18 SL,MASTERGREEN AGROCHEMICAL INDONESIA,Zat Pengatur Tumbuh Tanaman,01040120248411,2024-09-19,2029-09-19
2178,MEGATHANE KOMBO 72 WP,EXCEL MEG INDO,Fungisida,01020120155246,2025-02-17,2030-02-17
2179,HIT EXPERT 0.10 FU,GODREJ CONSUMER PRODUCTS INDONESIA,Pestisida Rumah Tangga,06080120227661,2023-03-08,2028-03-08
2180,CYPERMAX 100 EC,MULTI SARANA INDOTANI,Insektisida,01010120042060,2023-02-08,2028-02-08
2181,SHALOM 250 SC,DALZON CHEMICALS INDONESIA,Zat Pengatur Tumbuh Tanaman,032024548,2024-08-09,2029-08-09
2182,"2,4-D 2-ETHYLHEXYL ESTER 97 TC",INTI EVERSPRING INDONESIA,Herbisida,042020879,2025-11-13,2030-11-13
2183,RYNOD 75 WP,KUNIMA JAYA SELARAS,Fungisida,01020120124515,2023-04-26,2028-04-26
2184,Cypermethrin 94% TC,SOLUSI TANI INDONESIA,Insektisida,0420231126,2023-04-26,2028-04-26
2185,Glyphosate 95 TC,TIGA MUARA EMAS MAKMUR,Herbisida,042021955,2025-11-13,2030-11-13
2186,U-Huee 18 EC,CV. SAKASAKI INDONESIA,Insektisida,01010120269684,2026-07-16,2031-07-16
2187,BORIS 240 SL,FORAGRO MITRA SEJATI,Herbisida,01030120196249,2024-03-05,2029-03-05
2188,REMIFA 25 SP,PETROKIMIA KAYAKU,Insektisida,01010120206970,2025-07-11,2030-07-11
2189,SABIT 500 SC,TANAMAN MAKMUR MANDIRI,Herbisida,01030120269648,2026-07-16,2031-07-16
2190,CANON-PLUS 5 SG,UPL INDONESIA,Insektisida,05010120196423,2024-08-09,2029-08-09
2191,AVICE 50/200 EC,ADVANSIA INDOTANI,Herbisida,01030120206810,2025-09-26,2030-09-26
2192,SEMPROT RATA 250 SL,SINAR GENERAL INDUSTRIES,Herbisida,01030120238060,2024-03-04,2029-03-04
2193,SUMIMAX 50 WP,NUFARM INDONESIA,Herbisida,01010120175802,2022-10-04,2027-10-04
2194,TOKINDO 180/120 SC,INDOIN BUSINESS GROUP,Insektisida,01010120227713,2023-02-08,2028-02-08
2195,STARTONIC 40 SL,DELTA CHEMICA,Zat Pengatur Tumbuh Tanaman,01040120206864,2025-11-13,2030-11-13
2196,GESIT 300/100 SL,SARI KRESNA KIMIA,Herbisida,01030120269377,2026-04-20,2031-04-20
2197,Ethion 95 TC,DALZON CHEMICALS INDONESIA,Insektisida,0420241307,2024-09-19,2029-09-19
2198,E-TOZEB BLUE 80 WP,ETONG CHEMICAL INDONESIA,Fungisida,01020120227301,2022-06-27,2027-06-27
2199,VALIANT 50 EC,CATUR AGRODAYA MANDIRI,Insektisida,01010120042161,2024-08-09,2029-08-09
2200,TUR MADON 278 SL,MUTIARA AGRO SEJATI,Herbisida,01030120248336,2024-08-09,2029-08-09
2201,TUMPAS 300 SC,JIRONA AGRITAMA,Insektisida,01010120134831,2024-08-09,2029-08-09
2202,MAZAL 500 EC,DELTAGRO MULIA SEJATI,Fungisida,01020120227435,2022-10-04,2027-10-04
2203,RIOSOL 250 EC,MAXXI AGRI INDONESIA,Fungisida,01020120072975,2023-04-26,2028-04-26
2204,PARAZONE 276 SL,AGRO TERRUM INDONESIA,Herbisida,01030120248669,2025-02-17,2030-02-17
2205,VAPE MAGIC 0.5 FU,FUMAKILLA INDONESIA,Insektisida,06080120165470,2021-10-12,2026-10-12
2206,SANTAMIN 865 SL,SANTANI AGRO PERKASA,Herbisida,01030120052269,2025-11-13,2030-11-13
2207,LULANG PLUS 120/480 SL,ORCHID GLOBAL MAKMUR,Herbisida,01030120269593,2026-07-16,2031-07-16
2208,MANTAP-KUAT 135 SL*,CENTA BRASINDO ABADI CHEMICAL INDUSTRY,Herbisida,01030120259238,2026-01-20,2031-01-20
2209,JUTEK 10 PA,MAJU MAKMUR UTOMO,Zat Pengatur Tumbuh Tanaman,01040120196559,2024-11-18,2029-11-18
2210,RONINDO 500 SC,INTI EVERSPRING INDONESIA,Herbisida,01030120001562,2025-11-13,2030-11-13
2211,RETRO 8/64 WP,DALZON CHEMICALS INDONESIA,Fungisida,01020120083220,2024-03-04,2029-03-04
2212,ACTICIDE IPS 30,JAYA WARINDO ABADI,Fungisida,042020847,2026-01-20,2031-01-20
2213,VAYEGO QUANTUM 120 / 360 SC,BAYER INDONESIA,Insektisida,01010120237833,2023-04-26,2028-04-26
2214,VAYEGO DUO 120/240 SC,BAYER INDONESIA,Insektisida,01010120238213,2024-03-05,2029-03-05
2215,KENTARA 200 EC,KENSO INDONESIA,Insektisida,01010120134763,2024-08-09,2029-08-09
2216,PRETILACHLOR 96 TC,EASTCHEM AGROSCIENCE INDONESIA,Herbisida,0420241288,2024-08-09,2029-08-09
2217,PRIMA-VALUE 400 SC,PRIMA KARYA BERJAYA,Nematisida,01130120269628,2026-07-16,2031-07-16
2218,P-GLUFOSINAT 90 TC,TANAMAN MAKMUR MANDIRI,Herbisida,0420221056,2022-10-04,2027-10-04
2219,BENTAN PLUS 80 WP,TRIDA KIMIA SAKTI,Moluskisida,01050120206602,2025-02-17,2030-02-17
2220,GALANGAN 220 SL,MESTIKA NUSANTARA AGROKIMIA,Herbisida,01030120269375,2026-04-20,2031-04-20
2221,XONE+QUAT 138 SL,AGRO JAYA INDUSTRI,Herbisida,01030120238219,2024-03-05,2029-03-05
2222,DELTAMETHRIN 95 TC,RAINBOW AGROSCIENCES,Insektisida,042022002687,2022-06-27,2027-06-27
2223,KLORANTRANILIPROL 98 TC,AGRO JAYA INDONESIA,Insektisida,0420261511,2026-07-16,2031-07-16
2224,HIT 16.18 LV,GODREJ CONSUMER PRODUCTS INDONESIA,Pestisida Rumah Tangga,06080120258946,2025-09-26,2030-09-26
2225,X-TREME 500 EC,GLOBAL AGROTECH,Insektisida,01010120093599,2024-03-05,2029-03-05
2226,MOVENTO ENERGY 120/120 SC,BAYER INDONESIA,Insektisida,01010120113981,2025-11-13,2030-11-13
2227,UNICLOStAR 250 SC,DELTA CHEMICA,Zat Pengatur Tumbuh Tanaman,01040120269686,2026-07-16,2031-07-16
2228,TRIESTER GOLD 670 EC,DELTA GIRI WACANA,Herbisida,01030120175930,2022-12-05,2027-12-05
2229,MOSPILAN 30 EC,MITSUBISHI CORPORATION INDONESIA,Insektisida,01010119961282,2022-06-27,2027-06-27
2230,PROFENOFOS Q 93 TC,SYNGENTA INDONESIA,Insektisida,042006187,2025-11-13,2030-11-13
2231,AMCO UP 486 SL,ADIL MAKMUR FAJAR,Herbisida,01030120103703,2025-09-26,2030-09-26
2232,CURCI 10 WP,INDAGRO,Fungisida,01020120001547,2025-09-26,2030-09-26
2233,FIELDPHOS 57 TB,AGRIJAYA,Fumigan,05100120238124,2024-03-05,2029-03-05
2234,KILLMATE 50 EC,SINAR GENERAL INDUSTRIES,Pestisida Pengendalian Vektor Penyakit Pada Manusia,06090120114059,2026-07-16,2031-07-16
2235,INTERPHERE VP,PROVIVI PHEROMONES INDONESIA,Atraktan / Feromon,01070120258798,2025-07-11,2030-07-11
2236,CHLOTEFEN PLUS 150/150 SC,RAINBOW AGROSCIENCES,Insektisida,01010120258753,2025-07-11,2030-07-11
2237,"DERASTEX 250 2,5 PA",DERAS KARET PRIMA,Zat Pengatur Tumbuh Tanaman,01040120124353,2022-10-04,2027-10-04
2238,BPMC 96 TC,INTI EVERSPRING INDONESIA,Insektisida,042018512,2024-03-04,2029-03-04
2239,ALDES 50/10 WG,ADVANSIA INDOTANI,Insektisida,01010120217232,2022-01-14,2027-01-14
2240,MAXATE 400 EC,JIVA AGRICULTURE INDONESIA,Insektisida,01010120258833,2025-07-11,2030-07-11
2241,"RACTIKUS 0,005 BB",SANTANI AGRO PERKASA,Rodentisida,01120120144916,2023-08-28,2028-08-28
2242,INDOGRAN 500 EC,SEGORO INTERNASIONAL,Insektisida,05010120186195,2024-03-05,2029-03-05
2243,HIT 0.53 AE,GODREJ CONSUMER PRODUCTS INDONESIA,Pestisida Rumah Tangga,06080120248280,2024-08-09,2029-08-09
2244,PRASSIDA 125 SC,PETROSIDA GRESIK,Herbisida,01030120185990,2023-02-08,2028-02-08
2245,Omacide 30 IPBC Industrial Fungicide,ARXADA CHEMICALS INDONESIA,Fungisida,042018670,2024-11-18,2029-11-18
2246,HIT 22.34 LV,GODREJ CONSUMER PRODUCTS INDONESIA,Pestisida Rumah Tangga,06080120134685,2023-08-28,2028-08-28
2247,MIO 200 EC,ABADI JAYA,Insektisida,01010120072673,2022-10-04,2027-10-04
2248,AMD-6 735 SL,SINAR GENERAL INDUSTRIES,Herbisida,01030120206595,2024-11-18,2029-11-18
2249,ALL BUGS MUST DIE 27 AL,GREEN ORGANIC DAILY,Pestisida Rumah Tangga,06080120248568,2025-02-17,2030-02-17
2250,Qiutane 80 WP,AGROMANNA JAYA LESTARI,Fungisida,01020120134615,2022-12-05,2027-12-05
2251,GLUBEST 200 SL,TIARA BUANA MANDIRI,Herbisida,01030120196437,2024-09-19,2029-09-19
2252,MESTI-LARIS 240 SL,INTI TANI NIAGA,Herbisida,01030120113988,2022-06-27,2027-06-27
2253,INDOSA 210 OD,SANTANI AGRO MANDIRI,Insektisida,01010120175844,2022-10-04,2027-10-04
2254,"DELTAMETHRIN 98,5 TC",DELTA GIRI WACANA,Insektisida,0420241303,2024-09-19,2029-09-19
2255,PYRIDABEN 95 TC,MULTI SARANA INDOTANI,Insektisida,042019773,2023-08-28,2028-08-28
2256,TRIMECAB 120/40 SC,TRIDA KIMIA SAKTI,Insektisida,01010120227716,2023-02-08,2028-02-08
2257,LARES 500/50 SC,INDAGRO,Herbisida,01030120155311,2025-02-17,2030-02-17
2258,SIAP-CC 500/50 EC,SAFEEKO BIO INDONESIA,Insektisida,01010120206858,2026-01-20,2031-01-20
2259,METSUN 60 WG,BIOTEK SARANATAMA,Herbisida,01030120124375,2023-08-28,2028-08-28
2260,SAGRI-BAT 70 WP,SATYA AGRO INDONESIA,Fungisida,01020120134816,2022-12-05,2027-12-05
2261,SIDA UP 490 SL,YASIDA MAKMUR ABADI,Herbisida,01030120042320,2025-09-26,2030-09-26
2262,VAPE 0.693 AE,FUMAKILLA INDONESIA,Pestisida Rumah Tangga,06080120103691,2025-11-13,2030-11-13
2263,IMIDACLOPRID 98 TC,SOLO LOGO INDONESIA,Insektisida,0420261510,2026-07-16,2031-07-16
2264,NAPIRTOP 300/5 EC,AGRO SEJAHTERA INDONESIA,Insektisida,01010120175774,2022-10-04,2027-10-04
2265,K-CLINSO 20/100 OD,HANEARL SCIENCE INDONESIA,Herbisida,01030120237899,2023-08-28,2028-08-28
2266,PLEMAX 240/80 SC,ROYAL AGRO INDONESIA,Insektisida,01010120248313,2024-08-09,2029-08-09
2267,BESUT 480 SL,SARI KRESNA KIMIA,Herbisida,01030120238105,2024-03-05,2029-03-05
2268,MANCOZEB 80 TK,UPL INDONESIA,Fungisida,042007202,2023-04-26,2028-04-26
2269,AVJUNSU 18 EC,ETONG CHEMICAL INDONESIA,Insektisida,01010120196412,2024-09-19,2029-09-19
2270,Gold Medal 50/25 WG,BYTER AGRICULTURE INDONESIA,Fungisida,01020120248630,2025-02-17,2030-02-17
2271,Dharmafur 3 GR,PT. Perusahaan Perdagangan Indonesia (Persero),Insektisida,0101011983640,2022-12-05,2027-12-05
2272,OZZIECIDE 363W,CHEMIFIN JAYA UTAMA,Pestisida lain-lain,0420221080,2022-12-05,2027-12-05
2273,PIAWAI 75 SP,BIOTIS AGRINDO,Insektisida,01010120227686,2023-02-08,2028-02-08
2274,BATMAN 550/100 EC,TIGA MUARA EMAS MAKMUR,Insektisida,01010120237734,2023-04-26,2028-04-26
2275,LUFOTIN 75/75 SC,SINERGI CHEM INDONESIA,Insektisida,01010120259086,2025-11-13,2030-11-13
2276,LAMDA SIHALOTRIN 95 TC,BIOTIS AGRINDO,Insektisida,042019793,2024-09-19,2029-09-19
2277,JAGOAN 550/100 EC,TIGA MUARA EMAS MAKMUR,Insektisida,01010120175742,2022-06-27,2027-06-27
2278,DOUBLEMINE 300/100 SL,FORAGRO MITRA SEJATI,Herbisida,01030120196429,2024-03-05,2029-03-05
2279,DIFENTON 260 EC,AGRO BERJAYA CITRA TANI,Fungisida,01020120259194,2026-01-20,2031-01-20
2280,VAPE 18.15 LV,FUMAKILLA INDONESIA,Pestisida Rumah Tangga,06080120206875,2026-01-20,2031-01-20
2281,TRIKLOPIR BUTOTIL 99 TC,ZHENGBANG CROP PROTECTION INDONESIA,Herbisida,0420221031,2022-06-27,2027-06-27
2282,BELLATOR 100/165 SC,TANAMAN MAKMUR MANDIRI,Insektisida,01010120227283,2022-06-27,2027-06-27
2283,NOTORA 60/6 WG,BIOTIS AGRINDO,Fungisida,01020120217156,2025-11-13,2030-11-13
2284,TIODOR 30 WP,CENTA BRASINDO ABADI CHEMICAL INDUSTRY,Insektisida,01010120175718,2026-07-16,2031-07-16
2285,WINN UP 228 SL,SURYA AGROKEMINDO PERKASA,Herbisida,01030120011617,2026-04-20,2031-04-20
2286,BETADOR 10 WP,CENTA BRASINDO ABADI CHEMICAL INDUSTRY,Insektisida,01010120083018,2023-02-08,2028-02-08
2287,CYPERMETHRIN 92 TC,MSR HIJAU LESTARI,Insektisida,042017422,2022-12-05,2027-12-05
2288,R-JEN 100 SC,DA MING INDONESIA,Insektisida,01010120196536,2024-11-18,2029-11-18
2289,PREVENTOL MP 260,KEMINDO ARTHA JAYA,Bakterisida,0420221038,2022-06-27,2027-06-27
2290,ARCANATE 40/160 SC,PT. AGRORISEN INDOMAKMUR CEMERLANG,Insektisida,01010120237963,2024-03-04,2029-03-04
2291,KINGPHAT 75 SP,SOLO LOGO INDONESIA,Insektisida,01010120248504,2024-11-18,2029-11-18
2292,GASING 135 SL,BIOTIS AGRINDO,Herbisida,01030120227409,2022-10-04,2027-10-04
2293,STATIS 400 SC,Agro Bumi Timur,Herbisida,01030120259131,2025-11-13,2030-11-13
2294,SECLIRA HOME 40 SG,BASF INDONESIA,Insektisida,06080120227460,2026-01-20,2031-01-20
2295,STARFIDOR 5 WP,PETROKIMIA KAYAKU,Insektisida,01010120042150,2024-03-04,2029-03-04
2296,EXCEED 80 WP,BERSAMA SATU TEGUH,Fungisida,01020120227302,2022-06-27,2027-06-27
2297,AMOLIN 150/150 EC,ADVANSIA INDOTANI,Fungisida,01020120114021,2026-07-16,2031-07-16
2298,PHENTHOATE 90 TC,INTI EVERSPRING INDONESIA,Insektisida,042017475,2022-12-05,2027-12-05
2299,DIAZINON 96 TC,INDO-SINO AGROCHEMICAL,Insektisida,0420241274,2024-08-09,2029-08-09
2300,GROWTH 250 SC,MEKAR WARNA SARI,Zat Pengatur Tumbuh Tanaman,01040120206737,2024-11-18,2029-11-18
2301,MARDOCK 400 SL,DELTA GIRI WACANA,Zat Pengatur Tumbuh Tanaman,01040120072793,2025-09-26,2030-09-26
2302,Indar 240 SC,CORTEVA AGRISCIENCE MANUFACTURING INDONESIA,Fungisida,032022519,2022-06-27,2027-06-27
2303,VAPE 36.6 LV,FUMAKILLA INDONESIA,Pestisida Rumah Tangga,06080120206879,2026-01-20,2031-01-20
2304,SNAILTOX 12 GR,SANTANI SEJAHTERA,Moluskisida,01050120185991,2022-12-05,2027-12-05
2305,DIMEFLUTHRIN 5 TC,MSR HIJAU LESTARI,Insektisida,042021943,2021-10-12,2026-10-12
2306,FUMIFUR 99 LG*,NUGROHO PRATAMA CHEMICA ASIA,Fumigan,05100120227521,2022-12-05,2027-12-05
2307,ODEYA 200 SC,BINA GUNA KIMIA,Insektisida,01010120248412,2024-09-19,2029-09-19
2308,NORDOX 86 WG,TRITAMA WIRAKARSA,Fungisida,01020120042112,2025-02-17,2030-02-17
2309,FORAFENOX 100 EC,FORAGRO MITRA SEJATI,Herbisida,01030120258772,2025-07-11,2030-07-11
2310,PREVATHON PRO 200 SC,FMC AGRICULTURAL MANUFACTURING,Insektisida,01010120227693,2023-02-08,2028-02-08
2311,NOMOS 0.041MC,FUMAKILLA NOMOS,Pestisida Rumah Tangga,06080120165523,2021-10-22,2026-10-22
2312,NOMOS 0.041MC,FUMAKILLA NOMOS,Pestisida Rumah Tangga,06080120165523,2021-10-22,2026-10-22
2313,NOMOS 0.041MC,FUMAKILLA NOMOS,Pestisida Rumah Tangga,06080120165523,2021-10-22,2026-10-22
2314,Defuser 20/60 WG,SUNJOY AGRO INDONESIA,Insektisida,01010120237989,2024-03-04,2029-03-04
2315,X-TRA NIL 75 WP,PERSADA AGRO SUKSES,Fungisida,01020120155202,2024-08-09,2029-08-09
2316,BRANTALANG 525 SL,SAMUDRA UTAMA NARAPATI,Herbisida,01030120155339,2024-09-19,2029-09-19
2317,BM GLYMORE 33 SP,BEHN MEYER AGRICARE,Herbisida,01030120175830,2022-06-27,2027-06-27
2318,DINASTROBIN 200/125 SC,MUTIARA AGRO SEJATI,Fungisida,01020120269550,2026-07-16,2031-07-16
2319,BOSMYLL 500/30 EC,DMA,Insektisida,01010120248241,2024-08-09,2029-08-09
2320,OPLOSAN 550/60 EC,MAJU MAKMUR UTOMO,Insektisida,01010120155138,2024-08-09,2029-08-09
2321,SELEKTIF PADI 400/150 SC,SATYA AGRO INDONESIA,Herbisida,01030120186151,2023-04-26,2028-04-26
2322,PREVATHON 50 SC,FMC AGRICULTURAL MANUFACTURING,Insektisida,01010120072884,2022-01-14,2027-01-14
2323,BAWOR 250 SL,AGRO JAYA INDUSTRI,Herbisida,01030120238103,2024-03-05,2029-03-05
2324,CENTRACOL 70 WP,AGROTECH PESTICIDE INDUSTRY,Fungisida,01020120114104,2026-04-20,2031-04-20
2325,HIT 0.405 AE,GODREJ CONSUMER PRODUCTS INDONESIA,Pestisida Rumah Tangga,06080120124469,2022-10-04,2027-10-04
2326,RUSO 485 SL,MULTI SARANA INDOTANI,Herbisida,01030120083224,2022-12-05,2027-12-05
2327,AMONIUM GLUFOSINAT 50 TK,BASF INDONESIA,Herbisida,042017418,2026-04-20,2031-04-20
2328,RATILON 0.5 P,SAFE CHEMICAL INDONESIA,Rodentisida,01120120114159,2026-04-20,2031-04-20
2329,PRIMA-NET 40 WP,PRIMA KARYA BERJAYA,Insektisida,01010120175784,2023-02-08,2028-02-08
2330,PRIMALONE 276 SL*,CENTA BRASINDO ABADI CHEMICAL INDUSTRY,Herbisida,01030120248419,2024-09-19,2029-09-19
2331,CURATERR 3 GR,FAJAR NASIONAL CIPTA,Insektisida,01010120134762,2024-03-04,2029-03-04
2332,Foison-Plus 100 SL,MULTI AGRO JAYA UTAMA,Herbisida,01030120227304,2022-06-27,2027-06-27
2333,FLURAMAX 100 SC,KHARISMA AGRI WIJAYA,Insektisida,01010120269368,2026-04-20,2031-04-20
2334,NOMOS 0.015MC,FUMAKILLA NOMOS,Pestisida Rumah Tangga,06080120072860,2023-08-28,2028-08-28
2335,QUEEN 25 WP,MULTI SARANA INDOTANI,Herbisida,01030119981418,2024-09-19,2029-09-19
2336,BARUCHEM 42% TC,PT.BARU TOTAL SOLUSINDO,Herbisida,0420231221,2024-03-04,2029-03-04
2337,KRESNA UP 520 SL,SARI KRESNA KIMIA,Herbisida,01030120103848,2024-09-19,2029-09-19
2338,VOLNEY 80 WG,MULTI SARANA INDOTANI,Fungisida,01020120093568,2023-08-28,2028-08-28
2339,METHOMYL 90 SP,DELTA GIRI WACANA,Insektisida,032025604,2025-09-26,2030-09-26
2340,TRITHANE 80 WP,AGROKIMINDO KURNIABUANA,Fungisida,01020120011645,2026-07-16,2031-07-16
2341,Proxel BZ,IMCD INDONESIA,Bakterisida,0420221084,2022-12-05,2027-12-05
2342,BAKODA 25 EC,AGRICULTURE CONSTRUCTION,Insektisida,01010120227385,2022-10-04,2027-10-04
2343,ACTICIDE MBS 5050,JAYA WARINDO ABADI,Fungisida,0420251432,2025-11-13,2030-11-13
2344,AKROSTAR 20/20 WP,JJM INDONESIA,Fungisida,01020120186002,2024-03-05,2029-03-05
2345,SUGARINA PLUS 80 WG,RAINBOW AGROSCIENCES,Herbisida,01030120134722,2022-12-05,2027-12-05
2346,CropCoat Pro 742 SC,BIO AGRI LINK,Insektisida,01010120237987,2024-03-04,2029-03-04
2347,"DKBOSTROBIN 32,7 WG",DANKEN INDONESIA,Fungisida,01020120175896,2023-02-08,2028-02-08
2348,AGERA 66/214 SL,AGRO GUNA MAKMUR,Bahan pengawet kayu,04110120258737,2025-07-11,2030-07-11
2349,PARAQUAT DICHLORIDE 42 TC,AGRI KEMIA NATURA,Herbisida,0420231257,2024-03-05,2029-03-05
2350,PULSOR 240 SC,UPL INDONESIA,Fungisida,01020120155385,2025-07-11,2030-07-11
2351,VIDAMEC 20 EC,AGRO MULIA,Insektisida,01010120155283,2025-11-13,2030-11-13
2352,Fipronil 87 TK,BASF INDONESIA,Insektisida,042016401,2021-11-18,2026-11-18
2353,DIAMOND WALET 100 EC,PT. Kiagus Syaiful Anwar,Pestisida Rumah Tangga,06080120227396,2022-10-04,2027-10-04
2354,NARACOL 70 WP,SAMUDRA UTAMA NARAPATI,Fungisida,01020120206951,2026-01-20,2031-01-20
2355,REXATRIN 500 SC,NUSA MANDIRI UTAMA,Herbisida,01030120227354,2022-06-27,2027-06-27
2356,ET-PROMAIZE 30/50/220 OD,ETONG CHEMICAL INDONESIA,Herbisida,01030120206830,2025-11-13,2030-11-13
2357,TILLY 75 WP,MASCO AGRI GENETICS,Fungisida,01020120237944,2023-08-28,2028-08-28
2358,BACTIVEC BJ SL,DAYA MUDA AGUNG,Insektisida,06080120217234,2022-01-14,2027-01-14
2359,FIPRONIL 96 TC,MULTI SARANA INDOTANI,Insektisida,042015352,2023-08-28,2028-08-28
2360,TOSGRAN 400/60 SL,TIGA MUARA EMAS MAKMUR,Herbisida,01030120269489,2026-04-20,2031-04-20
2361,HOLAFOP 100 EC,QILU CROP SCIENCE,Herbisida,01030120258794,2025-07-11,2030-07-11
2362,MATIKABE 180/120 SC,AGRO NATURAL TECHNOLOGY,Insektisida,01010120248658,2025-02-17,2030-02-17
2363,MORTEIN TIGARODA 0.005 MC,RECKITT BENCKISER INDONESIA,Pestisida Rumah Tangga,032013320,2023-04-26,2028-04-26
2364,DANASAT 240 SL,PARAMA AGROINDUSTRI DANAPATI,Herbisida,01030120196382,2024-03-05,2029-03-05
2365,TAMILTO 25 WP,TUNASHARAPAN MURNI,Insektisida,01010120093378,2024-03-05,2029-03-05
2366,SAFE GOLD 63/12 WP,EXCEL MEG INDO,Fungisida,01020120217263,2026-07-16,2031-07-16
2367,ALNOX 300/20 EC,ADVANSIA INDOTANI,Herbisida,01030120217015,2026-01-20,2031-01-20
2368,GLYPHOSATE 95 TC,TRIBINA TANIKARYA,Herbisida,042021957,2026-04-20,2031-04-20
2369,BENABEL PLUS 120/35 SC,RAINBOW AGROSCIENCES,Insektisida,01010120258745,2025-07-11,2030-07-11
2370,HALOP 110 EC,SARI KRESNA KIMIA,Herbisida,01030120259211,2026-01-20,2031-01-20
2371,NARAFYR 350 EC,SAMUDRA UTAMA NARAPATI,Insektisida,01010120206758,2025-11-13,2030-11-13
2372,DKSEAPRO 400 EC,DANKEN INDONESIA,Fungisida,01020120259195,2026-01-20,2031-01-20
2373,BO CHET 20 EC,SARI KRESNA KIMIA,Insektisida,01010120103781,2024-11-18,2029-11-18
2374,MAXXTHOR 103.2 SC,ENSYSTEX INTERNATIONAL INDONESIA,Pestisida Pengendalian Vektor Penyakit Pada Manusia,06090120217153,2026-04-20,2031-04-20
2375,HYENA 36 EC,SARAREA PANEN RAYA,Insektisida,01010120186194,2024-03-04,2029-03-04
2376,MEGACYPER 250 EC,MASCO AGRI GENETICS,Insektisida,01010120093351,2024-08-09,2029-08-09
2377,PARAQUAT DICHLORIDE 42 TC,CENTA BRASINDO ABADI CHEMICAL INDUSTRY,Herbisida,0420231194,2023-08-28,2028-08-28
2378,SIKAT KABIR 486 SL,PRIMA AGRO PERKASA,Herbisida,01030120175872,2024-03-05,2029-03-05
2379,GAVIN 35 WP,ARTHA BUANA MANDIRI,Insektisida,01010120185954,2023-04-26,2028-04-26
2380,WAZARY 100 FL,BENTZ JAZ INDONESIA,Bahan pengawet kayu,04110120196486,2025-07-11,2030-07-11
2381,REXRON 80 WP,NUSA MANDIRI UTAMA,Herbisida,01030120134814,2024-03-04,2029-03-04
2382,DEBESTAR 200/260 SC,CV. AGRO MANDIRI SEJAHTERA,Fungisida,01020120196520,2024-11-18,2029-11-18
2383,ROXIDE 500SC,SUMANS MANDIRI SEJAHTERA,Moluskisida,01050120206974,2025-09-26,2030-09-26
2384,Zinc Omadine ZOE T,ARXADA CHEMICALS INDONESIA,Bakterisida,042020834,2025-07-11,2030-07-11
2385,QUICKPRO 135 SL,YANNO AGRO SCIENCE INDONESIA,Herbisida,01030120258856,2025-07-11,2030-07-11
2386,INDODINE 6 GR,TANI ABADI BORNEO,Insektisida,01040120072698,2022-10-04,2027-10-04
2387,DIMEFLUTHRIN 5 TC,MSR HIJAU LESTARI,Insektisida,042021943,2026-07-16,2031-07-16
2388,BINGQUE 50 WP,ETONG CHEMICAL INDONESIA,Herbisida,01030120258747,2025-07-11,2030-07-11
2389,OMNI-COL 70 WP,PRIMA KARYA BERJAYA,Fungisida,01020120248522,2024-11-18,2029-11-18
2390,sortie 30/6 WP,MAJU MAKMUR UTOMO,Fungisida,01020120114089,2026-07-16,2031-07-16
2391,GOLTOP 240 EC,MULTI SARANA INDOTANI,Herbisida,01030120083119,2024-03-04,2029-03-04
2392,FLUROXYLIER 288 EC,MULTI AGRO JAYA UTAMA,Herbisida,01030120238127,2024-03-05,2029-03-05
2393,TOPKUAT 290 SL*,FLORA DAN FAUNA,Herbisida,01030120134638,2023-04-26,2028-04-26
2394,CLETOZONE 240 EC,AGRO TERRUM INDONESIA,Herbisida,01030120248588,2025-02-17,2030-02-17
2395,MAXIMUS 485 SL,PERDANA AGRO MANDIRI,Herbisida,01030120113903,2026-01-20,2031-01-20
2396,CABRIOTOP 5/55 WG,BASF INDONESIA,Fungisida,01020120072853,2026-04-20,2031-04-20
2397,DKMETRIN 80 WG,DANKEN INDONESIA,Herbisida,01030120134859,2024-03-04,2029-03-04
2398,SAXONE 500 SC,GRAHA AGRO,Herbisida,01030120259123,2025-11-13,2030-11-13
2399,STARMEK 18 EC,SAPROTAN UTAMA,Insektisida,01010120031935,2022-10-04,2027-10-04
2400,STARPHON 10 PA,YANNO AGRO SCIENCE INDONESIA,Zat Pengatur Tumbuh Tanaman,01040120269479,2026-04-20,2031-04-20
2401,Innosei ® CPC,TRITUNGGAL ARTHAMAKMUR,Bakterisida,0420221109,2023-02-08,2028-02-08
2402,NICLOSTOP 70 WP,BIOTEK SARANATAMA,Moluskisida,03050120103660,2025-09-26,2030-09-26
2403,"2,4 D 98 TC",TRIBINA TANIKARYA,Herbisida,0420241355,2025-02-17,2030-02-17
2404,"Baygon 3,13 LV",JOHNSON HOME HYGIENE PRODUCTS,Pestisida Rumah Tangga,06080120238104,2024-03-05,2029-03-05
2405,BENSON 10 WP,DALZON CHEMICALS INDONESIA,Herbisida,01030120072849,2022-12-05,2027-12-05
2406,PESNAB GREEN 220 EC,BIO SARANA INDONESIA,Fungisida,01020120259102,2025-11-13,2030-11-13
2407,EXTRATIN 200 EC,AGROTECH PESTICIDE INDUSTRY,Insektisida,01010120072742,2022-06-27,2027-06-27
2408,FOPSHOOT 120/30 OD,SINAMYANG INDONESIA,Herbisida,01030120237753,2023-04-26,2028-04-26
2409,NICLOSID 70 WP,AGRO TERRUM INDONESIA,Moluskisida,01050120248666,2025-02-17,2030-02-17
2410,PRIMA-VIRAL 480 SC,PRIMA KARYA BERJAYA,Herbisida,01030120259107,2025-11-13,2030-11-13
2411,WIPER 50 EC,NUFARM INDONESIA,Insektisida,01010120134886,2022-12-05,2027-12-05
2412,TOPZEB 80 WP,MAKMUR JAYA AGRO,Fungisida,01020120227714,2023-02-08,2028-02-08
2413,PARA SPECIAL 250 SL*,KENSO INDONESIA,Herbisida,01030120083211,2023-04-26,2028-04-26
2414,CEVYA 400 SC,BASF INDONESIA,Fungisida,01020120217125,2026-01-20,2031-01-20
2415,WYNCARON 800 SC,AGRO JAYA INDONESIA,Herbisida,01030120217105,2026-01-20,2031-01-20
2416,PARAQUAT DICHLORIDE 42 TC,SAMUDRA UTAMA NARAPATI,Herbisida,042018659,2024-03-05,2029-03-05
2417,"TRIZIMAN 4,5/67,5/3 WG",CATUR AGRODAYA MANDIRI,Fungisida,01020120217177,2026-04-20,2031-04-20
2418,RUSH UP 240 SL,REJEKI INDO AGROTEC,Herbisida,01030120258867,2025-07-11,2030-07-11
2419,HIT 36 MV,GODREJ CONSUMER PRODUCTS INDONESIA,Pestisida Rumah Tangga,06080120196444,2024-11-18,2029-11-18
2420,NEXTUER 150 SL,INDO-SINO AGROCHEMICAL,Herbisida,01030120238168,2024-03-05,2029-03-05
2421,PREVENTOL D 15,BLUE CUBE INDONESIA,Pestisida lain-lain,0420251442,2025-11-13,2030-11-13
2422,JAYAMIX 30/6 WP,AGRO JAYA INDONESIA,Insektisida,01010120186076,2023-04-26,2028-04-26
2423,TRICLOPYR 95 TC,SOLO LOGO INDONESIA,Herbisida,042017504,2022-10-04,2027-10-04
2424,SYRAM 150 SL,PERSADA AGRO SUKSES,Insektisida,01010120206990,2025-09-26,2030-09-26
2425,VAPE Mosquito Coil Mc MC,FUMAKILLA INDONESIA,Pestisida Rumah Tangga,032006196,2021-11-18,2026-11-18
2426,Amnesti 40 EC,MAJU MAKMUR UTOMO,Insektisida,01010120011620,2022-10-04,2027-10-04
2427,OORJA 500 HN,CATUR AGRODAYA MANDIRI,Zat Pengatur Tumbuh Tanaman,05100120227339,2022-06-27,2027-06-27
2428,CHLORPYRIFOS 97 TC,RAINBOW AGROSCIENCES,Insektisida,042019733,2024-11-18,2029-11-18
2429,TOPZONE 276 SL,INTI EVERSPRING INDONESIA,Herbisida,01030120072992,2022-12-05,2027-12-05
2430,LEX 50 WP,MASCO AGRI GENETICS,Herbisida,01030120269411,2026-04-20,2031-04-20
2431,SKIN VAPE 15 GL,FUMAKILLA INDONESIA,Repelen,06080120206680,2025-09-26,2030-09-26
2432,RIFOSTER 480 EC,AGRO TERRUM INDONESIA,Insektisida,01010120258862,2025-07-11,2030-07-11
2433,SCHNELL 50 WP,DHARMA GUNA WIBAWA,Fungisida,01020120134632,2023-02-08,2028-02-08
2434,MEGATHION 1200 UL,MAJU MAKMUR UTOMO,Pestisida Pengendalian Vektor Penyakit Pada Manusia,08090120103771,2025-07-11,2030-07-11
2435,BLATTANEX 2.15 GEL,DISCOVERY ENVIRONMENTAL SCIENCE INDONESIA,Pestisida Pengendalian Vektor Penyakit Pada Manusia,06090120072646,2026-01-20,2031-01-20
2436,ELANG 480 SL,INTI EVERSPRING INDONESIA,Herbisida,01030119941170,2026-01-20,2031-01-20
2437,ROUNDUP PERENNIAL 4/486 SC,BAYER INDONESIA,Herbisida,01030120259279,2026-01-20,2031-01-20
2438,MAHAKAM BESTANI 208 SL,TIGA MUARA EMAS MAKMUR,Herbisida,01030120238019,2024-03-04,2029-03-04
2439,Chlorimuron ethyl 95 TC,RAINBOW AGROSCIENCES,Herbisida,0420241301,2024-09-19,2029-09-19
2440,ANTILA 80 WP,SARI KRESNA KIMIA,Fungisida,01020120031738,2025-09-26,2030-09-26
2441,FENDONA 250 SC,BASF INDONESIA,Insektisida,032022538,2023-02-08,2028-02-08
2442,PROFORMIN 865 SL,INDO-SINO AGROCHEMICAL,Herbisida,01030120124502,2023-08-28,2028-08-28
2443,LatoLato 40 SP,GLOBAL AGROTAMA INDONESIA,Insektisida,01010120258823,2025-07-11,2030-07-11
2444,K-OTHRINE 25 EC,DISCOVERY ENVIRONMENTAL SCIENCE INDONESIA,Pestisida Pengendalian Vektor Penyakit Pada Manusia,06090120165514,2026-01-20,2031-01-20
2445,DEMIOS 400 SL,SAMUDRA UTAMA NARAPATI,Insektisida,01010120237991,2024-03-04,2029-03-04
2446,SOUTH 276 SL,SYNAGRO PERKASA,Herbisida,01030120248705,2025-02-17,2030-02-17
2447,TUFOMIN 865 SL,BINANGUN AGRO LESTARI,Herbisida,010301201242681,2022-10-04,2027-10-04
2448,Barrier Gold 6 GR,MAJU MAKMUR UTOMO,Insektisida,01010120124345,2023-02-08,2028-02-08
2449,HERBISAL 480 SL,INDO-SINO AGROCHEMICAL,Herbisida,01030120031891,2024-03-05,2029-03-05
2450,WINDER 100 EC,MULTI SARANA INDOTANI,Insektisida,01010120011591,2025-11-13,2030-11-13
2451,PARADIGM 276 SL,PT. V MAX ASIA TANI,Herbisida,01030120175856,2023-04-26,2028-04-26
2452,"NEW RONDAPLUS 370/5,5 SL",CENTA BRASINDO ABADI CHEMICAL INDUSTRY,Herbisida,01030120093570,2024-03-05,2029-03-05
2453,PILLY 25 WP,CENTA BRASINDO ABADI CHEMICAL INDUSTRY,Herbisida,01030120114146,2026-04-20,2031-04-20
2454,HIT EXPERT 0.12 FU,GODREJ CONSUMER PRODUCTS INDONESIA,Pestisida Rumah Tangga,06080120217054,2026-04-20,2031-04-20
2455,PRIMA UP 480 SL,CENTA BRASINDO ABADI CHEMICAL INDUSTRY,Herbisida,01030120031779,2022-06-27,2027-06-27
2456,INTERFAST 200/100 SC,INTER AGRO INDONESIA,Fungisida,01020120237767,2023-04-26,2028-04-26
2457,WESTIN 300 EC,SANTANI AGRO MANDIRI,Insektisida,01010120196487,2024-03-05,2029-03-05
2458,KIITOS 360 EC,CULTURE AGRITECH INTERZONA,Insektisida,01010120155308,2026-01-20,2031-01-20
2459,MATIS 64/8 WP,MIO LIFE SCIENCES INDONESIA,Fungisida,01020120155371,2026-01-20,2031-01-20
2460,BASTEN 45 WP,SANTANI AGRO PERKASA,Moluskisida,01050120113946,2025-11-13,2030-11-13
2461,"KATHAROS 0,5 RB",PESTINDO SOLUTION,Pestisida Rumah Tangga,06080120269398,2026-04-20,2031-04-20
2462,GLYPHOSATE 95 TC,MULTI SARANA INDOTANI,Herbisida,0420221065,2022-12-05,2027-12-05
2463,KOVINPLUS 80 P,SARI KRESNA KIMIA,Rodentisida,01120120042094,2024-03-05,2029-03-05
2464,SAGRI-CLEAN 150/350 SC,SATYA AGRO INDONESIA,Insektisida,01010120248325,2024-08-09,2029-08-09
2465,FITAGILL 1.55/3.10 SL,NUFARM INDONESIA,Zat Pengatur Tumbuh Tanaman,01040120248375,2024-09-19,2029-09-19
2466,QUARTA 137 SL,SAPROTAN UTAMA NUSANTARA,Herbisida,01030120269453,2026-04-20,2031-04-20
2467,PUMAXONE 77 SL,CENTA BRASINDO ABADI CHEMICAL INDUSTRY,Herbisida,01030120259268,2026-01-20,2031-01-20
2468,FENITE 150 OD,PETROKIMIA KAYAKU,Insektisida,01010120186181,2023-08-28,2028-08-28
2469,CARBOFURAN 98 TC,CENTA BRASINDO ABADI CHEMICAL INDUSTRY,Insektisida,042018513,2023-02-08,2028-02-08
2470,IPA GLIFOSAT 62 TK,PETROSIDA GRESIK,Herbisida,042001129,2021-11-18,2026-11-18
2471,INTERTOP 55/5 WG,INTER AGRO INDONESIA,Fungisida,01020120248499,2024-11-18,2029-11-18
2472,HEKO 50 SC,SINAMYANG INDONESIA,Fungisida,01020120165445,2025-09-26,2030-09-26
2473,BIMANIL 25 WP,AGRORISEN INDOMAKMUR CEMERLANG,Fungisida,01010120258908,2025-09-26,2030-09-26
2474,DKFenrat 200 EC,DANKEN INDONESIA,Insektisida,01010120155346,2022-01-19,2027-01-19
2475,DUIT 18 EC,SINAR GENERAL INDUSTRIES,Insektisida,01010120114126,2022-01-14,2027-01-14
2476,ROKANTHION 1200 UL,KATAYA ABADI,Pestisida Pengendalian Vektor Penyakit Pada Manusia,06090120093366,2024-08-09,2029-08-09
2477,ASTERPOIN 75 WP,AGRO SEJAHTERA INDONESIA,Fungisida,01020120206893,2025-02-17,2030-02-17
2478,RABAN 80 WP,RABANA AGRO RESOURCES,Fungisida,01020120093481,2024-03-05,2029-03-05
2479,INSTA JUMBO 300 SL,MAXXI AGRI INDONESIA,Herbisida,01030120269387,2026-04-20,2031-04-20
2480,REGANTE 50 SC,AGRIVA CROPSCIENCE INDONESIA,Insektisida,01010120269641,2026-07-16,2031-07-16
2481,OXYRAN 530 EC,SARI KRESNA KIMIA,Herbisida,01030120258846,2025-07-11,2030-07-11
2482,V-BOSMART 40 SP,VISION CROP PROTECTION,Pestisida Rumah Tangga,06080120248725,2025-02-17,2030-02-17
2483,Omacide IPBC 30 DPG,IMCD INDONESIA,Fungisida,0420231239,2024-03-04,2029-03-04
2484,PILARQUAT 135/2 SL*,CENTA BRASINDO ABADI CHEMICAL INDUSTRY,Herbisida,01030120093477,2023-08-28,2028-08-28
2485,REDPIK 240 SL,MAXXI AGRI INDONESIA,Herbisida,01030120258857,2025-07-11,2030-07-11
2486,BENTOP 276 SL,DA MING INDONESIA,Herbisida,01030120072714,2023-04-26,2028-04-26
2487,SANVIN 88 SP,SANTANI AGRO PERKASA,Insektisida,01010120134818,2023-04-26,2028-04-26
2488,TURMADAN 328 SL,TIGA MUARA EMAS MAKMUR,Herbisida,01030120185996,2023-04-26,2028-04-26
2489,ENDENSOR 50 SC,DELTA GIRI WACANA,Fungisida,01020120269561,2026-07-16,2031-07-16
2490,BENZA 480 SL,UPL INDONESIA,Herbisida,01030120175827,2023-02-08,2028-02-08
2491,PARAQUAT 42 TC,MAHKOTA AGRO INDUSTRI,Herbisida,042018657,2024-03-05,2029-03-05
2492,PRIMADINE 450 SL,AGROTECH PESTICIDE INDUSTRY,Insektisida,01010120072705,2022-06-27,2027-06-27
2493,RUTTER PRO 50/100 ME,KINGAGROOT BIOTECHNOLOGY INDONESIA,Herbisida,01030120259118,2025-11-13,2030-11-13
2494,"PHEFOC 0,03 SL",H.C.S. POWERINDO,Insektisida,01010120248672,2025-02-17,2030-02-17
2495,CILLIAN 475 SL,RAINBOW AGROSCIENCES,Herbisida,01030120269539,2026-07-16,2031-07-16
2496,SUNATRA 500 SC,PETROKIMIA KAYAKU,Herbisida,01030120062476,2025-09-26,2030-09-26
2497,DEKTIN 30 WG,HARINA CHEMICALS INDUSTRI,Insektisida,01010120186021,2023-02-08,2028-02-08
2498,LONG-LASTING 50 WP,CHINA JIANGSU INTERNATIONAL INDONESIA,Herbisida,01030120259085,2025-11-13,2030-11-13
2499,BESVIDAN PLUS 550/60 EC,TIARA BUANA MANDIRI,Insektisida,01010120175671,2022-01-14,2027-01-14
2500,COPPERSONG 77 WG,SUNJOY AGRO INDONESIA,Bakterisida,01060120269542,2026-07-16,2031-07-16
2501,RONNO 100 EC,DALZON CHEMICALS INDONESIA,Insektisida,01010120186075,2023-04-26,2028-04-26
2502,BOLMORE 50 WG,DALZON CHEMICALS INDONESIA,Fungisida,01020120206903,2026-01-20,2031-01-20
2503,KENCEPAT 75 SP,KENSO INDONESIA,Insektisida,01010120103756,2025-09-26,2030-09-26
2504,SAMBIFEN 25 EC,ASIA GALA KIMIA,Insektisida,01010120227702,2023-02-08,2028-02-08
2505,RICELOONG GOLD 120 OD,KINGAGROOT BIOTECHNOLOGY INDONESIA,Herbisida,01030120269462,2026-04-20,2031-04-20
2506,Proxel MV1.5,ARXADA CHEMICALS INDONESIA,Pestisida lain-lain,0420251408,2025-09-26,2030-09-26
2507,RHANUM 50 WG,INDAGRO,Insektisida,01010120217261,2026-07-16,2031-07-16
2508,"NEBIJIN 0,3 DP",AGRICULTURE CONSTRUCTION,Fungisida,01020120083279,2023-02-08,2028-02-08
2509,EXPOSE 55 SC,KRISTALINDO KARUNIA INTERNASIONAL,Bahan pengawet kayu,04110120196262,2024-03-04,2029-03-04
2510,FORSA 550/60 EC,SARI KRESNA KIMIA,Insektisida,01010120217048,2025-11-13,2030-11-13
2511,ZEBAPRIM 63/12 WP,DALZON CHEMICALS INDONESIA,Fungisida,01020120206842,2026-01-20,2031-01-20
2512,ECOGARD 25 EC,PT. PUTRA SWADAYA PERKASA,Bahan pengawet kayu,04110120237747,2023-04-26,2028-04-26
2513,BIOLIA 400/125 SE,BIOTIS AGRINDO,Fungisida,01020120237736,2023-04-26,2028-04-26
2514,MILOR 64/8 WP,ALBAUGH AGRO INDONESIA,Fungisida,01020120144997,2024-09-19,2029-09-19
2515,PROPESOR 250 EC,Agro Bumi Timur,Fungisida,01020120237799,2023-04-26,2028-04-26
2516,FLAVA 10 WP,AGRO GUNA MAKMUR,Herbisida,01030120062409,2021-10-12,2026-10-12
2517,FENOXAPROP-P-ETHYL 95 TC,MULTI SARANA INDOTANI,Herbisida,042021947,2025-11-13,2030-11-13
2518,ALTOSID 1.3 GR,NOVINDO AGRITECH HUTAMA,Pestisida Pengendalian Vektor Penyakit Pada Manusia,06090120041014,2024-09-19,2029-09-19
2519,ANTONG 75 SP,AGRO SEJAHTERA INDONESIA,Insektisida,01010120134748,2023-04-26,2028-04-26
2520,VALANCE 288 EC,FOCUSINDO ASIA PACIFIC,Herbisida,01030120124533,2022-06-27,2027-06-27
2521,GALAMIN 865 SL,ASIA GALA KIMIA,Herbisida,01030120021687,2022-10-04,2027-10-04
2522,BIESSA 50 EC,Agro Bumi Timur,Insektisida,01010120093572,2025-07-11,2030-07-11
2523,PROPINEB 85 TC,SOLO LOGO INDONESIA,Fungisida,0420241290,2024-08-09,2029-08-09
2524,TOXAFINE 400 EC,ALISHAN NUSA INDAH,Insektisida,01010120083236,2022-12-05,2027-12-05
2525,ROSHO 28 WP,INDO-SINO AGROCHEMICAL,Herbisida,01030120185982,2023-02-08,2028-02-08
2526,HIT EXPERT 0.28 AE,GODREJ CONSUMER PRODUCTS INDONESIA,Pestisida Rumah Tangga,06080120206741,2025-09-26,2030-09-26
2527,BATIK 536 EC,TIGA MUARA EMAS MAKMUR,Insektisida,01010120186100,2023-08-28,2028-08-28
2528,RAGASA 500 EC,MULTI SARANA INDOTANI,Insektisida,01010120186147,2023-04-26,2028-04-26
2529,BARNCANE 73.15/1.85 WG,RAINBOW AGROSCIENCES,Herbisida,01030120155127,2025-02-17,2030-02-17
2530,CROSSDUO 10/40 WG,Agro Bumi Timur,Insektisida,01010120248594,2025-02-17,2030-02-17
2531,K-CYMONEX 500/50 EC,HANEARL SCIENCE INDONESIA,Insektisida,01010120258804,2025-07-11,2030-07-11
2532,"BROTIK 0,005 RB",GRAHA AGRO,Rodentisida,01120120124212,2022-06-27,2027-06-27
2533,CAZIA 80 WP,AGRO SENTOSA RAYA,Fungisida,01020120248463,2024-11-18,2029-11-18
2534,YANKEE 80/640 SC,UPL INDONESIA,Fungisida,01020120259016,2025-09-26,2030-09-26
2535,CYMOXIL 50 WP,SARI KRESNA KIMIA,Fungisida,01020120103826,2024-11-18,2029-11-18
2536,LATEPON 480 SL,AGRO SENTOSA RAYA,Zat Pengatur Tumbuh Tanaman,01040120269410,2026-04-20,2031-04-20
2537,FAIRMONT 200 SL,SANTANI AGRO MANDIRI,Herbisida,01030120269361,2026-04-20,2031-04-20
2538,RAZOQUIN 3/47 WP,ETONG CHEMICAL INDONESIA,Herbisida,01030120269640,2026-07-16,2031-07-16
2539,TRISAGRA 50 EC,TRIDA KIMIA SAKTI,Insektisida,01010120238071,2024-03-04,2029-03-04
2540,BEHNQUAT 276 SL,BEHN MEYER AGRICARE,Herbisida,01030120072713,2022-10-04,2027-10-04
2541,CHLORANTRANILIPROLE 95.3 TC,DALZON CHEMICALS INDONESIA,Insektisida,0420251377,2025-07-11,2030-07-11
2542,BIRENSA 250 SL,ZENITH CROPSCIENCES INDONESIA,Herbisida,01030120206901,2025-11-13,2030-11-13
2543,CYPERMETHRIN 92 TC,GELPI KURNIALESTARI,Insektisida,042001137,2025-02-17,2030-02-17
2544,MORTAN 250/50 SC,ZENITH CROPSCIENCES INDONESIA,Pestisida Pengendalian Vektor Penyakit Pada Manusia,06090120206644,2025-02-17,2030-02-17
2545,UNISHIELD 250 EC,UPL INDONESIA,Moluskisida,01050120114093,2025-11-13,2030-11-13
2546,ACARAMIK 18 EC,ALBAUGH AGRO INDONESIA,Insektisida,01010120144924,2024-08-09,2029-08-09
2547,EDO 25 WG,DELTAGRO MULIA SEJATI,Insektisida,01010120175686,2021-11-18,2026-11-18
2548,RASENGAN 490 SL,FORAGRO MITRA SEJATI,Herbisida,01030120134811,2023-04-26,2028-04-26
2549,SULTRICOB 93 WP,PETROKIMIA KAYAKU,Fungisida,01020119991486,2023-04-26,2028-04-26
2550,CARBOSAN 5 GR,TRIBINA TANIKARYA,Insektisida,01010120165552,2026-01-20,2031-01-20
2551,VICIOUS 500 EC,PUSRI AGRO LESTARI,Insektisida,01010120134837,2024-09-19,2029-09-19
2552,OXINE-COPPER 98.5 TC,KHARISMA AGRI WIJAYA,Fungisida,0420251420,2025-11-13,2030-11-13
2553,PARAKUAT 42 TC,CENTA BRASINDO ABADI CHEMICAL INDUSTRY,Herbisida,042010275,2025-09-26,2030-09-26
2554,TRISAS 325 EC,SATYA ALAM SEMESTA,Insektisida,01010120237826,2023-04-26,2028-04-26
2555,JOBU UP 200 SL,CENTA BRASINDO ABADI CHEMICAL INDUSTRY,Herbisida,01030120269395,2026-04-20,2031-04-20
2556,XAMZEB 4/64 WG,ETONG CHEMICAL INDONESIA,Fungisida,01020120206797,2025-11-13,2030-11-13
2557,TWINKLE 80 ME,ZHENGBANG CROP PROTECTION INDONESIA,Insektisida,01010120217270,2022-01-14,2027-01-14
2558,ENDURE 120 SC,CORTEVA AGRISCIENCE MANUFACTURING INDONESIA,Insektisida,032007210,2022-01-14,2027-01-14
2559,ORIXONE 138 SL*,MAXXI AGRI INDONESIA,Herbisida,01030120237916,2023-08-28,2028-08-28
2560,COSTAR HP,ROLIMEX KIMIA NUSAMAS,Insektisida,0101011977298,2022-10-04,2027-10-04
2561,MORTIR 480 SL,INDAGRO,Herbisida,01030120052293,2024-09-19,2029-09-19
2562,DARTOS 10/250 ME,KINGAGROOT BIOTECHNOLOGY INDONESIA,Herbisida,01030120259048,2025-11-13,2030-11-13
2563,OXAMYL 240 SL,INDO-SINO AGROCHEMICAL,Insektisida,032026657,2026-07-16,2031-07-16
2564,ABA-M 18 EC,AGROKIMINDO KURNIABUANA,Insektisida,01010120031866,2023-02-08,2028-02-08
2565,FORASINAT 150 SL,FORAGRO MITRA SEJATI,Herbisida,01030120248263,2024-08-09,2029-08-09
2566,OXINE 10 SL,AGROSID MANUNGGAL SENTOSA,Fungisida,01020120217215,2021-11-18,2026-11-18
2567,SINGAMAN 110 SL,BERBAK AGRO SEJATI,Insektisida,01010120196572,2024-11-18,2029-11-18
2568,VENOMEX 18 EC,BINGEI AGUNG,Insektisida,01010120206881,2025-11-13,2030-11-13
2569,CURZATE 8/64 WP,CORTEVA AGRISCIENCE INDONESIA,Fungisida,032013334,2023-08-28,2028-08-28
2570,AGRISAL WP,GREENLIFE BIOSCIENCE,Insektisida,01010120031864,2024-09-19,2029-09-19
2571,HIT 0.64 MC,GODREJ CONSUMER PRODUCTS INDONESIA,Pestisida Rumah Tangga,06080120259073,2025-11-13,2030-11-13
2572,HOKITAN 500 SL,AGRO MULIA,Insektisida,01010120124470,2024-03-05,2029-03-05
2573,ATONIK 6 L,OAT MITOKU AGRIO,Zat Pengatur Tumbuh Tanaman,01040120114108,2021-11-18,2026-11-18
2574,GG 8.5 SL,MAJU MAKMUR UTOMO,Zat Pengatur Tumbuh Tanaman,01040120206626,2025-07-11,2030-07-11
2575,FEPROXYDIM 90 TC,BRILLIANCE AGROSCIENCES INDONESIA,Herbisida,0420261505,2026-07-16,2031-07-16
2576,ABRE 80 WP,AGRICULTURE CONSTRUCTION,Herbisida,01030120206706,2025-02-17,2030-02-17
2577,E-THOXAM 25 WP,ETONG CHEMICAL INDONESIA,Insektisida,01010120259198,2026-01-20,2031-01-20
2578,DKMESONIN 500/50 SC,DANKEN INDONESIA,Herbisida,01030120144979,2024-11-18,2029-11-18
2579,FIVE UP 550 SL,CENTA BRASINDO ABADI CHEMICAL INDUSTRY,Herbisida,01030120269364,2026-04-20,2031-04-20
2580,WELSA 480 EC,YANNO AGRO SCIENCE INDONESIA,Herbisida,01030120103694,2025-07-11,2030-07-11
2581,GLIFOSAT 95 TC,INTI EVERSPRING INDONESIA,Herbisida,042008230,2023-08-28,2028-08-28
2582,TARANG 280 SL,UPL INDONESIA,Herbisida,01030120258882,2025-07-11,2030-07-11
2583,CARBOFURAN 3 GR,INDO-SINO AGROCHEMICAL,Insektisida,032025625,2026-01-20,2031-01-20
2584,VAPE 6.1 MV,FUMAKILLA INDONESIA,Pestisida Rumah Tangga,06080120134647,2023-02-08,2028-02-08
2585,ESTAF 25 EC,AGROKIMINDO KURNIABUANA,Insektisida,01010119981409,2024-08-09,2029-08-09
2586,PYRIBENZOXIM 96 TC,SOLO LOGO INDONESIA,Herbisida,0420251464,2026-01-20,2031-01-20
2587,CAMACRON 500 EC,CATUR AGRODAYA MANDIRI,Insektisida,01010120083176,2024-03-04,2029-03-04
2588,VAPE 0.1 MC,FUMAKILLA INDONESIA,Pestisida Rumah Tangga,06080120185997,2023-02-08,2028-02-08
2589,MADI 250 SC,DELTAGRO MULIA SEJATI,Fungisida,01020120186157,2023-02-08,2028-02-08
2590,GLYPHOSATE 95 TC,CHINA JIANGSU INTERNATIONAL INDONESIA,Herbisida,0420241310,2024-09-19,2029-09-19
2591,SHENZI 35 WG,FMC AGRICULTURAL MANUFACTURING,Insektisida,01010120103605,2024-03-05,2029-03-05
2592,LANDOH 400 EC,AGRO JAYA INDUSTRI,Insektisida,01010120248401,2024-09-19,2029-09-19
2593,EMAZEB 80 WP,KUNIMA JAYA SELARAS,Fungisida,01020120114081,2026-01-20,2031-01-20
2594,X-COL 75 WP,PERSADA AGRO SUKSES,Fungisida,01020120145119,2024-03-05,2029-03-05
2595,DROPPING 120/1 SL,CENTA BRASINDO ABADI CHEMICAL INDUSTRY,Herbisida,01030120103732,2024-11-18,2029-11-18
2596,AMONIUM GLUFOSINAT 95 TC,MULTI AGRO JAYA UTAMA,Herbisida,042021996,2022-01-22,2027-01-22
2597,OJO 20 SG,EXCEL MEG INDO,Insektisida,01010120206762,2025-02-17,2030-02-17
2598,VIARON 80 WP,SARI KRESNA KIMIA,Herbisida,01030120042164,2024-08-09,2029-08-09
2599,CYPERSECT 50 EC,UPL INDONESIA,Insektisida,05010120206720,2024-11-18,2029-11-18
2600,FORASTROBIN 250 EC,FORAGRO MITRA SEJATI,Fungisida,01020120248380,2024-09-19,2029-09-19
2601,VAPE 27 VP,FUMAKILLA INDONESIA,Pestisida Rumah Tangga,06080120237829,2023-04-26,2028-04-26
2602,BIONEMATO WP,PRIMA AGRO TECH,Nematisida,01130120259178,2026-01-20,2031-01-20
2603,MATRIX 200 EC,MULTI SARANA INDOTANI,Insektisida,01010120062361,2024-03-04,2029-03-04
2604,ISOPROTHIOLANE 95 TC,EASTCHEM AGROSCIENCE INDONESIA,Fungisida,0420241313,2024-09-19,2029-09-19
2605,TOPNATE 25/18 WP,SARI KRESNA KIMIA,Herbisida,01030120237948,2023-08-28,2028-08-28
2606,HOSTADION 400 EC,JAWA AGRINDO INTERNASIONAL,Insektisida,01010120259218,2026-01-20,2031-01-20
2607,METHOMYL 215 SL,INTI EVERSPRING INDONESIA,Insektisida,032025593,2025-07-11,2030-07-11
2608,BASUNDEP 500 SL,DA MING INDONESIA,Insektisida,01010120237969,2024-03-04,2029-03-04
2609,KEN-UP HITECH 75 SG,KENSO INDONESIA,Herbisida,01030120134590,2023-04-26,2028-04-26
2610,BIOCHLORMETHYL PLUS 500 EC,BIOTEK SARANATAMA,Insektisida,01010120124426,2024-03-04,2029-03-04
2611,BIOFAST SL,PETROKIMIA KAYAKU,Fungisida,01020120259038,2025-11-13,2030-11-13
2612,COPUNCH 200/100 ZC,SUNJOY AGRO INDONESIA,Insektisida,01010120269543,2026-07-16,2031-07-16
2613,ALFAMEX 18 EC,DELTAGRO MULIA SEJATI,Insektisida,01010120093308,2023-02-08,2028-02-08
2614,BASTA 150 SL,BASF INDONESIA,Herbisida,032019465,2024-11-18,2029-11-18
2615,SINOQUALiN 200 SL,AGRO JAYA INDONESIA,Herbisida,01030120259129,2025-11-13,2030-11-13
2616,SODIUM NITROPHENOLATE 98 TC,SOLO LOGO INDONESIA,Zat Pengatur Tumbuh Tanaman,0420241325,2024-09-19,2029-09-19
2617,ABATE 500 EC,BASF INDONESIA,Pestisida Pengendalian Vektor Penyakit Pada Manusia,032024559,2024-11-18,2029-11-18
2618,SEVILA 400/125 SE,SARI KRESNA KIMIA,Fungisida,01020120196389,2024-09-19,2029-09-19
2619,TABAS 400 SC,DELTAGRO MULIA SEJATI,Herbisida,01030120124256,2025-09-26,2030-09-26
2620,BESUN 200 SC,DELTA GIRI WACANA,Bakterisida,01060120217242,2026-07-16,2031-07-16
2621,CULTIVAR 15 WP,AVEL PESTINDO,Zat Pengatur Tumbuh Tanaman,01040120155293,2025-09-26,2030-09-26
2622,BELAWAN 365 EC,TIGA MUARA EMAS MAKMUR,Insektisida,01010120186010,2023-08-28,2028-08-28
2623,TAMPIDOR 200 SL,TUNASHARAPAN MURNI,Insektisida,01010120083231,2024-03-05,2029-03-05
2624,ACROBAT 500 SC,BASF INDONESIA,Fungisida,01020120103697,2025-02-17,2030-02-17
2625,HIT Expert 0.24 AE,GODREJ CONSUMER PRODUCTS INDONESIA,Pestisida Rumah Tangga,06080120206740,2025-09-26,2030-09-26
2626,HIT 6.4 LV,GODREJ CONSUMER PRODUCTS INDONESIA,Pestisida Rumah Tangga,06080120227529,2022-12-05,2027-12-05
2627,PENTA GUN-Z 160 SL,PRIMA KARYA BERJAYA,Herbisida,01030120227444,2022-10-04,2027-10-04
2628,chithan 80 WP,AGROMANNA JAYA LESTARI,Fungisida,01020120186108,2024-03-05,2029-03-05
2629,UMMIX 40/160 SC,BIOTEK SARANA INDUSTRI,Insektisida,01010120217178,2026-01-20,2031-01-20
2630,LEVEL 600 EC,DALZON CHEMICALS INDONESIA,Insektisida,01010120206938,2026-01-20,2031-01-20
2631,Imidacloprid 95 TC,DALZON CHEMICALS INDONESIA,Insektisida,042009253,2023-08-28,2028-08-28
2632,Ronas Kuat 150 SL,BERBAK AGRO SEJATI,Herbisida,01030120259278,2026-01-20,2031-01-20
2633,GOTAZEB 80 WP,AGROSIDA SELARAS BERSAMA,Fungisida,01020120258779,2025-07-11,2030-07-11
2634,Zinc Omadine MP,ARXADA CHEMICALS INDONESIA,Pestisida lain-lain,0420241327,2024-09-19,2029-09-19
2635,TOPNIL 50 SC,SARI KRESNA KIMIA,Insektisida,01010120093567,2024-03-05,2029-03-05
2636,ENFUSE 200 SC,FMC AGRICULTURAL MANUFACTURING,Insektisida,01010120227641,2023-02-08,2028-02-08
2637,ONE PUSH VAPE 5 AE,FUMAKILLA INDONESIA,Pestisida Rumah Tangga,06080120238036,2024-03-04,2029-03-04
2638,ROTOMYL 40 SP,ALBAUGH AGRO INDONESIA,Insektisida,01010120145017,2024-09-19,2029-09-19
2639,GLYPHOGAN 480 SL,ROYAL AGRO INDONESIA,Herbisida,01030120237884,2023-08-28,2028-08-28
2640,PILARFLAM 200 SC,PILARQUIM AGROSCIENCE INDONESIA,Insektisida,01010120269623,2026-07-16,2031-07-16
2641,ATRO 30 EC,DELTAGRO MULIA SEJATI,Insektisida,01010120031739,2026-01-20,2031-01-20
2642,SAKARUM 550 EC,DHARMA GUNA WIBAWA,Insektisida,01010120155183,2025-09-26,2030-09-26
2643,INDO-EAGROWUP 60/30 EC,INDO-SINO AGROCHEMICAL,Herbisida,01030120238139,2024-03-05,2029-03-05
2644,KENSTAR 320 EC,KENSO INDONESIA,Herbisida,01030120155372,2026-01-20,2031-01-20
2645,AVIMAX 20/100 EC,SAPROTAN UTAMA NUSANTARA,Insektisida,01010120196502,2024-11-18,2029-11-18
2646,LITOP 200 SL*,DA MING INDONESIA,Herbisida,01030120206639,2025-02-17,2030-02-17
2647,GLIFOSAT 95 TC,FORAGRO MITRA SEJATI,Herbisida,042020837,2025-07-11,2030-07-11
2648,Soffell 15 LT,HERLINA INDAH,Repelen,06080120259295,2026-01-20,2031-01-20
2649,KRESTAR 300/100 SL,SARI KRESNA KIMIA,Herbisida,01030120113900,2025-11-13,2030-11-13
2650,PRESTICOR 600 SC,FMC AGRICULTURAL MANUFACTURING,Insektisida,01010120227571,2022-12-05,2027-12-05
2651,FASTDONE 20/4/2 OD,INDOIN BUSINESS GROUP,Herbisida,01030120206614,2025-02-17,2030-02-17
2652,AVATAR EVO 30 WG,FMC AGRICULTURAL MANUFACTURING,Insektisida,032020488,2024-11-18,2029-11-18
2653,CROPGIB 38 EC,EXINDO RAHARJA PRATAMA,Zat Pengatur Tumbuh Tanaman,01040120175835,2022-06-27,2027-06-27
2654,DOMINANT 18/32 EC,GRAHA AGRITECH PRIMA,Insektisida,01010120237744,2023-04-26,2028-04-26
2655,PITBULL 160 SL,TIGA MUARA EMAS MAKMUR,Herbisida,01030120186139,2023-04-26,2028-04-26
2656,SPARTAN 400 SL,JAWA AGRINDO INTERNASIONAL,Insektisida,01010120155190,2024-11-18,2029-11-18
2657,SIENA 150 SC,SANTANI AGRO MANDIRI,Herbisida,01030120186221,2024-03-04,2029-03-04
2658,AJI-BASS 200 SL,AGRO JAYA INDUSTRI,Herbisida,01030120248229,2024-08-09,2029-08-09
2659,CLAWIN 60/405 ME,KINGAGROOT BIOTECHNOLOGY INDONESIA,Herbisida,01030120259190,2026-01-20,2031-01-20
2660,ABOZON 250/90 EC,ADVANSIA INDOTANI,Herbisida,01030120227273,2022-06-27,2027-06-27
2661,BENTAZON 96 TC,AGRO JAYA INDONESIA,Herbisida,0420241299,2024-09-19,2029-09-19
2662,PROMOPLUS 495 SL,TIGA MUARA EMAS MAKMUR,Herbisida,01030120227451,2022-10-04,2027-10-04
2663,CONCRETE 50 EC,EUREEKAGREAT NUSANTARA,Zat Pengatur Tumbuh Tanaman,01040120227290,2022-06-27,2027-06-27
2664,"UNIFUM1 99,8 GA*",KRISTALINDO KARUNIA INTERNASIONAL,Fumigan,05100120196316,2024-03-05,2029-03-05
2665,DECIS 25 EC,BAYER INDONESIA,Insektisida,0101011979387,2022-06-27,2027-06-27
2666,PREVENTOL A 6-D,BLUE CUBE INDONESIA,Pestisida lain-lain,0420241346,2024-11-18,2029-11-18
2667,RAVEX 40/160 SE,KINGAGROOT BIOTECHNOLOGY INDONESIA,Insektisida,01010120269457,2026-04-20,2031-04-20
2668,HIT 1.1 AE,GODREJ CONSUMER PRODUCTS INDONESIA,Pestisida Rumah Tangga,06080120196274,2024-09-19,2029-09-19
2669,KUJITU 400/125 EC,INDAGRO,Fungisida,01020120217148,2026-04-20,2031-04-20
2670,FENTOID 70 WP,SURYA AGROKEMINDO PERKASA,Moluskisida,01050120206615,2025-02-17,2030-02-17
2671,DKVALERIA 25 WP,DANKEN INDONESIA,Insektisida,01010120259196,2026-01-20,2031-01-20
2672,SOLUSI 865 SL,BIOTIS AGRINDO,Herbisida,01030120031931,2026-04-20,2031-04-20
2673,DIPLOMAT 250/150 EC,GRAHA AGRITECH PRIMA,Fungisida,01020120269551,2026-07-16,2031-07-16
2674,KONTAN 500 EC,AGROKIMINDO KURNIABUANA,Insektisida,01010120011575,2026-07-16,2031-07-16
2675,HIT EXPERT 0.26 AE (WB),GODREJ CONSUMER PRODUCTS INDONESIA,Pestisida Rumah Tangga,032022517,2022-06-27,2027-06-27
2676,DIROX 80 SP,BIOTEK SARANA INDUSTRI,Insektisida,01010120196522,2025-02-17,2030-02-17
2677,BENDAS 50 WP,TRIDA KIMIA SAKTI,Fungisida,01020120031808,2022-12-05,2027-12-05
2678,ENKASUL 150 SL,NUSAMAS KIMIA PERSADA,Herbisida,01030120175841,2023-02-08,2028-02-08
2679,NARALLY 20 WP,SAMUDRA UTAMA NARAPATI,Herbisida,01030120134799,2023-02-08,2028-02-08
2680,MEDALLY 20 WG,PETROSIDA GRESIK,Herbisida,01030120042289,2026-04-20,2031-04-20
2681,ULTRACLEAR 150 SL,CHINA JIANGSU INTERNATIONAL INDONESIA,Herbisida,01030120269497,2026-04-20,2031-04-20
2682,AMTRAK 80 WP,TRIBINA TANIKARYA,Herbisida,01030120062208,2026-04-20,2031-04-20
2683,PROPOXUR 98 TC,INTI EVERSPRING INDONESIA,Insektisida,04199141,2022-06-27,2027-06-27
2684,PROPOXUR 98 TC,INTI EVERSPRING INDONESIA,Insektisida,04199141,2022-06-27,2027-06-27
2685,AFFENDER 25 EC,MASCO AGRI GENETICS,Insektisida,01010120134652,2023-08-28,2028-08-28
2686,GLYKILL 480 SL,SINAMYANG INDONESIA,Herbisida,01030120145063,2024-09-19,2029-09-19
2687,BM PRONEB 70 WP,BEHN MEYER AGRICARE,Fungisida,01020120031958,2023-04-26,2028-04-26
2688,GOLDEN 200 SL,TIGA MUARA EMAS MAKMUR,Insektisida,01010120196269,2024-03-05,2029-03-05
2689,Amazin Gold 30/120 SC,EASTCHEM AGROSCIENCE INDONESIA,Insektisida,01010120248352,2024-09-19,2029-09-19
2690,LANG-KIL135 SL,AGROMANNA JAYA LESTARI,Herbisida,01030120248507,2024-11-18,2029-11-18
2691,METHOMYL 90 SP,INTI EVERSPRING INDONESIA,Insektisida,032020500,2025-11-13,2030-11-13
2692,DAITONA 400 EC,DELTAGRO MULIA SEJATI,Insektisida,01010120031751,2026-01-20,2031-01-20
2693,DEMOLISH 18 EC,DELTA GIRI WACANA,Insektisida,01010120052259,2024-03-04,2029-03-04
2694,PROKSI 500 EC,PETROKIMIA KAYAKU,Insektisida,01010120093479,2023-04-26,2028-04-26
2695,PAKAR 276 SL,DOUTA UTAMAN INDONESIA,Herbisida,01030120103853,2025-02-17,2030-02-17
2696,AVATAR 400 SC,DELTA GIRI WACANA,Herbisida,01030120144930,2024-03-05,2029-03-05
2697,GLYPHOSATE 95 TC,TRIBINA TANIKARYA,Herbisida,0420241360,2025-02-17,2030-02-17
2698,SOLARITO 30/45 WG,SUNJOY AGRO INDONESIA,Insektisida,01010120269476,2026-04-20,2031-04-20
2699,SANGKELAT 55 EC,AGRO JAYA INDUSTRI,Insektisida,01010120248546,2024-11-18,2029-11-18
2700,OXATOP 380 SC,JAWA AGRINDO INTERNASIONAL,Herbisida,01030120145003,2024-09-19,2029-09-19
2701,INSTOP 311 EC,KIMIKA USAHA PRIMA,Insektisida,01010120083128,2022-06-27,2027-06-27
2702,ZELAN-CP 10/50 OD,BINGEI AGUNG,Herbisida,01030120217228,2021-11-18,2026-11-18
2703,CLARAZEB 60 WP,PETROSIDA GRESIK,Fungisida,01020120175871,2022-10-04,2027-10-04
2704,Force Magic 0.15 AE,HERLINA INDAH,Pestisida Rumah Tangga,06080120237999,2024-03-04,2029-03-04
2705,POSEIDON 50/50 EC,SINAR GENERAL INDUSTRIES,Insektisida,01010120206672,2024-11-18,2029-11-18
2706,MESTAPRO 100 SL,SEMESTA HARAPAN INDONESIA,Herbisida,01030120269604,2026-07-16,2031-07-16
2707,SUPEREL IJO 10 PA,AGRO DYNAMICS INDO,Zat Pengatur Tumbuh Tanaman,01040120259301,2026-01-20,2031-01-20
2708,OPERA 100 EC,AGRO CHEMICA,Insektisida,01010120072783,2022-06-27,2027-06-27
2709,KONTAXONE 310 SL*,SINAR GENERAL INDUSTRIES,Herbisida,030120114319,2022-06-27,2027-06-27
2710,Deltamin 865 SL,GRAHA AGRO,Herbisida,01030120248597,2025-02-17,2030-02-17
2711,DINOLA 50 SG,GONGCHENG BIOTECH INDONESIA,Pestisida Rumah Tangga,06080120269355,2026-04-20,2031-04-20
2712,DEMORF 500 SC,MULTI SARANA INDOTANI,Fungisida,01020120155296,2023-08-28,2028-08-28
2713,"Baygon 0,225 AE WB",JOHNSON HOME HYGIENE PRODUCTS,Pestisida Rumah Tangga,06080120145039,2025-02-17,2030-02-17
2714,Bion M 1/48 WP,SYNGENTA INDONESIA,Fungisida,01020120001499,2025-09-26,2030-09-26
2715,TANIRAM 80 WP,TANI MAS SUBUR,Fungisida,01020120021714,2026-07-16,2031-07-16
2716,RAINCEPAT 97 WG,RAINBOW AGROSCIENCES,Insektisida,01010120186215,2023-08-28,2028-08-28
2717,REXDAN 3 GR,NUSA MANDIRI UTAMA,Insektisida,01010120134708,2024-03-04,2029-03-04
2718,NOMOS ONE PUSH 21.7AE,FUMAKILLA NOMOS,Pestisida Rumah Tangga,06080120113961,2021-11-18,2026-11-18
2719,DIQUAZONE 373 SL,AGRO TERRUM INDONESIA,Herbisida,01030120258923,2025-09-26,2030-09-26
2720,Salfomid 50 WG,WINHONOR CONSULTING INDONESIA,Insektisida,01010120269651,2026-07-16,2031-07-16
2721,TANIQUAT 276 SL*,TANI MAS SUBUR,Herbisida,01030120196576,2025-11-13,2030-11-13
2722,ETHREL 10 PA,BAYER INDONESIA,Zat Pengatur Tumbuh Tanaman,010401197495,2026-01-20,2031-01-20
2723,FESTANS 80 WP,TAPAL KOEDA INDONESIA,Fungisida,01020120062357,2022-01-14,2027-01-14
2724,CYPERMETHRIN 92 TC,TAKBIR SUKMA TRADA INDONESIA,Insektisida,0420231248,2024-03-05,2029-03-05
2725,RAPIDZONE 20 WG,BIOTIS AGRINDO,Herbisida,01030120042129,2024-03-04,2029-03-04
2726,DYNAMITE 510 SL,SARAREA PANEN RAYA,Insektisida,01010120144900,2024-03-05,2029-03-05
2727,MECTIMAX 18 EC,MEKAR WARNA SARI,Insektisida,01010120093548,2024-11-18,2029-11-18
2728,DOWICIL™ QK-20 Antimicrobial,BLUE CUBE INDONESIA,Bakterisida,042018614,2024-03-04,2029-03-04
2729,MAXIMA 4/64 WP,AGRICULTURE CONSTRUCTION,Insektisida,01010120103686,2024-11-18,2029-11-18
2730,KAMUI 106 SC,PETROKIMIA KAYAKU,Insektisida,01010120217059,2025-07-11,2030-07-11
2731,DESKOR 95 WP,DELTAGRO MULIA SEJATI,Zat Pengatur Tumbuh Tanaman,01040120072859,2022-10-04,2027-10-04
2732,"Bigroot Care 3,5 AE Mosquito Repellent",BINTANG KENCANA ANUGRAH,Pestisida Rumah Tangga,06080120248240,2024-08-09,2029-08-09
2733,PRIMAZOL 250 EC,PRIMA KARYA BERJAYA,Fungisida,01020120083071,2023-08-28,2028-08-28
2734,TORERO 80 WP,BIOTIS AGRINDO,Herbisida,01030120083160,2022-10-04,2027-10-04
2735,Windeal Brassin 0.1 SL,MULTI AGRO JAYA UTAMA,Zat Pengatur Tumbuh Tanaman,01040120237954,2023-08-28,2028-08-28
2736,AMCOMETRYN 80 WP,ADIL MAKMUR FAJAR,Herbisida,01030120103704,2026-01-20,2031-01-20
2737,BARLEY 80 SP,TIGA MUARA EMAS MAKMUR,Insektisida,01010120237849,2023-08-28,2028-08-28
2738,ANVIL 50 SC,SYNGENTA INDONESIA,Fungisida,0102011990896,2025-09-26,2030-09-26
2739,CYPERTIN 100/550 EW,PERSADA AGRO SUKSES,Insektisida,01010120206913,2026-01-20,2031-01-20
2740,VAPE 0.5 AL,FUMAKILLA INDONESIA,Pestisida Rumah Tangga,06080120175813,2022-12-05,2027-12-05
2741,LANDTRIN 50 EC,AGROLAND INDO SYNERGY,Insektisida,01010120258822,2025-07-11,2030-07-11
2742,BELIINI 490 SL,BERBAK AGRO SEJATI,Herbisida,01030120248458,2024-11-18,2029-11-18
2743,METARIZEP WP,PRIMA AGRO TECH,Insektisida,01010120175772,2022-10-04,2027-10-04
2744,E-TOMIL 90 SP,ETONG CHEMICAL INDONESIA,Insektisida,032025629,2026-01-20,2031-01-20
2745,LUFU 150 SC,ALBAUGH AGRO INDONESIA,Insektisida,01010120175850,2023-02-08,2028-02-08
2746,POSPIT 80 P,DELTAGRO MULIA SEJATI,Rodentisida,01120120083069,2022-12-05,2027-12-05
2747,JAMATE 480 SL,CATUR MANUNGGAL JAYA ABADI,Herbisida,01030120175759,2023-04-26,2028-04-26
2748,SNATCH 50/10 WG,SURYA AGROKEMINDO PERKASA,Insektisida,01010120227585,2022-12-05,2027-12-05
2749,KENFOSAT 490 SL,KENSO INDONESIA,Herbisida,01030120103757,2025-11-13,2030-11-13
2750,IMIDACLOPRID 97 % TC,AGRO JAYA INDUSTRI,Insektisida,0420231187,2023-08-28,2028-08-28
2751,ELIMIX 180/60 SL,KINGAGROOT BIOTECHNOLOGY INDONESIA,Herbisida,01030120269559,2026-07-16,2031-07-16
2752,GREENACOL 70 WP,INDO-SINO AGROCHEMICAL,Fungisida,01020120124366,2023-04-26,2028-04-26
2753,PROXON 200 SL,SARI KRESNA KIMIA,Herbisida,01030120227577,2022-12-05,2027-12-05
2754,PARATONE 280 SL,AGRI KIMIA NUSANTARA,Herbisida,01030120185973,2022-12-05,2027-12-05
2755,BIOX ABZ,BLUE CUBE INDONESIA,Pestisida lain-lain,0420251433,2025-11-13,2030-11-13
2756,PARAKUAT DIKLORIDA 42 TC,DELTA GIRI WACANA,Herbisida,0420241364,2025-02-17,2030-02-17
2757,SERENDY 18/10 WP,NUFARM INDONESIA,Herbisida,01030120175712,2025-11-13,2030-11-13
2758,ACTICIDE ICB 3,JAYA WARINDO ABADI,Fungisida,0420241367,2025-02-17,2030-02-17
2759,ORTHENE 75 SP,INDAGRO,Insektisida,010101197420,2026-01-20,2031-01-20
2760,FASTRON 200 SL,CENTA BRASINDO ABADI CHEMICAL INDUSTRY,Herbisida,01030120217063,2025-09-26,2030-09-26
2761,RAJA TANI 300 SL,TIGA MUARA EMAS MAKMUR,Herbisida,01030120259272,2026-01-20,2031-01-20
2762,AMIFOS 200 SL,MESTIKA NUSANTARA AGROKIMIA,Herbisida,01030120248353,2024-09-19,2029-09-19
2763,ISADORA 75 SP,SARI KRESNA KIMIA,Insektisida,01010120103751,2024-11-18,2029-11-18
2764,THIOSIDA 6 GR,PETROSIDA GRESIK,Herbisida,01030120093596,2023-08-28,2028-08-28
2765,TINK 70 WG,SUNJOY AGRO INDONESIA,Insektisida,01010120227712,2023-02-08,2028-02-08
2766,WIMORF 500/12 SC,GLOBAL AGROTECH,Fungisida,01020120238079,2024-03-04,2029-03-04
2767,GIBBERSIPP 20 TB,MAJU MAKMUR UTOMO,Zat Pengatur Tumbuh Tanaman,01040120103838,2025-07-11,2030-07-11
2768,KANON 400 EC,PETROKIMIA KAYAKU,Insektisida,01010119981414,2022-10-04,2027-10-04
2769,SKILLS 150 SL,TRIBINA TANIKARYA,Herbisida,01030120186154,2024-03-04,2029-03-04
2770,ET-UPSTAR 480 SL,ETONG CHEMICAL INDONESIA,Herbisida,01030120196529,2024-11-18,2029-11-18
2771,IMIDAKLOPRID 95% TC,GOODFARM CHEMICAL INDONESIA,Insektisida,0420251381,2025-07-11,2030-07-11
2772,PARAQUAT 45 TC,KENSO INDONESIA,Herbisida,042018540,2023-04-26,2028-04-26
2773,YANLY 20 WG,YANNO AGRO SCIENCE INDONESIA,Herbisida,01030120083089,2026-04-20,2031-04-20
2774,MELIA 400/125 SE,MAXXI AGRI INDONESIA,Fungisida,01020120269599,2026-07-16,2031-07-16
2775,STRATAGEM 0.005 BB,BASF INDONESIA,Rodentisida,06120120093593,2024-03-05,2029-03-05
2776,OCTAVE 50 WP,BINA GUNA KIMIA,Fungisida,01020120165525,2026-01-20,2031-01-20
2777,FENTOLIN 200 EC,DA MING INDONESIA,Insektisida,01010120072745,2023-08-28,2028-08-28
2778,NEW BAMBI 2.5 LT,FABINDO SEJAHTERA,Repelen,06080120259250,2026-01-20,2031-01-20
2779,TRF-EPOTRIZOLE 100/300 SC,TRUSTCHEM AGRO INDONESIA,Fungisida,01020120248436,2024-09-19,2029-09-19
2780,FLYTOP 250 OD,PETROKIMIA KAYAKU,Insektisida,01010120196263,2024-03-05,2029-03-05
2781,HIT 0.15 AE,GODREJ CONSUMER PRODUCTS INDONESIA,Pestisida Rumah Tangga,06080120237763,2023-04-26,2028-04-26
2782,BM SUCTHION 400 EC,BEHN MEYER AGRICARE,Insektisida,01010120093524,2024-03-04,2029-03-04
2783,INSTAL 20 WP,DELTA GIRI WACANA,Herbisida,01030120248498,2024-11-18,2029-11-18
2784,WHIMAS 6 GR,WIRAJAYA MITRA SUKSESTAMA,Moluskisida,01050120227603,2022-12-05,2027-12-05
2785,VAPE MULTI INSECT KILLER,FUMAKILLA INDONESIA,Pestisida Rumah Tangga,032018424,2024-03-04,2029-03-04
2786,GLUFOSINATE-AMMONIUM 95 TC,PT. AGRORISEN INDOMAKMUR CEMERLANG,Herbisida,0420221097,2023-02-08,2028-02-08
2787,UNICAL 200/125 SC,INTI EVERSPRING INDONESIA,Fungisida,01020120217181,2026-07-16,2031-07-16
2788,BONUM 610 SC,DELTAGRO MULIA SEJATI,Herbisida,01030120144929,2023-08-28,2028-08-28
2789,LAVORO 400 EC,CULTURE AGRITECH INTERZONA,Insektisida,01010120155239,2026-01-20,2031-01-20
2790,MATTEO 480 SL,INDO HOECHST,Herbisida,01030120052236,2026-01-20,2031-01-20
2791,RAJAPROMOTRIN 300 EC,TIGA MUARA EMAS MAKMUR,Insektisida,01010120145092,2025-02-17,2030-02-17
2792,GREAT 40 SP,CENTA BRASINDO ABADI CHEMICAL INDUSTRY,Insektisida,01010120155357,2025-09-26,2030-09-26
2793,DELLACID 500/25 EC,SINAR GENERAL INDUSTRIES,Insektisida,01010120144975,2024-11-18,2029-11-18
2794,PARAQUAT DICHLORIDE 42 TC,SAMUDRA UTAMA NARAPATI,Herbisida,042020891,2026-01-20,2031-01-20
2795,POLARAM 80 WP,UNI AGRO CHEMICA,Fungisida,01020120031775,2023-04-26,2028-04-26
2796,GOLD UP 480 SL,INTI EVERSPRING INDONESIA,Herbisida,01030120237758,2023-04-26,2028-04-26
2797,PRIMADINE GOLD 10 GR,AGROTECH PESTICIDE INDUSTRY,Insektisida,01010120134843,2023-08-28,2028-08-28
2798,WINDER 25 WP,MULTI SARANA INDOTANI,Insektisida,01010119981452,2023-04-26,2028-04-26
2799,MANCOTHANE 80 WP,TRIBINA TANIKARYA,Fungisida,01020120072878,2022-01-14,2027-01-14
2800,TRI-LONGECTIN 100 CS,TRUSTCHEM AGRO INDONESIA,Insektisida,01010120248437,2024-09-19,2029-09-19
2801,KRESNATOP 500 SC,SARI KRESNA KIMIA,Herbisida,01030120042095,2024-09-19,2029-09-19
2802,KOCIDE 54 WG,KENSO INDONESIA,Fungisida,01020120001561,2025-11-13,2030-11-13
2803,ULTRAGAIN 0.05/499.95 SL,ACE BIOCHEM INDONESIA,Zat Pengatur Tumbuh Tanaman,01040120269685,2026-07-16,2031-07-16
2804,TAVIRA 15/20 WP,SANTANI AGRO MANDIRI,Herbisida,01030120237941,2023-08-28,2028-08-28
2805,Bulfidor 300 SC,RABANA AGRO RESOURCES,Insektisida,01010120124213,2022-10-04,2027-10-04
2806,IMIDACLOPRID 96 TC,SOLO LOGO INDONESIA,Insektisida,0420231255,2024-03-05,2029-03-05
2807,FARM UP 480 SL,RABANA AGRO RESOURCES,Herbisida,01030120103734,2025-07-11,2030-07-11
2808,BIOMAC 10 WP,BIOTEK SARANATAMA,Pestisida Pengendalian Vektor Penyakit Pada Manusia,06090120093323,2024-11-18,2029-11-18
2809,GOLDCREST 240 SL,MAJU MAKMUR UTOMO,Herbisida,01030120103603,2025-11-13,2030-11-13
2810,SAGA 250/250 SC,DELTAGRO MULIA SEJATI,Fungisida,01020120227457,2022-10-04,2027-10-04
2811,SPADA 60 DF,UPL INDONESIA,Herbisida,01030120134821,2024-03-04,2029-03-04
2812,PANZER 290 SL,AGRICULTURE CONSTRUCTION,Insektisida,01010119971343,2023-02-08,2028-02-08
2813,True Power 200 SC,AGRO JAYA INDONESIA,Insektisida,01010120269681,2026-07-16,2031-07-16
2814,SIVANTO PRIME 200 SL,BAYER INDONESIA,Insektisida,01010120186081,2023-04-26,2028-04-26
2815,WINSA 135 SL*,SARI KIMIA UNGGUL,Herbisida,01030120206796,2025-07-11,2030-07-11
2816,DKBINOVA 100 SC,DANKEN INDONESIA,Insektisida,01010120175837,2022-12-05,2027-12-05
2817,ALFASTORE 30 EC,INDAGRO,Insektisida,05010120124201,2026-07-16,2031-07-16
2818,AGITA 1 GB,NOVINDO AGRITECH HUTAMA,Insektisida,02010120206593,2025-02-17,2030-02-17
2819,Amethyst 100 SL,MAJU MAKMUR UTOMO,Herbisida,01030120196496,2024-11-18,2029-11-18
2820,NARAZEB 80 WP,SAMUDRA UTAMA NARAPATI,Fungisida,01020120227680,2023-02-08,2028-02-08
2821,IMIDOR 50 SL,INDAGRO,Insektisida,01010120001542,2025-11-13,2030-11-13
2822,SINABINTOP 250/150 SC,SINAMYANG INDONESIA,Fungisida,01020120145102,2025-07-11,2030-07-11
2823,MOLUSKIL 10 GR,PD. GARUDA,Moluskisida,01050120011627,2026-01-20,2031-01-20
2824,DEBEST 200/20 EC,SARI KRESNA KIMIA,Insektisida,01010120155140,2024-08-09,2029-08-09
2825,Acticide ATA 20,JAYA WARINDO ABADI,Fungisida,0420261489,2026-04-20,2031-04-20
2826,HIT 0.215 AE,GODREJ CONSUMER PRODUCTS INDONESIA,Pestisida Rumah Tangga,06080120248637,2025-02-17,2030-02-17
2827,Ridomil Gold MZ 4/64 WG,SYNGENTA INDONESIA,Fungisida,01020120062365,2024-09-19,2029-09-19
2828,PREVENTOL TM-CE 25,KEMINDO ARTHA JAYA,Insektisida,0420221059,2022-10-04,2027-10-04
2829,AP2 385 FS,NUFARM INDONESIA,Fungisida,01020120175730,2022-10-04,2027-10-04
2830,ENDOKILL 200 SL,KINGAGROOT BIOTECHNOLOGY INDONESIA,Herbisida,01030120269562,2026-07-16,2031-07-16
2831,RAYDENT 200 EC,MULTI SARANA INDOTANI,Insektisida,01010120031942,2022-10-04,2027-10-04
2832,COMPRO 600 EC,BINA GUNA KIMIA,Herbisida,032019458,2024-08-09,2029-08-09
2833,GHOZI 160/20 OD,JUBARO AGRO INDONESIA,Insektisida,01010120227306,2022-06-27,2027-06-27
2834,CHLORPYRIFOS 97 TC,CENTA BRASINDO ABADI CHEMICAL INDUSTRY,Insektisida,042018516,2023-02-08,2028-02-08
2835,CR 20 WP,AGROKIMINDO KURNIABUANA,Fungisida,01020120103668,2024-11-18,2029-11-18
2836,"PLETHORA 45/52,5 SC",ROYAL AGRO INDONESIA,Insektisida,01010120145090,2024-09-19,2029-09-19
2837,LAMZEB 80 WP,PERSADA AGRO SUKSES,Fungisida,01020120238148,2024-03-05,2029-03-05
2838,OSCAR 25 EC,DELTAGRO MULIA SEJATI,Insektisida,01010120031752,2026-01-20,2031-01-20
2839,CUMORA 500 SC,BASF INDONESIA,Fungisida,032022514,2022-06-27,2027-06-27
2840,OWEN 300/100 SL,INDO HOECHST,Herbisida,01030120186059,2024-03-05,2029-03-05
2841,METAPRIMA 20 WG,CENTA BRASINDO ABADI CHEMICAL INDUSTRY,Herbisida,01030120031897,2023-04-26,2028-04-26
2842,OBLIVION 180/120 SC,NUFARM INDONESIA,Insektisida,01010120165631,2021-10-12,2026-10-12
2843,O-TELLA 70 WP,CV. SAKASAKI INDONESIA,Insektisida,01010120196264,2024-09-19,2029-09-19
2844,"INDAMIN PLUS 75/0,7/0,7 WP",INDAGRO,Herbisida,01030120103842,2024-11-18,2029-11-18
2845,CYPERMETHRIN 93 TC,RAINBOW AGROSCIENCES,Insektisida,042019684,2023-04-26,2028-04-26
2846,DINGO 30 EC,GOLDEN FARM INDONESIA,Insektisida,01010120175683,2022-10-04,2027-10-04
2847,TOPSHOT 50/10 OD,CORTEVA AGRISCIENCE MANUFACTURING INDONESIA,Herbisida,01030120114005,2025-09-26,2030-09-26
2848,COLONI 18 EC,FOCUSINDO ASIA PACIFIC,Insektisida,01010120124441,2022-06-27,2027-06-27
2849,KOMBOS 480 SL,TAPAL KOEDA INDONESIA,Herbisida,01030120217253,2026-07-16,2031-07-16
2850,E-TOMIL 45 SP,ETONG CHEMICAL INDONESIA,Insektisida,01010120237751,2023-04-26,2028-04-26
2851,BLADE 100 SC,AGRICULTURE CONSTRUCTION,Herbisida,01030120134827,2023-04-26,2028-04-26
2852,RAINKOPRAL 60 WG,RAINBOW AGROSCIENCES,Fungisida,01020120185977,2023-04-26,2028-04-26
2853,KLORANTRANILIPROL 98 TC,AGRO JAYA INDONESIA,Insektisida,0420241314,2024-09-19,2029-09-19
2854,PARATOP 276 SL*,ADIL MAKMUR FAJAR,Herbisida,01030120052175,2024-08-09,2029-08-09
2855,BUMIDOR 25 EC,BUMI LESTARI KINTAMANI,Insektisida,01010120258748,2025-07-11,2030-07-11
2856,METOMIL 90 SP,MODERN AGRICULTURE INDONESIA,Insektisida,032025633,2026-01-20,2031-01-20
2857,Jedi 9.1 WG,SUNJOY AGRO INDONESIA,Insektisida,01010120238141,2024-03-05,2029-03-05
2858,MAJA-XONE 276 SL,AGRO JAYA INDUSTRI,Herbisida,01030120258828,2025-07-11,2030-07-11
2859,FOMEFOP 120/30 EC,RAINBOW AGROSCIENCES,Herbisida,01030120248260,2024-08-09,2029-08-09
2860,RADFAST 550 EC,INDO-SINO AGROCHEMICAL,Insektisida,01010120134617,2023-08-28,2028-08-28
2861,COSTRA 250 SC,DHARMA GUNA WIBAWA,Zat Pengatur Tumbuh Tanaman,01040120134854,2023-04-26,2028-04-26
2862,VAPE 0.15 MC,FUMAKILLA INDONESIA,Pestisida Rumah Tangga,032024557,2024-09-19,2029-09-19
2863,JORDAN 5 GR,SAPROTAN UTAMA,Insektisida,01010120093453,2023-08-28,2028-08-28
2864,MOON DEER BRAND 0.02 MC,FUMAKILLA INDONESIA,Pestisida Rumah Tangga,06080120155248,2025-09-26,2030-09-26
2865,ASHIAP 18 EC,MITRA KREASIDHARMA,Insektisida,01010120227492,2022-12-05,2027-12-05
2866,DAOYOU 400/10 SE,CORTEVA AGRISCIENCE MANUFACTURING INDONESIA,Herbisida,01030120196424,2024-09-19,2029-09-19
2867,Wenda 20 WP,JJM INDONESIA,Fungisida,01020120175880,2023-02-08,2028-02-08
2868,INTACE B-350,KEMINDO ARTHA JAYA,Fungisida,0420231207,2023-08-28,2028-08-28
2869,PENALTY 50 SC,DHARMA GUNA WIBAWA,Insektisida,01010120093588,2023-04-26,2028-04-26
2870,RANSELL 400/60 SL,DELTA GIRI WACANA,Herbisida,01030120259274,2026-01-20,2031-01-20
2871,VAPE A 0.78 AE,FUMAKILLA INDONESIA,Pestisida Rumah Tangga,032012307,2023-04-26,2028-04-26
2872,Solvanta 120/180 SC,WINHONOR CONSULTING INDONESIA,Insektisida,01010120269477,2026-04-20,2031-04-20
2873,FILIMAX 650 SC,MULTI SARANA INDOTANI,Fungisida,01020120186118,2023-04-26,2028-04-26
2874,FRONTIER P 720 EC,BASF INDONESIA,Herbisida,032019448,2024-08-09,2029-08-09
2875,"2,4-D Acid Technical 97%",TIGA MUARA EMAS MAKMUR,Herbisida,0420241296,2024-09-19,2029-09-19
2876,METABAN 550/100 EC,MUTIARA AGRO SEJATI,Insektisida,01010120238026,2024-03-04,2029-03-04
2877,LATREX 400 EC,PT BIO AGRITECH NUSANTARA,Bahan pengawet kayu,04110120093348,2023-04-26,2028-04-26
2878,METAZEB 80 WP,PETROKIMIA KAYAKU,Fungisida,01020120041984,2023-04-26,2028-04-26
2879,GRACULA 130/50 EC,DOUTA UTAMAN INDONESIA,Herbisida,01030120196438,2024-11-18,2029-11-18
2880,GLITTER 70 WG,ZHENGBANG CROP PROTECTION INDONESIA,Insektisida,01010120217243,2022-01-14,2027-01-14
2881,RAJAXONE PLUS303 276 SL,TIGA MUARA EMAS MAKMUR,Herbisida,01030120269455,2026-04-20,2031-04-20
2882,FORQUIN PLUS 5/50 WP,FORAGRO MITRA SEJATI,Herbisida,01030120248620,2025-02-17,2030-02-17
2883,LUCENT 130/32 SC,ALBAUGH AGRO INDONESIA,Insektisida,01010120206834,2025-11-13,2030-11-13
2884,ET-RAIZE 77 WP,ETONG CHEMICAL INDONESIA,Fungisida,01020120155146,2025-02-17,2030-02-17
2885,"KINGKONG 0,088 MC",AMPUH PERKASA JAYA,Pestisida Rumah Tangga,06080120227323,2022-06-27,2027-06-27
2886,OXAMYL 97 TC,INTI EVERSPRING INDONESIA,Insektisida,042019795,2024-09-19,2029-09-19
2887,SAGRI-CORE 300 EC,Agro Bumi Timur,Fungisida,01020120134627,2023-02-08,2028-02-08
2888,POWER BURN 276 SL*,SEJAHTERA AGRONUSA LESTARI,Herbisida,01030120258982,2025-09-26,2030-09-26
2889,EXPERT-PLUS 230 EC,KUNIMA JAYA SELARAS,Insektisida,01010120175842,2023-02-08,2028-02-08
2890,PROTEK 300/50 EC,ORCHID GLOBAL MAKMUR,Insektisida,01010120124312,2023-02-08,2028-02-08
2891,GOLSTAR 250 SC,DELTAGRO MULIA SEJATI,Zat Pengatur Tumbuh Tanaman,01040120072358,2026-04-20,2031-04-20
2892,RODD 436 SL,DALZON CHEMICALS INDONESIA,Herbisida,01030120093489,2024-03-05,2029-03-05
2893,ZORVEC ENCANTIA 330 SE,CORTEVA AGRISCIENCE MANUFACTURING INDONESIA,Fungisida,032020503,2025-11-13,2030-11-13
2894,GARNET 50 SC,Agro Bumi Timur,Insektisida,01010120259206,2026-01-20,2031-01-20
2895,SAROMYL 35 SD,MULTI SARANA INDOTANI,Fungisida,01020119971367,2025-09-26,2030-09-26
2896,CONVEY 336 SC,BASF INDONESIA,Herbisida,01030120124285,2026-01-20,2031-01-20
2897,ROLAR 200 SC,INDO-SINO AGROCHEMICAL,Insektisida,01010120269646,2026-07-16,2031-07-16
2898,CAPTIVE 200 SC,AGRICULTURE CONSTRUCTION,Fungisida,01020120103715,2024-11-18,2029-11-18
2899,KRESTARA 135 SL,SARI KRESNA KIMIA,Herbisida,01030120175845,2026-07-16,2031-07-16
2900,ONE PUSH VAPE 9.4 AE,FUMAKILLA INDONESIA,Pestisida Rumah Tangga,06080120206764,2025-11-13,2030-11-13
2901,BUY UP 480 SL,SUBUR TANI AGRO RAYA SEJAHTERA,Herbisida,01030120258911,2025-09-26,2030-09-26
2902,CRIPTAN 250 EC,DHARMA GUNA WIBAWA,Moluskisida,01050120072933,2021-10-12,2026-10-12
2903,AGRAV 75 SP,ROYAL AGRO INDONESIA,Insektisida,01010120248448,2024-11-18,2029-11-18
2904,SEMAR 52.5/17.5 WG,RAINBOW AGROSCIENCES,Herbisida,01030120165530,2026-01-20,2031-01-20
2905,ATABRON 50 EC,NUFARM INDONESIA,Insektisida,0101011984706,2023-04-26,2028-04-26
2906,PATRA 27 WP,SAPROTAN UTAMA,Fungisida,01020120237918,2023-08-28,2028-08-28
2907,FORAMYL 50 SP,FORAGRO MITRA SEJATI,Insektisida,01010120238128,2024-03-05,2029-03-05
2908,BIGEST 40 EC,MULTI SARANA INDOTANI,Zat Pengatur Tumbuh Tanaman,01040120031742,2022-10-04,2027-10-04
2909,HIT 0.26 AE,GODREJ CONSUMER PRODUCTS INDONESIA,Pestisida Rumah Tangga,06080120165617,2022-01-14,2027-01-14
2910,QUIN 250 EC,SUMANS MANDIRI SEJAHTERA,Insektisida,01010120237802,2023-04-26,2028-04-26
2911,ECONAZOL 250 SC,RAWWA ROUNDTEC INDONESIA,Zat Pengatur Tumbuh Tanaman,01040120269556,2026-07-16,2031-07-16
2912,BLASTPRO 400 SC,AGRICULTURE CONSTRUCTION,Fungisida,01020120259040,2025-11-13,2030-11-13
2913,TUFORDI 865 SL,SOLO LOGO INDONESIA,Herbisida,01030120237827,2023-04-26,2028-04-26
2914,INGROFOL 360 SC,INDAGRO,Fungisida,01020119951221,2026-01-20,2031-01-20
2915,DESTROYER 336 SC,AGRICULTURE CONSTRUCTION,Herbisida,01030120269352,2026-04-20,2031-04-20
2916,MOLISTA 80 WP,MAJU MAKMUR UTOMO,Moluskisida,01050120103636,2025-07-11,2030-07-11
2917,UPPERQUAT 276 SL*,SINAR GENERAL INDUSTRIES,Herbisida,01030120217225,2021-11-18,2026-11-18
2918,BESTFAT 75 SP,BERKAH SUMBER SUKSES,Insektisida,01010120196331,2024-08-09,2029-08-09
2919,AM-SATU 500 SC,ETONG CHEMICAL INDONESIA,Herbisida,01030120259029,2025-11-13,2030-11-13
2920,RIPELLA 13 LT,SUPRA TUSAMAN ABADI,Repelen,06080120155264,2025-11-13,2030-11-13
2921,KLORAZZ 400 EC,SURYA AGROKEMINDO PERKASA,Fungisida,01020120258957,2025-09-26,2030-09-26
2922,INNOMAN ® CMG,TRITUNGGAL ARTHAMAKMUR,Bakterisida,0420231264,2024-03-05,2029-03-05
2923,VAPE 0.032 MC,FUMAKILLA INDONESIA,Pestisida Rumah Tangga,06080120196585,2024-11-18,2029-11-18
2924,TIKUMIN 0.0375 BB,TANI MAS SUBUR,Rodentisida,0112012004670,2025-02-17,2030-02-17
2925,BENTAN 60 WP,TRIDA KIMIA SAKTI,Moluskisida,03050120124346,2022-06-27,2027-06-27
2926,TEMBOTRION 95 TC,MULTI AGRO JAYA UTAMA,Herbisida,0420231145,2023-04-26,2028-04-26
2927,BURROW 0.005 BB,DALZON CHEMICALS INDONESIA,Rodentisida,01120120093416,2024-03-04,2029-03-04
2928,MANUMEX 51 WG,REJEKI INDO AGROTEC,Herbisida,01030120269416,2026-04-20,2031-04-20
2929,BIONEB 79 WP,PERSADA AGRO SUKSES,Fungisida,01020120196244,2024-03-05,2029-03-05
2930,CHLORFENAPYR 95 TC,DHARMA GUNA WIBAWA,Insektisida,042017419,2026-04-20,2031-04-20
2931,HEXILAM 10 WP,AGRO SENTOSA RAYA,Bakterisida,01060120259071,2025-11-13,2030-11-13
2932,SIGENT 60 WG,SANTANI AGRO MANDIRI,Insektisida,01010120227582,2022-12-05,2027-12-05
2933,K-KINGFIELD 60/20 WG,HANEARL SCIENCE INDONESIA,Insektisida,01010120237774,2023-04-26,2028-04-26
2934,NATRIUM BISPIRIBAK 97 TC,SOLO LOGO INDONESIA,Herbisida,042017499,2022-10-04,2027-10-04
2935,NESIA 480 SL,DOUTA UTAMAN INDONESIA,Herbisida,01030120103835,2024-11-18,2029-11-18
2936,VENDETTA NITRO 1 GL,BENTZ JAZ INDONESIA,Pestisida Pengendalian Vektor Penyakit Pada Manusia,06090120238214,2024-03-05,2029-03-05
2937,AMIDA 200 SL,MAJU MAKMUR UTOMO,Insektisida,01010120186168,2024-03-05,2029-03-05
2938,ADINI 50 WG,ADVANSIA INDOTANI,Insektisida,01010120269509,2026-07-16,2031-07-16
2939,CHLOROTHALONIL 98 TC,DHARMA GUNA WIBAWA,Fungisida,042021978,2021-11-18,2026-11-18
2940,MASTOP 135 SL*,DA MING INDONESIA,Herbisida,01030120206843,2025-09-26,2030-09-26
2941,HIT 0.205 AE,GODREJ CONSUMER PRODUCTS INDONESIA,Pestisida Rumah Tangga,06080120248277,2024-08-09,2029-08-09
2942,PILARVIGO 320/46 LS,PILARQUIM AGROSCIENCE INDONESIA,Fungisida,01020120259265,2026-01-20,2031-01-20
2943,BAJAKUAT 138 SL*,REJEKI INDO AGROTEC,Herbisida,01030120248454,2024-11-18,2029-11-18
2944,SAPULARIS 480 SL,BERBAK AGRO SEJATI,Herbisida,01030120238059,2024-03-04,2029-03-04
2945,ROOT UP 480 SL,BERSAMA SATU TEGUH,Herbisida,01030120217084,2026-07-16,2031-07-16
2946,CHIEF 480 SL,PT. AGRORISEN INDOMAKMUR CEMERLANG,Herbisida,01030120227509,2022-12-05,2027-12-05
2947,MSBROM 98 GA*,MEDPHOS CITRA MANDIRI,Fumigan,05100120196286,2024-03-05,2029-03-05
2948,AKOSU 100 SC,ADVANSIA INDOTANI,Insektisida,01010120103662,2025-02-17,2030-02-17
2949,PUMARIS 240 SL,ADIL MAKMUR FAJAR,Herbisida,01030119971309,2022-06-27,2027-06-27
2950,TANGKAS 480 SL,PETROKIMIA KAYAKU,Herbisida,01030120238068,2024-03-04,2029-03-04
2951,PRAMEX 40 SP,INTI EVERSPRING INDONESIA,Insektisida,01010120227347,2022-06-27,2027-06-27
2952,BEN UP 480 SL,DA MING INDONESIA,Herbisida,01030120134697,2023-08-28,2028-08-28
2953,GIBGRO 20 TB,NUFARM INDONESIA,Zat Pengatur Tumbuh Tanaman,01040120001540,2024-09-19,2029-09-19
2954,MACSPRAY 76.4 WP,RAINBOW AGROSCIENCES,Herbisida,01030120175851,2022-10-04,2027-10-04
2955,SAFECORN 20/260 OD,CHINA JIANGSU INTERNATIONAL INDONESIA,Herbisida,01030120269467,2026-04-20,2031-04-20
2956,CENTATRIN 500 SC,CENTA BRASINDO ABADI CHEMICAL INDUSTRY,Herbisida,01030120103717,2025-07-11,2030-07-11
2957,KUINKLORAK 96 TC,AGRO JAYA INDONESIA,Herbisida,0420231188,2023-08-28,2028-08-28
2958,BESSNAIL 45 WP,TIARA BUANA MANDIRI,Moluskisida,01050120175675,2022-01-14,2027-01-14
2959,Bastamet 155 SL,JJM INDONESIA,Herbisida,01030120175826,2023-02-08,2028-02-08
2960,Cap Gajah 0.005 BB,GODREJ CONSUMER PRODUCTS INDONESIA,Rodentisida,06120120217195,2021-11-18,2026-11-18
2961,MONOTHON 600 SC,Agro Bumi Timur,Insektisida,01010120258970,2025-09-26,2030-09-26
2962,ROLICRON 500 EC,ROLIMEX KIMIA NUSAMAS,Insektisida,01010120042132,2024-03-05,2029-03-05
2963,SUPREMO GOLD 490 SL,DELTA GIRI WACANA,Herbisida,01030120103866,2024-09-19,2029-09-19
2964,GARLON 670 EC,CORTEVA AGRISCIENCE MANUFACTURING INDONESIA,Herbisida,0103011984695,2023-04-26,2028-04-26
2965,FASTGOPAZ 50 SC,BAHTERA BONIAGA LESTARI,Fungisida,01020120114129,2022-06-27,2027-06-27
2966,KNOCKER,AGROMANNA JAYA LESTARI,Insektisida,042020822,2025-07-11,2030-07-11
2967,FIDIPO 500 SL,SATYA ALAM SEMESTA,Insektisida,01010120206922,2025-09-26,2030-09-26
2968,INTEAM 150 SL,DELTA GIRI WACANA,Herbisida,01030120072763,2025-02-17,2030-02-17
2969,DETAZEB 80 WP,DELTAGRO MULIA SEJATI,Fungisida,01020120031753,2021-11-18,2026-11-18
2970,MEGA UP 448 SL,DA MING INDONESIA,Herbisida,01030120217115,2026-07-16,2031-07-16
2971,AMCOMIN 865 SL,ADIL MAKMUR FAJAR,Herbisida,01030120011606,2022-10-04,2027-10-04
2972,Solignum Soilguard 80 EW,NUSANTARA SURYA BENIH,Bahan pengawet kayu,04110120186222,2024-08-09,2029-08-09
2973,RUNNER 240 SC,CORTEVA AGRISCIENCE MANUFACTURING INDONESIA,Insektisida,032004176,2023-08-28,2028-08-28
2974,APIRO 550.8 SC,SYNGENTA INDONESIA,Herbisida,01.03.01.2017.5821,2022-06-27,2027-06-27
2975,DURAMIN 865 SL,REJEKI INDO AGROTEC,Herbisida,01030120165503,2026-01-20,2031-01-20
2976,VERTIMEC 84 SC,SYNGENTA INDONESIA,Insektisida,032018441,2024-03-05,2029-03-05
2977,PERFEKTAN 405 EC,TANI MAS SUBUR,Insektisida,01010120011583,2026-07-16,2031-07-16
2978,SitoPro 100 SC,TUNASHARAPAN MURNI,Insektisida,01010120269471,2026-04-20,2031-04-20
2979,PROTIOKONAZOL 97 TC,AGRO JAYA INDONESIA,Fungisida,0420231202,2023-08-28,2028-08-28
2980,STADIUM 18 EC,BIOTIS AGRINDO,Insektisida,01010120103648,2024-03-05,2029-03-05
2981,AGRIDAN 150 EC,ASIA GALA KIMIA,Akarisida,01140119981440,2023-08-28,2028-08-28
2982,TORMAXONE 276 SL,MULTIGRO MAKMUR ABADI,Herbisida,01030120217098,2026-07-16,2031-07-16
2983,POLIMESH 450 MR,BIO SARANA INDONESIA,Atraktan / Feromon,01070120258849,2025-07-11,2030-07-11
2984,HIT Expert 0.24 AE,GODREJ CONSUMER PRODUCTS INDONESIA,Pestisida Rumah Tangga,06080120238014,2024-03-04,2029-03-04
2985,Sunsvant 30/150/100 EC,KINGAGROOT BIOTECHNOLOGY INDONESIA,Herbisida,01030120259299,2026-01-20,2031-01-20
2986,VISTA 400 SL,PT. FORTUNA MULIA SEJATI,Insektisida,01010120042166,2024-09-19,2029-09-19
2987,MURTOX 520 SC,SANTANI AGRO PERKASA,Fungisida,01020120103725,2024-11-18,2029-11-18
2988,AMAFOS 255 SL,ARTHA MAKMUR ABADI,Herbisida,01030120269327,2026-04-20,2031-04-20
2989,OBLIVION 180/120 SC,NUFARM INDONESIA,Insektisida,01010120165631,2025-11-13,2030-11-13
2990,ROTEEN 75 SP,AGROKIMINDO KURNIABUANA,Insektisida,01010120031845,2023-02-08,2028-02-08
2991,MAY SMART 250/250 SC,BINTANG RAPESTRA ABADI,Fungisida,01020120269598,2026-07-16,2031-07-16
2992,TASTOAT 400 EC,INDOIN BUSINESS GROUP,Insektisida,01010120206696,2025-09-26,2030-09-26
2993,BIOX P199,KEMINDO ARTHA JAYA,Fungisida,0420231206,2023-08-28,2028-08-28
2994,PILARFEND 100/50 ZC,PILARQUIM AGROSCIENCE INDONESIA,Insektisida,01010120258979,2025-09-26,2030-09-26
2995,LARISMA 200 EC,AGRO SEJAHTERA INDONESIA,Insektisida,01010120186129,2023-04-26,2028-04-26
2996,METSULINDO PLUS 76/4 WP,INTI EVERSPRING INDONESIA,Herbisida,01030120237786,2023-04-26,2028-04-26
2997,DIVA 255 EC,YANNO AGRO SCIENCE INDONESIA,Fungisida,01020120238118,2024-03-05,2029-03-05
2998,PROWL 330 EC,BASF INDONESIA,Herbisida,032019455,2024-08-09,2029-08-09
2999,P-AMONIUM GLUFOSINAT 50 TK,TANAMAN MAKMUR MANDIRI,Herbisida,0420241285,2024-08-09,2029-08-09
3000,TORA 550 SC,DELTAGRO MULIA SEJATI,Herbisida,01030120145026,2024-03-04,2029-03-04
3001,PRIMA-GATE 600 SC,PRIMA KARYA BERJAYA,Insektisida,01010120269445,2026-04-20,2031-04-20
3002,PRORIS 240 SL,DELTAGRO MULIA SEJATI,Herbisida,01030120001515,2025-07-11,2030-07-11
3003,KEJORA 15 EC,SARI KRESNA KIMIA,Insektisida,01010120031762,2026-01-20,2031-01-20
3004,HORNET 150 EC,CINDE LARAS,Insektisida,01010120186080,2023-08-28,2028-08-28
3005,"DKHEXARON 46,8/13,2 WG",DANKEN INDONESIA,Herbisida,01030120155222,2025-02-17,2030-02-17
3006,KASTRO-77 250 EC,AGROMANNA JAYA LESTARI,Fungisida,01020120196361,2024-09-19,2029-09-19
3007,NOXONE MIX 255 SL,MULTI SARANA INDOTANI,Herbisida,01030120093331,2023-08-28,2028-08-28
3008,CORRIN WP,PRIMA BERKAH NUSANTARA,Fungisida,01020120206912,2026-01-20,2031-01-20
3009,PERCIS 30 EC,PETROSIDA GRESIK,Insektisida,01010120042302,2024-11-18,2029-11-18
3010,GAMAX 40 SL,AGRORISEN INDOMAKMUR CEMERLANG,Zat Pengatur Tumbuh Tanaman,01040120258933,2025-09-26,2030-09-26
3011,HEROLE 240 SC,RAINBOW AGROSCIENCES,Insektisida,01010120145068,2025-02-17,2030-02-17
3012,DENSIL DF ANTIMICROBIAL,ARXADA CHEMICALS INDONESIA,Fungisida,042019721,2024-09-19,2029-09-19
3013,GLYPHOSATE 95 TC,SURYA AGROKEMINDO PERKASA,Herbisida,042018601,2024-03-04,2029-03-04
3014,MERIFLEX 50 WG,BINA GUNA KIMIA,Herbisida,032024554,2024-09-19,2029-09-19
3015,CLEANTOP 100/20 EC,SUMANS MANDIRI SEJAHTERA,Insektisida,01010120155291,2026-04-20,2031-04-20
3016,PENTASNAIL 60 WP,SOLO LOGO INDONESIA,Moluskisida,01050120238182,2024-03-05,2029-03-05
3017,SUGARINA 500 SC,RAINBOW AGROSCIENCES,Herbisida,01030120134637,2022-12-05,2027-12-05
3018,INDOKOR 250 EC,MITRA KREASIDHARMA,Fungisida,01020120072869,2022-12-05,2027-12-05
3019,BEST UP 480 SL,DALZON CHEMICALS INDONESIA,Herbisida,01030120042050,2024-03-05,2029-03-05
3020,ROTRAZ 200 EC,MITRA KREASIDHARMA,Insektisida,01010119971322,2026-01-20,2031-01-20
3021,NOMOS ONE PUSH 7.1 AE,FUMAKILLA NOMOS,Pestisida Rumah Tangga,06080120227683,2023-02-08,2028-02-08
3022,KENSIPER 100 EC,KENSO INDONESIA,Insektisida,01010120124319,2023-02-08,2028-02-08
3023,MESOTRIONE 97 TC,MULTI SARANA INDOTANI,Herbisida,0420221054,2022-10-04,2027-10-04
3024,MATTE 70 WP,NUFARM INDONESIA,Herbisida,01030120238155,2024-03-05,2029-03-05
3025,TEBTRY 100/200 SC,ENFARM CROP SCIENCE,Fungisida,01020120248710,2025-02-17,2030-02-17
3026,MEURTIEUR 30 EC,BIOTIS AGRINDO,Insektisida,01010120155164,2024-08-09,2029-08-09
3027,K-MACOZIN 12/63 WP,HANEARL SCIENCE INDONESIA,Fungisida,01020120269402,2026-04-20,2031-04-20
3028,STARPHOSAT 240 SL,BAHTERA BONIAGA LESTARI,Herbisida,01.03.01.2022.003833,2022-01-14,2027-01-14
3029,VAPE 6.1 LV,FUMAKILLA INDONESIA,Pestisida Rumah Tangga,06080120134834,2023-08-28,2028-08-28
3030,DIEHARD 160 SL,TIGA MUARA EMAS MAKMUR,Herbisida,01030120248468,2024-11-18,2029-11-18
3031,SWIFT 550/50 EC,SURYA AGROKEMINDO PERKASA,Insektisida,01010120206872,2026-01-20,2031-01-20
3032,MITION 500 EC,MITRA KREASIDHARMA,Insektisida,01010120011580,2026-01-20,2031-01-20
3033,FORMAT 360/120 SL,PT. Spektra Global Intiagro,Herbisida,01030120114131,2022-01-14,2027-01-14
3034,IMIN 865 SL,MAKMUR JAYA AGRO,Herbisida,01030120227538,2022-12-05,2027-12-05
3035,PAP-UP 527 SL,PRIMA AGRO PERKASA,Herbisida,01030120196566,2025-02-17,2030-02-17
3036,"2,4-D 98 TC",SOLO LOGO INDONESIA,Herbisida,0420231119,2023-04-26,2028-04-26
3037,PILARXANIL 50/20 WG,INDO-SINO AGROCHEMICAL,Fungisida,01020120206769,2025-02-17,2030-02-17
3038,FEROKOP 90 BB,PT. Agritek Tani Indonesia,Atraktan / Feromon,01070120124341,2023-02-08,2028-02-08
3039,RENZO EXTRA 250 SC,BIOTIS AGRINDO,Fungisida,01020120217168,2021-10-12,2026-10-12
3040,PIRIBAC 400 SC,JAWA AGRINDO INTERNASIONAL,Herbisida,01030120134804,2024-03-04,2029-03-04
3041,FLASHMEX 20 SL,DYRIZ INDONESIA,Zat Pengatur Tumbuh Tanaman,01040120072660,2022-06-27,2027-06-27
3042,JIDOR 25 EC,PETROSIDA GRESIK,Insektisida,01010120052278,2025-09-26,2030-09-26
3043,ESSENCE 220/65 SC,RAINBOW AGROSCIENCES,Fungisida,01020120238123,2024-03-05,2029-03-05
3044,"2,4-D ACID 98 TC",SAMUDRA UTAMA NARAPATI,Herbisida,042018640,2024-03-05,2029-03-05
3045,EMAMECTIN BENZOATE 95 TC,RAINBOW AGROSCIENCES,Insektisida,042019737,2024-09-19,2029-09-19
3046,FORTUNA 290 SL,SARI KRESNA KIMIA,Insektisida,01010120042082,2024-08-09,2029-08-09
3047,UNIBEST 200 SL,INTI EVERSPRING INDONESIA,Insektisida,01010120217180,2026-01-20,2031-01-20
3048,STARMIN 865 SL,PETROKIMIA KAYAKU,Herbisida,01030120021711,2026-07-16,2031-07-16
3049,KIBOSH 11/36 WG,UPL INDONESIA,Insektisida,01010120269585,2026-07-16,2031-07-16
3050,VENATOR 550 SC,DELTA GIRI WACANA,Herbisida,01030120134885,2023-02-08,2028-02-08
3051,Meganium 200 EC,MAJU MAKMUR UTOMO,Bahan pengawet kayu,04110120001552,2022-10-04,2027-10-04
3052,FERTRIN 550/100 EC,SATYA ALAM SEMESTA,Insektisida,01010120237877,2023-08-28,2028-08-28
3053,VAPE 0.185 AE,FUMAKILLA INDONESIA,Pestisida Rumah Tangga,06080120145116,2024-11-18,2029-11-18
3054,FORMECTIN 15 WG,FORAGRO MITRA SEJATI,Insektisida,01010120248490,2024-11-18,2029-11-18
3055,JAGUNGKLIN 500/50 SC,MAXXI AGRI INDONESIA,Herbisida,01030120206606,2025-07-11,2030-07-11
3056,ANIXAM 60/20 WG,ADVANSIA INDOTANI,Insektisida,01010120227488,2022-12-05,2027-12-05
3057,BRINKA 240 SC,UPL INDONESIA,Insektisida,01010120196511,2024-09-19,2029-09-19
3058,TUSALON 20 WG,SYNGENTA INDONESIA,Insektisida,032019442,2024-08-09,2029-08-09
3059,GLYPHOSATE 95 TC,CENTA BRASINDO ABADI CHEMICAL INDUSTRY,Herbisida,0420231185,2023-08-28,2028-08-28
3060,FASTLON 670 EC,WINNER AGROCHEM INTERNUSA,Herbisida,01030120259056,2025-11-13,2030-11-13
3061,SKIN VAPE 15 LT,FUMAKILLA INDONESIA,Repelen,06080120206681,2025-09-26,2030-09-26
3062,DKSTARONIL MIX 60/500 SC,DANKEN INDONESIA,Fungisida,01020120165434,2026-07-16,2031-07-16
3063,UNIMIN 720 SL,MAXXI AGRI INDONESIA,Herbisida,01030120093385,2024-03-05,2029-03-05
3064,VENTORY 865 SL,ALISHAN NUSA INDAH,Herbisida,01030120093388,2023-04-26,2028-04-26
3065,PASSPORT 180/20 SC,GLOBAL AGROTECH,Insektisida,01010120237794,2023-04-26,2028-04-26
3066,RONDAMINE 865 SL,BERBAK AGRO SEJATI,Herbisida,01030120248545,2024-11-18,2029-11-18
3067,XENON 20/60 WG,NUFARM INDONESIA,Insektisida,01010120248343,2024-08-09,2029-08-09
3068,INSTA MAX 240 SL,MAXXI AGRI INDONESIA,Herbisida,01030120206731,2025-07-11,2030-07-11
3069,IPA GLYPHOSATE 62 TC,KENSO INDONESIA,Herbisida,042016651,2022-10-04,2027-10-04
3070,CENTADINE 450 SL,CENTA BRASINDO ABADI CHEMICAL INDUSTRY,Insektisida,01010120072726,2022-10-04,2027-10-04
3071,PYRISIDA 20 WP,PETROSIDA GRESIK,Akarisida,01140120258853,2025-07-11,2030-07-11
3072,BENSPNIUM 200 SL,INDONESIA BENXING INDUSTRIAL,Herbisida,01030120259172,2026-01-20,2031-01-20
3073,STOREGARD 550 EC,MULTI GLOBAL CENTRO,Insektisida,05010120238200,2024-03-05,2029-03-05
3074,NEERAM 50/30 WP,PERTIWI INTERTRADE,Fungisida,01020120155182,2025-07-11,2030-07-11
3075,LENTI 25/15 WP,ORCHID GLOBAL MAKMUR,Fungisida,01020120269591,2026-07-16,2031-07-16
3076,PYRO 20/100 OD,NUFARM INDONESIA,Herbisida,01030120248318,2024-08-09,2029-08-09
3077,VAPE 4.0 LV,FUMAKILLA INDONESIA,Pestisida Rumah Tangga,06080120165658,2021-11-18,2026-11-18
3078,KARMEX GOLD 80 WG,ROYAL AGRO INDONESIA,Herbisida,01030120144939,2024-08-09,2029-08-09
3079,EDO 25 WG,DELTAGRO MULIA SEJATI,Insektisida,01010120175686,2026-01-20,2031-01-20
3080,GOBEST 250 SC,PETROKIMIA KAYAKU,Zat Pengatur Tumbuh Tanaman,01040120083189,2022-12-05,2027-12-05
3081,NIPAHXONE 138 SL*,BERBAK AGRO SEJATI,Herbisida,01030120258843,2025-07-11,2030-07-11
3082,MR QUAT 282 SL*,AGRO DYNAMICS INDO,Herbisida,01030120134871,2024-03-05,2029-03-05
3083,BESTNOID-X 60 WP,DHARMA GUNA WIBAWA,Moluskisida,03050120114032,2024-09-19,2029-09-19
3084,TAMIGON 25 EC,TUNASHARAPAN MURNI,Insektisida,01010120083296,2024-03-05,2029-03-05
3085,KEN-UP 480 SL,KENSO INDONESIA,Herbisida,032025591,2025-07-11,2030-07-11
3086,SIDASTAR 300/100 SL,PETROSIDA GRESIK,Herbisida,01030120042143,2024-09-19,2029-09-19
3087,CYMOXAN 25 WP,GLOBAL AGROTECH,Fungisida,01020120114121,2025-11-13,2030-11-13
3088,MAITOP 138 SL*,MAHKOTA AGRO INDUSTRI,Herbisida,01030120206752,2025-07-11,2030-07-11
3089,M-PLUS 40 EC,DA MING INDONESIA,Insektisida,01010120248303,2024-08-09,2029-08-09
3090,PREVENTOL BIT 20 D,BLUE CUBE INDONESIA,Pestisida lain-lain,0420251474,2026-01-20,2031-01-20
3091,BRANTAXONE 276 SL*,SINAR GENERAL INDUSTRIES,Herbisida,01030120124210,2022-06-27,2027-06-27
3092,KENSBAN 400 EC,KENSO INDONESIA,Insektisida,01010120124318,2023-02-08,2028-02-08
3093,Amitesh 20 EC,MITRA INDOTANI ABADI,Insektisida,01010120259028,2025-11-13,2030-11-13
3094,GOODTOP 250 SL,BESTANI AGRO SEJAHTERA,Herbisida,01030120227657,2023-03-08,2028-03-08
3095,ASTERPIRAM 120 EC,AGRO SEJAHTERA INDONESIA,Insektisida,01020120206892,2025-02-17,2030-02-17
3096,COUGAR 200/80 SC,CATUR AGRODAYA MANDIRI,Fungisida,01020120134673,2024-03-04,2029-03-04
3097,BETTER 10 PA,PETROKIMIA KAYAKU,Zat Pengatur Tumbuh Tanaman,01040120062223,2025-09-26,2030-09-26
3098,SUN UP 480 SL,ADIL MAKMUR FAJAR,Herbisida,0103011987815,2023-02-08,2028-02-08
3099,OMITRON 60 OD,LADANG SUBUR SENTOSA,Herbisida,01030120238035,2024-03-04,2029-03-04
3100,SIDARON 500 SC,PETROSIDA GRESIK,Herbisida,01030120155185,2024-11-18,2029-11-18
3101,ACUREN 25 WP,ADVANSIA INDOTANI,Fungisida,01020120248227,2024-08-09,2029-08-09
3102,ANIMO 150 SL,AGRO GUNA MAKMUR,Herbisida,01030120175669,2022-12-05,2027-12-05
3103,AMETRYN 95 TC,DALZON CHEMICALS INDONESIA,Herbisida,0420221043,2022-10-04,2027-10-04
3104,KANON RX 100 EC,PETROKIMIA KAYAKU,Insektisida,01010120227670,2023-02-08,2028-02-08
3105,T-KOPIR 670 EC,CENTA BRASINDO ABADI CHEMICAL INDUSTRY,Herbisida,01030120248712,2025-02-17,2030-02-17
3106,ABOJO 60 WP,ADVANSIA INDOTANI,Moluskisida,01050120134740,2024-03-04,2029-03-04
3107,MESTI-UP 490 SL,INTI TANI NIAGA,Herbisida,01030120113972,2022-06-27,2027-06-27
3108,NATIVO EXTRA 120/100 SC,BAYER INDONESIA,Fungisida,032026642,2026-04-20,2031-04-20
3109,BESTANI OK 300 SL,TIGA MUARA EMAS MAKMUR,Herbisida,01030120259175,2026-01-20,2031-01-20
3110,AMANDY 870 SL,MULTI SARANA INDOTANI,Herbisida,01030120196495,2024-08-09,2029-08-09
3111,GLIFORTE 48 SP,NUFARM INDONESIA,Herbisida,01030120259064,2025-11-13,2030-11-13
3112,CLOSEN 125 SC,AGRO TUNAS RAYA,Fungisida,01020120186017,2024-03-04,2029-03-04
3113,NIGO 60 WP,SINAMYANG INDONESIA,Insektisida,01010120206954,2025-09-26,2030-09-26
3114,Singspray The One 817EC,SARI SARANA KIMIATAMA,Fungisida,01020120248425,2024-09-19,2029-09-19
3115,"Aneto 0,5 GR",MAJU MAKMUR UTOMO,Insektisida,01010120103612,2025-11-13,2030-11-13
3116,INDOFAN 550/50 EC,SARI KIMIA UNGGUL,Insektisida,01010120206826,2026-01-20,2031-01-20
3117,CYPERMETHRIN 92 TC,DELTA GIRI WACANA,Insektisida,042009234,2023-04-26,2028-04-26
3118,QUICKPHOS 56 T*,UPL INDONESIA,Fumigan,0510011984705,2022-12-05,2027-12-05
3119,PAPANDAYAN 486 SL,TIGA MUARA EMAS MAKMUR,Herbisida,01030120175780,2022-10-04,2027-10-04
3120,PROZEB 80 WP,JIVA AGRICULTURE INDONESIA,Fungisida,01020120248686,2025-02-17,2030-02-17
3121,GRIMASON PLUS 200/5 SL*,CENTA BRASINDO ABADI CHEMICAL INDUSTRY,Herbisida,01030120186187,2024-03-04,2029-03-04
3122,DAMIN 875 SL,PETROSIDA GRESIK,Herbisida,01030120052257,2025-07-11,2030-07-11
3123,FUSILADE FORTE 150 EC,SYNGENTA INDONESIA,Herbisida,01030120072750,2022-06-27,2027-06-27
3124,SAE-MEK 75 EC,AGRO JAYA INDUSTRI,Insektisida,01010120269649,2026-07-16,2031-07-16
3125,WINYARD 70 WP,ARTHA MAKMUR ABADI,Insektisida,01010120114191,2022-10-04,2027-10-04
3126,NARABAS 550/50 SC,SAMUDRA UTAMA NARAPATI,Herbisida,01030120206848,2025-11-13,2030-11-13
3127,SIDATAN 410 SL,PETROSIDA GRESIK,Insektisida,01010120072687,2022-01-14,2027-01-14
3128,ECHO 36 WP,DOUTA UTAMAN INDONESIA,Herbisida,01030120185948,2023-02-08,2028-02-08
3129,BAZOKA 80 WP,AGRICULTURE CONSTRUCTION,Fungisida,01020120031892,2023-04-26,2028-04-26
3130,YUTAQUAT 138 SL,NUSANTARA AGRO SUKSES,Herbisida,01030120227373,2022-06-27,2027-06-27
3131,PROMOLLY 20 WG,TIGA MUARA EMAS MAKMUR,Herbisida,01030120124503,2022-12-05,2027-12-05
3132,ACTRIS 300/100 SL,MUTIARA AGRO SEJATI,Herbisida,01030120248447,2024-11-18,2029-11-18
3133,MANCOTHANE 80 WP,TRIBINA TANIKARYA,Fungisida,01020120072878,2026-07-16,2031-07-16
3134,MARTAZINK 70 WP,Agro Bumi Timur,Fungisida,01020120259241,2026-01-20,2031-01-20
3135,PARAKUAT DIKLORIDA 42 TC,INTI EVERSPRING INDONESIA,Herbisida,042017450,2022-10-04,2027-10-04
3136,"MATENO UP 160/5,1 SL",AGROTECH PESTICIDE INDUSTRY,Herbisida,01030120093350,2023-04-26,2028-04-26
3137,SAGRI-SHIELD 20/20 WP,SATYA AGRO INDONESIA,Fungisida,01020120185987,2023-02-08,2028-02-08
3138,TALON 0.005 BB,SYNGENTA INDONESIA,Rodentisida,06120120134724,2023-04-26,2028-04-26
3139,Imiprothrin 50 TC,MSR HIJAU LESTARI,Insektisida,042019763,2024-09-19,2029-09-19
3140,TOPJOS 300 SL,SARI KRESNA KIMIA,Herbisida,01030120238070,2024-03-04,2029-03-04
3141,BASTIANMAX 25 EC,INDO HOECHST,Insektisida,01010120258743,2025-07-11,2030-07-11
3142,SIPERMETRIN 93 TC,MITRA KREASIDHARMA,Insektisida,042016371,2025-11-13,2030-11-13
3143,ARROW 200 EC,SURYA AGROKEMINDO PERKASA,Insektisida,01010120155209,2025-02-17,2030-02-17
3144,Innosei ® IT,TRITUNGGAL ARTHAMAKMUR,Bakterisida,0420221113,2023-02-08,2028-02-08
3145,METRO 18 EC,AGRO SEJAHTERA INDONESIA,Insektisida,01010120175737,2022-10-04,2027-10-04
3146,KK-PLUS 200 SC,ETONG CHEMICAL INDONESIA,Insektisida,01010120269399,2026-04-20,2031-04-20
3147,FENOSA 100 EC,Agro Bumi Timur,Herbisida,01030120248482,2024-11-18,2029-11-18
3148,KLEENUP 480 SL,NUFARM INDONESIA,Herbisida,0103011989819,2022-06-27,2027-06-27
3149,BITOP 531 SL,PETROKIMIA KAYAKU,Herbisida,.01030120083106,2022-06-27,2027-06-27
3150,VAGANZA 25/50 WG,Agro Bumi Timur,Fungisida,01020120259314,2026-01-20,2031-01-20
3151,AMARILIS 25 EC,AGRO GUNA MAKMUR,Bahan pengawet kayu,04110120011592,2022-12-05,2027-12-05
3152,SIMOKSANIL 98 TC,SOLO LOGO INDONESIA,Fungisida,0420241291,2024-08-09,2029-08-09
3153,Densil DF ANTIMICROBIAL,IMCD INDONESIA,Fungisida,0420221078,2022-12-05,2027-12-05
3154,RIANIL 50 WP,REJEKI INDO AGROTEC,Fungisida,01020120248543,2024-11-18,2029-11-18
3155,GLUFOSINATE-AMMONIUM 95 TC,MULTI SARANA INDOTANI,Herbisida,0420231251,2024-03-05,2029-03-05
3156,PROPUS PLUS 250 SC,BIOTIS AGRINDO,Fungisida,01020120217168,2025-11-13,2030-11-13
3157,KIXOR 70 WG,BASF INDONESIA,Herbisida,01030120145078,2024-08-09,2029-08-09
3158,TEMINO 1 GR,GONGCHENG BIOTECH INDONESIA,Pestisida Rumah Tangga,06080120269483,2026-04-20,2031-04-20
3159,KILAT 160 SL,AGRICULTURE CONSTRUCTION,Herbisida,01030120093421,2024-03-04,2029-03-04
3160,ACTICIDE ® B20,TRITUNGGAL ARTHAMAKMUR,Bakterisida,042021991,2021-11-18,2026-11-18
3161,ATRES 500/50 SC,CENTA BRASINDO ABADI CHEMICAL INDUSTRY,Herbisida,01030120237730,2023-04-26,2028-04-26
3162,ROLIXONE 276 SL*,ROLIMEX KIMIA NUSAMAS,Herbisida,032012282,2022-10-04,2027-10-04
3163,Cypermethrin 92 TC,DALZON CHEMICALS INDONESIA,Insektisida,042016363,2021-10-12,2026-10-12
3164,PROOF 400/70 OS,INDOIN BUSINESS GROUP,Fungisida,01020120217082,2026-04-20,2031-04-20
3165,CYPERMETHRIN 92 TC,SAMUDRA UTAMA NARAPATI,Insektisida,042018647,2024-03-05,2029-03-05
3166,PILAREG 105 SC,PILARQUIM AGROSCIENCE INDONESIA,Insektisida,01010120227345,2022-06-27,2027-06-27
3167,TIGATOP 200/70/30 OD,TIGA MUARA EMAS MAKMUR,Herbisida,01030120237943,2023-08-28,2028-08-28
3168,ACTICIDE DB 20,JAYA WARINDO ABADI,Fungisida,042020844,2025-11-13,2030-11-13
3169,SIME EBOR BAITS 0.05 BB,Guthrie Agri Bio,Rodentisida,01120120113997,2023-02-08,2028-02-08
3170,LU 50 EW,ZHENGBANG CROP PROTECTION INDONESIA,Insektisida,1010120217255,2022-01-14,2027-01-14
3171,MIRAI 150 DAYS,OSIMO INDONESIA,Pestisida Rumah Tangga,032024562,2024-11-18,2029-11-18
3172,penoxtan 25 OD,TANGGUH AGRO NUSA INDONESIA,Herbisida,01030120238180,2024-03-05,2029-03-05
3173,DUACIS 50 EC,AGROKIMINDO KURNIABUANA,Insektisida,01010120062513,2026-04-20,2031-04-20
3174,VORAXOR 250/125 SC,BASF INDONESIA,Herbisida,01030120227480,2026-01-20,2031-01-20
3175,KACHI 175 SC,UPL INDONESIA,Insektisida,01010120165566,2023-02-08,2028-02-08
3176,APIKUR 722 SL,SARI KRESNA KIMIA,Fungisida,01020120259161,2026-01-20,2031-01-20
3177,BM FLYTHRIN 100 EC,BEHN MEYER AGRICARE,Insektisida,01010120103615,2024-08-09,2029-08-09
3178,AMATRANE 480 EC,ARTHA MAKMUR ABADI,Herbisida,01030120269514,2026-07-16,2031-07-16
3179,MAULANET 0.11 LN,CATUR KARTIKA JAYA,Pestisida Pengendalian Vektor Penyakit Pada Manusia,06090120227555,2022-12-05,2027-12-05
3180,VAPE 24.2 LV,FUMAKILLA INDONESIA,Pestisida Rumah Tangga,06080120206877,2026-01-20,2031-01-20
3181,ABITA 200 EW,ADVANSIA INDOTANI,Bakterisida,01060120217014,2026-01-20,2031-01-20
3182,LUDO 310 EC,DELTAGRO MULIA SEJATI,Insektisida,01010120124478,2026-04-20,2031-04-20
3183,"V-UBIMART 0,5 RB",VISION CROP PROTECTION,Pestisida Rumah Tangga,06080120248726,2025-02-17,2030-02-17
3184,GLUMARIN 175 SL,SINAR GENERAL INDUSTRIES,Herbisida,01030120144936,2024-09-19,2029-09-19
3185,BOOSTER 250 EC,CROP CARE INDONESIA,Fungisida,01020120062504,2025-11-13,2030-11-13
3186,SANTOAT 400 EC,SANTANI AGRO PERKASA,Insektisida,01010120042146,2024-09-19,2029-09-19
3187,TOKSCERRO 50 EC,BANGKIT JAYA,Insektisida,01010120248334,2024-08-09,2029-08-09
3188,TORRES 150 SC,JIRONA AGRITAMA,Insektisida,01010120196581,2024-11-18,2029-11-18
3189,FENOXAPROP-P-ETHYL 95 TC,SOLO LOGO INDONESIA,Herbisida,0420261481,2026-04-20,2031-04-20
3190,AGAPRO 66/214 SL,AGRO GUNA MAKMUR,Insektisida,01010120155288,2026-01-20,2031-01-20
3191,ZESBAN 480 EC,MASCO AGRI GENETICS,Insektisida,01010120134737,2023-08-28,2028-08-28
3192,BESISTAN 60 WP,BRAVO DINAMIKA,Moluskisida,01050120185940,2023-02-08,2028-02-08
3193,TRAPAlly 20 WP,BERBAK AGRO SEJATI,Herbisida,01030120237949,2023-08-28,2028-08-28
3194,PIRANHA 250 SL,TIGA MUARA EMAS MAKMUR,Herbisida,01030120124499,2022-12-05,2027-12-05
3195,AUDIT 75 WG,SURAT TANI,Herbisida,01030120114025,2026-04-20,2031-04-20
3196,HIT 12.38 LV,GODREJ CONSUMER PRODUCTS INDONESIA,Insektisida,06080120114135,2021-11-18,2026-11-18
3197,"TAWON 0,058 MC",MENARA LAUT BERSATU,Pestisida Rumah Tangga,06080120259307,2026-01-20,2031-01-20
3198,BROFREYA 53 SC,AGRICULTURE CONSTRUCTION INDONESIA,Insektisida,01010120217194,2026-01-20,2031-01-20
3199,ACTICIDE CF,JAYA WARINDO ABADI,Fungisida,042020864,2026-04-20,2031-04-20
3200,PROMASIDA SL,PATIH GAJAHMADA,Fungisida,01020120175782,2022-10-04,2027-10-04
3201,"MANIC 62,5 WG",UPL INDONESIA,Fungisida,01020120175907,2023-04-26,2028-04-26
3202,BESGRIMEX 36 EC,TIARA BUANA MANDIRI,Insektisida,01010120113876,2025-09-26,2030-09-26
3203,CHIPS SC,PROPADU KONAIR TARAHUBUN,Fungisida,01010120237741,2023-04-26,2028-04-26
3204,TANTAN 125/125 SC,ALBAUGH AGRO INDONESIA,Fungisida,01020120145024,2024-09-19,2029-09-19
3205,Salufoste 200 SL,WINHONOR CONSULTING INDONESIA,Herbisida,01030120259283,2026-01-20,2031-01-20
3206,ORONDIS OPTI 6/400 SC,SYNGENTA INDONESIA,Fungisida,01020120206652,2025-02-17,2030-02-17
3207,TERTION 500 EC,BINTANG RAPESTRA ABADI,Insektisida,01010120269673,2026-07-16,2031-07-16
3208,NITEZIM 50/10 WG,PETROSIDA GRESIK,Insektisida,01010120238171,2024-03-05,2029-03-05
3209,BROCONIL 75 WP,TRIBINA TANIKARYA,Fungisida,01020120062347,2025-09-26,2030-09-26
3210,CYPERMETHRIN 92 TC,KENSO INDONESIA,Insektisida,0420251394,2025-09-26,2030-09-26
3211,MATIKUS 0.003 BB,SYNGENTA INDONESIA,Rodentisida,032017405,2022-06-27,2027-06-27
3212,MC ERROL 15 WP,ARENA HORMON INDONUSA,Zat Pengatur Tumbuh Tanaman,01040120083139,2024-03-05,2029-03-05
3213,PEACE 160/160 EC,SINAR GENERAL INDUSTRIES,Fungisida,01020120155172,2024-11-18,2029-11-18
3214,PYRIDABEN 98 TC,MULTI SARANA INDOTANI,Akarisida,0420251399,2025-09-26,2030-09-26
3215,GOTANI 50 WP,AGROSIDA SELARAS BERSAMA,Fungisida,01020120237885,2023-08-28,2028-08-28
3216,SHOMEI 50 SC,MASCO AGRI GENETICS,Insektisida,01010120238196,2024-03-05,2029-03-05
3217,"ALPHATECH 240/4,25 SL",AGROTECH PESTICIDE INDUSTRY,Herbisida,01030120083169,2023-04-26,2028-04-26
3218,PROMOTOP 531 SL,TIGA MUARA EMAS MAKMUR,Herbisida,01030120124505,2022-12-05,2027-12-05
3219,MARINOS 80 WP,MITRA INDOTANI ABADI,Fungisida,01020120259093,2025-11-13,2030-11-13
3220,GLIFAST 480 SL,Agro Bumi Timur,Herbisida,01030120258778,2025-07-11,2030-07-11
3221,EMPEROR 250/165/60 SC,MASCO AGRI GENETICS,Fungisida,01020120155390,2025-07-11,2030-07-11
3222,ACQURA 500 EC,ROYAL AGRO INDONESIA,Insektisida,01010120114015,2023-04-26,2028-04-26
3223,PREVENTOL BM 75,KEMINDO ARTHA JAYA,Bakterisida,0420231266,2024-03-05,2029-03-05
3224,DEBIT 25 EC,TRIBINA TANIKARYA,Insektisida,01010120155224,2025-09-26,2030-09-26
3225,BARSOLI 0.1 SL,AGRO SEJAHTERA INDONESIA,Zat Pengatur Tumbuh Tanaman,01040120237968,2024-03-04,2029-03-04
3226,SHOGUN 440 SC,MITSUBISHI CORPORATION INDONESIA,Insektisida,0101011986745,2025-09-26,2030-09-26
3227,PRIMABEST 150 SL,PRIMA KARYA BERJAYA,Herbisida,01030120186071,2023-08-28,2028-08-28
3228,EMAPRO 20/160 OD,DA MING INDONESIA,Insektisida,01010120217040,2026-04-20,2031-04-20
3229,PERKILL 50 EC,CATUR AGRODAYA MANDIRI,Insektisida,01010120042119,2024-08-09,2029-08-09
3230,TRIKLOPIR BUTOTIL 95 TC,MULTI AGRO JAYA UTAMA,Herbisida,0420221108,2023-02-08,2028-02-08
3231,CENTRO 75 WP,MULTI SARANA INDOTANI,Fungisida,01020120155137,2023-08-28,2028-08-28
3232,BIONASA 480 SL,BIOTIS AGRINDO,Herbisida,01030120031806,2026-04-20,2031-04-20
3233,DISCO 75 WP,SAPROTAN UTAMA NUSANTARA,Fungisida,01020120269552,2026-07-16,2031-07-16
3234,TOPREL 480 SL,SARI KRESNA KIMIA,Zat Pengatur Tumbuh Tanaman,01040120083229,2023-02-08,2028-02-08
3235,HYKOP 250 SL,PT. Agritek Tani Indonesia,Atraktan / Feromon,01070120186126,2023-08-28,2028-08-28
3236,ALERT 20 WG,NATHANI CHEMICALS,Herbisida,01030120103701,2025-09-26,2030-09-26
3237,GREAT-NIL 78 WP,PERSADA AGRO SUKSES,Fungisida,01020120165516,2025-07-11,2030-07-11
3238,BESCLAIM 30 EC,TIARA BUANA MANDIRI,Insektisida,01010120145041,2024-11-18,2029-11-18
3239,CONFIDOR EXTRA 350 SC,BAYER INDONESIA,Insektisida,01010120144974,2024-03-05,2029-03-05
3240,FOLIO GOLD 440 SC,SYNGENTA INDONESIA,Fungisida,01020120072747,2022-06-27,2027-06-27
3241,MAGICON 0.04 SL,INDOIN BUSINESS GROUP,Zat Pengatur Tumbuh Tanaman,01040120238153,2024-03-05,2029-03-05
3242,OPUS 125 SC,BASF INDONESIA,Fungisida,032022521,2022-06-27,2027-06-27
3243,ZIVILIA 125/300 SE,SARAREA PANEN RAYA,Fungisida,01020120227376,2022-06-27,2027-06-27
3244,GOLDEN FOISON 200 SL,MULTI AGRO JAYA UTAMA,Herbisida,01030120238004,2024-03-04,2029-03-04
3245,REXLON 670 EC,NUSA MANDIRI UTAMA,Herbisida,01030120134812,2024-09-19,2029-09-19
3246,VESTORIA 20 WG,SYNGENTA INDONESIA,Insektisida,01010120206998,2025-11-13,2030-11-13
3247,POKRO 250 EC,Agro Bumi Timur,Fungisida,01020120238187,2024-03-05,2029-03-05
3248,SAGRI-CLEAR 30/30 WP,SATYA AGRO INDONESIA,Insektisida,01010120206975,2025-09-26,2030-09-26
3249,SAYMEKTIN 36 EC,MUTIARA AGRO SEJATI,Insektisida,01010120259124,2025-11-13,2030-11-13
3250,GIBAS 240 SL,PT. FORTUNA MULIA SEJATI,Herbisida,01030120093440,2023-02-08,2028-02-08
3251,LINDUNG 12.8/25.2 WG,Agro Bumi Timur,Fungisida,01020120269412,2026-04-20,2031-04-20
3252,RICEBAC 400 SC,UPL INDONESIA,Herbisida,01030120165460,2025-09-26,2030-09-26
3253,NOMOS 0.051MC,FUMAKILLA NOMOS,Pestisida Rumah Tangga,06080120217068,2026-07-16,2031-07-16
3254,BESTGARD 100 EC,BIOTEK SARANA INDUSTRI,Insektisida,05010120258906,2025-09-26,2030-09-26
3255,ERASOR 300/225 SC,DELTA GIRI WACANA,Fungisida,01020120238122,2024-03-05,2029-03-05
3256,BIOZEB 80 WP,BIOTIS AGRINDO,Fungisida,01020120248362,2024-09-19,2029-09-19
3257,SUDAHLARIS 240 SL,CATUR MANUNGGAL JAYA ABADI,Herbisida,01030120175762,2023-04-26,2028-04-26
3258,FAJARIS 240 SL,FAJAR BUANA CHEMICAL,Herbisida,01030120093433,2024-08-09,2029-08-09
3259,FENAPIR 450 SC,JAWA AGRINDO INTERNASIONAL,Insektisida,01010120196530,2024-09-19,2029-09-19
3260,MERPAN 80 WG,ROYAL AGRO INDONESIA,Fungisida,01020120134598,2023-04-26,2028-04-26
3261,PT-Harvest 395 SL,BIOWORLD BIOSCIENCES MANUFACTURING INDUSTRIES,Zat Pengatur Tumbuh Tanaman,032026645,2026-04-20,2031-04-20
3262,RENEGADE 500 SC,MAXXI AGRI INDONESIA,Insektisida,01010120248690,2025-02-17,2030-02-17
3263,OBALOLO 865 SL,ASIA GALA KIMIA,Herbisida,01030120072803,2026-04-20,2031-04-20
3264,CLOPASTRIN 100/520 EC,SOLO LOGO INDONESIA,Insektisida,01010120206910,2026-01-20,2031-01-20
3265,BALTIKO 68/2 WP,ETONG CHEMICAL INDONESIA,Insektisida,01010120217025,2026-04-20,2031-04-20
3266,UNICOR M 70 WG,CATUR AGRODAYA MANDIRI,Herbisida,01030120062484,2022-12-05,2027-12-05
3267,BUMP 25/40 WP,EASTCHEM AGROSCIENCE INDONESIA,Fungisida,01020120227505,2022-12-05,2027-12-05
3268,RAKSAONE 60 WP,MASCO AGRI GENETICS,Fungisida,01020120238190,2024-03-05,2029-03-05
3269,EKSAQUAT 135 SL,EKA SALA ALFAINDO,Herbisida,01030120238120,2024-03-05,2029-03-05
3270,RALLY 20 WG,PETROKIMIA KAYAKU,Herbisida,01030120062464,2026-01-20,2031-01-20
3271,CYCAT 50 EC,CATUR AGRODAYA MANDIRI,Insektisida,01010120083034,2023-04-26,2028-04-26
3272,TIDAL 5 WP,CATUR AGRODAYA MANDIRI,Insektisida,01010120083159,2023-04-26,2028-04-26
3273,TEBUFENOSIDA 95 TC,SUMANS MANDIRI SEJAHTERA,Insektisida,042020828,2025-11-13,2030-11-13
3274,HERBATOP 276 SL,FADJARPURNAMA PRATAMA INTI,Herbisida,0103011981526,2024-08-09,2029-08-09
3275,VAPE MOSQUITO COIL mh,FUMAKILLA INDONESIA,Pestisida Rumah Tangga,032025635,2026-01-20,2031-01-20
3276,DewaGibb 20 TB,MENARA BERLIAN,Zat Pengatur Tumbuh Tanaman,01040120113923,2026-01-20,2031-01-20
3277,CORNEAN 337 SC,QILU CROP SCIENCE,Herbisida,01030120258756,2025-07-11,2030-07-11
3278,ZAPMITE NEO 150 EW,MAXXI AGRI INDONESIA,Akarisida,01140120259020,2025-09-26,2030-09-26
3279,CENTADOR 10 WP,CENTA BRASINDO ABADI CHEMICAL INDUSTRY,Insektisida,01010120083031,2022-10-04,2027-10-04
3280,ASM FOCUS 5.7 WG,AGRINDO SANDARAN MAS,Insektisida,01010120269331,2026-04-20,2031-04-20
3281,PRIMA-ACE 75 SP,PRIMA KARYA BERJAYA,Insektisida,01010120206965,2025-11-13,2030-11-13
3282,OKEXONE 138 SL*,SANTANI SEJAHTERA,Herbisida,01030120175777,2022-06-27,2027-06-27
3283,Copper Omadine Paste,ARXADA CHEMICALS INDONESIA,Pestisida lain-lain,0420241302,2024-09-19,2029-09-19
3284,OMI 150 EC,EXINDO RAHARJA PRATAMA,Insektisida,01010120083065,2023-08-28,2028-08-28
3285,SOLUSI 865 SL,BIOTIS AGRINDO,Herbisida,01030120031931,2022-01-14,2027-01-14
3286,GAESYA 200 SC,DELTA GIRI WACANA,Insektisida,01010120269571,2026-07-16,2031-07-16
3287,WHIMAS 1 RB,WIRAJAYA MITRA SUKSESTAMA,Pestisida Rumah Tangga,06080120227370,2022-06-27,2027-06-27
3288,DELOUSE 200 SL,DELTA GIRI WACANA,Insektisida,01010120052258,2024-03-04,2029-03-04
3289,K-THION PLUS 400/50 EC,HANEARL SCIENCE INDONESIA,Insektisida,01010120258961,2025-09-26,2030-09-26
3290,BENFURON 12/18 WP,MULTI SARANA INDOTANI,Herbisida,01030120124422,2022-06-27,2027-06-27
3291,EMDOX 50/100 SC,INDOIN BUSINESS GROUP,Insektisida,01010120206729,2025-09-26,2030-09-26
3292,METHOMYL 97 TC,INTI EVERSPRING INDONESIA,Insektisida,04199140,2022-12-05,2027-12-05
3293,HIT 2.8 LV,GODREJ CONSUMER PRODUCTS INDONESIA,Pestisida Rumah Tangga,06080120227313,2022-06-27,2027-06-27
3294,AGROKOL 70 WP,SAPROTAN UTAMA,Fungisida,01020120031732,2022-10-04,2027-10-04
3295,ZORVEC ENIBEL 60.6 WG,CORTEVA AGRISCIENCE MANUFACTURING INDONESIA,Fungisida,032024582,2025-02-17,2030-02-17
3296,ANDROMEDA 50/100 EC,ORCHID GLOBAL MAKMUR,Insektisida,01010120144966,2024-08-09,2029-08-09
3297,NYEKOR 250 EC,AGROKIMINDO KURNIABUANA,Fungisida,01020120062193,2025-11-13,2030-11-13
3298,TOPMAZIN 336 SC,RAINBOW AGROSCIENCES,Herbisida,01030120237947,2023-08-28,2028-08-28
3299,BETAMIX 470 EC,GOLDEN FARM INDONESIA,Insektisida,01010120175739,2022-10-04,2027-10-04
3300,YUTARIS 300/100 SL,NUSANTARA AGRO SUKSES,Herbisida,01030120259019,2025-09-26,2030-09-26
3301,Tecam 80 WG,UPL INDONESIA,Insektisida,01010120165654,2023-02-08,2028-02-08
3302,VERPECTION 400 EC,BAHTERA BONIAGA LESTARI,Insektisida,01010120175814,2022-12-05,2027-12-05
3303,ROVRAL 50 WP,BINA GUNA KIMIA,Fungisida,0102011982614,2025-11-13,2030-11-13
3304,BIOLARIS 500/50 SC,JIRONA AGRITAMA,Herbisida,01030120134848,2025-02-17,2030-02-17
3305,PILARVICTOR 80/80 ZC,PILARQUIM AGROSCIENCE INDONESIA,Insektisida,01010120258980,2025-09-26,2030-09-26
3306,OXYNATOR 240 EC,MASCO AGRI GENETICS,Herbisida,01030120248310,2024-08-09,2029-08-09
3307,GLYPHOSATE IPA 62 TA,NUFARM INDONESIA,Herbisida,042021917,2025-02-17,2030-02-17
3308,KOBAE GOKITORE HG12,OSIMO INDONESIA,Pestisida Rumah Tangga,032024576,2025-02-17,2030-02-17
3309,ABAMECTIN 95 TC,SURYA AGROKEMINDO PERKASA,Insektisida,042018639,2024-03-05,2029-03-05
3310,EMCINDO 500 EC,INTI EVERSPRING INDONESIA,Insektisida,01010119961267,2022-12-05,2027-12-05
3311,K-METCARB 20/5 WP,HANEARL SCIENCE INDONESIA,Insektisida,01010120258958,2025-09-26,2030-09-26
3312,VALINO 865 SL,INTI EVERSPRING INDONESIA,Herbisida,01030120093597,2024-08-09,2029-08-09
3313,ADIOS 100/20 SC,GRAHA AGRITECH PRIMA,Insektisida,01010120227275,2022-06-27,2027-06-27
3314,BRAMA 50 WP,DELTA GIRI WACANA,Fungisida,01020120238109,2024-03-05,2029-03-05
3315,GLUFO 150 SL,BIOTIS AGRINDO,Herbisida,01030120052266,2024-11-18,2029-11-18
3316,TRIDASAN 600 EC,TRIDA KIMIA SAKTI,Insektisida,01010120124531,2023-02-08,2028-02-08
3317,BAYLUSCIDE 250 EC,BAYER INDONESIA,Moluskisida,032013333,2023-04-26,2028-04-26
3318,PHANTOM 64/8 WP,AGRO SEJAHTERA INDONESIA,Fungisida,01020120134787,2024-03-04,2029-03-04
3319,FANATOP 288 SL,PETROKIMIA KAYAKU,Herbisida,01030120124454,2022-06-27,2027-06-27
3320,VIRDI 500 EC,SURYA AGROKEMINDO PERKASA,Insektisida,01010120062370,2026-04-20,2031-04-20
3321,FULLERTON 40 SP,SANTANI AGRO MANDIRI,Insektisida,01010120196435,2024-03-05,2029-03-05
3322,PARAQUAT DICHLORIDE 42 TC,KENSO INDONESIA,Herbisida,0420251421,2025-11-13,2030-11-13
3323,MONCEL 100 EC,REJEKI INDO AGROTEC,Herbisida,01030120269424,2026-04-20,2031-04-20
3324,MODARNO 138 SL,TIGA MUARA EMAS MAKMUR,Herbisida,01030120248519,2024-11-18,2029-11-18
3325,ABATE HOME 1 GR,BASF INDONESIA,Pestisida Pengendalian Vektor Penyakit Pada Manusia,06090120227377,2022-10-04,2027-10-04
3326,PARAQUAT DICHLORIDE 42 TC,MULTI SARANA INDOTANI,Herbisida,0420221030,2022-06-27,2027-06-27
3327,ABATEN 18 EC,TRIDA KIMIA SAKTI,Insektisida,01010120175666,2024-08-09,2029-08-09
3328,FURINDO 3 GR,MITRA KREASIDHARMA,Insektisida,01010120206923,2025-11-13,2030-11-13
3329,VAPE 0.445 AE,FUMAKILLA INDONESIA,Pestisida Rumah Tangga,06080120269498,2026-04-20,2031-04-20
3330,Zinc Omadine Antimicrobial,IMCD INDONESIA,Bakterisida,0420221091,2022-12-05,2027-12-05
3331,VAPE 8.9 LV,FUMAKILLA INDONESIA,Pestisida Rumah Tangga,032010247,2026-01-20,2031-01-20
3332,Abamectin 95 TC,TIENYEN INTERNATIONAL,Insektisida,042021974,2021-11-18,2026-11-18
3333,ThriDuo 40/20 WG,KHARISMA AGRI WIJAYA,Insektisida,01010120269675,2026-07-16,2031-07-16
3334,FLAVA 10 WP,AGRO GUNA MAKMUR,Herbisida,01030120062409,2026-07-16,2031-07-16
3335,GRAMATOP 276 SL,WINNER AGROCHEM INTERNUSA,Herbisida,01030120145066,2025-02-17,2030-02-17
3336,RANGGATOX 50 EC,NUGROHO PRATAMA CHEMICA ASIA,Pestisida Pengendalian Vektor Penyakit Pada Manusia,08090120103681,2025-09-26,2030-09-26
3337,NARASI 80 WP,BAHTERA BONIAGA LESTARI,Fungisida,01020120269425,2026-04-20,2031-04-20
3338,OXAMYL 10 GR,INTI EVERSPRING INDONESIA,Insektisida,032017417,2023-04-26,2028-04-26
3339,ASSET 190 SL,PUTRISARI KIMIANUSA,Herbisida,01030119981401,2024-09-19,2029-09-19
3340,WORTHIDE XTRA 30/30 WG,RAINBOW AGROSCIENCES,Insektisida,01030120227721,2023-02-08,2028-02-08
3341,DIMECO 400 SL,QILU CROP SCIENCE,Insektisida,01010120258761,2025-07-11,2030-07-11
3342,BANKILL 600/60 EC,SANTANI AGRO PERKASA,Insektisida,01010120186101,2023-08-28,2028-08-28
3343,VAPE 20 VP,FUMAKILLA INDONESIA,Pestisida Pengendalian Vektor Penyakit Pada Manusia,06090120207006,2026-01-20,2031-01-20
3344,BALVIER 330 EC,BOMA SAKTI TANI,Insektisida,01010120206600,2025-09-26,2030-09-26
3345,PROLARIS 250 SL,WINNER AGROCHEM INTERNUSA,Herbisida,01030120248535,2024-11-18,2029-11-18
3346,BLUETAN 60 WP,TIARA BUANA MANDIRI,Moluskisida,01050120175736,2022-01-14,2027-01-14
3347,SIDAMETHRIN 50 EC,PETROSIDA GRESIK,Insektisida,01010120011636,2025-09-26,2030-09-26
3348,AKURATA 200 EC,SARI KRESNA KIMIA,Insektisida,01010120031802,2025-11-13,2030-11-13
3349,SOFFELL SNOW MOUNTAIN 15 LT,HERLINA INDAH,Repelen,06080120206689,2025-11-13,2030-11-13
3350,GOODKILL 666 EC,SINAMYANG INDONESIA,Herbisida,01030120145064,2024-11-18,2029-11-18
3351,FOX 500 EC,NUFARM INDONESIA,Herbisida,01030120134679,2026-07-16,2031-07-16
3352,AGENT 50 SC,NUFARM INDONESIA,Insektisida,01010120093513,2023-04-26,2028-04-26
3353,TAVIO 500/10 FS,BASF INDONESIA,Fungisida,01020120259004,2025-09-26,2030-09-26
3354,REZIM 90 WG,RAINBOW AGROSCIENCES,Herbisida,01030120134710,2023-02-08,2028-02-08
3355,HIT EXPERT 0.06 FU,GODREJ CONSUMER PRODUCTS INDONESIA,Pestisida Rumah Tangga,06080120227530,2022-12-05,2027-12-05
3356,INTERGOLD 0.75/30 WG,INTER AGRO INDONESIA,Herbisida,01030120269579,2026-07-16,2031-07-16
3357,VAPE MAGIC 1.8 FU,FUMAKILLA INDONESIA,Pestisida Rumah Tangga,06080120165471,2026-07-16,2031-07-16
3358,ALUFOS 56 TB,YANNO AGRO SCIENCE INDONESIA,Fumigan,05100120175728,2024-03-05,2029-03-05
3359,PRIMATHANE 80 WP,AGROTECH PESTICIDE INDUSTRY,Fungisida,01020120113937,2025-09-26,2030-09-26
3360,Bio - Tribo P,AROMA,Fungisida,01020120237853,2023-08-28,2028-08-28
3361,BLOSAT 480 SL,YANNO AGRO SCIENCE INDONESIA,Herbisida,032024543,2024-08-09,2029-08-09
3362,KRESBAK 400 SC,SARI KRESNA KIMIA,Herbisida,01030120206677,2024-09-19,2029-09-19
3363,BOM-UP 520 SL,SAPROTAN UTAMA NUSANTARA,Herbisida,01030120072722,2026-01-20,2031-01-20
3364,BOM-UP 520 SL,SAPROTAN UTAMA NUSANTARA,Herbisida,01030120072722,2026-01-20,2031-01-20
3365,TRIDAZOL 150/150 EC,TRIDA KIMIA SAKTI,Fungisida,01020120124398,2022-06-27,2027-06-27
3366,Triclopyr Butoxy Ethyl Ester TC 95%,ARTHA MAKMUR ABADI,Herbisida,0420241343,2024-11-18,2029-11-18
3367,VAPE SPIRAL 0.1 MC,FUMAKILLA INDONESIA,Pestisida Rumah Tangga,06080120258891,2025-07-11,2030-07-11
3368,INDOCOZEB 80 WP,SARANA TANI INDONESIA MAKMUR,Fungisida,01020120145071,2024-08-09,2029-08-09
3369,THIODICARB 95 TC,INTI EVERSPRING INDONESIA,Insektisida,042016374,2026-01-20,2031-01-20
3370,BESTKING 60/20 WG,TIARA BUANA MANDIRI,Insektisida,01010120248582,2025-02-17,2030-02-17
3371,JOCKER 30 EC,MUTIARA AGRO SEJATI,Insektisida,01010120248290,2024-08-09,2029-08-09
3372,CORIDOR 250 EC,AGRO CHEMICA,Fungisida,01020120185946,2023-04-26,2028-04-26
3373,PRIMADAN 3 GR,CENTA BRASINDO ABADI CHEMICAL INDUSTRY,Insektisida,01010120196464,2024-09-19,2029-09-19
3374,ROZA 550 EC,DANKEN INDONESIA,Insektisida,01010120155347,2021-10-12,2026-10-12
3375,HOKY 30 EC,SARI KRESNA KIMIA,Insektisida,01010120052274,2025-02-17,2030-02-17
3376,NOBAS 400 EC,INTI EVERSPRING INDONESIA,Insektisida,01010120011581,2026-01-20,2031-01-20
3377,NITENPYRAM 95 TC,INTI EVERSPRING INDONESIA,Insektisida,042018568,2023-08-28,2028-08-28
3378,NEO PILARQUAT 137 SL*,CENTA BRASINDO ABADI CHEMICAL INDUSTRY,Herbisida,01030120227335,2022-06-27,2027-06-27
3379,MICROCARE ® CPBZ,TRITUNGGAL ARTHAMAKMUR,Fungisida,0420221034,2022-06-27,2027-06-27
3380,EMARTY 500/50 SC,CATUR AGRODAYA MANDIRI,Herbisida,01030120196236,2024-08-09,2029-08-09
3381,BRODIFACOUM 0.5 TK,MULTI SARANA INDOTANI,Rodentisida,0420221092,2023-02-08,2028-02-08
3382,WELLNOID 60 WP,DA MING INDONESIA,Moluskisida,01050120114030,2026-07-16,2031-07-16
3383,Chlorfenapyr 96 TC,DALZON CHEMICALS INDONESIA,Insektisida,042020811,2025-09-26,2030-09-26
3384,SAGRI-TREAT 300/150 EC,SATYA AGRO INDONESIA,Fungisida,01020120145019,2024-03-05,2029-03-05
3385,VULGAR 865 SL,PT. FORTUNA MULIA SEJATI,Herbisida,01030120134734,2023-02-08,2028-02-08
3386,PROPOXUR 100 EC,INTI EVERSPRING INDONESIA,Insektisida,032023540,2023-04-26,2028-04-26
3387,VIGOLD-T 200/280 SC,ARYSTA LIFESCIENCE TIRTA,Fungisida,01020120134838,2024-03-05,2029-03-05
3388,SINOPARAGO 200 SL,AGRO JAYA INDONESIA,Herbisida,01030120258999,2025-09-26,2030-09-26
3389,SULFARON 200/50 EC,EASTCHEM AGROSCIENCE INDONESIA,Insektisida,01010120227362,2022-06-27,2027-06-27
3390,MESOTRION 97 TC,SOLO LOGO INDONESIA,Herbisida,0420211003,2026-04-20,2031-04-20
3391,METSULINDO 20 WG,INTI EVERSPRING INDONESIA,Herbisida,01030120186204,2024-03-04,2029-03-04
3392,SENCOR FORTE 17.5/24 WG,BAYER INDONESIA,Herbisida,01030120248548,2024-11-18,2029-11-18
3393,AGADI 50 SC,ROYAL AGRO INDONESIA,Insektisida,01010120103627,2024-09-19,2029-09-19
3394,IPA GLYPHOSATE 62 TC,DELTA GIRI WACANA,Herbisida,042012289,2021-11-18,2026-11-18
3395,DOST 330 EC,UPL INDONESIA,Herbisida,01030120083036,2023-04-26,2028-04-26
3396,CORIDA 50 SC,ZENITH CROPSCIENCES INDONESIA,Fungisida,01020120113970,2023-04-26,2028-04-26
3397,VIVO 100 EC,AGRO MULIA,Insektisida,01010120175724,2023-02-08,2028-02-08
3398,CHLOROTHALONIL 96 TC,CENTA BRASINDO ABADI CHEMICAL INDUSTRY,Fungisida,0420231173,2023-08-28,2028-08-28
3399,CONSTEL 105/420 SC,UPL INDONESIA,Insektisida,01010120248591,2025-02-17,2030-02-17
3400,MAJESTIC 80 WP,GRAHA AGRITECH PRIMA,Fungisida,01020120175794,2022-12-05,2027-12-05
3401,EMAMEKTIN BENZOAT 70 TC,SOLO LOGO INDONESIA,Insektisida,0420241275,2024-08-09,2029-08-09
3402,TOPPER 10 WP,INDOIN BUSINESS GROUP,Herbisida,01030120196580,2024-09-19,2029-09-19
3403,BERNAS 250 EC,MAJU MAKMUR UTOMO,Fungisida,01020120083174,2023-08-28,2028-08-28
3404,EXPANDER 260/55/40 OD,DELTA GIRI WACANA,Herbisida,01030120248611,2025-02-17,2030-02-17
3405,RUDOR 5 WP,DELTAGRO MULIA SEJATI,Insektisida,01010120042002,2023-02-08,2028-02-08
3406,CUROCROP 500 EC,MASCO AGRI GENETICS,Insektisida,01010120093422,2024-08-09,2029-08-09
3407,CHLORPYRIFOS 97 TC,SURYA AGROKEMINDO PERKASA,Insektisida,042018588,2024-03-04,2029-03-04
3408,KEN-PRO 250 EC,KENSO INDONESIA,Fungisida,01020120145008,2024-08-09,2029-08-09
3409,GARLON 333/17 EW,CORTEVA AGRISCIENCE MANUFACTURING INDONESIA,Herbisida,032007211,2026-04-20,2031-04-20
3410,KENOSIS 60 WP,CULTURE AGRITECH INTERZONA,Fungisida,01020120155306,2026-01-20,2031-01-20
3411,RAINSINATE 60 SL,RAINBOW AGROSCIENCES,Herbisida,01030120248540,2024-11-18,2029-11-18
3412,OBIN 310/115 SL,PETROSIDA GRESIK,Herbisida,01030120072680,2022-06-27,2027-06-27
3413,GLYPHOSATE 95 TC,AGX ASIA INDONESIA,Herbisida,0420211001,2022-01-14,2027-01-14
3414,CHLORPOWER 200 SC,ARTHA MAKMUR ABADI,Insektisida,01010120269538,2026-07-16,2031-07-16
3415,PLENNO 50 WG,YANNO AGRO SCIENCE INDONESIA,Insektisida,01010120248314,2024-08-09,2029-08-09
3416,FLUROXYPYR MEPTYL HEPTYL ESTER 97 TC,CENTA BRASINDO ABADI CHEMICAL INDUSTRY,Herbisida,042018531,2024-03-05,2029-03-05
3417,MAGTOXIN 60 TB,INDO GLOBAL TRADE,Fumigan,0510011988846,2025-11-13,2030-11-13
3418,COWIN 550 EC,RAINBOW AGROSCIENCES,Insektisida,01010120186175,2023-04-26,2028-04-26
3419,PREVENTOL BM 5,INDO ASIA TIRTA MANUNGGAL,Bakterisida,0420241348,2024-11-18,2029-11-18
3420,PenTop 138 SL*,SANJAYA SEJAHTERA LESTARI,Herbisida,01030120259262,2026-01-20,2031-01-20
3421,DY-NO-MITE 100 EC,INTER ANEKA LESTARI KIMIA,Bahan pengawet kayu,04110120217039,2026-07-16,2031-07-16
3422,VAPE LIQUID e45 LV,FUMAKILLA INDONESIA,Pestisida Rumah Tangga,032009219,2024-03-04,2029-03-04
3423,VAPE 0.176 AE,FUMAKILLA INDONESIA,Pestisida Rumah Tangga,06080120155282,2025-02-17,2030-02-17
3424,PRIMAXONE ULTRA 300 SL*,CENTA BRASINDO ABADI CHEMICAL INDUSTRY,Herbisida,01030120124501,2022-06-27,2027-06-27
3425,FARMECTIN 36 EC,FARMCO KIMIA,Insektisida,01010120185950,2023-04-26,2028-04-26
3426,RAMPECIS 300 EC,TIGA MUARA EMAS MAKMUR,Insektisida,01010120155258,2025-02-17,2030-02-17
3427,GERHANA 865 SL,TANI MUJUR,Herbisida,01030120021689,2023-02-08,2028-02-08
3428,CENTAMINE 870 SL,CENTA BRASINDO ABADI CHEMICAL INDUSTRY,Herbisida,01030120113952,2025-07-11,2030-07-11
3429,SANTAQUAT 276 SL*,SANTANI AGRO PERKASA,Herbisida,01030120072978,2022-06-27,2027-06-27
3430,INNOMAN ® CLA,TRITUNGGAL ARTHAMAKMUR,Bakterisida,0420231160,2023-04-26,2028-04-26
3431,HEXACAR 50/50 EC,SINAR GENERAL INDUSTRIES,Fungisida,01020120144988,2024-10-19,2029-10-19
3432,ZeaClean 240/10 OD,WINHONOR CONSULTING INDONESIA,Herbisida,01030120259324,2026-01-20,2031-01-20
3433,DIMEZONE 865 SL,AGRO TERRUM INDONESIA,Herbisida,01030120248599,2025-02-17,2030-02-17
3434,SAPULAT 40 SP,YANNO AGRO SCIENCE INDONESIA,Insektisida,032024547,2024-08-09,2029-08-09
3435,HIT 1.7 MV,GODREJ CONSUMER PRODUCTS INDONESIA,Pestisida Rumah Tangga,06080120227312,2022-06-27,2027-06-27
3436,APPLAUD 10 WP,PETROKIMIA KAYAKU,Insektisida,0101011984688,2026-04-20,2031-04-20
3437,MEPHOS 56P (Powder),MULTIGUNA GEMILANG,Fumigan,05100120134870,2024-03-04,2029-03-04
3438,PASMANTAB 320/125 SL,TIGA MUARA EMAS MAKMUR,Herbisida,01030120248526,2024-11-18,2029-11-18
3439,GLOWING 250 EC,GRAHA AGRITECH PRIMA,Fungisida,01020120269573,2026-07-16,2031-07-16
3440,BEROSAL 50 WP,SUMANS MANDIRI SEJAHTERA,Fungisida,01020120269529,2026-07-16,2031-07-16
3441,CENTALON 480 EC,CENTA BRASINDO ABADI CHEMICAL INDUSTRY,Herbisida,01030120103716,2024-11-18,2029-11-18
3442,Parakuat Diklorida 42 TC,SIFA SAUDARA ABADI,Herbisida,0420251382,2025-07-11,2030-07-11
3443,POUNCE 20 EC,BINA GUNA KIMIA,Insektisida,0101011981493,2024-03-04,2029-03-04
3444,SPINDID 40/160 SC,RAINBOW AGROSCIENCES,Insektisida,01010120237933,2023-08-28,2028-08-28
3445,MEPHOS 56TB,MULTIGUNA GEMILANG,Fumigan,05100120206948,2025-11-13,2030-11-13
3446,EPOKSTAR 80 WG,RAINBOW AGROSCIENCES,Fungisida,01020120175749,2022-10-04,2027-10-04
3447,WALANG 50 EC,SINAR GENERAL INDUSTRIES,Insektisida,01010120113980,2026-07-16,2031-07-16
3448,IMIDASAL 10 WP,ZENITH CROPSCIENCES INDONESIA,Insektisida,01010120041976,2024-03-05,2029-03-05
3449,ROLIZAPYR 75 WG,ROLIMEX KIMIA NUSAMAS,Herbisida,01030120186074,2023-08-28,2028-08-28
3450,TANITERR 3 GR,TANI MAS SUBUR,Insektisida,01010120206695,2025-02-17,2030-02-17
3451,DKTIRAM 70 WG,DANKEN INDONESIA,Fungisida,01020120165502,2022-12-05,2027-12-05
3452,FOLITEC 25 EC,BAYER INDONESIA,Insektisida,032012295,2022-12-05,2027-12-05
3453,Proxel CMC Preservative,ARXADA CHEMICALS INDONESIA,Pestisida lain-lain,042019724,2024-09-19,2029-09-19
3454,SWEEPER 480 SL,POLARCHEM,Herbisida,01030120031934,2022-10-04,2027-10-04
3455,BINAPOSATE 480 SL,BINANGUN AGRO LESTARI,Herbisida,01030120237735,2023-04-26,2028-04-26
3456,OXAMYL 5 SL,INTI EVERSPRING INDONESIA,Insektisida,032020490,2025-07-11,2030-07-11
3457,MERIT 250 CS,RAINBOW AGROSCIENCES,Insektisida,01010120134789,2023-08-28,2028-08-28
3458,AJI-STAR 300 EC,AGRO JAYA INDUSTRI,Herbisida,01030120238091,2024-03-05,2029-03-05
3459,KLORELLE 530/55 EC,INTI EVERSPRING INDONESIA,Insektisida,01010120186201,2024-03-04,2029-03-04
3460,MEGASTAR 75 SP,MASCO AGRI GENETICS,Insektisida,01010120093352,2024-08-09,2029-08-09
3461,TELAVEX 100/30 OD,ROYAL AGRO INDONESIA,Herbisida,01030120258883,2025-07-11,2030-07-11
3462,REXROOT 480 SL,NUSA MANDIRI UTAMA,Herbisida,01030120145074,2025-02-17,2030-02-17
3463,SCALIN 80/220 SC,RAINBOW AGROSCIENCES,Insektisida,01010120237931,2023-08-28,2028-08-28
3464,VAPE 8.0 LV,FUMAKILLA INDONESIA,Pestisida Rumah Tangga,06080120165659,2021-11-18,2026-11-18
3465,COMRADE 100/50 SL,MAKMUR JAYA AGRO,Insektisida,01010120206814,2025-07-11,2030-07-11
3466,STARANE 288 EC,CORTEVA AGRISCIENCE MANUFACTURING INDONESIA,Herbisida,032018440,2024-03-05,2029-03-05
3467,DEFENDER 10/50 WG,PT. AGRORISEN INDOMAKMUR CEMERLANG,Insektisida,01010120237867,2023-08-28,2028-08-28
3468,PILARCHESS 60 WG,PILARQUIM AGROSCIENCE INDONESIA,Insektisida,01010120227688,2023-02-08,2028-02-08
3469,DN-80 80 WP,PRIMA KARYA BERJAYA,Herbisida,01030120196259,2024-03-05,2029-03-05
3470,VELOX 50 EC,ETONG CHEMICAL INDONESIA,Insektisida,01010120259144,2025-11-13,2030-11-13
3471,PRIMA-GUARD 480 EC,PRIMA KARYA BERJAYA,Herbisida,01030120155320,2025-09-26,2030-09-26
3472,Good Knight 0.566 MV,GODREJ CONSUMER PRODUCTS INDONESIA,Pestisida Rumah Tangga,06080120248631,2025-02-17,2030-02-17
3473,DEVOTE 250 EC,DHARMA GUNA WIBAWA,Herbisida,01030120237869,2023-08-28,2028-08-28
3474,ADENGO 315 SC,BAYER INDONESIA,Herbisida,01030120134842,2023-04-26,2028-04-26
3475,TAKEOVER 505 SL,TIGA MUARA EMAS MAKMUR,Insektisida,01010120134824,2022-12-05,2027-12-05
3476,PRESULOR 20/280 OD,RAINBOW AGROSCIENCES,Herbisida,01030120238047,2024-03-04,2029-03-04
3477,DKMETOAR 400 EC,DANKEN INDONESIA,Insektisida,01010120165430,2026-07-16,2031-07-16
3478,TRAVERSA 20/60 WG,ETONG CHEMICAL INDONESIA,Insektisida,01010120217269,2022-01-14,2027-01-14
3479,TURMADAN328 276 SL,TIGA MUARA EMAS MAKMUR,Herbisida,01030120259143,2025-11-13,2030-11-13
3480,ANDALL 865 SL,ANDALL HASA PRIMA,Herbisida,01030120021674,2023-04-26,2028-04-26
3481,MONOSULTAP 95 TC,CENTA BRASINDO ABADI CHEMICAL INDUSTRY,Insektisida,042018537,2023-02-08,2028-02-08
3482,PROMOZIM 250 EC,TIGA MUARA EMAS MAKMUR,Fungisida,01020120237923,2023-08-28,2028-08-28
3483,RUNING 77 WP,PETROKIMIA KAYAKU,Fungisida,01020120134781,2023-04-26,2028-04-26
3484,DUTAGRON 2 GR,PT. Duta Alam Prima,Insektisida,01010120206828,2026-01-20,2031-01-20
3485,BAZAK 29/12 WG,ROYAL AGRO INDONESIA,Insektisida,01010120248577,2025-02-17,2030-02-17
3486,BROXIL 52 WP,PERSADA AGRO SUKSES,Fungisida,01020120227287,2022-06-27,2027-06-27
3487,GULMARON 80 WP,TRIBINA TANIKARYA,Herbisida,01030119981413,2026-07-16,2031-07-16
3488,ULATGUARD 3 GR,ALFA BETA AGROCHEMICAL,Insektisida,010101202569496,2026-04-20,2031-04-20
3489,FENTANI 60 WP,TANGGUH AGRO NUSA INDONESIA,Moluskisida,01050120248483,2024-11-18,2029-11-18
3490,PAENAMAXI WP,PRIMA AGRO TECH,Fungisida,01.01.01.2022.177,2022-06-27,2027-06-27
3491,BESVIDOR 25 WP,TIARA BUANA MANDIRI,Insektisida,01010120113878,2025-09-26,2030-09-26
3492,WIN 10 WP,AGRICULTURE CONSTRUCTION,Herbisida,01030119951209,2026-01-20,2031-01-20
3493,ISAFORD 865 SL,INDO-SINO AGROCHEMICAL,Herbisida,01030120269390,2026-04-20,2031-04-20
3494,TRIDAXONE 276 SL*,TRIDA KIMIA SAKTI,Herbisida,01030120042176,2025-07-11,2030-07-11
3495,ZINTOP 70 WG,SUMANS MANDIRI SEJAHTERA,Herbisida,01030120145120,2025-02-17,2030-02-17
3496,GIBBROVAB 20 WP,Agro Bumi Timur,Zat Pengatur Tumbuh Tanaman,01040120258777,2025-07-11,2030-07-11
3497,DIMETOMORF 98 TC,SOLO LOGO INDONESIA,Fungisida,042021944,2025-11-13,2030-11-13
3498,RANCAKBANA 160 SL,TIGA MUARA EMAS MAKMUR,Herbisida,01030120248422,2024-09-19,2029-09-19
3499,DOLARIS 500/50 SC,CV. Raja Grafika,Herbisida,01030120206827,2025-09-26,2030-09-26
3500,PEMBURU 20/40 WG,ACE BIOCHEM INDONESIA,Insektisida,01010120248312,2024-08-09,2029-08-09
3501,GIGA 135 SL,BIOTIS AGRINDO,Herbisida,01030120093441,2023-04-26,2028-04-26
3502,LATRIN 25 EC,BIO AGRITECH NUSANTARA,Bahan pengawet kayu,01110120248508,2024-11-18,2029-11-18
3503,SORALIS 500/50 SC,AGROMANNA JAYA LESTARI,Herbisida,01030120165652,2026-07-16,2031-07-16
3504,PUNTOXTRA 70 WG,RAINBOW AGROSCIENCES,Insektisida,01010120134807,2023-02-08,2028-02-08
3505,SOPETON 108 EC,PETROKIMIA KAYAKU,Insektisida,01010120083294,2022-12-05,2027-12-05
3506,Triclopyr Bee 95 TC,DALZON CHEMICALS INDONESIA,Herbisida,042019803,2024-11-18,2029-11-18
3507,ARES 100 SL,DELTAGRO MULIA SEJATI,Insektisida,01010120124203,2025-09-26,2030-09-26
3508,FATAL 250 EC,BIOTIS AGRINDO,Moluskisida,01050120093334,2022-12-05,2027-12-05
3509,GESTAPO 450 SL,GRAHA AGRO,Insektisida,01010120134576,2023-02-08,2028-02-08
3510,PIVARON 100 EC,DALZON CHEMICALS INDONESIA,Insektisida,01010120175859,2022-12-05,2027-12-05
3511,Proxel 758,ARXADA CHEMICALS INDONESIA,Pestisida lain-lain,0420251406,2025-09-26,2030-09-26
3512,MACAN CENTA 150 SL,CENTA BRASINDO ABADI CHEMICAL INDUSTRY,Herbisida,01030120259236,2026-01-20,2031-01-20
3513,FLUSULFINAM 95 TC,KINGAGROOT BIOTECHNOLOGY INDONESIA,Herbisida,0420231228,2024-03-04,2029-03-04
3514,KAMIKAZE 318/53 EC,PETROKIMIA KAYAKU,Fungisida,01020120165622,2026-04-20,2031-04-20
3515,STAMULUS 80 WP,TANI MAS SUBUR,Fungisida,01020119971328,2023-02-08,2028-02-08
3516,TRICO-Z WP,CENTRA BIOTECH INDONESIA,Fungisida,01020120259140,2025-11-13,2030-11-13
3517,Proxel LS Preservative,ARXADA CHEMICALS INDONESIA,Pestisida lain-lain,0420241294,2024-08-09,2029-08-09
3518,MASCOT 480 SL,NATHANI CHEMICALS,Herbisida,01030120103770,2025-07-11,2030-07-11
3519,ACTIVE 280 EC,SINAR GENERAL INDUSTRIES,Insektisida,01010120196456,2024-11-18,2029-11-18
3520,RAINFLUMID PLUS 100/300 SC,RAINBOW AGROSCIENCES,Fungisida,01020120248688,2025-02-17,2030-02-17
3521,PMA-6 865 SL,TIGA MUARA EMAS MAKMUR,Herbisida,01030120227692,2023-02-08,2028-02-08
3522,TENTXONE 276 SL,MUTIARA AGRO SEJATI,Herbisida,01030120248434,2024-09-19,2029-09-19
3523,TENFU'S 20 SG,AGROMANNA JAYA LESTARI,Insektisida,01010120217090,2026-01-20,2031-01-20
3524,HOPTARA 500 EC,EXCEL MEG INDO,Insektisida,01010120186043,2023-08-28,2028-08-28
3525,PROPINEB 83 TK,BAYER INDONESIA,Fungisida,0420231141,2023-04-26,2028-04-26
3526,SOFFELL SNOW MOUNTAIN 150 AL,HERLINA INDAH,Repelen,06080120206686,2025-11-13,2030-11-13
3527,Soffell 130 SL,HERLINA INDAH,Repelen,06080120062474,2026-07-16,2031-07-16
3528,ROLLIMAX 500 SC,ROLIMEX KIMIA NUSAMAS,Herbisida,01030120248544,2024-11-18,2029-11-18
3529,DARGENT 55 SC,YANNO AGRO SCIENCE INDONESIA,Insektisida,01010120269349,2026-04-20,2031-04-20
3530,BEXAVIE 0.1 RB,CORTEVA AGRISCIENCE MANUFACTURING INDONESIA,Insektisida,01010120259177,2026-01-20,2031-01-20
3531,LAMBETA 50/50 EC,ARTHA BUANA MANDIRI,Insektisida,01010120155160,2026-01-20,2031-01-20
3532,FERGUSO 275 EC,ARTHA BUANA MANDIRI,Fungisida,01010120248612,2025-02-17,2030-02-17
3533,BISPYRIBAC-SODIUM 97 TC,RAINBOW AGROSCIENCES,Herbisida,042021977,2026-07-16,2031-07-16
3534,PROMOBAS 500 EC,TIGA MUARA EMAS MAKMUR,Insektisida,01010120134806,2022-12-05,2027-12-05
3535,TARGET 500 SC,NATHANI INDONESIA,Fungisida,01020120031915,2025-02-17,2030-02-17
3536,BULLWAT 250 SC,BERBAK AGRO SEJATI,Fungisida,01020120259042,2025-11-13,2030-11-13
3537,MAXIGOLD 2/38 WP,GRAHA AGRO,Herbisida,01030120269420,2026-04-20,2031-04-20
3538,sinatan 200 SL,TANGGUH AGRO NUSA INDONESIA,Herbisida,01030120238065,2024-03-04,2029-03-04
3539,SIDIN 50 EC,AGROKIMINDO KURNIABUANA,Insektisida,01010120011637,2026-07-16,2031-07-16
3540,K-OTHRINE 20 EW,DISCOVERY ENVIRONMENTAL SCIENCE INDONESIA,Pestisida Pengendalian Vektor Penyakit Pada Manusia,06090120093346,2024-09-19,2029-09-19
3541,SINASEN 300 SC,SINAMYANG INDONESIA,Bakterisida,01060120227462,2022-10-04,2027-10-04
3542,BEBALASS 540 SL,TIGA MUARA EMAS MAKMUR,Herbisida,01030120227497,2022-12-05,2027-12-05
3543,"Baygon 0,0097 MC",JOHNSON HOME HYGIENE PRODUCTS,Pestisida Rumah Tangga,06080120103608,2024-03-05,2029-03-05
3544,INLOV 40 SP,SARANA TANI INDONESIA MAKMUR,Insektisida,01010120227320,2022-06-27,2027-06-27
3545,STARCOP 259 SC,ROYAL AGRO INDONESIA,Fungisida,01020120248330,2024-08-09,2029-08-09
3546,SAGRI-PAS 287 SC,SATYA AGRO INDONESIA,Insektisida,01010120124383,2022-06-27,2027-06-27
3547,ICON 25 EC,SYNGENTA INDONESIA,Pestisida Pengendalian Vektor Penyakit Pada Manusia,0609011988831,2022-10-04,2027-10-04
3548,CONVEY COMPLETE 10/300 SC,BASF INDONESIA,Herbisida,01030120175893,2026-04-20,2031-04-20
3549,ARCHER 20 WG,DHARMA GUNA WIBAWA,Herbisida,01030120124542,2022-06-27,2027-06-27
3550,DETOP 400 SL,ASIA GALA KIMIA,Insektisida,01010120165427,2026-01-20,2031-01-20
3551,BESTARTOP 125/200 SC,TIARA BUANA MANDIRI,Fungisida,01020120155216,2025-02-17,2030-02-17
3552,AVENGER PLUS 50 SC,JIRONA AGRITAMA,Insektisida,01010120165485,2024-09-19,2029-09-19
3553,FORAMEZON 336 SC,FORAGRO MITRA SEJATI,Herbisida,01030120248487,2024-11-18,2029-11-18
3554,CARBOFURAN 98 TC,INDO-SINO AGROCHEMICAL,Insektisida,032025626,2026-01-20,2031-01-20
3555,CHOLECALCIFEROL 99 TC,KHARISMA AGRI WIJAYA,Rodentisida,0420251376,2025-07-11,2030-07-11
3556,"MATTOX 0,068 MC",MENARA JAYA LESTARI,Pestisida Rumah Tangga,06080120227434,2022-10-04,2027-10-04
3557,TREBON 95 EC,ARYSTA LIFESCIENCE TIRTA,Insektisida,0101011984723,2022-12-05,2027-12-05
3558,GLITOP 480 SL,FADJARPURNAMA PRATAMA INTI,Herbisida,01030119971321,2026-04-20,2031-04-20
3559,SIBIRU 80 WP,MAXXI AGRI INDONESIA,Fungisida,01020120238061,2024-03-04,2029-03-04
3560,EMASOL 30 EC,INTI EVERSPRING INDONESIA,Insektisida,01010120227401,2022-10-04,2027-10-04
3561,TOTAL MAX 200 EC,MULTI SARANA INDOTANI,Insektisida,01010120134728,2023-04-26,2028-04-26
3562,FLOSAFE 0.005 RB,GONGCHENG BIOTECH INDONESIA,Rodentisida,06120120259203,2026-01-20,2031-01-20
3563,"GUELA 12,5 PA",PETROSIDA GRESIK,Zat Pengatur Tumbuh Tanaman,01040120072943,2022-06-27,2027-06-27
3564,RALANG 480 SL,SPEKTRUM GEO INAGRO,Herbisida,01030120093482,2024-09-19,2029-09-19
3565,SINATRUM 200 SL,SOLO LOGO INDONESIA,Herbisida,01030120259127,2025-11-13,2030-11-13
3566,NEW CROCODILE NATURAL MOSQUITO COIL,FUMAKILLA NOMOS,Pestisida Rumah Tangga,032019453,2024-11-18,2029-11-18
3567,LOOSDOOL 40 SP,SARI KRESNA KIMIA,Insektisida,01010120237782,2023-04-26,2028-04-26
3568,ACTICIDE EPW2,JAYA WARINDO ABADI,Fungisida,0420231151,2023-04-26,2028-04-26
3569,MANUVER 400 SL,BIOTIS AGRINDO,Insektisida,01010120041981,2022-10-04,2027-10-04
3570,PRIMAMECT 200 SC,PRIMA KARYA BERJAYA,Insektisida,01010120186065,2023-08-28,2028-08-28
3571,AMON 150 SL,AGROTECH PESTICIDE INDUSTRY,Herbisida,01030120217016,2025-11-13,2030-11-13
3572,VAPE MAT,FUMAKILLA INDONESIA,Pestisida Rumah Tangga,032019457,2024-09-19,2029-09-19
3573,KONTAXONE 310 SL*,SINAR GENERAL INDUSTRIES,Herbisida,01030120114139,2022-06-27,2027-06-27
3574,Fluroxypyr-meptyl 97 TC,DALZON CHEMICALS INDONESIA,Herbisida,042019739,2024-08-09,2029-08-09
3575,PROFENOFOS 90 TC,INTI EVERSPRING INDONESIA,Insektisida,042018546,2023-04-26,2028-04-26
3576,MARADONA 490 SL,SURYA AGROKEMINDO PERKASA,Herbisida,01030120175908,2023-04-26,2028-04-26
3577,STARPAX 500 SC,REJEKI INDO AGROTEC,Herbisida,01030120206694,2025-02-17,2030-02-17
3578,STARPASS 200 EC,CENTA BRASINDO ABADI CHEMICAL INDUSTRY,Herbisida,01030120237816,2023-04-26,2028-04-26
3579,POWERFOS 410 SL,JATI EMAS UNGGUL,Fungisida,01020120238046,2024-03-04,2029-03-04
3580,SENATOR 200 EC,BIOTIS AGRINDO,Insektisida,01010120083292,2022-10-04,2027-10-04
3581,TABARAK 360 EC,NUFARM INDONESIA,Zat Pengatur Tumbuh Tanaman,032022522,2022-06-27,2027-06-27
3582,BESQUEEN 80 SP,SUMANS MANDIRI SEJAHTERA,Insektisida,01010120145042,2025-02-17,2030-02-17
3583,MELYRA 200/200 SC,BASF INDONESIA,Fungisida,01020120227331,2026-01-20,2031-01-20
3584,PROPEL 276 SL*,SURYA AGROKEMINDO PERKASA,Herbisida,01030120165640,2022-01-14,2027-01-14
3585,TEROZONE 240 EC,AGRO TERRUM INDONESIA,Herbisida,01030120248711,2025-02-17,2030-02-17
3586,CARBOFURAN 98 TC,INTI EVERSPRING INDONESIA,Insektisida,042019680,2024-03-04,2029-03-04
3587,DOWNMID 100/300 SC,RAINBOW AGROSCIENCES,Fungisida,01020120237993,2024-03-04,2029-03-04
3588,MARSHAL 200 EC,BINA GUNA KIMIA,Insektisida,032024561,2024-11-18,2029-11-18
3589,GRAB 150/75 SC,KRISTALINDO KARUNIA INTERNASIONAL,Pestisida Rumah Tangga,06080120248271,2024-08-09,2029-08-09
3590,RICEQUICK 50 WP,ROYAL AGRO INDONESIA,Herbisida,01030120175788,2023-04-26,2028-04-26
3591,RAZIO 400 SC,KIMIKA USAHA PRIMA,Fungisida,01020120237803,2023-04-26,2028-04-26
3592,NIKITOP 160 SL,SARI KRESNA KIMIA,Herbisida,01030120011558,2024-09-19,2029-09-19
3593,BRIGGS 720 SL,DALZON CHEMICALS INDONESIA,Zat Pengatur Tumbuh Tanaman,032024544,2024-08-09,2029-08-09
3594,CORONA PRIMA 200/125 SC,DELTA GIRI WACANA,Fungisida,01020120145050,2024-08-09,2029-08-09
3595,SILOGUD 250 EC,PHOSPHINDO JAYA UTAMA,Insektisida,05010120175793,2024-03-05,2029-03-05
3596,STARFOS 410 SL,AGRINDO PERSADATAMA,Fungisida,01020120269665,2026-07-16,2031-07-16
3597,RENNATE 40 WP,MITRA KREASIDHARMA,Insektisida,01010120145034,2024-08-09,2029-08-09
3598,TAKTI-KILL PBK DUA 3.0 VP,SEJAHTERA EKOLOGIKA DUTA QUEMIKA,Atraktan / Feromon,01070120259133,2025-11-13,2030-11-13
3599,ONE PUSH VAPE 4.6 AE,FUMAKILLA INDONESIA,Pestisida Rumah Tangga,06080120206651,2025-09-26,2030-09-26
3600,P-GLUFOSINAT 90 TC,AGRO JAYA INDONESIA,Herbisida,0420231200,2023-08-28,2028-08-28
3601,HIT 0.12 AE,GODREJ CONSUMER PRODUCTS INDONESIA,Pestisida Rumah Tangga,06080120196439,2024-11-18,2029-11-18
3602,VAPE 13.3 LV,FUMAKILLA INDONESIA,Pestisida Rumah Tangga,032010244,2026-01-20,2031-01-20
3603,MAGICIAN 80 WP,SINAR GENERAL INDUSTRIES,Herbisida,01030120269595,2026-07-16,2031-07-16
3604,DIMINA 720 SL,AGROKIMINDO KURNIABUANA,Herbisida,01030120062510,2021-10-12,2026-10-12
3605,VAPE 1.7 MV,FUMAKILLA INDONESIA,Pestisida Rumah Tangga,06080120206790,2025-11-13,2030-11-13
3606,FLOMAX 800 SC,AGRO INSANI SEMESTA,Fungisida,01020120206617,2025-02-17,2030-02-17
3607,Glyphosate 95% Teknis,TIGA MUARA EMAS MAKMUR,Herbisida,0420231131,2023-04-26,2028-04-26
3608,AGIB 10 SP,GRAHA AGRO,Zat Pengatur Tumbuh Tanaman,01040120186086,2023-02-08,2028-02-08
3609,AGXOTURON 50 WP,AGX ASIA INDONESIA,Herbisida,01030120237959,2024-03-04,2029-03-04
3610,PYRIGRAN 75 WG,SML AGRO INDONESIA,Insektisida,01010120217164,2026-07-16,2031-07-16
3611,TYPHOSAT 485 SL,FLORA DAN FAUNA,Herbisida,01030120145114,2024-11-18,2029-11-18
3612,DISCIPLINE 150 SL,MASCO AGRI GENETICS,Herbisida,01030120238116,2024-03-05,2029-03-05
3613,MAMOXONE 138 SL,LANGGENG MUSTIKA CHEMINDO,Herbisida,01030120248655,2025-02-17,2030-02-17
3614,Cap Gajah 0.005 BB,GODREJ CONSUMER PRODUCTS INDONESIA,Rodentisida,06120120217195,2026-07-16,2031-07-16
3615,BROTOP 276 SL,SARI KRESNA KIMIA,Herbisida,01030120227623,2023-02-08,2028-02-08
3616,CROPBEAM 34 ME,ENFARM CROP SCIENCE,Insektisida,01010120258918,2025-09-26,2030-09-26
3617,ADITRIN 50 EC,AGROCHEM JAYA,Insektisida,01010120124408,2023-08-28,2028-08-28
3618,ROTANIL 75 WP,INDAGRO,Fungisida,01020120011634,2026-07-16,2031-07-16
3619,CRUCIAL 400/300 SL,NUFARM INDONESIA,Herbisida,01030120165535,2026-01-20,2031-01-20
3620,Fentin Acetate 95 TC,SOLO LOGO INDONESIA,Moluskisida,0420231182,2023-08-28,2028-08-28
3621,PENJOL 80 WP,AGRO JAYA INDUSTRI,Fungisida,01020120248529,2024-11-18,2029-11-18
3622,TETRIN 36 EC,PETROKIMIA KAYAKU,Insektisida,01010120083299,2022-10-04,2027-10-04
3623,SOFFELL LEAF 13.7 LT,HERLINA INDAH,Pestisida Rumah Tangga,06080120248549,2024-11-18,2029-11-18
3624,ZEB-MOX 64/8 WP,PERSADA AGRO SUKSES,Fungisida,01020120258896,2025-07-11,2030-07-11
3625,AKOCYTHRIN 50 EC,ROYAL AGRO INDONESIA,Insektisida,01010120072699,2023-04-26,2028-04-26
3626,RATTUS 5 SL,SUMANS MANDIRI SEJAHTERA,Rodentisida,01120120258987,2025-09-26,2030-09-26
3627,PRIMA-FILA 125/400 SE,PRIMA KARYA BERJAYA,Fungisida,01020120227572,2022-12-05,2027-12-05
3628,SANVAL 200 EC,SANTANI AGRO PERKASA,Insektisida,01010120042140,2024-09-19,2029-09-19
3629,ROUNDUP HERBICIDE 486 SL,MONAGRO KIMIA,Herbisida,032013323,2023-04-26,2028-04-26
3630,"2,4-D 98 TC",TRUSTCHEM AGRO INDONESIA,Herbisida,0420231217,2024-03-04,2029-03-04
3631,PEROZIN 80 WP,ZENITH CROPSCIENCES INDONESIA,Fungisida,01020120031788,2024-03-05,2029-03-05
3632,GRASSELA 180/30 OD,NUFARM INDONESIA,Herbisida,01030120248272,2024-08-09,2029-08-09
3633,ABAMEKTIN 95 TC,RAINBOW AGROSCIENCES,Insektisida,042021975,2026-07-16,2031-07-16
3634,SIDRA UP 490 SL,SARI KRESNA KIMIA,Herbisida,01030120093520,2023-02-08,2028-02-08
3635,Amegrass 500 SC,PETROSIDA GRESIK,Herbisida,01030120042045,2023-08-28,2028-08-28
3636,SAPURATA 480 SL,ASIA GALA KIMIA,Herbisida,01030120072734,2026-04-20,2031-04-20
3637,METABAS 15/20 WP,MUTIARA AGRO SEJATI,Herbisida,01030120237906,2023-08-28,2028-08-28
3638,STARELLE 600/60 EC,MITRA KREASIDHARMA,Insektisida,01010120145109,2024-08-09,2029-08-09
3639,TIRTAKUM 0.005 BB,TIGA MUARA EMAS MAKMUR,Rodentisida,01120120227471,2022-10-04,2027-10-04
3640,TRIDALLY 24 WG,TRIDA KIMIA SAKTI,Herbisida,01030120124394,2022-06-27,2027-06-27
3641,ACTELLIC 300 CS,SYNGENTA INDONESIA,Pestisida Pengendalian Vektor Penyakit Pada Manusia,06090120165593,2021-11-18,2026-11-18
3642,BarkArmor 250/100 SC,KHARISMA AGRI WIJAYA,Fungisida,01020120269524,2026-07-16,2031-07-16
3643,MYLTOP 40 SP,TRIDA KIMIA SAKTI,Insektisida,01010120144914,2023-08-28,2028-08-28
3644,KEPRETIN 100 EC,Agro Bumi Timur,Insektisida,01010120124474,2023-04-26,2028-04-26
3645,SONGTONE 6/72 WG,SUNJOY AGRO INDONESIA,Fungisida,01020120248426,2024-09-19,2029-09-19
3646,SIDATHION 210/15 EC,PETROSIDA GRESIK,Insektisida,01010120093563,2023-08-28,2028-08-28
3647,RIVAL 200 EC,PERDANA AGRO MANDIRI,Insektisida,01010120103858,2026-01-20,2031-01-20
3648,FUNGIFLEX 100 EC,LOTUS GLOBALINDO SENTOSA,Bahan pengawet kayu,04110120269372,2026-04-20,2031-04-20
3649,BEAM 75 WP,CORTEVA AGRISCIENCE MANUFACTURING INDONESIA,Fungisida,01020120155214,2025-02-17,2030-02-17
3650,NUFOSAT 480 SL,CROP CARE INDONESIA,Herbisida,01030120031905,2026-07-16,2031-07-16
3651,Clean-Zeb 80 WP,SATYA ALAM SEMESTA,Fungisida,01020120248245,2024-08-09,2029-08-09
3652,LINDOMIN 865 SL,NUFARM INDONESIA,Herbisida,0103011989867,2024-08-09,2029-08-09
3653,ASETOR 250 EC,AGROMANNA JAYA LESTARI,Fungisida,01020120093516,2024-09-19,2029-09-19
3654,HIT 0.13 AE,GODREJ CONSUMER PRODUCTS INDONESIA,Insektisida,06080120237762,2023-04-26,2028-04-26
3655,ERKAFURON 20 WP,ROLIMEX KIMIA NUSAMAS,Herbisida,01030120134861,2024-03-05,2029-03-05
3656,CHLORADINO PLUS 10/40 WG,RAINBOW AGROSCIENCES,Insektisida,01010120258751,2025-07-11,2030-07-11
3657,GOSONGTOP 276 SL*,MAXXI AGRI INDONESIA,Herbisida,01030120114029,2026-07-16,2031-07-16
3658,CLINCHER 100 EC,CORTEVA AGRISCIENCE MANUFACTURING INDONESIA,Herbisida,032019468,2024-11-18,2029-11-18
3659,PENTA GLI-Z 240 SL,PRIMA KARYA BERJAYA,Herbisida,01030120206960,2025-11-13,2030-11-13
3660,RACUMIN 0.75 TP,DISCOVERY ENVIRONMENTAL SCIENCE INDONESIA,Rodentisida,011201197477,2025-09-26,2030-09-26
3661,ARYTOP 150/150 EC,ARYSTA LIFESCIENCE TIRTA,Fungisida,01020120072710,2026-04-20,2031-04-20
3662,PRODIAMIN 865 SL,WINNER AGROCHEM INTERNUSA,Herbisida,01030120248683,2025-02-17,2030-02-17
3663,MANTRAKOL 70 WP,EXCEL MEG INDO,Fungisida,01020120113902,2025-02-17,2030-02-17
3664,HIT ONE PUSH EXPERT 1.95 AE,GODREJ CONSUMER PRODUCTS INDONESIA,Pestisida Rumah Tangga,06080120217055,2026-04-20,2031-04-20
3665,RAYDOCK 55 EC,MULTI SARANA INDOTANI,Insektisida,01010120175786,2025-09-26,2030-09-26
3666,"NEOFRON 0,5 GR",MULTI SARANA INDOTANI,Insektisida,01010120238167,2024-03-05,2029-03-05
3667,VAPE 12 VP,FUMAKILLA INDONESIA,Pestisida Rumah Tangga,06080120227598,2022-12-05,2027-12-05
3668,RESTRAINT-P2 500 EC,CAKRA AGRO INDONESIA,Fungisida,01020120248322,2024-08-09,2029-08-09
3669,TEMPLAR 121.8/243.6 SC,BAYER INDONESIA,Pestisida Pengendalian Vektor Penyakit Pada Manusia,02010120227363,2022-06-27,2027-06-27
3670,ABAMECTIN 95 TC,TAPAL KOEDA INDONESIA,Insektisida,0420231169,2023-08-28,2028-08-28
3671,ETHEPHON 75 TK,MULTI SARANA INDOTANI,Zat Pengatur Tumbuh Tanaman,0420221063,2022-12-05,2027-12-05
3672,NOMINEE 103 OF,PETROKIMIA KAYAKU,Herbisida,01030120124309,2026-07-16,2031-07-16
3673,PRIMA-SNAIL 60 WP,PRIMA KARYA BERJAYA,Moluskisida,01050120217081,2026-01-20,2031-01-20
3674,GOAL 240 EC,SUMITOMO INDONESIA,Herbisida,0103011979391,2026-07-16,2031-07-16
3675,PAPIQUAT 138 SL*,PANEN AGRO PERKASA INDONESIA,Herbisida,01030120248413,2024-09-19,2029-09-19
3676,ANTIKEONG 65 WP,YANNO AGRO SCIENCE INDONESIA,Moluskisida,032025583,2025-07-11,2030-07-11
3677,PYRIPROXYFEN 98 TC,KHARISMA AGRI WIJAYA,Insektisida,0420251425,2025-11-13,2030-11-13
3678,DIMETHRIN 25 EC,BUMI MAKMUR LESTARI UTAMA,Insektisida,02140120113957,2026-07-16,2031-07-16
3679,MOXXAN 50 WP,SARAREA PANEN RAYA,Fungisida,01020120206757,2025-09-26,2030-09-26
3680,TANICARB 485 EC,TANI MAS SUBUR,Insektisida,01010120042013,2025-07-11,2030-07-11
3681,Sarkton 400/60 SL,KINGAGROOT BIOTECHNOLOGY INDONESIA,Herbisida,01030120269654,2026-07-16,2031-07-16
3682,VAPE 0.37 AE,FUMAKILLA INDONESIA,Pestisida Rumah Tangga,06080120196318,2024-03-05,2029-03-05
3683,VIOLIN 80 WP,SINAR GENERAL INDUSTRIES,Fungisida,01020120227479,2022-10-04,2027-10-04
3684,PARAQUAT DICHLORIDE 42 TC,TRIBINA TANIKARYA,Herbisida,0420241341,2024-11-18,2029-11-18
3685,SAPUKEONG 65 WP,TIGA MUARA EMAS MAKMUR,Moluskisida,01050120237806,2023-04-26,2028-04-26
3686,KIVALO 200/200 SC,BAYER INDONESIA,Fungisida,01020120155161,2024-11-18,2029-11-18
3687,THIAMETHOXAM 97 TC,PT. AGRORISEN INDOMAKMUR CEMERLANG,Insektisida,0420241292,2024-08-09,2029-08-09
3688,DIFENOCONAZOLE 95 TC,MULTI SARANA INDOTANI,Fungisida,042021942,2025-11-13,2030-11-13
3689,IMPACT 25 EC,DALZON CHEMICALS INDONESIA,Insektisida,01010120083194,2023-08-28,2028-08-28
3690,DAMEX 18 EC,MAJU MAKMUR UTOMO,Insektisida,01010120186020,2023-08-28,2028-08-28
3691,OXAMYL 42 TK,INTI EVERSPRING INDONESIA,Insektisida,032017418,2023-04-26,2028-04-26
3692,BARANNI 276 SL,DELTA GIRI WACANA,Herbisida,01030120155334,2024-09-19,2029-09-19
3693,QUINCLORAC 96 TC,MULTI SARANA INDOTANI,Herbisida,042020827,2024-08-09,2029-08-09
3694,DAPPER 75 WP,GLOBAL AGROTECH,Fungisida,01020120103724,2025-07-11,2030-07-11
3695,VAPE 0.93 AE,FUMAKILLA INDONESIA,Pestisida Rumah Tangga,032022537,2023-02-08,2028-02-08
3696,TRICLOLIER 667 EC,MULTI AGRO JAYA UTAMA,Herbisida,01030120238208,2024-03-05,2029-03-05
3697,ICON 100 CS,SYNGENTA INDONESIA,Pestisida Pengendalian Vektor Penyakit Pada Manusia,08090120062425,2026-07-16,2031-07-16
3698,ONE PUSH VAPE 21.3 AE,FUMAKILLA INDONESIA,Pestisida Rumah Tangga,06080120093585,2024-09-19,2029-09-19
3699,RUMBA 500 EC,AGRO CHEMICA,Insektisida,01010120031924,2025-07-11,2030-07-11
3700,FASTCRON 500/50 EC,SANTANI SEJAHTERA,Insektisida,01010120185951,2022-12-05,2027-12-05
3701,AZENTA 70 WG,ZENITH CROPSCIENCES INDONESIA,Fungisida,01020120206811,2025-09-26,2030-09-26
3702,FLORPYRAUXIFEN-BENZYL 92 TC,BRILLIANCE AGROSCIENCES INDONESIA,Herbisida,0420261508,2026-07-16,2031-07-16
3703,METSULINDO 20 WP,INTI EVERSPRING INDONESIA,Herbisida,01030119991484,2025-11-13,2030-11-13
3704,ROSCO 75 WP,AGRO CHEMICA,Insektisida,01010120031922,2024-03-04,2029-03-04
3705,TRICLOPYR BUTOTYL 95 TC,KENSO INDONESIA,Herbisida,042017476,2022-12-05,2027-12-05
3706,PREVENTOL HS 75-CT 300,KEMINDO ARTHA JAYA,Insektisida,0420231209,2023-08-28,2028-08-28
3707,HYDROCIDE 80 WP,SINAR GENERAL INDUSTRIES,Fungisida,01020120155154,2024-11-18,2029-11-18
3708,MARSHAL 200 SC,BINA GUNA KIMIA,Insektisida,01010120001545,2022-10-04,2027-10-04
3709,TOPRAMEZON 97 TC,SOLO LOGO INDONESIA,Herbisida,0420241342,2024-11-18,2029-11-18
3710,PENUP 480 SL,SANJAYA SEJAHTERA LESTARI,Herbisida,01030120259263,2026-01-20,2031-01-20
3711,KLENGER 150 SL,SARI KRESNA KIMIA,Insektisida,01010120237776,2023-04-26,2028-04-26
3712,"PERINTIS 225/5,1 SL",CENTA BRASINDO ABADI CHEMICAL INDUSTRY,Herbisida,01030120093476,2023-08-28,2028-08-28
3713,EMAMECTIN 70 TC,TIENYEN INTERNATIONAL,Insektisida,0420231225,2024-03-04,2029-03-04
3714,BETAPRO 300 SC,UPL INDONESIA,Insektisida,01010120175888,2023-04-26,2028-04-26
3715,ROZEL 40/20 WG,REJEKI INDO AGROTEC,Insektisida,01010120238056,2024-03-04,2029-03-04
3716,GABAN 36 EC,MULTI SARANA INDOTANI,Zat Pengatur Tumbuh Tanaman,01040120103629,2023-08-28,2028-08-28
3717,ASER 100 EC,CENTA BRASINDO ABADI CHEMICAL INDUSTRY,Herbisida,01030120237965,2024-03-04,2029-03-04
3718,ATRONOL 80 WP,DALZON CHEMICALS INDONESIA,Herbisida,01030120206596,2025-11-13,2030-11-13
3719,BETA-NIL 76 WP,SATYA ALAM SEMESTA,Fungisida,01020120217236,2026-07-16,2031-07-16
3720,PILAROPTIM 0.13583 WP,INDO-SINO AGROCHEMICAL,Zat Pengatur Tumbuh Tanaman,01040120206853,2025-02-17,2030-02-17
3721,PRIMA-CHAN 400 SC,PRIMA KARYA BERJAYA,Herbisida,01030120227694,2023-02-08,2028-02-08
3722,BETTUP 200 EC,UPL INDONESIA,Fungisida,01020120072716,2023-04-26,2028-04-26
3723,HOLDOWN 307/129 CS,UPL INDONESIA,Herbisida,01030120186042,2024-03-04,2029-03-04
3724,BASTA 200 SL,BASF INDONESIA,Herbisida,032019466,2024-11-18,2029-11-18
3725,RIAZOLE 300 EC,REJEKI INDO AGROTEC,Fungisida,01020120248693,2025-02-17,2030-02-17
3726,BAMULAT 40/200 EC,UTOMO UTOMO,Insektisida,01010120175810,2022-10-04,2027-10-04
3727,DEVILITO 500/50 EC,INDO TANI UTAMA,Insektisida,01010120237868,2023-08-28,2028-08-28
3728,UNIDOS 120/40 SC,INTI EVERSPRING INDONESIA,Insektisida,01010120217182,2026-01-20,2031-01-20
3729,METHIOCARB 95 TC,INTI EVERSPRING INDONESIA,Insektisida,042018535,2023-08-28,2028-08-28
3730,MORTEIN 0.2 AE,RECKITT BENCKISER INDONESIA,Pestisida Rumah Tangga,06080120114064,2022-10-04,2027-10-04
3731,ALEXANDER 150 SL,INDOIN BUSINESS GROUP,Herbisida,01030120206708,2025-09-26,2030-09-26
3732,GEN-UP 483 SL,TANGGUH AGRO NUSA INDONESIA,Herbisida,01030120155149,2025-02-17,2030-02-17
3733,TRICHOTEC WP,PT. Agritek Tani Indonesia,Fungisida,01020120206698,2025-11-13,2030-11-13
3734,BESTNOID 60 WP,DELTA GIRI WACANA,Moluskisida,01050120083102,2022-06-27,2027-06-27
3735,CONSERO 15/45/240 SC,MIO LIFE SCIENCES INDONESIA,Herbisida,01030120259191,2026-01-20,2031-01-20
3736,LOGAMATE 440 EC,SINAR GENERAL INDUSTRIES,Insektisida,01010120144991,2024-09-19,2029-09-19
3737,X-SUPREME 60/250 SL,SOLO LOGO INDONESIA,Herbisida,01030120248342,2024-08-09,2029-08-09
3738,ONE PUSH VAPE 8.5 AE,FUMAKILLA INDONESIA,Pestisida Rumah Tangga,06080120196564,2024-11-18,2029-11-18
3739,PASDOR 27 WP,PERSADA AGRO SUKSES,Insektisida,01010120248311,2024-08-09,2029-08-09
3740,MAXDINE 480 SL,CENTA BRASINDO ABADI CHEMICAL INDUSTRY,Insektisida,01010120103854,2025-07-11,2030-07-11
3741,TIAMETOKSAM 97 TC,SOLO LOGO INDONESIA,Insektisida,042019711,2024-03-04,2029-03-04
3742,SG-PRO 108/323 EC,SINAR GENERAL INDUSTRIES,Herbisida,01030120269470,2026-04-20,2031-04-20
3743,CEVIDA 25/50 WP,Agro Bumi Timur,Insektisida,01010120124439,2023-04-26,2028-04-26
3744,TENTSATE 480 SL,NUSANTARA AGRO SUKSES,Herbisida,01030120248433,2024-09-19,2029-09-19
3745,AMOTAN GOLD 200/125 SC,ADVANSIA INDOTANI,Fungisida,01020120165416,2025-11-13,2030-11-13
3746,K-DORAIN 80 WP,HANEARL SCIENCE INDONESIA,Fungisida,01020120258805,2025-07-11,2030-07-11
3747,METHOMYL 247 SL,INDO-SINO AGROCHEMICAL,Insektisida,032025618,2025-11-13,2030-11-13
3748,ROCIMA™ MBX Biocide,BLUE CUBE INDONESIA,Bakterisida,042018631,2024-03-04,2029-03-04
3749,Meperfluthrin 5 TC,MSR HIJAU LESTARI,Insektisida,042021986,2021-11-18,2026-11-18
3750,AMONIUM GLUFOSINAT 95 TC,AGRO JAYA INDONESIA,Herbisida,042021911,2026-01-20,2031-01-20
3751,"2,4-D DIMETILAMINA 75 TC",NUFARM INDONESIA,Herbisida,0420241297,2024-09-19,2029-09-19
3752,KAMYA 500 EC,INDOIN BUSINESS GROUP,Herbisida,01030120217141,2026-07-16,2031-07-16
3753,HIT 1.41 AE,GODREJ CONSUMER PRODUCTS INDONESIA,Pestisida Rumah Tangga,032022516,2022-06-27,2027-06-27
3754,TANAKAR 36 SC,TANAMAN MAKMUR MANDIRI,Nematisida,01130120237940,2023-08-28,2028-08-28
3755,GRAMAQUAT 276 SL,PETROKIMIA KAYAKU,Herbisida,01030120052267,2025-09-26,2030-09-26
3756,OXAMYL 95 TC,INTI EVERSPRING INDONESIA,Insektisida,042016377,2026-01-20,2031-01-20
3757,HEKSAKONAZOL 95 TC,SOLO LOGO INDONESIA,Fungisida,042021958,2025-11-13,2030-11-13
3758,CHLORPYRIFOS 97 TC,SAMUDRA UTAMA NARAPATI,Insektisida,042019681,2024-03-05,2029-03-05
3759,LAVOLTA 200/125 SC,FOCUSINDO ASIA PACIFIC,Fungisida,01020120227549,2022-12-05,2027-12-05
3760,BM CYPERKIL 50 EC,BEHN MEYER AGRICARE,Insektisida,01010120093523,2023-08-28,2028-08-28
3761,METILON 20 WP,INTI EVERSPRING INDONESIA,Herbisida,01030120155342,2025-09-26,2030-09-26
3762,KLORANTRANILIPROL 97 TC,AGRO JAYA INDONESIA,Insektisida,0420241316,2024-09-19,2029-09-19
3763,K-FINOLEX 75 SP,HANEARL SCIENCE INDONESIA,Insektisida,01010120258808,2025-07-11,2030-07-11
3764,GOLDENSTAR 100/300 SL,DA MING INDONESIA,Herbisida,01030120206926,2026-01-20,2031-01-20
3765,NU-COP 30.77 WG,ALBAUGH AGRO INDONESIA,Fungisida,01020120259098,2025-11-13,2030-11-13
3766,Beta Cyfluthrin 95 TC,DALZON CHEMICALS INDONESIA,Insektisida,042019730,2024-08-09,2029-08-09
3767,RAINBOW 410 SE,CORTEVA AGRISCIENCE MANUFACTURING INDONESIA,Herbisida,032012287,2022-06-27,2027-06-27
3768,RAMPAGE 200/50 SC,CHINA JIANGSU INTERNATIONAL INDONESIA,Insektisida,01010120269456,2026-04-20,2031-04-20
3769,ESEF 99 LG*,AGRI KEMIA NATURA,Fumigan,05100120196261,2024-09-19,2029-09-19
3770,FORATROZINE PLUS 15/45 WG,FORAGRO MITRA SEJATI,Insektisida,01010120248618,2025-02-17,2030-02-17
3771,"MAXLO 17,5 WP",DYRIZ INDONESIA,Zat Pengatur Tumbuh Tanaman,01040120175852,2022-01-14,2027-01-14
3772,DETONATOR 20 WP,DHARMA GUNA WIBAWA,Insektisida,01010120134855,2023-02-08,2028-02-08
3773,SIDARON 80 WP,PETROSIDA GRESIK,Herbisida,01030120042007,2022-06-27,2027-06-27
3774,"AUTAN 12,5 Lt",JOHNSON HOME HYGIENE PRODUCTS,Repelen,06080119981382,2022-06-27,2027-06-27
3775,Deltametrin 5 TC,SURYAMAS MENTARI,Insektisida,042019686,2024-11-18,2029-11-18
3776,RAINFOS 550 EC,RAINBOW AGROSCIENCES,Insektisida,01010120134815,2023-04-26,2028-04-26
3777,RENO 350 FS,CATUR AGRODAYA MANDIRI,Insektisida,01010120196474,2024-03-05,2029-03-05
3778,GEMPAR 50 SP,SARI KRESNA KIMIA,Insektisida,01010120206748,2024-11-18,2029-11-18
3779,PRECURSOR 200 SC,SINAR GENERAL INDUSTRIES,Insektisida,01010120269625,2026-07-16,2031-07-16
3780,GLYPHOSATE 95 TC,ASIA GALA KIMIA,Herbisida,0420251379,2025-07-11,2030-07-11
3781,LANDTAN 60 WP,AGROLAND INDO SYNERGY,Moluskisida,01050120258821,2025-07-11,2030-07-11
3782,SIDAZEB 80 WP,PETROSIDA GRESIK,Fungisida,01020120031929,2022-06-27,2027-06-27
3783,DIMETOAT 98 TC,SOLO LOGO INDONESIA,Insektisida,042019787,2024-11-18,2029-11-18
3784,PROQUAT 276 SL,NATHANI CHEMICALS,Herbisida,01030120083074,2022-12-05,2027-12-05
3785,ACEDO 75 SP,CENTA BRASINDO ABADI CHEMICAL INDUSTRY,Insektisida,01010120155205,2024-11-18,2029-11-18
3786,ASOY 20 WP,SARI KRESNA KIMIA,Bakterisida,01060120248571,2025-02-17,2030-02-17
3787,CRUNCH 490 SL,DALZON CHEMICALS INDONESIA,Herbisida,01030120134586,2023-02-08,2028-02-08
3788,ONE PUSH VAPE 61.74 AL,FUMAKILLA INDONESIA,Pestisida Rumah Tangga,06080120124401,2022-12-05,2027-12-05
3789,"BTONIK 19,5 SL",MAJU MAKMUR UTOMO,Zat Pengatur Tumbuh Tanaman,01040120196251,2024-08-09,2029-08-09
3790,METABEN 20 WG,DA MING INDONESIA,Herbisida,01030120072958,2023-08-28,2028-08-28
3791,AUTOGRAPH 480 SL,INDOIN BUSINESS GROUP,Herbisida,01030120259164,2026-01-20,2031-01-20
3792,SAGRI-GREAT 300/50 EC,SATYA AGRO INDONESIA,Insektisida,01010120145098,2024-08-09,2029-08-09
3793,AM-BEST 50/50 ME,BIOWORLD BIOSCIENCES MANUFACTURING INDUSTRIES,Insektisida,01010120113873,2026-01-20,2031-01-20
3794,CORNELIA 265/35 OD,SANTANI AGRO PERKASA,Herbisida,01030120155139,2024-09-19,2029-09-19
3795,PONCHO 600 FS,BASF INDONESIA,Insektisida,01010120237920,2023-08-28,2028-08-28
3796,CLEANER 250 SL,SINAR GENERAL INDUSTRIES,Herbisida,01030120237742,2023-04-26,2028-04-26
3797,MORENO 150 SL,INDO HOECHST,Herbisida,01030120217155,2026-07-16,2031-07-16
3798,CHECKER 70 WP,DALZON CHEMICALS INDONESIA,Fungisida,01020120103719,2024-03-04,2029-03-04
3799,ROLLTOP 480 SL,ROLIMEX KIMIA NUSAMAS,Herbisida,01030120259276,2026-01-20,2031-01-20
3800,BIGGER 22/10 WP,ARTHA BUANA MANDIRI,Zat Pengatur Tumbuh Tanaman,01040120248460,2024-11-18,2029-11-18
3801,TELBEK 100 EC,CORTEVA AGRISCIENCE MANUFACTURING INDONESIA,Fungisida,032025609,2025-09-26,2030-09-26
3802,"RICETOP 111,6/37,2 OD",UPL INDONESIA,Herbisida,01030120258861,2025-07-11,2030-07-11
3803,UNIMAN 50/25 WG,DELTA GIRI WACANA,Fungisida,01020120206701,2025-07-11,2030-07-11
3804,Roundup Powermax 660 SL,MONAGRO KIMIA,Herbisida,01030120134713,2023-04-26,2028-04-26
3805,VAPE 33.5 VP,FUMAKILLA INDONESIA,Pestisida Rumah Tangga,06080120227476,2022-10-04,2027-10-04
3806,AGROTECH 722 SL,GLOBAL AGROTECH,Fungisida,01020120072837,2022-06-27,2027-06-27
3807,SUMILARV 0.5 GR,SEGORO INTERNASIONAL,Pestisida Pengendalian Vektor Penyakit Pada Manusia,06090120196309,2024-08-09,2029-08-09
3808,GLYPHOSATE 95 TC,INDO-SINO AGROCHEMICAL,Herbisida,0420221050,2022-10-04,2027-10-04
3809,ROLIZOL 250 EC,MASCO AGRI GENETICS,Fungisida,01020120083080,2022-10-04,2027-10-04
3810,XTHRE 125 PA,BINGEI AGUNG,Zat Pengatur Tumbuh Tanaman,01040120206884,2026-01-20,2031-01-20
3811,ARCODION 200 EC,SAPROTAN UTAMA,Insektisida,01010120093403,2023-08-28,2028-08-28
3812,RUGBY 10 GR,BINA GUNA KIMIA,Insektisida,032019461,2024-08-09,2029-08-09
3813,METRIN PLUS 500 SC,MESTIKA NUSANTARA AGROKIMIA,Herbisida,01030120248517,2024-11-18,2029-11-18
3814,E-BUNITE 60/10 WP,ESSENCE AGRO CHEMICAL,Insektisida,01010120269359,2026-04-20,2031-04-20
3815,INDO-EAGROWEASY 2/25 WT,INDO-SINO AGROCHEMICAL,Herbisida,01030120237893,2023-08-28,2028-08-28
3816,AGATA 1 G,BIOTEK SARANATAMA,Pestisida Pengendalian Vektor Penyakit Pada Manusia,06090120134741,2024-03-05,2029-03-05
3817,SIMODIS 100 DC,SYNGENTA INDONESIA,Insektisida,01010120237932,2023-08-28,2028-08-28
3818,BASMITOP 150 SL,ARTHA MAKMUR ABADI,Herbisida,01030120259034,2025-11-13,2030-11-13
3819,BASS-NIL 79 WP,PERSADA AGRO SUKSES,Fungisida,01020120165487,2025-02-17,2030-02-17
3820,RHINOMAS L.,SINAR MAS AGRO RESOURCES AND TECHNOLOGY,Atraktan / Feromon,01070120175864,2023-04-26,2028-04-26
3821,GLYPHOSATE ACID 95 TC,SAMUDRA UTAMA NARAPATI,Herbisida,042020885,2026-01-20,2031-01-20
3822,ALASKA 18 EC,ARTHA BUANA MANDIRI,Insektisida,01010120175667,2022-12-05,2027-12-05
3823,KICK UP 480 SL,KRISTALINDO KARUNIA INTERNASIONAL,Herbisida,01030120217060,2026-07-16,2031-07-16
3824,ACTICIDE RS CONC,JAYA WARINDO ABADI,Fungisida,042020850,2025-11-13,2030-11-13
3825,INTAQUAT 276 SL*,INTITANI AGROKIMINDO,Herbisida,01030120248638,2025-02-17,2030-02-17
3826,BRAVOXONE 276 SL,SARI KRESNA KIMIA,Herbisida,01030120042174,2024-08-09,2029-08-09
3827,SAPU BERSIH 530 SL,SINAR GENERAL INDUSTRIES,Herbisida,01030120114167,2022-01-14,2027-01-14
3828,INCIPIO 200 SC,SYNGENTA INDONESIA,Insektisida,032020486,2025-11-13,2030-11-13
3829,PILARCOVER 286/32 CS,PILARQUIM AGROSCIENCE INDONESIA,Herbisida,01030120227344,2022-06-27,2027-06-27
3830,CALLICRON 500 EC,ARYSTA LIFESCIENCE TIRTA,Insektisida,01010119971352,2023-04-26,2028-04-26
3831,TAMACRON 500 EC,SARI KRESNA KIMIA,Insektisida,01010120062340,2025-11-13,2030-11-13
3832,DOBRAK 50/20 WP,AGRO JAYA INDUSTRI,Fungisida,01020120248472,2024-11-18,2029-11-18
3833,NILL 70 WP,SINAMYANG INDONESIA,Moluskisida,01050120227560,2022-12-05,2027-12-05
3834,AMCOZEB 80 WP,ADIL MAKMUR FAJAR,Fungisida,01020120041948,2024-03-05,2029-03-05
3835,ADAGUS 500 SC,ADVANSIA INDOTANI,Insektisida,01010120248228,2024-08-09,2029-08-09
3836,BROADCAST 200 SL,SINAR GENERAL INDUSTRIES,Herbisida,01030120258909,2025-09-26,2030-09-26
3837,FURY 50 EC,BINA GUNA KIMIA,Insektisida,01010119971355,2022-06-27,2027-06-27
3838,"2,4-D 98 TC",CENTA BRASINDO ABADI CHEMICAL INDUSTRY,Herbisida,0420231214,2024-03-04,2029-03-04
3839,VAPE 0.03 MC,FUMAKILLA INDONESIA,Insektisida,032016388,2021-10-12,2026-10-12
3840,NEMAGUARD 10 GR,MITRA KREASIDHARMA,Insektisida,01010120186135,2023-08-28,2028-08-28
3841,TITANTOP 276 SL,FORAGRO MAJU SEJAHTERA,Herbisida,01030120237945,2023-08-28,2028-08-28
3842,RICELOONG 60 SL,KINGAGROOT BIOTECHNOLOGY INDONESIA,Herbisida,01030120269461,2026-04-20,2031-04-20
3843,"ROLIKUM 0,005 BB",ROLIMEX KIMIA NUSAMAS,Rodentisida,032012281,2022-10-04,2027-10-04
3844,NOMOS 9.15 LV,FUMAKILLA NOMOS,Pestisida Rumah Tangga,06080120238172,2024-03-05,2029-03-05
3845,SalElufen 5/40 WG,WINHONOR CONSULTING INDONESIA,Insektisida,01010120269650,2026-07-16,2031-07-16
3846,RAINBAS 160/50 SL,RAINBOW AGROSCIENCES,Herbisida,01030120227697,2023-02-08,2028-02-08
3847,CHLORBAN 480 EC,DALZON CHEMICALS INDONESIA,Insektisida,01010120165424,2021-10-12,2026-10-12
3848,SOLFAC 10 WP,DISCOVERY ENVIRONMENTAL SCIENCE INDONESIA,Pestisida Pengendalian Vektor Penyakit Pada Manusia,0609011982565,2024-09-19,2029-09-19
3849,METOMIL 98 TC,ETONG CHEMICAL INDONESIA,Insektisida,0420261513,2026-07-16,2031-07-16
3850,"Dekamon 1,2GR",KALATHAM,Zat Pengatur Tumbuh Tanaman,0104011986737,2022-01-22,2027-01-22
3851,VENNOM 75 WP,ASRITANI UTAMA,Fungisida,01020120238077,2024-03-04,2029-03-04
3852,PARAQUAT 42 TC,SURYA AGROKEMINDO PERKASA,Herbisida,042018658,2024-03-05,2029-03-05
3853,AMPANG 240 SL,TIGA MUARA EMAS MAKMUR,Herbisida,01030120196239,2024-03-05,2029-03-05
3854,FORCE ONE 75/2 WP,ARTHA BUANA MANDIRI,Insektisida,01010120227645,2023-02-08,2028-02-08
3855,CHLOTAP 200/20 SC,QILU CROP SCIENCE,Insektisida,01010120259189,2026-01-20,2031-01-20
3856,TENANO 300/60 SC,CORTEVA AGRISCIENCE MANUFACTURING INDONESIA,Insektisida,01010120155262,2025-02-17,2030-02-17
3857,NOMOS MAGIC 0.5MV,FUMAKILLA NOMOS,Pestisida Rumah Tangga,06080120165451,2021-10-12,2026-10-12
3858,AJI-RON 20 WP,AGRO JAYA INDUSTRI,Herbisida,01030120238090,2024-03-05,2029-03-05
3859,CHLORPYRIFOS 97 TC,CENTA BRASINDO ABADI CHEMICAL INDUSTRY,Insektisida,0420231174,2023-08-28,2028-08-28
3860,KEYROLE 50 WG,RAINBOW AGROSCIENCES,Insektisida,01010120155364,2025-09-26,2030-09-26
3861,SPEC-MAX 75 WP,SINAR GENERAL INDUSTRIES,Fungisida,01020120196304,2024-09-19,2029-09-19
3862,GALENUS 490 SL,MITRA INDOTANI ABADI,Herbisida,01030120248624,2025-02-17,2030-02-17
3863,ALPASO 20 WP,AGRO SENTOSA RAYA,Herbisida,01030120248230,2024-08-09,2029-08-09
3864,HIT 20.225 LV,GODREJ CONSUMER PRODUCTS INDONESIA,Pestisida Rumah Tangga,06080120258792,2025-07-11,2030-07-11
3865,BESTINDO 45 WP,TIARA BUANA MANDIRI,Insektisida,01010120175738,2022-01-14,2027-01-14
3866,RALAT 6 SL,PRADIPTA PARAMITA,Pestisida Rumah Tangga,06080120248320,2024-08-09,2029-08-09
3867,MOKSANIL 50 WP,TUNAS SUBUR,Fungisida,01020120237788,2023-04-26,2028-04-26
3868,BM GLYMORE 400 SL,BEHN MEYER AGRICARE,Herbisida,01030120196333,2023-08-28,2028-08-28
3869,DANVIL 50 SC,DALZON CHEMICALS INDONESIA,Fungisida,01020120042065,2023-02-08,2028-02-08
3870,"PLANTGUARD 0,4 SL",SINAR HIDUP SATWA,Zat Pengatur Tumbuh Tanaman,01040120259267,2026-01-20,2031-01-20
3871,NATIVO 100/200 SC,BAYER INDONESIA,Fungisida,01020120258971,2025-09-26,2030-09-26
3872,ET-BRODI 5 TL,ETONG CHEMICAL INDONESIA,Rodentisida,01120120258928,2025-09-26,2030-09-26
3873,FENVALERATE 94 TC,INTI EVERSPRING INDONESIA,Insektisida,042019688,2024-03-04,2029-03-04
3874,GARNET 80 WG,Agro Bumi Timur,Insektisida,01010120259207,2026-01-20,2031-01-20
3875,ABAMECTIN 95 TC,INTI EVERSPRING INDONESIA,Insektisida,042017440,2022-10-04,2027-10-04
3876,FLYTOP 250 OD,PETROKIMIA KAYAKU,Insektisida,01010120196263,2024-03-05,2029-03-05
3877,DAGGER 200 SL,BIOTIS AGRINDO,Insektisida,01010120042064,2024-03-04,2029-03-04
3878,NOMOS 0.026 MC,FUMAKILLA NOMOS,Pestisida Rumah Tangga,06080120155253,2026-04-20,2031-04-20
3879,MOURINHO 276 SL,INDO HOECHST,Herbisida,01030120144948,2024-08-09,2029-08-09
3880,RODENIK 22 BB,BIO SARANA INDONESIA,Rodentisida,01120120258990,2025-09-26,2030-09-26
3881,POLADO 240/105 SL,CROP CARE INDONESIA,Herbisida,01030119991467,2022-10-04,2027-10-04
3882,MITSUFURON 20 WG,TRIBINA TANIKARYA,Herbisida,01030120072961,2023-02-08,2028-02-08
3883,HIT 8.09 LV,GODREJ CONSUMER PRODUCTS INDONESIA,Pestisida Rumah Tangga,06080120165618,2022-01-14,2027-01-14
3884,KOCIDE OPTI 46 WG,KENSO INDONESIA,Fungisida,01020120103763,2025-09-26,2030-09-26
3885,ACTICIDE MKW4,JAYA WARINDO ABADI,Fungisida,0420231153,2023-04-26,2028-04-26
3886,TOPSHOT 60 OD,CORTEVA AGRISCIENCE MANUFACTURING INDONESIA,Herbisida,032017402,2026-04-20,2031-04-20
3887,MAXFORCE QUANTUM 0.03 RB,DISCOVERY ENVIRONMENTAL SCIENCE INDONESIA,Pestisida Pengendalian Vektor Penyakit Pada Manusia,06090120103641,2024-09-19,2029-09-19
3888,Tricyclazole 95 TC,DALZON CHEMICALS INDONESIA,Fungisida,0420251427,2025-11-13,2030-11-13
3889,SAPURATA 480 SL,PUTRA TIMUR AGRO NUSANTARA,Herbisida,01030120072734,2022-01-14,2027-01-14
3890,Livful,TEJA UTAMA INDOPAMENANG,Pestisida Rumah Tangga,0420221067,2022-12-05,2027-12-05
3891,BOXER 200 EC,MITRA KREASIDHARMA,Insektisida,01010120062345,2025-02-17,2030-02-17
3892,AZOXYSTROBIN 98 TC,CENTA BRASINDO ABADI CHEMICAL INDUSTRY,Fungisida,0420231220,2024-03-04,2029-03-04
3893,ACTICIDE IFL 3,JAYA WARINDO ABADI,Fungisida,042020846,2025-11-13,2030-11-13
3894,EKSAGLISS 240 SL,EKA SALA ALFAINDO,Herbisida,01030120238119,2024-03-05,2029-03-05
3895,KEN-MIPO 400 SL,KENSO INDONESIA,Insektisida,01010120103845,2025-09-26,2030-09-26
3896,KUDAHITAM 150 SL,TIGA MUARA EMAS MAKMUR,Herbisida,01030120217061,2026-04-20,2031-04-20
3897,TOPBAS 400 SC,DA MING INDONESIA,Herbisida,01030120196579,2024-11-18,2029-11-18
3898,FAW LURE BB,PT. Agritek Tani Indonesia,Atraktan / Feromon,01070120248374,2024-09-19,2029-09-19
3899,SEVIN 85 SP,AGRICULTURE CONSTRUCTION,Insektisida,010101197422,2025-11-13,2030-11-13
3900,MALOSI 6/4 WG,AGRO SENTOSA RAYA,Insektisida,01010120248512,2024-11-18,2029-11-18
3901,WINSPEED 10/100 ME,KINGAGROOT BIOTECHNOLOGY INDONESIA,Herbisida,01030120259151,2025-11-13,2030-11-13
3902,Goldensnail 6 PL,MAJU MAKMUR UTOMO,Moluskisida,01050120185956,2023-04-26,2028-04-26
3903,HERBISAL 480 SL,INDO-SINO AGROCHEMICAL,Herbisida,01030120269577,2026-07-16,2031-07-16
3904,DKMEKTIN 18 EC,DANKEN INDONESIA,Insektisida,01010120155223,2025-02-17,2030-02-17
3905,TRICURE 430 SC,TRIDA KIMIA SAKTI,Fungisida,01020120144921,2024-03-04,2029-03-04
3906,MUSUHAMA 500 EC,ABADI JAYA,Insektisida,01010120072676,2022-10-04,2027-10-04
3907,BAKOMOS 240 SC,AGRICULTURE CONSTRUCTION,Insektisida,01010120227386,2022-10-04,2027-10-04
3908,PROXEL MB,IMCD INDONESIA,Pestisida lain-lain,0420221083,2022-12-05,2027-12-05
3909,MAIZCARE 500/50 SC,RAINBOW AGROSCIENCES,Herbisida,01030120155370,2025-11-13,2030-11-13
3910,SELEDOL 450 EC,BEHN MEYER AGRICARE,Insektisida,01010120042141,2023-08-28,2028-08-28
3911,ATRAZINE 95 TC,MAXXI AGRI INDONESIA,Herbisida,0420231171,2023-08-28,2028-08-28
3912,DKDUOPRO 400/90 EC,DANKEN INDONESIA,Fungisida,01020120155297,2026-04-20,2031-04-20
3913,AUTAN 140 AL,JOHNSON HOME HYGIENE PRODUCTS,Repelen,06080120124275,2022-10-04,2027-10-04
3914,K-COZIM 70/5 WP,HANEARL SCIENCE INDONESIA,Fungisida,01020120227545,2022-12-05,2027-12-05
3915,ENDURE 60 SC,CORTEVA AGRISCIENCE MANUFACTURING INDONESIA,Insektisida,032007209,2022-01-14,2027-01-14
3916,HIPPO 400 SL,AGRO SEJAHTERA INDONESIA,Insektisida,01010120175693,2022-10-04,2027-10-04
3917,INDOTHANE 80 WP,INDAGRO,Fungisida,01020120011618,2026-07-16,2031-07-16
3918,SIHALOFOP BUTIL 97 TC,SOLO LOGO INDONESIA,Herbisida,042019799,2024-11-18,2029-11-18
3919,PANDAWA 500/50 SC,YANNO AGRO SCIENCE INDONESIA,Herbisida,01030120238178,2024-03-05,2029-03-05
3920,SURYATAN PLUS 550 SL,SINAR GENERAL INDUSTRIES,Insektisida,01010120155272,2025-07-11,2030-07-11
3921,BAGUS 0.6 ST,PANCA TALENTAMAS,Pestisida Rumah Tangga,06080119971330,2022-12-05,2027-12-05
3922,NITEN 100 SL,BIOTIS AGRINDO,Insektisida,01010120165450,2025-11-13,2030-11-13
3923,BOLSANO 60/10 WP,AGRO CHEMICA,Insektisida,01010120206904,2026-01-20,2031-01-20
3924,TOBAGO 240 EC,NUFARM INDONESIA,Zat Pengatur Tumbuh Tanaman,0104011987783,2025-09-26,2030-09-26
3925,ABAMECTIN 95 TC,SOLO LOGO INDONESIA,Insektisida,042019676,2024-03-04,2029-03-04
3926,VENOP 60 WP,PETROSIDA GRESIK,Insektisida,01010120072829,2022-06-27,2027-06-27
3927,"GIRAT 23,5 BB",BIO SARANA INDONESIA,Rodentisida,01120120258935,2025-09-26,2030-09-26
3928,SIENA 150 OD,SANTANI AGRO MANDIRI,Herbisida,01030120217220,2026-07-16,2031-07-16
3929,NATION 200 EC,Agro Bumi Timur,Insektisida,01010120259249,2026-01-20,2031-01-20
3930,HOGASAN 27 AL,CIPTA KARYA UNGGULAN,Pestisida Rumah Tangga,032020498,2025-09-26,2030-09-26
3931,CENTAMEC 36 EC,CENTA BRASINDO ABADI CHEMICAL INDUSTRY,Insektisida,01010120134851,2023-08-28,2028-08-28
3932,VICOGER 40/20 WP,ORCHID GLOBAL MAKMUR,Insektisida,01010120238078,2024-03-04,2029-03-04
3933,ACTICIDE NC,JAYA WARINDO ABADI,Fungisida,042020869,2025-11-13,2030-11-13
3934,RONDA PLUS NEO 365 SL,CENTA BRASINDO ABADI CHEMICAL INDUSTRY,Herbisida,01030120237927,2023-08-28,2028-08-28
3935,THOMPHAS 25 EC,DELTAGRO MULIA SEJATI,Insektisida,01010120031795,2026-01-20,2031-01-20
3936,ABIKO 75 WG,ADVANSIA INDOTANI,Herbisida,01030120206886,2026-01-20,2031-01-20
3937,DKPROTIO MIX 390 SC,DANKEN INDONESIA,Fungisida,01020120186025,2023-04-26,2028-04-26
3938,BETAMON 26 SL,NUSA NUR AGRO,Zat Pengatur Tumbuh Tanaman,01040120196332,2024-03-05,2029-03-05
3939,PACERS 40 SP,SAFEEKO BIO INDONESIA,Insektisida,01010120206850,2025-11-13,2030-11-13
3940,PRUNIT 100 SC,BASF INDONESIA,Herbisida,01030120186212,2024-03-04,2029-03-04
3941,MICROCARE PEHG,MARGA DWI KENCANA,Pestisida lain-lain,0420251388,2025-07-11,2030-07-11
3942,DEICER 240/40 SC,DELTA GIRI WACANA,Insektisida,01010120258920,2025-09-26,2030-09-26
3943,APLIO 130/240 SC,ADVANSIA INDOTANI,Fungisida,01020120237962,2024-03-04,2029-03-04
3944,AMSINAT 150 SL,ADIL MAKMUR FAJAR,Herbisida,01030120103819,2026-01-20,2031-01-20
3945,CEBA 125 EC,PETROKIMIA KAYAKU,Insektisida,01010120185944,2022-12-05,2027-12-05
3946,HERLING 150 SL,AGRO SEJAHTERA INDONESIA,Herbisida,01030120124467,2023-02-08,2028-02-08
3947,ARMA 48/4 WP,DOUTA UTAMAN INDONESIA,Herbisida,01030120196411,2024-09-19,2029-09-19
3948,SIDAMIN 865 SL,PETROSIDA GRESIK,Herbisida,01030120001532,2025-07-11,2030-07-11
3949,EL GORDO 550/100 EC,TRI AGRO CHEMICALS,Insektisida,01010120248477,2024-11-18,2029-11-18
3950,GALAMEKTIN 20 EC,REJEKI INDO AGROTEC,Insektisida,01010120206625,2025-02-17,2030-02-17
3951,AVALON 500/50 EC,UPL INDONESIA,Insektisida,01010120217022,2025-11-13,2030-11-13
3952,SUNMAX 500 SC,RAINBOW AGROSCIENCES,Herbisida,01030120155401,2025-09-26,2030-09-26
3953,STARMETRIN 100 EC,EXCEL MEG INDO,Insektisida,01010120134822,2023-04-26,2028-04-26
3954,KEONGIN 65 WP,MAKMUR JAYA AGRO,Moluskisida,01050120227321,2022-06-27,2027-06-27
3955,Glifosat 95%,GLOBAL AGROTECH,Herbisida,0420221049,2022-10-04,2027-10-04
3956,LONTRAX 670 EC,DALZON CHEMICALS INDONESIA,Herbisida,01030120206939,2026-01-20,2031-01-20
3957,KLORONIL 75 WP,DA MING INDONESIA,Fungisida,01020120227671,2023-02-08,2028-02-08
3958,JAVAMIN 865 SL,MESTIKA NUSANTARA AGROKIMIA,Herbisida,01030120248640,2025-02-17,2030-02-17
3959,"PHYTOKLOR 82,5 WG",CROP CARE INDONESIA,Fungisida,01020120083067,2022-12-05,2027-12-05
3960,REGIMENT 480 SL,PT. V MAX ASIA TANI,Herbisida,01030120175787,2023-04-26,2028-04-26
3961,BIONASA 75 WG,BIOTIS AGRINDO,Herbisida,01030120041957,2023-02-08,2028-02-08
3962,CLINSOR 180 EC,RAINBOW AGROSCIENCES,Herbisida,01030120134605,2023-04-26,2028-04-26
3963,KLOROTALONIL 98 TC,ZHENGBANG CROP PROTECTION INDONESIA,Fungisida,0420221024,2022-06-27,2027-06-27
3964,ONE PUSH VAPE 1.5 AE,FUMAKILLA INDONESIA,Pestisida Rumah Tangga,06080120227564,2022-12-05,2027-12-05
3965,TRICHOR-TM P,PRADIPTA PARAMITA,Fungisida,01020120206782,2025-07-11,2030-07-11
3966,SAGRI-ZONE 450 SC,SATYA AGRO INDONESIA,Fungisida,01020120134629,2022-06-27,2027-06-27
3967,L-AMONIUM GLUFOSINAT 88 TC,MULTI AGRO JAYA UTAMA,Herbisida,0420241317,2024-09-19,2029-09-19
3968,BAS-6 865 SL,BERBAK AGRO SEJATI,Herbisida,01030120227388,2022-10-04,2027-10-04
3969,TanamSafe 50/25 WG,WINHONOR CONSULTING INDONESIA,Fungisida,01020120259306,2026-01-20,2031-01-20
3970,HIT 0.1 MC,GODREJ CONSUMER PRODUCTS INDONESIA,Pestisida Rumah Tangga,06080120258787,2025-07-11,2030-07-11
3971,Henosad 480 SC,AGRO SENTOSA RAYA,Insektisida,01010120238135,2024-03-05,2029-03-05
3972,Manxyl 4/64 WP,MAJU MAKMUR UTOMO,Fungisida,01020120062443,2026-07-16,2031-07-16
3973,FENVAL 200 EC,MITRA KREASIDHARMA,Insektisida,0101011991985,2023-04-26,2028-04-26
3974,AGROVIN 200 SL,GLOBAL AGROTECH,Insektisida,01010120103698,2025-07-11,2030-07-11
3975,SIGPLUS 276 SL*,REJEKI INDO AGROTEC,Herbisida,01030120124389,2023-02-08,2028-02-08
3976,MIRACLE 25 WP,INDOIN BUSINESS GROUP,Insektisida,01010120227558,2022-12-05,2027-12-05
3977,INDAZIFLAM 96 TC,BRILLIANCE AGROSCIENCES INDONESIA,Herbisida,0420261509,2026-07-16,2031-07-16
3978,BIGSON 207 SL,RAGAM MANDIRI,Herbisida,01030120124425,2022-06-27,2027-06-27
3979,PERMETHRIN 92 TC,FOCUSINDO ASIA PACIFIC,Insektisida,0420231235,2024-03-04,2029-03-04
3980,TR-PROUNI 5/10 WG,TRUSTCHEM AGRO INDONESIA,Zat Pengatur Tumbuh Tanaman,01040120259142,2025-11-13,2030-11-13
3981,METHOMYL 247 SL,INTI EVERSPRING INDONESIA,Insektisida,032026654,2026-07-16,2031-07-16
3982,PENNCOZEB-BLUE 80 WP,UPL INDONESIA,Fungisida,01020120186209,2024-03-05,2029-03-05
3983,AJIAN 80 WP,AGRO JAYA INDUSTRI,Fungisida,01020120238087,2024-03-05,2029-03-05
3984,BM KNEX 288 EC,BEHN MEYER AGRICARE,Herbisida,01030120196334,2023-08-28,2028-08-28
3985,GLYPHOSATE 95 TC,RAINBOW AGROSCIENCES,Herbisida,042016405,2026-01-20,2031-01-20
3986,SUMIONE 5 TK,NUFARM INDONESIA,Insektisida,042018550,2023-04-26,2028-04-26
3987,BABLASS 490 SL,SARI KRESNA KIMIA,Herbisida,01030120113944,2025-09-26,2030-09-26
3988,BM CANTAS 6/34 WP,BEHN MEYER AGRICARE,Herbisida,01030120113950,2024-08-09,2029-08-09
3989,PREZOLOR 300/20 EC,RAINBOW AGROSCIENCES,Herbisida,01030120237921,2023-08-28,2028-08-28
3990,DIAZINON 10 GR,PETROKIMIA KAYAKU,Insektisida,010101197491,2026-01-20,2031-01-20
3991,TRITHAC 350 EC,FARMCO KIMIA,Herbisida,01030120072999,2023-04-26,2028-04-26
3992,ASM NGETREN 40/160 SC,AGRINDO SANDARAN MAS,Insektisida,01010120269332,2026-04-20,2031-04-20
3993,V-PRO 50 EC,SINAR GENERAL INDUSTRIES,Insektisida,01010120114189,2021-11-18,2026-11-18
3994,POWERKUAT 276 SL,INTISUBUR KIMINDO RAYA,Herbisida,01030120269441,2026-04-20,2031-04-20
3995,TANDING 200/125 SC,AGRO JAYA INDUSTRI,Fungisida,01020120269671,2026-07-16,2031-07-16
3996,AZIZIAH 300/10 SC,ADVANSIA INDOTANI,Herbisida,01030120217116,2026-07-16,2031-07-16
3997,Gallery 403 SL,MAJU MAKMUR UTOMO,Insektisida,01010120113881,2025-11-13,2030-11-13
3998,NOSTRO 440 EC,JAWA AGRINDO INTERNASIONAL,Fungisida,01020120186056,2024-03-04,2029-03-04
3999,MEFLOUR 99.8 GA,MULTIGUNA GEMILANG,Fumigan,05100120196370,2024-11-18,2029-11-18
4000,KOEEN UP 490 SL,BERBAK AGRO SEJATI,Herbisida,01030120227325,2022-06-27,2027-06-27
4001,HIT 0.08 MC,GODREJ CONSUMER PRODUCTS INDONESIA,Pestisida Rumah Tangga,06080120258785,2025-07-11,2030-07-11
4002,OXAMYL 24 SL,SINAR GENERAL INDUSTRIES,Insektisida,032020481,2024-11-18,2029-11-18
4003,ATTACK 25/475 EC,NUFARM INDONESIA,Insektisida,032017417,2025-07-11,2030-07-11
4004,NARA 865 SL,SAMUDRA UTAMA NARAPATI,Herbisida,01030120155376,2024-09-19,2029-09-19
4005,ROUPIX 455/100 SL,BERBAK AGRO SEJATI,Herbisida,01030120238193,2024-03-05,2029-03-05
4006,MASTERY 276 SL*,AGRO NATURAL TECHNOLOGY,Herbisida,01030120258964,2025-09-26,2030-09-26
4007,KIMIRU 45 WP,PETROKIMIA KAYAKU,Herbisida,01030119991459,2023-04-26,2028-04-26
4008,CINMETHYLIN 94 TC,BRILLIANCE AGROSCIENCES INDONESIA,Herbisida,0420261478,2026-04-20,2031-04-20
4009,BECOS 200 SL,Agro Bumi Timur,Insektisida,01010120269526,2026-07-16,2031-07-16
4010,AMETRYN 95 TC,MULTI SARANA INDOTANI,Herbisida,042020835,2024-08-09,2029-08-09
4011,GLUFOSSIN 220 SL,TRIDA KIMIA SAKTI,Herbisida,01030120227523,2022-12-05,2027-12-05
4012,ACTICIDE BAC 50 M,JAYA WARINDO ABADI,Fungisida,0420241344,2024-11-18,2029-11-18
4013,PROSULFOCARB 98 TC,INDO-SINO AGROCHEMICAL,Herbisida,0420251422,2025-11-13,2030-11-13
4014,TANIFOS 200 EC,REJEKI INDO AGROTEC,Insektisida,01010120258880,2025-07-11,2030-07-11
4015,KARDAN 50 SP,SARI KRESNA KIMIA,Insektisida,01010120011619,2024-11-18,2029-11-18
4016,MAXXLATEKS 480 SL,MAXXI AGRI INDONESIA,Zat Pengatur Tumbuh Tanaman,01040120258837,2025-07-11,2030-07-11
4017,ET-PROZONE 336 SC,ETONG CHEMICAL INDONESIA,Herbisida,01030120248609,2025-02-17,2030-02-17
4018,CORMORAN 80/100 EC,ROYAL AGRO INDONESIA,Insektisida,01010120145048,2024-11-18,2029-11-18
4019,BPMC 96 TC,INTI EVERSPRING INDONESIA,Insektisida,04199562,2022-06-27,2027-06-27
4020,Butachlor 92 TC,DALZON CHEMICALS INDONESIA,Herbisida,042015358,2026-01-20,2031-01-20
4021,SATYAMAX 299 SL,SATYA ALAM SEMESTA,Herbisida,01030120196300,2024-03-05,2029-03-05
4022,MESTAKUNG 200 SL,SEMESTA HARAPAN INDONESIA,Herbisida,01030120269603,2026-07-16,2031-07-16
4023,GUARON 800 SC,AGX ASIA INDONESIA,Herbisida,01030120206781,2025-11-13,2030-11-13
4024,ATAMIT 20/25 WP,ADVANSIA INDOTANI,Insektisida,01010120248358,2024-09-19,2029-09-19
4025,BUTACHLOR 92 TC,EASTCHEM AGROSCIENCE INDONESIA,Herbisida,0420241271,2024-08-09,2029-08-09
4026,Omacide 30 IPBC,IMCD INDONESIA,Fungisida,0420221079,2022-12-05,2027-12-05
4027,FATEC 30 UL,NOVINDO AGRITECH HUTAMA,Pestisida Pengendalian Vektor Penyakit Pada Manusia,06090120083265,2023-08-28,2028-08-28
4028,V-PRO 50 EC,SINAR GENERAL INDUSTRIES,Insektisida,01010120114189,2026-07-16,2031-07-16
4029,AEPON 100 SL,DELTAGRO MULIA SEJATI,Zat Pengatur Tumbuh Tanaman,01040120072698,2026-04-20,2031-04-20
4030,GAM-UP 480 SL,GRAHA AGRO MAKMUR,Herbisida,01030120248625,2025-02-17,2030-02-17
4031,VIGOR 100 EC,SARI KRESNA KIMIA,Insektisida,01010120083235,2023-02-08,2028-02-08
4032,Galelo 200 SL,RABANA AGRO RESOURCES,Herbisida,01030120175899,2023-04-26,2028-04-26
4033,CIELO 50 EC,SARI KIMIA UNGGUL,Insektisida,01010120124214,2022-12-05,2027-12-05
4034,"GOMOS 0,55 K",MAJU MAKMUR UTOMO,Pestisida Pengendalian Vektor Penyakit Pada Manusia,06090120083190,2023-08-28,2028-08-28
4035,XTRAMEC 37 EC,KRISTALINDO KARUNIA INTERNASIONAL,Insektisida,01010120155201,2025-02-17,2030-02-17
4036,MAIZOATE 50 SG,ALBAUGH AGRO INDONESIA,Insektisida,01010120144942,2024-09-19,2029-09-19
4037,SILVESTRIN 325 EC,SATYA ALAM SEMESTA,Insektisida,01010120206982,2025-09-26,2030-09-26
4038,Emma 22 EC,RABANA AGRO RESOURCES,Insektisida,01010120093332,2023-04-26,2028-04-26
4039,STOPPER 25 EC,MULTI SARANA INDOTANI,Insektisida,01010120052325,2023-08-28,2028-08-28
4040,PEXALON 106 SC,CORTEVA AGRISCIENCE MANUFACTURING INDONESIA,Insektisida,01010120175857,2022-06-27,2027-06-27
4041,Golden Glulier 150 SL,MULTI AGRO JAYA UTAMA,Herbisida,01030120248269,2024-08-09,2029-08-09
4042,Moriko 212 AL,BUANA NATURA KIRANA,Pestisida Rumah Tangga,06080120259248,2026-01-20,2031-01-20
4043,EMARON 40/5 WG,WINNER AGROCHEM INTERNUSA,Insektisida,01010120237874,2023-08-28,2028-08-28
4044,PENTAMAX 276 SL*,SOLO LOGO INDONESIA,Herbisida,01030120165575,2025-07-11,2030-07-11
4045,AMTRAK 500 SC,TRIBINA TANIKARYA,Herbisida,01030120072843,2026-01-20,2031-01-20
4046,ATTASI 75 SP,SARI KRESNA KIMIA,Insektisida,01010120238101,2024-03-05,2029-03-05
4047,RAPTOR 100 PA,DELTA GIRI WACANA,Zat Pengatur Tumbuh Tanaman,01040120062465,2024-08-09,2029-08-09
4048,REGENT 0.3 GR,BASF INDONESIA,Insektisida,01010119931131,2026-04-20,2031-04-20
4049,GOLSTAR 250 SC,DELTAGRO MULIA SEJATI,Zat Pengatur Tumbuh Tanaman,01040120072358,2022-01-11,2027-01-11
4050,PROMIDA 55 WP,CENTA BRASINDO ABADI CHEMICAL INDUSTRY,Insektisida,01010120175918,2023-02-08,2028-02-08
4051,E-TOBAN 500/50 EC,ETONG CHEMICAL INDONESIA,Insektisida,01010120227517,2022-12-05,2027-12-05
4052,HYMAL 1150 EC,NUFARM INDONESIA,Insektisida,032017417,2025-07-11,2030-07-11
4053,LOTAWA 50 EW,GONGCHENG BIOTECH INDONESIA,Pestisida Rumah Tangga,06080120259232,2026-01-20,2031-01-20
4054,taniphate 75 SP,TANGGUH AGRO NUSA INDONESIA,Insektisida,01010120238202,2024-03-05,2029-03-05
4055,BM PROMAX 75 SP,BEHN MEYER AGRICARE,Insektisida,01010120031814,2023-02-08,2028-02-08
4056,BRILLIANT 8/64 WP,AGRICULTURE CONSTRUCTION,Fungisida,01020120052346,2025-02-17,2030-02-17
4057,OXYPRO 333 EC,GRAHA AGRITECH PRIMA,Zat Pengatur Tumbuh Tanaman,01040120093475,2024-09-19,2029-09-19
4058,AMCOTOP 276 SL,ADIL MAKMUR FAJAR,Herbisida,01030120103705,2025-11-13,2030-11-13
4059,PERMETRIN 95 TC,INTER AGRO TECHNOLOGY INDONESIA,Insektisida,0420251462,2026-01-20,2031-01-20
4060,SAFDIN 300 RQ,GONGCHENG BIOTECH INDONESIA,Repelen,06080120269466,2026-04-20,2031-04-20
4061,Profenofos 89 TC,DALZON CHEMICALS INDONESIA,Insektisida,042020826,2025-09-26,2030-09-26
4062,KILLMAX 50 WP,MAXXI AGRI INDONESIA,Herbisida,01030120269586,2026-07-16,2031-07-16
4063,PENTAXONE 276 SL*,SOLO LOGO INDONESIA,Herbisida,01030120206657,2025-07-11,2030-07-11
4064,PREZA100 OD,FMC AGRICULTURAL MANUFACTURING,Insektisida,01010120134700,2023-04-26,2028-04-26
4065,BM MONAZ 400/70 OL,BEHN MEYER AGRICARE,Fungisida,010201202117118,2022-01-14,2027-01-14
4066,TAMIZ 120/160 SE,NUFARM INDONESIA,Fungisida,01020120144967,2025-02-17,2030-02-17
4067,METHOMYL 90 SP,EASTCHEM AGROSCIENCE INDONESIA,Insektisida,032026652,2026-07-16,2031-07-16
4068,ABAKING 36 EC,AGRO NATURAL TECHNOLOGY,Insektisida,01010120258733,2025-07-11,2030-07-11
4069,STRIKE 75 SP,JAWA AGRINDO INTERNASIONAL,Insektisida,01010120259001,2025-09-26,2030-09-26
4070,"TURRIMAXONE 305,9 SL*",TURRIMA AGRO MASS BORNEO,Herbisida,01030120186230,2024-03-05,2029-03-05
4071,METOMIL 40 SP,MODERN AGRICULTURE INDONESIA,Insektisida,032025631,2026-01-20,2031-01-20
4072,TALAVERA 200/125 SC,ETONG CHEMICAL INDONESIA,Fungisida,01020120259305,2026-01-20,2031-01-20
4073,PRIMA-HOKI 888 SL,PRIMA KARYA BERJAYA,Herbisida,01030120258984,2025-09-26,2030-09-26
4074,BAKOPRID 200 SL,AGRICULTURE CONSTRUCTION,Insektisida,01010120227387,2022-10-04,2027-10-04
4075,PRONTO 500/50 EC,NUFARM INDONESIA,Insektisida,01010120227349,2022-06-27,2027-06-27
4076,TRIDAXONE 135 SL*,TRIDA KIMIA SAKTI,Herbisida,01030120206699,2025-02-17,2030-02-17
4077,OXAMYL 5 GR,INTI EVERSPRING INDONESIA,Insektisida,032017416,2023-04-26,2028-04-26
4078,PARAQUAT DICHLORIDE 42 TC,MAXXI AGRI INDONESIA,Herbisida,0420231233,2024-03-04,2029-03-04
4079,HIT 1.44 AL (WB),GODREJ CONSUMER PRODUCTS INDONESIA,Pestisida Rumah Tangga,06080120114052,2024-03-05,2029-03-05
4080,"RATGONE 0,005 BB",AGRICULTURE CONSTRUCTION,Rodentisida,01120119951212,2021-10-12,2026-10-12
4081,SHENPHOS 56 PL*,BIOTEK SARANATAMA,Fumigan,05100120093371,2024-03-05,2029-03-05
4082,ETHREL 480 SL,BAYER INDONESIA,Zat Pengatur Tumbuh Tanaman,010401197493,2022-12-05,2027-12-05
4083,ZYCHATE 25 WP,ABADI JAYA,Insektisida,01010120072695,2023-02-08,2028-02-08
4084,AMABAS 500 EC,BRAVO DINAMIKA,Insektisida,01010120001512,2024-11-18,2029-11-18
4085,MAYSTAR 75.5/4.5 WP,GRAHA AGRO,Herbisida,01030120259094,2025-11-13,2030-11-13
4086,HELLIOPHOS 56 TB*,JIRONA AGRITAMA,Fumigan,05100120124227,2022-12-05,2027-12-05
4087,"STICK TONIK 10,5 SL",GRAHA AGRITECH PRIMA,Zat Pengatur Tumbuh Tanaman,01040120155400,2025-11-13,2030-11-13
4088,EMIMOR 50 EC,EXCEL MEG INDO,Insektisida,01010120217129,2025-11-13,2030-11-13
4089,VAPE 0.075 MC,FUMAKILLA INDONESIA,Pestisida Rumah Tangga,032009215,2024-03-04,2029-03-04
4090,"NEWTEX 2,5 PA",ANUGRAH SENTANA AGRO,Zat Pengatur Tumbuh Tanaman,01040120134602,2023-08-28,2028-08-28
4091,CENTARON 80 WP,CENTA BRASINDO ABADI CHEMICAL INDUSTRY,Herbisida,01030120103718,2024-11-18,2029-11-18
4092,LUDION 250 SC,BASF INDONESIA,Fungisida,01020120124413,2022-06-27,2027-06-27
4093,PROSID 150 EC,DELTAGRO MULIA SEJATI,Insektisida,01010120124245,2025-09-26,2030-09-26
4094,REXMINO 865 SL,NUSA MANDIRI UTAMA,Herbisida,01030120134813,2024-03-04,2029-03-04
4095,TRIGGER 20 WT,MAKUTA AGRO SEJATI,Zat Pengatur Tumbuh Tanaman,01040120072903,2026-01-20,2031-01-20
4096,Gokilaht-S 50 EC,SEGORO INTERNASIONAL,Pestisida Pengendalian Vektor Penyakit Pada Manusia,06090120093338,2024-11-18,2029-11-18
4097,HIT 0.28 MC,GODREJ CONSUMER PRODUCTS INDONESIA,Pestisida Rumah Tangga,06080120259072,2025-11-13,2030-11-13
4098,GAUCHO 350 FS,BAYER INDONESIA,Insektisida,01010120001536,2025-02-17,2030-02-17
4099,ASTERZEB 80 WP,AGRO SEJAHTERA INDONESIA,Fungisida,01020120237729,2023-04-26,2028-04-26
4100,VELUM PRIME 400 SC,BAYER INDONESIA,Nematisida,01130120186234,2024-03-04,2029-03-04
4101,GLYPHOSATE 95 TC,AGRO SENTOSA RAYA,Herbisida,0420221099,2023-02-08,2028-02-08
4102,IMAR 20 WP,SARI KIMIA UNGGUL,Insektisida,01010120093341,2024-08-09,2029-08-09
4103,BANG 240 SL,DALZON CHEMICALS INDONESIA,Herbisida,01030120072845,2022-12-05,2027-12-05
4104,MESOZINE 76/12 WG,RAINBOW AGROSCIENCES,Herbisida,01030120155373,2025-09-26,2030-09-26
4105,Bernice SL,TANAMAN MAKMUR MANDIRI,Fungisida,01020120227499,2022-12-05,2027-12-05
4106,FENTRAZ 500 SC,AGRORISEN INDOMAKMUR CEMERLANG,Herbisida,01030120259201,2026-01-20,2031-01-20
4107,NEXUS 40 SP,JAWA AGRINDO INTERNASIONAL,Insektisida,01010120196562,2024-09-19,2029-09-19
4108,ARIMUKADE FUNZAI,FUMAKILLA NOMOS,Pestisida Rumah Tangga,032025611,2025-11-13,2030-11-13
4109,SENTRI 20 EW,TRITAMA WIRAKARSA,Pestisida Pengendalian Vektor Penyakit Pada Manusia,06090120175711,2022-10-04,2027-10-04
4110,"RATGONE B 0,005 BB",AGRICULTURE CONSTRUCTION,Rodentisida,06120120062535,2025-09-26,2030-09-26
4111,BETA-CYFLUTHRIN 98 TC,SOLO LOGO INDONESIA,Insektisida,0420241269,2024-08-09,2029-08-09
4112,BRAVO 240 SL,INTI EVERSPRING INDONESIA,Herbisida,01030120237979,2024-03-04,2029-03-04
4113,EUSTACIA 590 EC,DOUTA UTAMAN INDONESIA,Herbisida,01030120175932,2023-02-08,2028-02-08
4114,"KOMODO 2,4 GR",YANNO AGRO SCIENCE INDONESIA,Insektisida,01010120269404,2026-04-20,2031-04-20
4115,GRAMATOP 138 SL,WINNER AGROCHEM INTERNUSA,Herbisida,01030120196538,2025-07-11,2030-07-11
4116,CURACRON 500 EC,SYNGENTA INDONESIA,Insektisida,0101011979381,2026-07-16,2031-07-16
4117,B-ALFA®100 EC,AGRO JAYA INDUSTRI,Pestisida Pengendalian Vektor Penyakit Pada Manusia,06090120248573,2025-02-17,2030-02-17
4118,EXOCET 50 EC,PETROKIMIA KAYAKU,Insektisida,01010120001501,2026-04-20,2031-04-20
4119,CONFIDOR 200 SL,BAYER INDONESIA,Insektisida,01010119921007,2023-04-26,2028-04-26
4120,HYDROXONE 276 SL,SAHABAT AGRI SEJATI,Herbisida,01030120165564,2024-03-04,2029-03-04
4121,YENIRIS 240 SL,AGRO JAYA INDUSTRI,Herbisida,01030120238220,2024-03-05,2029-03-05
4122,PRIMACLOR 75 WP,PRIMA KARYA BERJAYA,Fungisida,01020120196463,2024-11-18,2029-11-18
4123,AMEXONE 80 WP,PETROKIMIA KAYAKU,Herbisida,01030120042048,2024-11-18,2029-11-18
4124,SOREXIN 100 SC,DALZON CHEMICALS INDONESIA,Herbisida,01030120175795,2023-02-08,2028-02-08
4125,STARMYL 25 WP,MULTI SARANA INDOTANI,Fungisida,01020119991466,2021-11-18,2026-11-18
4126,SAVANTA 25 WG,SAFE CHEMICAL INDONESIA,Insektisida,01010120206716,2025-02-17,2030-02-17
4127,KUPER 500/50 SC,INDO TANI UTAMA,Fungisida,01020120258819,2025-07-11,2030-07-11
4128,KLARTAN 240 EW,ROYAL AGRO INDONESIA,Insektisida,01010120134691,2023-08-28,2028-08-28
4129,TWILAM 15/300 OD,QILU CROP SCIENCE,Herbisida,01030120248721,2025-02-17,2030-02-17
4130,SINRON 80 WP,AGRO JAYA INDONESIA,Herbisida,01030120217104,2026-01-20,2031-01-20
4131,PYMETROZINE 97 TC,SOLO LOGO INDONESIA,Insektisida,0420241323,2024-09-19,2029-09-19
4132,MESOTA 80 WG,ALBAUGH AGRO INDONESIA,Herbisida,01030120175853,2023-02-08,2028-02-08
4133,INVINCIBLE 20 WG,CHINA JIANGSU INTERNATIONAL INDONESIA,Herbisida,01030120259079,2025-11-13,2030-11-13
4134,JAGABAYA 200 EC,GLOBAL AGROTECH,Insektisida,01010120011614,2025-11-13,2030-11-13
4135,DKFenrat 200 EC,DANKEN INDONESIA,Insektisida,01010120155346,2021-11-18,2026-11-18
4136,GREENQUAT 200 SL,AGRICULTURE CONSTRUCTION,Herbisida,01030120269574,2026-07-16,2031-07-16
4137,TATSUO 350 EC,AGRO NATURAL TECHNOLOGY,Insektisida,01010120206992,2026-04-20,2031-04-20
4138,OMNI-XONE 276 SL,PRIMA KARYA BERJAYA,Herbisida,01030120217052,2026-01-20,2031-01-20
4139,ABAMAT 40/240 SC,RAINBOW AGROSCIENCES,Insektisida,01010120237957,2024-03-04,2029-03-04
4140,SAGRI-BEZZ 30 EC,SATYA AGRO INDONESIA,Insektisida,01010120206905,2025-09-26,2030-09-26
4141,PROPOXUR 50 WP,INTI EVERSPRING INDONESIA,Insektisida,032025607,2025-09-26,2030-09-26
4142,GALATRIN 250 EC,REJEKI INDO AGROTEC,Insektisida,01010120248623,2025-02-17,2030-02-17
4143,IMIDACLOPRID 95 TC,CENTA BRASINDO ABADI CHEMICAL INDUSTRY,Insektisida,0420231254,2024-03-05,2029-03-05
4144,Zorvec Entecta 48/240 SE,CORTEVA AGRISCIENCE INDONESIA,Fungisida,01020120227606,2022-12-05,2027-12-05
4145,DIVAXONE 243 SL,MULTI SARANA INDOTANI,Herbisida,01030120083262,2023-02-08,2028-02-08
4146,MAHADOR 50 EC,TIGA MUARA EMAS MAKMUR,Insektisida,01010120269414,2026-04-20,2031-04-20
4147,FURAMYL 3 GR,INTI EVERSPRING INDONESIA,Insektisida,01010120237755,2023-04-26,2028-04-26
4148,QC-GIB 20 ST,AGRO JAYA INDONESIA,Zat Pengatur Tumbuh Tanaman,01040120259269,2026-01-20,2031-01-20
4149,SALKUAT 150 SL*,SEJAHTERA AGRONUSA LESTARI,Herbisida,01030120258993,2025-09-26,2030-09-26
4150,DACONIL 720 SC,EXINDO RAHARJA PRATAMA,Fungisida,01020120206721,2025-11-13,2030-11-13
4151,SUKAMOX 52 WP,AGRO SENTOSA RAYA,Fungisida,01020120165493,2026-01-20,2031-01-20
4152,DOMINIC 50/10 OD,DELTA GIRI WACANA,Herbisida,01030120217224,2026-04-20,2031-04-20
4153,CLEANSPRAY 96 SG,RAINBOW AGROSCIENCES,Herbisida,01030120134670,2023-02-08,2028-02-08
4154,BUFOS 150 SL,FARMCO KIMIA,Herbisida,01030120124348,2023-08-28,2028-08-28
4155,Solignum All Around Clear 2 ME,NUSANTARA SURYA BENIH,Bahan pengawet kayu,04110120206690,2024-11-18,2029-11-18
4156,PT-Kebaiwei 400 WP,BIOWORLD BIOSCIENCES MANUFACTURING INDUSTRIES,Insektisida,032026646,2026-04-20,2031-04-20
4157,PARAQUAT DICHLORIDE 42 TC,CENTA BRASINDO ABADI CHEMICAL INDUSTRY,Herbisida,0420231197,2023-08-28,2028-08-28
4158,RENTRION-CS 500/100 EC,CAKRA AGRO INDONESIA,Insektisida,01010120237925,2023-08-28,2028-08-28
4159,BIOTARA 300 SC,EXCEL MEG INDO,Insektisida,01010120196509,2024-09-19,2029-09-19
4160,REDOKS 10 WP,NUGROHO PRATAMA CHEMICA ASIA,Pestisida Pengendalian Vektor Penyakit Pada Manusia,08090120062466,2026-07-16,2031-07-16
4161,U-EMPAT ENAM 720 SL,TANI MAS SUBUR,Herbisida,01030120031853,2024-03-04,2029-03-04
4162,HIT 4.29 AL,GODREJ CONSUMER PRODUCTS INDONESIA,Pestisida Rumah Tangga,06080120248496,2024-11-18,2029-11-18
4163,GLUFOSINATE-P AMMONIUM 50 TK,KHARISMA AGRI WIJAYA,Herbisida,0420251415,2025-11-13,2030-11-13
4164,PESTOR GREEN 100 EC,BIO SARANA INDONESIA,Insektisida,01010120259103,2025-11-13,2030-11-13
4165,LANTERN 270/120 SL,TANI LESTARI,Herbisida,01030120031832,2023-02-08,2028-02-08
4166,HEAT UP 480 SL,SUBUR TANI AGRO RAYA SEJAHTERA,Herbisida,01030120258782,2025-07-11,2030-07-11
4167,TOPCYPER 100 EC,DELTA CHEMICA,Insektisida,01010120093353,2024-08-09,2029-08-09
4168,D’SHARPU 70/30 EC,CV. SAKASAKI INDONESIA,Insektisida,01010120259193,2026-01-20,2031-01-20
4169,MR-LON 667 EC,AGRO JAYA INDUSTRI,Herbisida,01030120269605,2026-07-16,2031-07-16
4170,MIRAZ 200 EC,INDAGRO,Akarisida,01140120001518,2026-07-16,2031-07-16
4171,JOFAT 75 SP,ARTHA MAKMUR ABADI,Insektisida,01010120237768,2023-04-26,2028-04-26
4172,GEMPUR 480 SL,PETROKIMIA KAYAKU,Herbisida,01030120041971,2023-04-26,2028-04-26
4173,SAMBAS 700 EC,TIGA MUARA EMAS MAKMUR,Insektisida,01010120186152,2023-04-26,2028-04-26
4174,ZON 480 SL,BASF INDONESIA,Herbisida,01030120217235,2026-04-20,2031-04-20
4175,METINDO 25 WP,INTI EVERSPRING INDONESIA,Insektisida,01010119921012,2026-01-20,2031-01-20
4176,PACLOBUTRAZOL 95 TC,MULTI SARANA INDOTANI,Zat Pengatur Tumbuh Tanaman,042015337,2023-08-28,2028-08-28
4177,LOEDESS 0.005 BB,ABADI JAYA,Rodentisida,01120120124303,2022-12-05,2027-12-05
4178,ABUKI 50 SL,ASIA GALA KIMIA,Insektisida,01010120031865,2023-04-26,2028-04-26
4179,TRIAZOPHOS 85 TC,MULTI SARANA INDOTANI,Insektisida,0420231146,2023-04-26,2028-04-26
4180,FORABEST 300 SL,FORAGRO MITRA SEJATI,Herbisida,01030120259205,2026-01-20,2031-01-20
4181,LUNA SMART 250/250 SC,BAYER INDONESIA,Fungisida,01020120196455,2024-08-09,2029-08-09
4182,YUDA 50 EC,SANBRAND AGRO SEJAHTERA,Insektisida,01010120124329,2022-12-05,2027-12-05
4183,MANT - UP 480 SL,SANTANI AGRO PERKASA,Herbisida,01030120238020,2024-03-04,2029-03-04
4184,SKIES 60 WP,SINAR GENERAL INDUSTRIES,Moluskisida,01050120248328,2024-08-09,2029-08-09
4185,INCIPIO 200 SC,SYNGENTA INDONESIA,Insektisida,01010120237891,2023-08-28,2028-08-28
4186,SETTING 126 SL,CENTA BRASINDO ABADI CHEMICAL INDUSTRY,Herbisida,01030120237810,2023-04-26,2028-04-26
4187,HOKISET 75 SP,AGRO MULIA,Insektisida,01010120258793,2025-07-11,2030-07-11
4188,TAMAXONE 276 SL,SARI KRESNA KIMIA,Herbisida,01030120114001,2024-11-18,2029-11-18
4189,SPREADOUT 607 SL,RAINBOW AGROSCIENCES,Herbisida,01030120134636,2022-10-04,2027-10-04
4190,GONEB 78 WP,PERSADA AGRO SUKSES,Fungisida,01020120165507,2025-02-17,2030-02-17
4191,ROYALCYPER 250 EC,AGRIVA CROPSCIENCE INDONESIA,Insektisida,01010120113994,2026-01-20,2031-01-20
4192,ONE PUSH VAPE 7.4 AE,FUMAKILLA INDONESIA,Pestisida Rumah Tangga,06080120238037,2024-03-04,2029-03-04
4193,FARM-ZEB 80 WP,GOODFARM CHEMICAL INDONESIA,Fungisida,01020120269566,2026-07-16,2031-07-16
4194,CARBOFURAN 98 TC,CENTA BRASINDO ABADI CHEMICAL INDUSTRY,Insektisida,0420251375,2025-07-11,2030-07-11
4195,MECKING 36 EC,CATUR MANUNGGAL JAYA ABADI,Insektisida,01010120114145,2021-11-18,2026-11-18
4196,SENATE 200 SL,INDOIN BUSINESS GROUP,Herbisida,01030120227461,2022-10-04,2027-10-04
4197,TRIADIMENOL 96 TC,YANNO AGRO SCIENCE INDONESIA,Fungisida,042017503,2025-11-13,2030-11-13
4198,MORTEIN 0.0075 MC,RECKITT BENCKISER INDONESIA,Pestisida Rumah Tangga,032014346,2024-09-19,2029-09-19
4199,PREVENTOL D 19,BLUE CUBE INDONESIA,Pestisida lain-lain,0420251403,2025-09-26,2030-09-26
4200,MARTAN 360 EC,DALZON CHEMICALS INDONESIA,Herbisida,032014354,2024-03-05,2029-03-05
4201,AXTONE 36 EC,AGRO BERJAYA CITRA TANI,Insektisida,01010120259165,2026-01-20,2031-01-20
4202,PYLON 50 WG,UPL INDONESIA,Insektisida,01010120269630,2026-07-16,2031-07-16
4203,GRASSO 480 SL,SARI KRESNA KIMIA,Herbisida,01030120042085,2024-03-04,2029-03-04
4204,FITOKARB 50 WP,INDO-SINO AGROCHEMICAL,Fungisida,01020120031886,2024-03-05,2029-03-05
4205,STARJOS 125 EW,PETROSIDA GRESIK,Herbisida,01030120072981,2022-06-27,2027-06-27
4206,TEMPRID 365.4 SC,DISCOVERY ENVIRONMENTAL SCIENCE INDONESIA,Pestisida Pengendalian Vektor Penyakit Pada Manusia,06090120155274,2024-09-19,2029-09-19
4207,INVANDER 310/49 EC,CROP CARE INDONESIA,Herbisida,01030120113973,2025-09-26,2030-09-26
4208,MOSCLEN 480 SL,DELTA GIRI WACANA,Herbisida,01030120248305,2024-08-09,2029-08-09
4209,DEMAND 100 CS,SYNGENTA INDONESIA,Insektisida,02010120134767,2023-08-28,2028-08-28
4210,HIT EXPERT 0.23 AE,GODREJ CONSUMER PRODUCTS INDONESIA,Pestisida Rumah Tangga,06080120217249,2022-01-14,2027-01-14
4211,FLUMIDA 50 WP,PETROSIDA GRESIK,Herbisida,01030120258930,2025-09-26,2030-09-26
4212,BRANTACOL 70 WP,SINAR GENERAL INDUSTRIES,Fungisida,01020120114034,2021-11-18,2026-11-18
4213,TALIS 10 WP,DELTAGRO MULIA SEJATI,Herbisida,01030120144959,2023-08-28,2028-08-28
4214,CYZEB 64/8 WG,AGRO INSANI SEMESTA,Fungisida,01020120206609,2025-02-17,2030-02-17
4215,ADETHON 100/20 SC,ADVANSIA INDOTANI,Insektisida,01010120269508,2026-07-16,2031-07-16
4216,MAGU 420 EC,ALISHAN NUSA INDAH,Insektisida,01010120258827,2025-07-11,2030-07-11
4217,ELICOR 50 SC,FMC AGRICULTURAL MANUFACTURING,Insektisida,01010120227638,2023-02-08,2028-02-08
4218,SIPERMETRIN 94 TC,SOLO LOGO INDONESIA,Insektisida,042017502,2022-10-04,2027-10-04
4219,POTANIL 75 WP,MITRA KREASIDHARMA,Fungisida,01020120103785,2025-02-17,2030-02-17
4220,QUIZALOFOP-P-ETIL 98 TC,AGRO JAYA INDONESIA,Herbisida,0420231203,2023-08-28,2028-08-28
4221,DANAUP 490 SL,PARAMA AGROINDUSTRI DANAPATI,Herbisida,01030120196295,2024-03-05,2029-03-05
4222,RHENOS 36 EC,RABANA AGRO RESOURCES,Insektisida,01010120175709,2026-07-16,2031-07-16
4223,TRANSFLUTHRIN 92 TC,GELPI KURNIALESTARI,Insektisida,042012291,2021-11-18,2026-11-18
4224,LUDO 310 EC,DELTAGRO MULIA SEJATI,Insektisida,01010120124478,2022-01-11,2027-01-11
4225,KEN-MIDA 12/50 EC,KENSO INDONESIA,Insektisida,01010120196550,2025-02-17,2030-02-17
4226,FUMAKILLA 0.3 MC,FUMAKILLA INDONESIA,Pestisida Rumah Tangga,032001139,2021-11-18,2026-11-18
4227,"BARUCHEM 0,0375 BB",BARU INDONESIA,Rodentisida,01120120248455,2024-11-18,2029-11-18
4228,AMOTAN 250 SC,ADVANSIA INDOTANI,Fungisida,01020120124272,2022-06-27,2027-06-27
4229,DKCYPRO 400 OD,DANKEN INDONESIA,Herbisida,01030120269353,2026-04-20,2031-04-20
4230,BASMILAH 490 SL,ANKEWA CHEMICAL INDONESIA,Herbisida,01030120103762,2024-09-19,2029-09-19
4231,MAYORAL 350 SL,ROYAL AGRO INDONESIA,Herbisida,01030120134695,2023-08-28,2028-08-28
4232,DESTAR 50 SC,DELTAGRO MULIA SEJATI,Insektisida,01010120072937,2022-10-04,2027-10-04
4233,SYSCON 64/8 WP,CV. Raja Grafika,Fungisida,01020120114000,2022-06-27,2027-06-27
4234,TANI STRONG 165 SL,FORAGRO MITRA SEJATI,Herbisida,01030120196243,2024-03-05,2029-03-05
4235,MEYER 50 DC,DELTAGRO MULIA SEJATI,Insektisida,01010120196452,2024-03-04,2029-03-04
4236,ULTRALON 667 EC,GRAHA AGRO,Herbisida,01030120259010,2025-09-26,2030-09-26
4237,NARCIM 80 WP,SAMUDRA UTAMA NARAPATI,Fungisida,01020120175912,2022-10-04,2027-10-04
4238,MERIVON 250/250 SC,BASF INDONESIA,Fungisida,01020120196458,2024-08-09,2029-08-09
4239,ROUND-TOX 865 SL,BIOTEK SARANATAMA,Herbisida,01030120134712,2024-11-18,2029-11-18
4240,FORCE 20/100 SC,EASTCHEM AGROSCIENCE INDONESIA,Insektisida,01010120227519,2022-12-05,2027-12-05
4241,NUGRASS 69 EC,NUFARM INDONESIA,Herbisida,01030120103779,2023-08-28,2028-08-28
4242,BILLY 20 WP,MULTI SARANA INDOTANI,Herbisida,01030119981403,2024-09-19,2029-09-19
4243,K-CELMEC 18 EC,HANEARL SCIENCE INDONESIA,Insektisida,01010120227427,2022-10-04,2027-10-04
4244,BIGALON 680 EC,SANTANI AGRO PERKASA,Herbisida,01030120134757,2023-04-26,2028-04-26
4245,POSTRIN 500/50 EC,AGRO SEJAHTERA INDONESIA,Insektisida,01010120144915,2024-03-05,2029-03-05
4246,PINAMEC 20 EC,JAWA AGRINDO INTERNASIONAL,Insektisida,01010120196567,2024-09-19,2029-09-19
4247,METOKING 40 SP,SANTANI AGRO PERKASA,Insektisida,01010120227438,2022-10-04,2027-10-04
4248,BPMC 96 TC,MITRA KREASIDHARMA,Insektisida,042015351,2025-09-26,2030-09-26
4249,MILAN 10/5 WP,SANTANI AGRO PERKASA,Insektisida,01010120134791,2023-04-26,2028-04-26
4250,TRUPER 3 GR,DELTAGRO MULIA SEJATI,Insektisida,01010120011590,2026-01-20,2031-01-20
4251,Zebra 0.3 MC,KUDA RAYA KARYANUSA,Pestisida Rumah Tangga,06080120073013,2024-03-05,2029-03-05
4252,APURI 50 WP,ADVANSIA INDOTANI,Herbisida,01030120134749,2023-08-28,2028-08-28
4253,PILARTEP 115/230 SC,PILARQUIM AGROSCIENCE INDONESIA,Fungisida,01020120217160,2021-10-12,2026-10-12
4254,VICTORY 80 WP,MULTI SARANA INDOTANI,Fungisida,01020120021722,2025-07-11,2030-07-11
4255,FLYTOX 10 WG,MEDION FARMA JAYA,Insektisida,02010120227404,2022-10-04,2027-10-04
4256,DIGUL 138 SL,TIGA MUARA EMAS MAKMUR,Herbisida,01030120248469,2024-11-18,2029-11-18
4257,REJOSOGOLD 400/30 SC,TIGA MUARA EMAS MAKMUR,Insektisida,01010120237804,2023-04-26,2028-04-26
4258,PYZERO 100 EC,BINA GUNA KIMIA,Herbisida,01030120103647,2024-09-19,2029-09-19
4259,PGTPLUS 15/385 SE,SANTANI AGRO PERKASA,Herbisida,01030120206768,2024-11-18,2029-11-18
4260,STAR-TREL 480 SL,DELTA CHEMICA,Zat Pengatur Tumbuh Tanaman,01040120196574,2025-02-17,2030-02-17
4261,MARSHAL 5 GR,BINA GUNA KIMIA,Insektisida,01010119961279,2022-10-04,2027-10-04
4262,KENSHI 15/385 SE,INDOIN BUSINESS GROUP,Herbisida,01030120217146,2026-07-16,2031-07-16
4263,DAGLU 150 SL,PETROSIDA GRESIK,Herbisida,01030120259047,2025-11-13,2030-11-13
4264,AZAXIN 50 WP,AGRO SENTOSA RAYA,Herbisida,01030120269335,2026-04-20,2031-04-20
4265,BRIGGS 100 PA,DALZON CHEMICALS INDONESIA,Zat Pengatur Tumbuh Tanaman,01040120114036,2025-11-13,2030-11-13
4266,ROLTAP 450 SL,ROLIMEX KIMIA NUSAMAS,Insektisida,01010120083081,2022-10-04,2027-10-04
4267,HALONA 200/50 EC,SARI KRESNA KIMIA,Insektisida,01010120113896,2025-11-13,2030-11-13
4268,TASMIN 865 SL,DA MING INDONESIA,Herbisida,01030120206991,2026-01-20,2031-01-20
4269,FENVAL 10 WP,MITRA KREASIDHARMA,Insektisida,01010120031825,2024-03-04,2029-03-04
4270,AGXINDOR 30 WG,AGX ASIA INDONESIA,Insektisida,01010120248348,2024-09-19,2029-09-19
4271,SPIDKILL 220 SC,ENFARM CROP SCIENCE,Akarisida,01140120248706,2025-02-17,2030-02-17
4272,Clavengo Xtra 200 SL,SYNGENTA INDONESIA,Herbisida,01030120237985,2024-03-04,2029-03-04
4273,GOODSIP 50/7/13 WP,SINAMYANG INDONESIA,Herbisida,01030120217136,2026-01-20,2031-01-20
4274,FENVALERAT 94 TC,BIOTIS AGRINDO,Insektisida,0420231180,2023-08-28,2028-08-28
4275,GENIVAL 250 EC,SINAR GENERAL INDUSTRIES,Insektisida,01010120144986,2024-09-19,2029-09-19
4276,HERBI ANTIGULMA 500/50 SC,MAXXI AGRI INDONESIA,Herbisida,01030120206783,2025-07-11,2030-07-11
4277,DROPPING 121 SL,CENTA BRASINDO ABADI CHEMICAL INDUSTRY,Herbisida,01030120227636,2023-02-08,2028-02-08
4278,NIKOSULFURON 95 TC,SOLO LOGO INDONESIA,Herbisida,042020842,2025-02-17,2030-02-17
4279,GOKILL 240 EC,SANTANI AGRO MANDIRI,Herbisida,01030120227410,2022-10-04,2027-10-04
4280,COPCIDE 77 WP,MULTI SARANA INDOTANI,Fungisida,01020120113883,2024-09-19,2029-09-19
4281,KENMECTIN 18 EC,KENSO INDONESIA,Insektisida,01010120134877,2024-08-09,2029-08-09
4282,HIT EXPERT 6.48 LV,GODREJ CONSUMER PRODUCTS INDONESIA,Pestisida Rumah Tangga,06080120227534,2022-12-05,2027-12-05
4283,TOPRA-MAX 336 OD,INDAGRO,Herbisida,01030120248713,2025-02-17,2030-02-17
4284,INZTAN 360/40 EC,MUTIARA KERATON JIMMY&CO TRANS BISNIS INDONESIA,Insektisida,01010120165551,2022-06-27,2027-06-27
4285,BETAZOLE 300/150 SC,INDO TANI UTAMA,Fungisida,01020120186174,2024-03-04,2029-03-04
4286,BARUNA 245 SL,DELTA GIRI WACANA,Herbisida,01030120083171,2026-01-20,2031-01-20
4287,ACEPHATE 97 TC,DALZON CHEMICALS INDONESIA,Insektisida,042007208,2021-11-18,2026-11-18
4288,AVIDOR 25 WP,SAPROTAN UTAMA NUSANTARA,Insektisida,01010120072712,2026-01-20,2031-01-20
4289,THILOPOS 300 EC,SUMANS MANDIRI SEJAHTERA,Herbisida,01030120259007,2025-09-26,2030-09-26
4290,LINON 600 EC,BIO AGRITECH NUSANTARA,Insektisida,01010120259084,2025-11-13,2030-11-13
4291,AMCOTHENE 75 SP,ADIL MAKMUR FAJAR,Insektisida,01010119921006,2023-04-26,2028-04-26
4292,URANUS 80/10 WP,SINAR GENERAL INDUSTRIES,Fungisida,01020120155194,2024-11-18,2029-11-18
4293,METHOMYL 40 SP,EASTCHEM AGROSCIENCE INDONESIA,Insektisida,032026651,2026-07-16,2031-07-16
4294,PESOVER 40 SP,RAINBOW AGROSCIENCES,Insektisida,032024565,2024-11-18,2029-11-18
4295,BRODIFAKUM 95 TC,INTER AGRO TECHNOLOGY INDONESIA,Rodentisida,0420251449,2026-01-20,2031-01-20
4296,KILAU 36 WP,INDO-SINO AGROCHEMICAL,Herbisida,01030120185953,2023-02-08,2028-02-08
4297,DKLIFOSAT 480 SL,DANKEN INDONESIA,Herbisida,01030120175684,2022-12-05,2027-12-05
4298,KING AP 220/5.1 SL,CENTA BRASINDO ABADI CHEMICAL INDUSTRY,Herbisida,01030120093456,2024-03-04,2029-03-04
4299,DITHANE M-45 80 WP,UPL INDONESIA,Fungisida,010201197459,2025-11-13,2030-11-13
4300,KEENALI 400 SC,BINA GUNA KIMIA,Herbisida,01030120269584,2026-07-16,2031-07-16
4301,NEWTEX 10 PA,ANUGRAH SENTANA AGRO,Zat Pengatur Tumbuh Tanaman,01040120134604,2023-08-28,2028-08-28
4302,Glyphosate 95% TC,SOLUSI TANI INDONESIA,Herbisida,0420231130,2023-04-26,2028-04-26
4303,X-SORB 660 SL,PRIMA KARYA BERJAYA,Herbisida,01030120237955,2023-08-28,2028-08-28
4304,DIAZINON 600 EC,PETROKIMIA KAYAKU,Insektisida,01010119742,2025-11-13,2030-11-13
4305,FLUPYMEZOTIAZ 98 TC,KINGAGROOT BIOTECHNOLOGY INDONESIA,Insektisida,0420261507,2026-07-16,2031-07-16
4306,FERANCHER 100 EC,INDO-SINO AGROCHEMICAL,Herbisida,01030120124456,2023-08-28,2028-08-28
4307,AMETOP 500 SC,INDOIN BUSINESS GROUP,Herbisida,01030120258738,2025-07-11,2030-07-11
4308,UNIHAO 250 EC,INTI EVERSPRING INDONESIA,Fungisida,01020120217100,2026-01-20,2031-01-20
4309,Fluma Gold 200 EC,KINGAGROOT BIOTECHNOLOGY INDONESIA,Herbisida,01030120269366,2026-04-20,2031-04-20
4310,HIT 0.17 MV,GODREJ CONSUMER PRODUCTS INDONESIA,Pestisida Rumah Tangga,06080120248391,2024-09-19,2029-09-19
4311,ASLINYA 75 WP,ADVANSIA INDOTANI,Fungisida,01020120144887,2024-03-05,2029-03-05
4312,FENOXAPROP-P-ETHYL 95 TC,AGRORISEN INDOMAKMUR CEMERLANG,Herbisida,0420241333,2024-11-18,2029-11-18
4313,COKRO 30 EC,TIGA MUARA EMAS MAKMUR,Insektisida,01010120217239,2022-01-14,2027-01-14
4314,HIT MAGIC 0.085 FU,GODREJ CONSUMER PRODUCTS INDONESIA,Pestisida Rumah Tangga,06080120196276,2024-09-19,2029-09-19
4315,PRIMA-FAST 50 EC,PRIMA KARYA BERJAYA,Insektisida,01010120083284,2023-08-28,2028-08-28
4316,DETANNEB 80 WP,SAPROTAN UTAMA NUSANTARA,Fungisida,01020120042069,2025-07-11,2030-07-11
4317,VESVERA 18/20 EC,ETONG CHEMICAL INDONESIA,Akarisida,01140120259317,2026-01-20,2031-01-20
4318,RACUN BIRU 276 SL,YANNO AGRO SCIENCE INDONESIA,Herbisida,01030120259270,2026-01-20,2031-01-20
4319,PILARTRUST 100 SC,PILARQUIM AGROSCIENCE INDONESIA,Insektisida,01010120238045,2024-03-04,2029-03-04
4320,TROOP 20 WG,NUFARM INDONESIA,Insektisida,01010120238210,2024-03-05,2029-03-05
4321,SUPRA 615 SL,NUFARM INDONESIA,Herbisida,01030120031933,2026-07-16,2031-07-16
4322,TAKUMI 20 WG,AGRICULTURE CONSTRUCTION,Insektisida,01010120093503,2024-03-04,2029-03-04
4323,METIDATION 95 TC,SOLO LOGO INDONESIA,Insektisida,042020841,2025-02-17,2030-02-17
4324,METINDO 80 SL,INTI EVERSPRING INDONESIA,Insektisida,01010120031835,2023-04-26,2028-04-26
4325,GENERA 300/100 SC,WINNER AGROCHEM INTERNUSA,Fungisida,01020120227650,2023-02-08,2028-02-08
4326,Wendry 75 WP,MAJU MAKMUR UTOMO,Fungisida,01020120175816,2022-10-04,2027-10-04
4327,NARANIN 417 SC,SAMUDRA UTAMA NARAPATI,Herbisida,01030120206759,2026-01-20,2031-01-20
4328,"KLINTOP 59,7/4,7/5,6 WG",UPL INDONESIA,Fungisida,01020120196551,2024-11-18,2029-11-18
4329,BENTAN BIRU 60 WP,TRIDA KIMIA SAKTI,Moluskisida,01050120237973,2024-03-04,2029-03-04
4330,PROFENOFOS 89 TC,RAINBOW AGROSCIENCES,Insektisida,042019748,2024-09-19,2029-09-19
4331,TOBI - T 85 WP,DELTAGRO MULIA SEJATI,Moluskisida,03050120237819,2023-04-26,2028-04-26
4332,COZENE 70/10 WP,PETROSIDA GRESIK,Fungisida,01020120062393,2026-04-20,2031-04-20
4333,SCORE 250 EC,SYNGENTA INDONESIA,Fungisida,0102011990939,2025-09-26,2030-09-26
4334,WARRANT GOLD 480 SL,SURYA AGROKEMINDO PERKASA,Herbisida,01030120237952,2023-08-28,2028-08-28
4335,DALBO 500 SC,DELTA GIRI WACANA,Insektisida,01010120269348,2026-04-20,2031-04-20
4336,KUATDAN 140 SL*,CENTA BRASINDO ABADI CHEMICAL INDUSTRY,Herbisida,01030120269590,2026-07-16,2031-07-16
4337,JUMP UP 555 SL,SARI KRESNA KIMIA,Herbisida,01030120124232,2025-11-13,2030-11-13
4338,KOPERO 335 SC,KENSO INDONESIA,Fungisida,01020120134755,2024-08-09,2029-08-09
4339,NAVOX 60 EC,DALZON CHEMICALS INDONESIA,Insektisida,01010120186055,2023-04-26,2028-04-26
4340,VAPE 0.005 RB,FUMAKILLA INDONESIA,Pestisida Rumah Tangga,06080120217183,2026-07-16,2031-07-16
4341,TEBURON 80 WP,MAXXI AGRI INDONESIA,Herbisida,01030120259006,2025-09-26,2030-09-26
4342,ATRAZ 600 SC,MULTI SARANA INDOTANI,Herbisida,01030120155126,2024-03-04,2029-03-04
4343,DOSBUN 200 EC,MASCO AGRI GENETICS,Insektisida,01010120093429,2024-08-09,2029-08-09
4344,PRIMA-TENG 480 SL,PRIMA KARYA BERJAYA,Zat Pengatur Tumbuh Tanaman,01040120248533,2024-11-18,2029-11-18
4345,EDOTENSEI 60 WP,FORAGRO MITRA SEJATI,Moluskisida,01050120248606,2025-02-17,2030-02-17
4346,KNOCK DOWN 865 SL,MASCO AGRI GENETICS,Herbisida,01030120237778,2023-04-26,2028-04-26
4347,BANSAR 500 EC,AGRO SEJAHTERA INDONESIA,Insektisida,01010120134847,2024-03-04,2029-03-04
4348,BERSIH KABEH 250 SL,TIGA MUARA EMAS MAKMUR,Herbisida,01030120248580,2025-02-17,2030-02-17
4349,HICARB 500 EC,MASCO AGRI GENETICS,Insektisida,01010120258784,2025-07-11,2030-07-11
4350,RATTAN 60 WP,PERDANA AGRO MANDIRI,Moluskisida,01050120103857,2026-01-20,2031-01-20
4351,GENERALLY 25 WP,SINAR GENERAL INDUSTRIES,Herbisida,01030120145060,2024-11-18,2029-11-18
4352,KOZIMA 50 SC,SAPROTAN UTAMA,Insektisida,01010120217147,2021-10-12,2026-10-12
4353,RUSO 485 SL,MULTI SARANA INDOTANI,Herbisida,01030120083224,2026-01-20,2031-01-20
4354,MHK 865 SL,TIGA MUARA EMAS MAKMUR,Herbisida,01030120248301,2024-08-09,2029-08-09
4355,PANCEN OYE 18 EC,TIGA MUARA EMAS MAKMUR,Insektisida,01010120227443,2022-10-04,2027-10-04
4356,INSTANS 60 WP,AGRO MULIA,Moluskisida,01050120134688,2024-08-09,2029-08-09
4357,IMAFAST 100 SL,INDOIN BUSINESS GROUP,Herbisida,01030120258795,2025-07-11,2030-07-11
4358,KILLMOS 80 P*,CENTA BRASINDO ABADI CHEMICAL INDUSTRY,Rodentisida,01120120083053,2022-12-05,2027-12-05
4359,PROZOLE PLUS 70/120 ME,RAINBOW AGROSCIENCES,Fungisida,01020120248687,2025-02-17,2030-02-17
4360,FUSARIO 250 EC,PRIMA KARYA BERJAYA,Fungisida,01020120258775,2025-07-11,2030-07-11
4361,LUGEN 100 EC,NUFARM INDONESIA,Insektisida,01010119981416,2023-04-26,2028-04-26
4362,AMATRINE 250 EC,ARTHA MAKMUR ABADI,Insektisida,01010120269515,2026-07-16,2031-07-16
4363,AGROTOP 200/150 SC,AGRO MULIA,Fungisida,01020120155326,2025-11-13,2030-11-13
4364,Goodknight 0.28 MC,GODREJ CONSUMER PRODUCTS INDONESIA,Pestisida Rumah Tangga,06080120259066,2025-11-13,2030-11-13
4365,LIMADUALIMA 525 SL,DA MING INDONESIA,Herbisida,01030120227550,2022-12-05,2027-12-05
4366,"STARKUM 0,005 BB",CENTA BRASINDO ABADI CHEMICAL INDUSTRY,Rodentisida,01120120124322,2022-10-04,2027-10-04
4367,ALAMOR 260/55/40 OD,PETROKIMIA KAYAKU,Herbisida,01030120196408,2024-09-19,2029-09-19
4368,INVERO 400 SL,DHARMA GUNA WIBAWA,Insektisida,01010120124473,2022-06-27,2027-06-27
4369,TAFT 75 WP,SAPROTAN UTAMA NUSANTARA,Fungisida,01020120114176,2025-11-13,2030-11-13
4370,CLOTTER P+ 250 SC,CAKRA AGRO INDONESIA,Zat Pengatur Tumbuh Tanaman,01040120237861,2023-08-28,2028-08-28
4371,DIMENOL 15 WG,YANNO AGRO SCIENCE INDONESIA,Fungisida,01020120186023,2024-03-05,2029-03-05
4372,AMSIONG 276 SL*,PANEN AGRO PERKASA INDONESIA,Herbisida,01030120227486,2022-12-05,2027-12-05
4373,NOLULANGTOP 300/10 SC,MAXXI AGRI INDONESIA,Herbisida,01030120258973,2025-09-26,2030-09-26
4374,ARIOTOX 12 GR,NOPOSION AGROCHEMICALS INDONESIA,Moluskisida,01050120237964,2024-03-04,2029-03-04
4375,EXPERTO 300 SC,MULTI SARANA INDOTANI,Insektisida,01010120134864,2023-04-26,2028-04-26
4376,CLARION 500 EC,REJEKI INDO AGROTEC,Insektisida,01010120248587,2025-02-17,2030-02-17
4377,BASWEED 400 SC,BIOTIS AGRINDO,Herbisida,01030120227614,2023-02-08,2028-02-08
4378,IMIDACLOPRID 95 TC,CENTA BRASINDO ABADI CHEMICAL INDUSTRY,Insektisida,042018533,2023-02-08,2028-02-08
4379,JIRON 80 WP,AGRO JAYA INDUSTRI,Herbisida,01030120248641,2025-02-17,2030-02-17
4380,JATAR 200/35 OD,TANAMAN MAKMUR MANDIRI,Herbisida,01030120269393,2026-04-20,2031-04-20
4381,TURBOMIN 865 SL,LANGGENG MUSTIKA CHEMINDO,Herbisida,01030120155402,2026-01-20,2031-01-20
4382,KLORANTRANILIPROL 98 TC,SOLO LOGO INDONESIA,Insektisida,0420251419,2025-11-13,2030-11-13
4383,TRIGON 25 EC,TRIDA KIMIA SAKTI,Insektisida,01010120031881,2024-03-04,2029-03-04
4384,PT-Easyuse 350 WP,BIOWORLD BIOSCIENCES MANUFACTURING INDUSTRIES,Fungisida,032026644,2026-04-20,2031-04-20
4385,PROKIL 275 EC,JOYO MAKMUR SUKSES,Insektisida,01010120186143,2023-08-28,2028-08-28
4386,ACL 6 865 SL,DA MING INDONESIA,Herbisida,01030120072812,2022-12-05,2027-12-05
4387,RUMTOX 45 WP,TANI MAS SUBUR,Herbisida,01030120031846,2022-06-27,2027-06-27
4388,TERRA UP 480 SL,SURYA UTAMA NIAGA TANI,Herbisida,01030120217150,2026-07-16,2031-07-16
4389,VECTRAL 200 SL,JAWA AGRINDO INTERNASIONAL,Herbisida,01030120206791,2025-07-11,2030-07-11
4390,INDORIS 160 SL,AGRO JAYA INDUSTRI,Herbisida,01030120238016,2024-03-04,2029-03-04
4391,PRIMA-BLACK 80 P,PRIMA KARYA BERJAYA,Rodentisida,01120120175785,2022-10-04,2027-10-04
4392,JAMURE 60 WP,CATUR MANUNGGAL JAYA ABADI,Fungisida,01020120175760,2023-04-26,2028-04-26
4393,KENTINDOX 160/20 OD,KENSO INDONESIA,Insektisida,01010120258953,2025-09-26,2030-09-26
4394,PESTALO 150/75 SE,AGRO DYNAMICS INDO,Fungisida,01020120269622,2026-07-16,2031-07-16
4395,JOS GANDOS 325/100 SL,BERBAK AGRO SEJATI,Herbisida,01030120248291,2024-08-09,2029-08-09
4396,CYPIRAN 12.5 WP,INDAGRO,Insektisida,01010120155294,2024-11-18,2029-11-18
4397,TRIDAMEX 36 EC,TRIDA KIMIA SAKTI,Insektisida,01010120113927,2025-07-11,2030-07-11
4398,CINFLUBROLIN 98 TC,KINGAGROOT BIOTECHNOLOGY INDONESIA,Herbisida,0420231223,2024-03-04,2029-03-04
4399,BM PROPERTHRIN 440 EC,BEHN MEYER AGRICARE,Insektisida,01010120175891,2022-12-05,2027-12-05
4400,PROPAR 50 EC,AGROKIMINDO KURNIABUANA,Insektisida,01010119991461,2025-09-26,2030-09-26
4401,IPA GLIFOSAT 62 TC,BIOTIS AGRINDO,Herbisida,042007211,2026-04-20,2031-04-20
4402,SUPICARB 62.5/625 SC,RAINBOW AGROSCIENCES,Fungisida,01020120227467,2022-10-04,2027-10-04
4403,CHAMPION 77 WP,CROP CARE INDONESIA,Fungisida,01020119961261,2022-06-27,2027-06-27
4404,CONTROZ ANT 0.01 GL,BENTZ JAZ INDONESIA,Pestisida Rumah Tangga,06080120217036,2026-04-20,2031-04-20
4405,WITRICE 300 EC,RAINBOW AGROSCIENCES,Herbisida,01030120155410,2025-11-13,2030-11-13
4406,PREDOTONG 276 SL,SAPROTAN UTAMA NUSANTARA,Herbisida,01030120103850,2025-09-26,2030-09-26
4407,PILARCLOTRIN 145/135 ZC,INDO-SINO AGROCHEMICAL,Insektisida,01010120206962,2025-02-17,2030-02-17
4408,ATOPRAZIN 10/240 OD,ADVANSIA INDOTANI,Herbisida,01030120248233,2024-08-09,2029-08-09
4409,OPTIGARD COCKROACH 0.1 RB,SYNGENTA INDONESIA,Pestisida Rumah Tangga,06080120083208,2023-08-28,2028-08-28
4410,HEZOLE 50 SC,RAINBOW AGROSCIENCES,Fungisida,01020120165616,2026-01-20,2031-01-20
4411,PREVENTOL P 91,KEMINDO ARTHA JAYA,Bakterisida,0420221039,2022-06-27,2027-06-27
4412,PYRACLOSTROBIN 98 TC,KHARISMA AGRI WIJAYA,Fungisida,0420251423,2025-11-13,2030-11-13
4413,MITISIDE 40/240 SC,AGRORISEN INDOMAKMUR CEMERLANG,Insektisida,01010120248518,2024-11-18,2029-11-18
4414,BENTAN 45 WP,TRIDA KIMIA SAKTI,Moluskisida,01050120041954,2024-03-04,2029-03-04
4415,CAPTIVAN 20/20 WP,EASTCHEM AGROSCIENCE INDONESIA,Bakterisida,01060120269343,2026-04-20,2031-04-20
4416,VIBRANCE XL 176.42/88.27/35.33 FS,SYNGENTA INDONESIA,Fungisida,01020120217174,2026-07-16,2031-07-16
4417,ROTAZEB 80 WP,ALBAUGH AGRO INDONESIA,Fungisida,01020120144954,2024-09-19,2029-09-19
4418,SALVADOR 25 EC,ADIL MAKMUR FAJAR,Insektisida,01010120072798,2023-02-08,2028-02-08
4419,GLUFOSINATE AMMONIUM 95 TC,INDO-SINO AGROCHEMICAL,Herbisida,0420221066,2022-12-05,2027-12-05
4420,THIRAM 95 TC,MULTI SARANA INDOTANI,Fungisida,042018607,2023-04-26,2028-04-26
4421,SAGRI-FLAZZ 20/100 EC,SATYA AGRO INDONESIA,Insektisida,01010120185985,2023-02-08,2028-02-08
4422,VAPE LIQUID REFILL 20 LV,FUMAKILLA INDONESIA,Pestisida Rumah Tangga,032012311,2023-04-26,2028-04-26
4423,DIFENOCONAZOLE 92 TC,SYNGENTA INDONESIA,Fungisida,042006179,2025-11-13,2030-11-13
4424,NAPTALIN 3.5 WP,ARTHA BUANA MANDIRI,Zat Pengatur Tumbuh Tanaman,01040120206647,2025-09-26,2030-09-26
4425,SULFO-GAS-Q 99.8 LG*,YANNO AGRO SCIENCE INDONESIA,Fumigan,07010120206865,2026-01-20,2031-01-20
4426,PLASMA 486 SL,MESTIKA KARUNIA UTAMA,Herbisida,01030120062534,2026-04-20,2031-04-20
4427,INDOXONE 135 SL,RAJA GROUP INDONESIA,Herbisida,01030120248396,2024-09-19,2029-09-19
4428,MUNICH 20 EC,SANBRAND AGRO SEJAHTERA,Insektisida,01010120196459,2024-09-19,2029-09-19
4429,WALCOTT 40 SL,CV. DITAMA RAYA,Zat Pengatur Tumbuh Tanaman,01040120206794,2025-07-11,2030-07-11
4430,RENOFLUTHRIN 5 TK,TAKBIR SUKMA TRADA INDONESIA,Insektisida,0420231261,2024-03-05,2029-03-05
4431,TUNE-UP 488 SL,PERSADA AGRO SUKSES,Herbisida,01030120155279,2024-09-19,2029-09-19
4432,HANTEN 60 WP,TAPAL KOEDA INDONESIA,Fungisida,01020120217204,2026-04-20,2031-04-20
4433,STARBUD-PLUS 35/540 EC,ROLIMEX KIMIA NUSAMAS,Insektisida,01010120155270,2024-11-18,2029-11-18
4434,ALFENO -77 80/80 EC,AGROMANNA JAYA LESTARI,Insektisida,01010120238094,2024-03-05,2029-03-05
4435,Go-Kar 10 PA,SOLO LOGO INDONESIA,Zat Pengatur Tumbuh Tanaman,01040120248494,2024-11-18,2029-11-18
4436,INNOMAN ® MB,TRITUNGGAL ARTHAMAKMUR,Bakterisida,0420231162,2023-04-26,2028-04-26
4437,"COPTON 0,5 RB",CORTEVA AGRISCIENCE MANUFACTURING INDONESIA,Insektisida,01010120144932,2024-03-05,2029-03-05
4438,PREMISE 200 SL,DISCOVERY ENVIRONMENTAL SCIENCE INDONESIA,Bahan pengawet kayu,04110119941160,2024-03-04,2029-03-04
4439,KLORANTRANILIPROL 96 TC,AGRO JAYA INDONESIA,Insektisida,0420241315,2024-09-19,2029-09-19
4440,TRIGARD 75 WP,SYNGENTA INDONESIA,Insektisida,01010119971318,2025-07-11,2030-07-11
4441,ORDINAL 5 WP,ARTHA BUANA MANDIRI,Zat Pengatur Tumbuh Tanaman,01040120248308,2024-08-09,2029-08-09
4442,FIPRONIL 95 TC,RAINBOW AGROSCIENCES,Insektisida,042019759,2024-09-19,2029-09-19
4443,BENSULFURON METHYL 96 TC,MULTI SARANA INDOTANI,Herbisida,042020809,2024-08-09,2029-08-09
4444,"ALIZAR 32,5/5 WP",ADVANSIA INDOTANI,Herbisida,01030120217189,2026-07-16,2031-07-16
4445,KOGETA 400 SC,TAPAL KOEDA INDONESIA,Herbisida,01030120217252,2026-07-16,2031-07-16
4446,"ATTRATHOR 26,3 SC",ENSYSTEX INTERNATIONAL INDONESIA,Pestisida Pengendalian Vektor Penyakit Pada Manusia,06090120217021,2026-07-16,2031-07-16
4447,METHOMYL 215 EC,INDO-SINO AGROCHEMICAL,Insektisida,032025616,2025-11-13,2030-11-13
4448,ROMANIL 72/8 WP,AGRO SEJAHTERA INDONESIA,Fungisida,01020120134625,2024-03-04,2029-03-04
4449,BESTNOID GOLD 70 WP,DELTA GIRI WACANA,Moluskisida,01050120196418,2024-08-09,2029-08-09
4450,KENLON 480 EC,KENSO INDONESIA,Herbisida,01030120062433,2026-01-20,2031-01-20
4451,DEFRON 500 SL,FOCUSINDO ASIA PACIFIC,Insektisida,01010120155219,2025-07-11,2030-07-11
4452,KOZIMA 50 SC,SAPROTAN UTAMA NUSANTARA,Insektisida,01010120217147,2026-07-16,2031-07-16
4453,KLORTRIN 50/500 EC,EXCEL MEG INDO,Insektisida,01010120155366,2025-02-17,2030-02-17
4454,TRENTON 200/70/30 OD,AGRO CHEMICA,Herbisida,01030120269490,2026-04-20,2031-04-20
4455,JAVELIN 20 WG,DOUTA UTAMAN INDONESIA,Herbisida,01030120103849,2024-11-18,2029-11-18
4456,GIBRIL 20 TB,RABANA AGRO RESOURCES,Zat Pengatur Tumbuh Tanaman,01040120113894,2025-07-11,2030-07-11
4457,STEADY 150 SL,ASIA GALA KIMIA,Herbisida,01030120093499,2024-08-09,2029-08-09
4458,OMNI-GUARD 670 EC,PRIMA KARYA BERJAYA,Herbisida,01030120227562,2022-12-05,2027-12-05
4459,DEDREN 480 EC,CENTA BRASINDO ABADI CHEMICAL INDUSTRY,Herbisida,01030120269351,2026-04-20,2031-04-20
4460,AGMECTIN 20 EC,AGSPEC INDONESIA,Insektisida,01010120124198,2023-02-08,2028-02-08
4461,CORAGEN 200 SC,BINA GUNA KIMIA,Insektisida,032024571,2025-02-17,2030-02-17
4462,LUTOP 250/125 SL,PETROSIDA GRESIK,Herbisida,01030120062441,2021-11-18,2026-11-18
4463,Onact 30 ME,KINGAGROOT BIOTECHNOLOGY INDONESIA,Insektisida,01010120259100,2025-11-13,2030-11-13
4464,AKSIGUA 50 ME,SAFE CHEMICAL INDONESIA,Insektisida,01010120124409,2023-04-26,2028-04-26
4465,BMA 8 865 SL,MASCO AGRI GENETICS,Herbisida,01030120073002,2022-10-04,2027-10-04
4466,IMIPROTHRIN 50 TC,TEXCHEM INDONESIA,Insektisida,0420231135,2023-04-26,2028-04-26
4467,RAPRAP 100 EC,NUGROHO PRATAMA CHEMICA ASIA,Bahan pengawet kayu,04110120103790,2025-07-11,2030-07-11
4468,PESNAB 4 EC,BIO SARANA INDONESIA,Fungisida,01020120196375,2024-08-09,2029-08-09
4469,RIPCORD 200 EC,BASF INDONESIA,Insektisida,032020487,2025-11-13,2030-11-13
4470,CALLMIX 300/10 SC,SINAR GENERAL INDUSTRIES,Herbisida,01030120258912,2025-09-26,2030-09-26
4471,BURENG 20 WG,INDO TANI UTAMA,Insektisida,01010120196512,2025-07-11,2030-07-11
4472,PERMETHRIN 94 TK,UPL INDONESIA,Insektisida,042019707,2024-03-05,2029-03-05
4473,DIGITA 150 SL,DHARMA GUNA WIBAWA,Herbisida,01030120124449,2022-06-27,2027-06-27
4474,THIORON 550 SC,SINAR GENERAL INDUSTRIES,Herbisida,01030120145111,2024-11-18,2029-11-18
4475,Golden Glulier 200 SL,MULTI AGRO JAYA UTAMA,Herbisida,01030120248270,2024-08-09,2029-08-09
4476,NEW PERINTIS 231 SL,CENTA BRASINDO ABADI CHEMICAL INDUSTRY,Herbisida,01030120237913,2023-08-28,2028-08-28
4477,RIDOMIL GOLD 350 ES,SYNGENTA INDONESIA,Fungisida,01020119981419,2023-04-26,2028-04-26
4478,GOTIK 30 EC,JIRONA AGRITAMA,Insektisida,01010120165443,2021-10-12,2026-10-12
4479,FORAZEB 80 WP,FORAGRO MITRA SEJATI,Fungisida,01020120248381,2024-09-19,2029-09-19
4480,IMIDAGOLD 200 SL,UPL INDONESIA,Insektisida,01010120042089,2024-08-09,2029-08-09
4481,"KINGKONG 0,078 MC",AMPUH PERKASA JAYA,Pestisida Rumah Tangga,06080120227429,2022-10-04,2027-10-04
4482,ARICIN 10 SC,TANAMAN MAKMUR MANDIRI,Fungisida,01020120238098,2024-03-05,2029-03-05
4483,Rockrole 100/200 SC,RAINBOW AGROSCIENCES,Insektisida,01010120258865,2025-07-11,2030-07-11
4484,EBT 92 TC,MSR HIJAU LESTARI,Insektisida,042000116,2026-07-16,2031-07-16
4485,PROSEFAT 77 SP,PERSADA AGRO SUKSES,Insektisida,01010120227350,2022-06-27,2027-06-27
4486,BRANTALANG PLUS 300/100 SL,SAMUDRA UTAMA NARAPATI,Herbisida,01030120186104,2023-02-08,2028-02-08
4487,DKSPERO 100 SC,DANKEN INDONESIA,Herbisida,01030120165433,2026-07-16,2031-07-16
4488,SKI-5 80 SL,SINGA KIMIA INDONESIA,Pestisida Pengendalian Vektor Penyakit Pada Manusia,06090120269663,2026-07-16,2031-07-16
4489,ARMETT 50 SP,JIRONA AGRITAMA,Insektisida,01010120134845,2024-08-09,2029-08-09
4490,DAMAZEB 80 WP,DALZON CHEMICALS INDONESIA,Fungisida,01020120062354,2026-01-20,2031-01-20
4491,SIODAN 20 WP,PETROSIDA GRESIK,Fungisida,01020120072802,2022-06-27,2027-06-27
4492,OMNI-POLAR 245 SL,PRIMA KARYA BERJAYA,Herbisida,01030120259099,2025-11-13,2030-11-13
4493,BUXANIL 80 WG,BINTANG RAPESTRA ABADI,Fungisida,01020120269535,2026-07-16,2031-07-16
4494,VALETUDO 300 EC,MULTI SARANA INDOTANI,Insektisida,01010120134883,2022-06-27,2027-06-27
4495,BENTACLIN 55 WP,SINAR GENERAL INDUSTRIES,Fungisida,01020120196504,2024-09-19,2029-09-19
4496,EMCARB 40/160 SC,EXCEL MEG INDO,Insektisida,01010120217041,2025-11-13,2030-11-13
4497,DESBEX 300EC,Agro Bumi Timur,Insektisida,01010120196257,2024-03-04,2029-03-04
4498,TREBAZ 70 WP,DELTAGRO MULIA SEJATI,Moluskisida,01050120083096,2022-10-04,2027-10-04
4499,FREQUENCY PLUS 60 SE,BASF INDONESIA,Herbisida,032022528,2022-12-05,2027-12-05
4500,ACTICIDE LA 1209,JAYA WARINDO ABADI,Fungisida,042020848,2025-11-13,2030-11-13
4501,IPA GLYPHOSATE 62 TC,KENSO INDONESIA,Herbisida,042018651,2024-03-05,2029-03-05
4502,ANDA UP 480 SL,ANDAFA AGRO INDO,Herbisida,01030120041961,2024-03-05,2029-03-05
4503,PRONIL 75 WP,UNI AGRO CHEMICA,Fungisida,01020120114074,2025-11-13,2030-11-13
4504,PRIMA-TE 150 EC,PRIMA KARYA BERJAYA,Insektisida,01010120269448,2026-04-20,2031-04-20
4505,Soffell 13 LT,HERLINA INDAH,Repelen,06080120001528,2025-11-13,2030-11-13
4506,ONDUTY 52.5/17.5 WG,BASF INDONESIA,Herbisida,032025620,2025-11-13,2030-11-13
4507,SATANILL 12/45 WP,SANTANI AGRO MANDIRI,Fungisida,01020120155321,2025-02-17,2030-02-17
4508,TRIMECAB 40/160 OD,TRIDA KIMIA SAKTI,Insektisida,01010120227717,2023-02-08,2028-02-08
4509,TANIPRO 100 EC,MESTIKA NUSANTARA AGROKIMIA,Insektisida,01010120258881,2025-07-11,2030-07-11
4510,"Baygon 0,01 MC",JOHNSON HOME HYGIENE PRODUCTS,Pestisida Rumah Tangga,06080120144969,2024-08-09,2029-08-09
4511,CLETOUP 240 EC,INDO-SINO AGROCHEMICAL,Herbisida,01030120237743,2023-04-26,2028-04-26
4512,AMESOFURON 30/50/220 OD,GOODFARM CHEMICAL INDONESIA,Herbisida,01030120269516,2026-07-16,2031-07-16
4513,BECANO PLUS 20/540 SC,BAYER INDONESIA,Herbisida,01030120248457,2024-11-18,2029-11-18
4514,MANCOZEB 85 TC,CENTA BRASINDO ABADI CHEMICAL INDUSTRY,Fungisida,042018654,2024-03-05,2029-03-05
4515,MANCOZEB 85 TC,MAXXI AGRI INDONESIA,Fungisida,0420231190,2023-08-28,2028-08-28
4516,GLYTEX 495 SL,AGRO JAYA INDUSTRI,Herbisida,01030120248266,2024-08-09,2029-08-09
4517,RICE PRO 10/10 WP,JJM INDONESIA,Herbisida,01030120186149,2024-03-05,2029-03-05
4518,Basuket 300/10 SC,TUNASHARAPAN MURNI,Herbisida,01030120259168,2026-01-20,2031-01-20
4519,XINELLA 500 SC,SYNGENTA INDONESIA,Herbisida,01030120259014,2025-09-26,2030-09-26
4520,KRESNAVIN 50 WP,SARI KRESNA KIMIA,Fungisida,01020120165447,2025-02-17,2030-02-17
4521,VIRAL 50 EC,GLOBAL AGROTAMA INDONESIA,Insektisida,01010120248340,2024-08-09,2029-08-09
4522,VULCARUS 500 SC,BASF INDONESIA,Herbisida,032019475,2024-11-18,2029-11-18
4523,ONE PUSH VAPE 38.5 AE,FUMAKILLA INDONESIA,Pestisida Rumah Tangga,06080120124241,2022-01-14,2027-01-14
4524,OXYFLUORFEN 97 TC,RAINBOW AGROSCIENCES,Herbisida,0420221026,2022-06-27,2027-06-27
4525,STARBAN PLUS 200/50 SC,BIOTIS AGRINDO,Insektisida,01010120269664,2026-07-16,2031-07-16
4526,BIOBAN™ BT 20 AS Antimicrobial,BLUE CUBE INDONESIA,Bakterisida,042018613,2024-03-04,2029-03-04
4527,MAKEZONE PLUS 4/66.5 WP,RAINBOW AGROSCIENCES,Herbisida,01030120248653,2025-02-17,2030-02-17
4528,CAKRA 160/20 OD,SARI KRESNA KIMIA,Insektisida,01010120217121,2026-01-20,2031-01-20
4529,VAPE 12.21 LV,FUMAKILLA INDONESIA,Pestisida Rumah Tangga,06080120206873,2026-01-20,2031-01-20
4530,IMBUE 350 ES,AGRICULTURE CONSTRUCTION,Fungisida,01020120227667,2023-02-08,2028-02-08
4531,INDOTRIN 250 EC,EXCEL MEG INDO,Insektisida,01010120134585,2023-04-26,2028-04-26
4532,SPHINX 500 SC,ROYAL AGRO INDONESIA,Fungisida,01020120124519,2023-04-26,2028-04-26
4533,SynaMet 95 TC,TEXCHEM INDONESIA,Insektisida,0420261523,2026-07-16,2031-07-16
4534,MITOVER 300/150 SC,RAINBOW AGROSCIENCES,Akarisida,01140120238162,2024-03-05,2029-03-05
4535,SINOMIN 865 SL,CATUR AGRODAYA MANDIRI,Herbisida,01030120083068,2023-08-28,2028-08-28
4536,Nicozin 550 SC,MAJU MAKMUR UTOMO,Herbisida,01030120185969,2023-04-26,2028-04-26
4537,ROCIMA™ 623 Microbicide,BLUE CUBE INDONESIA,Bakterisida,042018627,2024-03-04,2029-03-04
4538,SCUD 100 EW,BIOTIS AGRINDO,Insektisida,01010120093368,2023-02-08,2028-02-08
4539,IMUNIT 75/75 SC,BASF INDONESIA,Insektisida,01010120206932,2026-01-20,2031-01-20
4540,JOEWUP 486 SL,ARTHA MAKMUR ABADI,Herbisida,01030120196548,2024-11-18,2029-11-18
4541,SAMITE 135 EC,MULTI SARANA INDOTANI,Akarisida,01140119981449,2023-04-26,2028-04-26
4542,ROMETSOL 60 WG,ALBAUGH AGRO INDONESIA,Herbisida,01030120145015,2024-09-19,2029-09-19
4543,SONORA 80 OD,SANTANI AGRO MANDIRI,Herbisida,01030120227464,2022-10-04,2027-10-04
4544,HIT 0.40 MC,GODREJ CONSUMER PRODUCTS INDONESIA,Pestisida Rumah Tangga,06080120258943,2025-09-26,2030-09-26
4545,Biochlormethyl 500 EC,BIOTEK SARANA INDUSTRI,Insektisida,05010120052240,2022-06-27,2027-06-27
4546,AJI-CROP 5 GR,AGRO JAYA INDUSTRI,Insektisida,01010120238088,2024-03-05,2029-03-05
4547,SCANNER 276 SL*,CATUR AGRODAYA MANDIRI,Herbisida,01030120083225,2024-03-04,2029-03-04
4548,FIPROS 55 SC,PETROSIDA GRESIK,Insektisida,01010120093437,2023-02-08,2028-02-08
4549,MOSCOW 500 SC,TIGA MUARA EMAS MAKMUR,Herbisida,01030120206890,2025-11-13,2030-11-13
4550,THIAMETHOXAM 97 TC,RAINBOW AGROSCIENCES,Insektisida,042021990,2026-07-16,2031-07-16
4551,TIAMETOKSAM 98 TC,MULTI AGRO JAYA UTAMA,Insektisida,0420231260,2024-03-05,2029-03-05
4552,HEXUP 480 SL,BINTANG TANI SEJAHTERA,Herbisida,01030120248275,2024-08-09,2029-08-09
4553,VAPE AEROSOL C,FUMAKILLA INDONESIA,Pestisida Rumah Tangga,032019456,2024-09-19,2029-09-19
4554,BRAPHON 100PA,SUMANS MANDIRI SEJAHTERA,Zat Pengatur Tumbuh Tanaman,01040120196510,2025-02-17,2030-02-17
4555,STROMBIX 70 WP,DALZON CHEMICALS INDONESIA,Moluskisida,01050120186085,2023-04-26,2028-04-26
4556,UD-TioSwift 150/100 SC,KHARISMA AGRI WIJAYA,Insektisida,01010120269683,2026-07-16,2031-07-16
4557,"RECRUIT II 0,5 RB",CORTEVA AGRISCIENCE MANUFACTURING INDONESIA,Bahan pengawet kayu,04110120001511,2026-01-20,2031-01-20
4558,PILARMECTIN 53 CS,PILARQUIM AGROSCIENCE INDONESIA,Insektisida,01010120227689,2023-02-08,2028-02-08
4559,STOLIUM 30 EC,NIROGA SUMBER SEJAHTERA,Insektisida,05010120237937,2023-08-28,2028-08-28
4560,SARAFO 138 SL,TIGA MUARA EMAS MAKMUR,Herbisida,01030120248547,2024-11-18,2029-11-18
4561,TOPTER MAX 15/20 WG,AGRO TERRUM INDONESIA,Insektisida,01010120248714,2025-02-17,2030-02-17
4562,G-Master 48/10 SP,WINHONOR CONSULTING INDONESIA,Herbisida,01030120269380,2026-04-20,2031-04-20
4563,SAGRI-FIX 45 SL,SATYA AGRO INDONESIA,Zat Pengatur Tumbuh Tanaman,01040120134628,2023-02-08,2028-02-08
4564,ALCATRAS 625 SL,DHARMA GUNA WIBAWA,Herbisida,01030120093398,2022-12-05,2027-12-05
4565,TRITON-PLUS 36 EC,AGROSIDA SELARAS BERSAMA,Insektisida,01010120186228,2023-08-28,2028-08-28
4566,IMIDO 200 SL,AGRO SENTOSA RAYA,Insektisida,01010120248395,2024-09-19,2029-09-19
4567,FENTIN ACETATE 95 TC,CENTA BRASINDO ABADI CHEMICAL INDUSTRY,Moluskisida,0420241309,2024-09-19,2029-09-19
4568,SIRKUS 50 WP,INDAGRO,Fungisida,01020120093493,2022-10-04,2027-10-04
4569,SALVATORE 12/18 WP,DELTA GIRI WACANA,Herbisida,01030120185988,2022-12-05,2027-12-05
4570,MAXFORCE FUSION 2.15 RB,BAYER INDONESIA,Pestisida Pengendalian Vektor Penyakit Pada Manusia,06090120227330,2022-06-27,2027-06-27
4571,BENDAS PLUS 40/20 WP,TRIDA KIMIA SAKTI,Fungisida,01020120206896,2026-01-20,2031-01-20
4572,LAMBERTO 300 EC,SARI KRESNA KIMIA,Insektisida,01010120155310,2024-11-18,2029-11-18
4573,CORNBELT 336 SC,NUFARM INDONESIA,Herbisida,01030120206911,2025-07-11,2030-07-11
4574,VINO 640 SL,DALZON CHEMICALS INDONESIA,Herbisida,01030120134648,2024-03-04,2029-03-04
4575,LONGCIL 200 EC,KINGAGROOT BIOTECHNOLOGY INDONESIA,Herbisida,01030120269592,2026-07-16,2031-07-16
4576,LAMINATE 500/10 FS,AGRORISEN INDOMAKMUR CEMERLANG,Fungisida,01020120258820,2025-07-11,2030-07-11
4577,Vape Mosquito Coil mj,FUMAKILLA NOMOS,Pestisida Rumah Tangga,032015380,2026-07-16,2031-07-16
4578,INTERGAN 500/50 SC,INTER AGRO INDONESIA,Herbisida,01030120217057,2026-04-20,2031-04-20
4579,ABISTER MAX 25/25 WG,AGRO TERRUM INDONESIA,Insektisida,01010120248564,2025-02-17,2030-02-17
4580,EPOLIER 125 SC,MULTI AGRO JAYA UTAMA,Fungisida,01020120248254,2024-08-09,2029-08-09
4581,AMEGRO 150/100 SC,ZENITH CROPSCIENCES INDONESIA,Bahan pengawet kayu,04110120206709,2025-09-26,2030-09-26
4582,NORVUS GOTO 0.3 AE,NORVUS INDONESIA,Pestisida Rumah Tangga,06080120238174,2024-03-05,2029-03-05
4583,TUSOO 480 SC,REJEKI AGRO INDONESIA,Insektisida,01010120238074,2024-03-04,2029-03-04
4584,CHLORPYRIFOS 97 TC,INTI EVERSPRING INDONESIA,Insektisida,042021912,2026-01-20,2031-01-20
4585,Xentari WG,ADVANSIA INDOTANI,Insektisida,01010120186235,2024-03-04,2029-03-04
4586,PESOVER 40 SP,RAINBOW AGROSCIENCES,Insektisida,01010120248531,2024-11-18,2029-11-18
4587,DIFENOCONAZOLE 95 TC,CENTA BRASINDO ABADI CHEMICAL INDUSTRY,Fungisida,0420241304,2024-09-19,2029-09-19
4588,HEXANVIL 50 SC,AGRO JAYA INDUSTRI,Fungisida,01020120238136,2024-03-05,2029-03-05
4589,AMUNISI 100 EC,MAXXI AGRI INDONESIA,Insektisida,01010120134746,2024-03-05,2029-03-05
4590,MUSKEDI 36 EC,BINTANG RAPESTRA ABADI,Insektisida,01010120269606,2026-07-16,2031-07-16
4591,"Baygon 2,0 AL",JOHNSON HOME HYGIENE PRODUCTS,Pestisida Rumah Tangga,06080120134663,2022-12-05,2027-12-05
4592,FORAY 0.3 GR,DALZON CHEMICALS INDONESIA,Insektisida,01010120103628,2024-11-18,2029-11-18
4593,BM HAMATI 25 WG,BEHN MEYER AGRICARE,Insektisida,01010120175832,2022-06-27,2027-06-27
4594,MAHAKAM SEDA UP 300/100 SL,TIGA MUARA EMAS MAKMUR,Herbisida,01030120258963,2025-09-26,2030-09-26
4595,LALANG UP 486/1 SL,CENTA BRASINDO ABADI CHEMICAL INDUSTRY,Herbisida,01030120144911,2024-03-04,2029-03-04
4596,DROID 250 EC,SINAR GENERAL INDUSTRIES,Insektisida,01010120114178,2026-07-16,2031-07-16
4597,BANAWA 500 SC,DELTA GIRI WACANA,Herbisida,01030120237732,2023-04-26,2028-04-26
4598,ASM LOVE 10 PA,AGRINDO SANDARAN MAS,Zat Pengatur Tumbuh Tanaman,01040120269520,2026-07-16,2031-07-16
4599,BIOBAN™ O 45 Antimicrobial,BLUE CUBE INDONESIA,Pestisida lain-lain,042017457,2022-12-05,2027-12-05
4600,PENTASMART 276 SL*,SOLO LOGO INDONESIA,Herbisida,01030120206656,2025-02-17,2030-02-17
4601,AGRIFAT 77 SP,PRIMA AGRO PERKASA,Insektisida,01010120165477,2021-10-12,2026-10-12
4602,Vertibak 50 WP,JJM INDONESIA,Fungisida,01020120175877,2023-04-26,2028-04-26
4603,MAFINO PLUS 90/180 SC,RAINBOW AGROSCIENCES,Fungisida,01020120248650,2025-02-17,2030-02-17
4604,UNIGO 400/40 EC,INTI EVERSPRING INDONESIA,Insektisida,01010120206786,2025-07-11,2030-07-11
4605,BAMBLAST 400/125 SE,BUMINDO ABADI MAKMUR,Fungisida,01020120269522,2026-07-16,2031-07-16
4606,GEMAFUR 3 GR,SARI KRESNA KIMIA,Insektisida,01010120124464,2026-07-16,2031-07-16
4607,Sofit 10/10 WP,JJM INDONESIA,Herbisida,01030120175925,2023-04-26,2028-04-26
4608,BERSIH CEPAT 276 SL,TIGA MUARA EMAS MAKMUR,Herbisida,01030120206966,2025-11-13,2030-11-13
4609,BM BENTA-Q 480 SL,BEHN MEYER AGRICARE,Herbisida,01030120124432,2023-02-08,2028-02-08
4610,GRADUATE A+ 238.96/238.96 SC,SYNGENTA INDONESIA,Fungisida,05020120248389,2024-09-19,2029-09-19
4611,BORNEO UP 500 SL,CENTA BRASINDO ABADI CHEMICAL INDUSTRY,Herbisida,01030120155133,2024-11-18,2029-11-18
4612,ANTARPOL 70 WP,AGROMANNA JAYA LESTARI,Fungisida,01020120103606,2024-09-19,2029-09-19
4613,DKMETOAR 400 EC,DANKEN INDONESIA,Insektisida,01010120165430,2022-01-14,2027-01-14
4614,MESTILA 25 WP,SAPROTAN UTAMA,Herbisida,01030120093550,2023-08-28,2028-08-28
4615,GEBRAKK 530/60 EC,TANI MEDIA,Insektisida,01010120206837,2026-04-20,2031-04-20
4616,HAJAR 250/150 SC,PT Belirang Perkasa Agro,Fungisida,01020120134684,2024-03-05,2029-03-05
4617,Force Magic Techno 3.6 AL,HERLINA INDAH,Pestisida Rumah Tangga,06080120248383,2024-09-19,2029-09-19
4618,GLYPHOSATE 95 % TC,AGRO JAYA INDUSTRI,Herbisida,0420231253,2024-03-05,2029-03-05
4619,VAPE 0.15 MC,FUMAKILLA INDONESIA,Pestisida Rumah Tangga,06080120248724,2025-02-17,2030-02-17
4620,Transfluthrin 94 TC,TEXCHEM INDONESIA,Insektisida,042019802,2025-07-11,2030-07-11
4621,DEBESTTAN 60 WP,SAPROTAN UTAMA,Moluskisida,03050120042067,2024-08-09,2029-08-09
4622,ZOLE 250 EC,PETROKIMIA KAYAKU,Fungisida,01020120124280,2026-07-16,2031-07-16
4623,WARLORDS 276 SL*,CHINA JIANGSU INTERNATIONAL INDONESIA,Herbisida,01030120259318,2026-01-20,2031-01-20
4624,BIRAWA 20/60 WG,RAWWA ROUNDTEC INDONESIA,Insektisida,01010120269532,2026-07-16,2031-07-16
4625,UNIQUE FORCE 57 EW,ZHENGBANG CROP PROTECTION INDONESIA,Insektisida,01010120237828,2023-04-26,2028-04-26
4626,"OSIRIS 5,45 SL",DHARMA GUNA WIBAWA,Insektisida,01010120165453,2021-10-12,2026-10-12
4627,"2,4-D 98 TC",SURYA AGROKEMINDO PERKASA,Herbisida,042018641,2024-03-04,2029-03-04
4628,JAMBO 200 ME,DELTAGRO MULIA SEJATI,Insektisida,01010120186171,2023-04-26,2028-04-26
4629,SPIRO M-45 80 WP,MASCO AGRI GENETICS,Fungisida,01020120134721,2023-08-28,2028-08-28
4630,CLINGER PRO 150/300 EC,EASTCHEM AGROSCIENCE INDONESIA,Herbisida,01030120248367,2024-09-19,2029-09-19
4631,HALAND 125/400 SE,INDO HOECHST,Fungisida,01010120258942,2025-09-26,2030-09-26
4632,GLOWNATE 200 SL,QILU CROP SCIENCE,Herbisida,01030120248629,2025-02-17,2030-02-17
4633,TAMOXANIL 60/24 WP,TUNASHARAPAN MURNI,Fungisida,01020120124257,2022-10-04,2027-10-04
4634,ABENZ 22 EC,ADVANSIA INDOTANI,Insektisida,01010120124271,2022-06-27,2027-06-27
4635,AZOF 100 SC,ADVANSIA INDOTANI,Fungisida,01020120206894,2025-11-13,2030-11-13
4636,DIMETHRIN 25 EC,BUMI MAKMUR LESTARI UTAMA,Insektisida,02140120113957,2021-10-12,2026-10-12
4637,KRONOS 250 EC,PRIMA KARYA BERJAYA,Herbisida,01030120237780,2023-04-26,2028-04-26
4638,PILARGOLD 480 CS,PILARQUIM AGROSCIENCE INDONESIA,Herbisida,01030120206964,2026-01-20,2031-01-20
4639,VIPER 600 EC,RIA INDO AGRI,Insektisida,01010120124267,2022-10-04,2027-10-04
4640,DIMAS 80 WP,AGRO MULIA,Fungisida,01020120165553,2023-02-08,2028-02-08
4641,SUMETIN 36/250 EC,CHINA JIANGSU INTERNATIONAL INDONESIA,Insektisida,01010120206989,2025-11-13,2030-11-13
4642,WIDEX 300 SC,FARM HANNONG INDONESIA,Herbisida,01030120237953,2023-08-28,2028-08-28
4643,METOAT 400 EC,PRIMA KARYA BERJAYA,Insektisida,01.01.01.2021.7257,2022-01-14,2027-01-14
4644,GOLOK 240 EC,DELTAGRO MULIA SEJATI,Herbisida,01030120031783,2021-11-18,2026-11-18
4645,CENTARENE 300 EC,CENTA BRASINDO ABADI CHEMICAL INDUSTRY,Herbisida,01030120217034,2025-09-26,2030-09-26
4646,SPOREKILL 120 SL,NUFARM INDONESIA,Fungisida,01020120165534,2025-11-13,2030-11-13
4647,ATTIC 18 EC,MASCO AGRI GENETICS,Insektisida,01010120134752,2024-03-04,2029-03-04
4648,SNOWY 608 EC,TIGA MUARA EMAS MAKMUR,Herbisida,01030120237813,2023-04-26,2028-04-26
4649,KROMSTAR 80/200 SC,RAINBOW AGROSCIENCES,Fungisida,01020120237901,2023-08-28,2028-08-28
4650,NICLOSTOP PLUS 70 WP,BIOTEK SARANATAMA,Moluskisida,01050120124307,2024-03-05,2029-03-05
4651,PREVATHON 50 SC,BINA GUNA KIMIA,Insektisida,032024579,2025-02-17,2030-02-17
4652,OMETHOATE 290 EC,INDO-SINO AGROCHEMICAL,Insektisida,032026655,2026-07-16,2031-07-16
4653,TRIDAZEB 80 WP,TRIDA KIMIA SAKTI,Fungisida,01020120124397,2022-06-27,2027-06-27
4654,Fipronil 95 TC,DALZON CHEMICALS INDONESIA,Insektisida,042018529,2023-08-28,2028-08-28
4655,METHOMYL 200 EC,INDO-SINO AGROCHEMICAL,Insektisida,032025615,2025-11-13,2030-11-13
4656,BUMICARB 550 EC,SINAR GENERAL INDUSTRIES,Insektisida,01010120144971,2024-11-18,2029-11-18
4657,FENTIN ACETATE 95 TC,CENTA BRASINDO ABADI CHEMICAL INDUSTRY,Moluskisida,042018528,2023-04-26,2028-04-26
4658,LAND UP 240 SL,AGROLAND INDO SYNERGY,Herbisida,01030120269409,2026-04-20,2031-04-20
4659,ZI PLUS 90 WP,PERSADA AGRO SUKSES,Fungisida,01020120206799,2025-02-17,2030-02-17
4660,KATHON™ FP 1.5 Biocide,BLUE CUBE INDONESIA,Bakterisida,042018578,2024-03-04,2029-03-04
4661,ACTOZEB 80 WP,BERKAH SUMBER SUKSES,Fungisida,01020120081810,2024-11-18,2029-11-18
4662,ASTERTRIN 250 EC,AGRO SEJAHTERA INDONESIA,Insektisida,01010120052231,2025-07-11,2030-07-11
4663,ONE PUSH VAPE 14.2 AE,FUMAKILLA INDONESIA,Pestisida Rumah Tangga,06080120217071,2026-01-20,2031-01-20
4664,AGROGIBB 40 SL,GLOBAL AGROTECH,Zat Pengatur Tumbuh Tanaman,01040120031731,2025-11-13,2030-11-13
4665,NARATOP 135 SL*,SAMUDRA UTAMA NARAPATI,Herbisida,01030120196288,2024-03-05,2029-03-05
4666,Mankoblue 80 WP,ARTHA MAKMUR ABADI,Fungisida,01020120259092,2025-11-13,2030-11-13
4667,AMCORE 250 EC,ADIL MAKMUR FAJAR,Fungisida,01020120072841,2023-02-08,2028-02-08
4668,METADEX 15 GR,ORCHID GLOBAL MAKMUR,Moluskisida,01050120144996,2024-08-09,2029-08-09
4669,ACTICIDE MV14,JAYA WARINDO ABADI,Fungisida,0420231149,2023-04-26,2028-04-26
4670,TRICLOPYR BUTOTYL 95 TC,KHARISMA AGRI WIJAYA,Herbisida,0420261524,2026-07-16,2031-07-16
4671,BIOKILLER SL,CENTRA BIOTECH INDONESIA,Insektisida,01010120227621,2023-02-08,2028-02-08
4672,CUTIVO 375/125 SC,GRAHA AGRO,Fungisida,01020120269546,2026-07-16,2031-07-16
4673,Xinlong Lvchong 100/200 SC,KHARISMA AGRI WIJAYA,Insektisida,01010120259321,2026-01-20,2031-01-20
4674,Delicia Gastoxin 56 TB,INDO GLOBAL TRADE,Fumigan,05100120062395,2026-01-20,2031-01-20
4675,KINGPHOS 56TB,TRI AYUMON TERPADU,Fumigan,05100120155309,2025-11-13,2030-11-13
4676,METAQUAT 200 SL,MUTIARA AGRO SEJATI,Herbisida,01030120238028,2024-03-04,2029-03-04
4677,SAGRI-MANZIM 65/20 WP,SATYA AGRO INDONESIA,Fungisida,01020120185986,2023-02-08,2028-02-08
4678,HIT Expert 0.21 AE,GODREJ CONSUMER PRODUCTS INDONESIA,Pestisida Rumah Tangga,06080120238012,2024-03-04,2029-03-04
4679,MILESTONE 40/300 OD,KINGAGROOT BIOTECHNOLOGY INDONESIA,Herbisida,01030120259095,2025-11-13,2030-11-13
4680,COWBRAND 0.6 MC,KUDA RAYA KARYANUSA,Pestisida Rumah Tangga,06080120072932,2024-03-05,2029-03-05
4681,LAMDAK 300/125 SC,SARI KRESNA KIMIA,Insektisida,01010120238147,2024-03-05,2029-03-05
4682,EXPRESSSUN 240 SC,CORTEVA AGRISCIENCE MANUFACTURING INDONESIA,Insektisida,032025630,2026-01-20,2031-01-20
4683,E-GOLD 280/40 OD,SINAR GENERAL INDUSTRIES,Herbisida,01030120227298,2022-06-27,2027-06-27
4684,BESHIPO 500 SL,TIARA BUANA MANDIRI,Insektisida,01010120134552,2023-04-26,2028-04-26
4685,CARBOFURAN 75 TK,INTI EVERSPRING INDONESIA,Insektisida,042019679,2024-03-04,2029-03-04
4686,THRONE 250 EC,AGRICULTURE CONSTRUCTION,Fungisida,01020120042156,2023-04-26,2028-04-26
4687,MARON 80 WP,PETROKIMIA KAYAKU,Herbisida,01030120001577,2024-09-19,2029-09-19
4688,ALTAR 250 SC,SARI KRESNA KIMIA,Zat Pengatur Tumbuh Tanaman,01040120083245,2023-02-08,2028-02-08
4689,JOMETRINE 525 SC,ARTHA MAKMUR ABADI,Herbisida,01030120269581,2026-07-16,2031-07-16
4690,Nikodem 240/10 OD,MITRA INDOTANI ABADI,Herbisida,01030120248667,2025-02-17,2030-02-17
4691,BRUSH-KILLER 670 EC,ETONG CHEMICAL INDONESIA,Herbisida,01030120259181,2026-01-20,2031-01-20
4692,PARAKUAT DIKLORIDA 42 TC,DELTA GIRI WACANA,Herbisida,042013304,2023-02-08,2028-02-08
4693,AGRI-QUAT 276 SL,AGRO JAYA INDUSTRI,Herbisida,01030120238086,2024-03-05,2029-03-05
4694,VAPE 50 VP,FUMAKILLA INDONESIA,Pestisida Rumah Tangga,06080120165660,2022-01-14,2027-01-14
4695,LANDEP 450 SL,PT Belirang Perkasa Agro,Insektisida,01010120114060,2025-02-17,2030-02-17
4696,RAZOBAC 4/18 WP,DOUTA UTAMAN INDONESIA,Herbisida,01030120186193,2024-08-09,2029-08-09
4697,POUNDER 865 SL,SURYA AGROKEMINDO PERKASA,Herbisida,01030120196461,2024-09-19,2029-09-19
4698,DIREXON 80 WP,PRIMA AGRO NETWORK,Herbisida,01030120217200,2021-11-18,2026-11-18
4699,ACTARA 25 WG,SYNGENTA INDONESIA,Insektisida,01010119971357,2023-04-26,2028-04-26
4700,"ANTIRAT 0,005 BB",ANGKASA DIGITAL NIAGA,Rodentisida,01120120269518,2026-07-16,2031-07-16
4701,ARMCIDE 50 WG,RAINBOW AGROSCIENCES,Insektisida,01010120186006,2023-04-26,2028-04-26
4702,VAPE 0.27 AE,FUMAKILLA INDONESIA,Pestisida Rumah Tangga,032022534,2022-12-05,2027-12-05
4703,"PARACHEM 99,5 SP",TRIKA SAKA JAYA,Bahan pengawet kayu,04110120011582,2026-04-20,2031-04-20
4704,CHIPS SC,PROPADU KONAIR TARAHUBUN,Fungisida,032025627,2026-01-20,2031-01-20
4705,TUTUNGTOP 150 SL*,SUMBER AGRO PERKASA,Herbisida,01030120269494,2026-04-20,2031-04-20
4706,RAIQUAT 276 SL,ROYAL AGRO INDONESIA,Herbisida,01030120248541,2024-11-18,2029-11-18
4707,BAKOKING 25 EC,AGRICULTURE CONSTRUCTION,Insektisida,01010120227279,2022-06-27,2027-06-27
4708,RONDAMAX 150 SL,CENTA BRASINDO ABADI CHEMICAL INDUSTRY,Herbisida,01030120258991,2025-09-26,2030-09-26
4709,EPIKO 500 SC,UPL INDONESIA,Herbisida,01030120259197,2026-01-20,2031-01-20
4710,PREVENTOL WB,KEMINDO ARTHA JAYA,Bakterisida,0420231210,2023-08-28,2028-08-28
4711,CARBAFUR 3 GR,SINAR GENERAL INDUSTRIES,Insektisida,01010120196253,2024-09-19,2029-09-19
4712,METHOMYL 98 TC,DELTA GIRI WACANA,Insektisida,0420241363,2025-02-17,2030-02-17
4713,TIGA RODA 0.3 MC,RECKITT BENCKISER INDONESIA,Pestisida Rumah Tangga,06080120083278,2022-12-05,2027-12-05
4714,PARASOL 500 SL,Agro Bumi Timur,Insektisida,01010120124497,2023-04-26,2028-04-26
4715,BRUNO 70 EC,DELTAGRO MULIA SEJATI,Insektisida,01010120185943,2022-12-05,2027-12-05
4716,FRA - RED 250 EC,CV. SAKASAKI INDONESIA,Insektisida,01010120124363,2024-03-05,2029-03-05
4717,AMCOXONE 276 SL*,ADIL MAKMUR FAJAR,Herbisida,01030120165596,2022-12-05,2027-12-05
4718,FAST 50 EC,SARI KRESNA KIMIA,Insektisida,01010120093576,2024-03-05,2029-03-05
4719,HOPROLE PLUS 160/20 OD,RAINBOW AGROSCIENCES,Insektisida,01010120227422,2022-10-04,2027-10-04
4720,ADOCA 150 SC,ADVANSIA INDOTANI,Insektisida,01010120134651,2023-08-28,2028-08-28
4721,CORFEN 51 WG,AGRORISEN INDOMAKMUR CEMERLANG,Herbisida,01030120259046,2025-11-13,2030-11-13
4722,PIRIZOL 75 WP,ALBAUGH AGRO INDONESIA,Fungisida,01020120145007,2024-09-19,2029-09-19
4723,VAPE 0.081 MC,FUMAKILLA INDONESIA,Pestisida Rumah Tangga,06080120206789,2025-11-13,2030-11-13
4724,TERMIDOR HE 96 SC,BASF INDONESIA,Insektisida,032024556,2024-09-19,2029-09-19
4725,CAPTIVE 35 SD,AGRICULTURE CONSTRUCTION,Fungisida,01020120083029,2023-02-08,2028-02-08
4726,EMAPLUS 50 EC,AGROMANNA JAYA LESTARI,Insektisida,01010120155350,2025-02-17,2030-02-17
4727,AJAR 450 SL,DOUTA UTAMAN INDONESIA,Insektisida,01010120103867,2025-07-11,2030-07-11
4728,TRF-EPOBIN 125/250 SC,TRUSTCHEM AGRO INDONESIA,Fungisida,01020120259309,2026-01-20,2031-01-20
4729,ORION 50 WP,MULTI SARANA INDOTANI,Fungisida,01020120124495,2025-07-11,2030-07-11
4730,GAR-XONE 135 SL,AGRO JAYA INDUSTRI,Herbisida,01030120259208,2026-01-20,2031-01-20
4731,KLORBENZURON 95 TC,SOLO LOGO INDONESIA,Insektisida,042021921,2025-11-13,2030-11-13
4732,ADRIFT 125 EC,BIOWORLD BIOSCIENCES MANUFACTURING INDUSTRIES,Fungisida,01020120206803,2025-09-26,2030-09-26
4733,DENSE 520 SC,DELTA GIRI WACANA,Fungisida,01020120062355,2024-11-18,2029-11-18
4734,PYRRIA 150/150 EC,MIO LIFE SCIENCES INDONESIA,Fungisida,01020120196292,2024-03-04,2029-03-04
4735,Glufosinate Ammonium 95 TC,DALZON CHEMICALS INDONESIA,Herbisida,042019762,2025-02-17,2030-02-17
4736,MICROBLAS WP,PRIMA AGRO TECH,Fungisida,01020120206845,2025-11-13,2030-11-13
4737,GERCEP 75 SP,ETONG CHEMICAL INDONESIA,Insektisida,01010120217134,2021-10-12,2026-10-12
4738,PRAZZO 10 WP,DOUTA UTAMAN INDONESIA,Herbisida,01030120186231,2024-08-09,2029-08-09
4739,BIOTOMIL 40 SP,BIOTIS AGRINDO,Insektisida,01010120227622,2023-02-08,2028-02-08
4740,CATAPULT 50 EC,DALZON CHEMICALS INDONESIA,Insektisida,01010120083110,2023-04-26,2028-04-26
4741,GALATOP 620 SL,CENTA BRASINDO ABADI CHEMICAL INDUSTRY,Herbisida,01030120124225,2022-10-04,2027-10-04
4742,SABIET 75 SP,BOMA SAKTI TANI,Insektisida,01010120227700,2023-02-08,2028-02-08
4743,TAMAFUR 3 GR,SARI KRESNA KIMIA,Insektisida,01010120001504,2026-01-20,2031-01-20
4744,AMETRYN 95 TC,CENTA BRASINDO ABADI CHEMICAL INDUSTRY,Herbisida,0420231170,2023-08-28,2028-08-28
4745,PALTON 50 SC,MESTIKA NUSANTARA AGROKIMIA,Insektisida,01010120259257,2026-01-20,2031-01-20
4746,SUMIONE 93 TC,NUFARM INDONESIA,Pestisida Rumah Tangga,042018551,2023-04-26,2028-04-26
4747,BOLOGNA 350 EC,SANBRAND AGRO SEJAHTERA,Insektisida,01010120196420,2024-09-19,2029-09-19
4748,Natrium 5-nitroguaiakol 98 TC,HARINA CHEMICALS INDUSTRI,Zat Pengatur Tumbuh Tanaman,0420251461,2026-01-20,2031-01-20
4749,AGXANAZOL 200/150 SC,AGX ASIA INDONESIA,Fungisida,01.02.01.2022.7483,2022-12-05,2027-12-05
4750,PIRAS 120 SL,SINAR GENERAL INDUSTRIES,Insektisida,01010120206659,2024-11-18,2029-11-18
4751,VAPE 2 RB,FUMAKILLA INDONESIA,Pestisida Rumah Tangga,06080120196401,2024-09-19,2029-09-19
4752,RHANUM 50 WG,INDAGRO,Insektisida,01.01.01.2021.388,2022-01-14,2027-01-14
4753,"RATBAIT 0,005 BB",TRIBINA TANIKARYA,Rodentisida,01120120114079,2026-01-20,2031-01-20
4754,KINASATE 200 SL,ALBAUGH AGRO INDONESIA,Herbisida,01030120258809,2025-07-11,2030-07-11
4755,GOQUAT 140 SL*,AGROTECH PESTICIDE INDUSTRY,Herbisida,01030120186120,2023-08-28,2028-08-28
4756,TEBSUL 10/65 WG,INDOIN BUSINESS GROUP,Fungisida,01020120259005,2025-09-26,2030-09-26
4757,PT-WANLING 40 SP,BIOWORLD BIOSCIENCES MANUFACTURING INDUSTRIES,Fungisida,032025622,2025-11-13,2030-11-13
4758,GUANGDIU 13.2/46.8 WG,AGX ASIA INDONESIA,Herbisida,01030120227525,2022-12-05,2027-12-05
4759,PRIMA-LARIS 240 OD,PRIMA KARYA BERJAYA,Herbisida,01030120186064,2023-08-28,2028-08-28
4760,CHLORPYRIFOS 97 TC,SAMUDRA UTAMA NARAPATI,Insektisida,042020880,2026-01-20,2031-01-20
4761,TANTOP 155 SL,SARI KRESNA KIMIA,Herbisida,01030120227708,2023-02-08,2028-02-08
4762,METHOMYL 40 SP,INDO-SINO AGROCHEMICAL,Insektisida,032024578,2025-02-17,2030-02-17
4763,CHLORFENAPYR 98 TC,EASTCHEM AGROSCIENCE INDONESIA,Insektisida,0420241272,2024-08-09,2029-08-09
4764,CALARIS XTRA 25/250 SC,SYNGENTA INDONESIA,Herbisida,01030120227507,2022-12-05,2027-12-05
4765,FLORIC 340 EC,SINAR GENERAL INDUSTRIES,Insektisida,01010120144983,2024-09-19,2029-09-19
4766,HIT EXPERT 0.112 FU,GODREJ CONSUMER PRODUCTS INDONESIA,Pestisida Rumah Tangga,06080120227532,2022-12-05,2027-12-05
4767,DARIO 25 EC,AGRO CHEMICA,Insektisida,01010120031820,2023-04-26,2028-04-26
4768,BESTRON 500/50 SC,TIARA BUANA MANDIRI,Herbisida,01030120196414,2024-09-19,2029-09-19
4769,TAEKWANDO 25 EC,KENSO INDONESIA,Insektisida,01010120083157,2023-02-08,2028-02-08
4770,METAFON 490 SL,NUSANTARA AGRO SUKSES,Zat Pengatur Tumbuh Tanaman,01040120227676,2023-02-08,2028-02-08
4771,INNOMAN ® MBM,TRITUNGGAL ARTHAMAKMUR,Bakterisida,0420231163,2023-04-26,2028-04-26
4772,ASTERBLUE 80 WP,AGRO SEJAHTERA INDONESIA,Fungisida,01020120206891,2025-02-17,2030-02-17
4773,Innoman ® CMV,TRITUNGGAL ARTHAMAKMUR,Bakterisida,0420231159,2023-04-26,2028-04-26
4774,BANTREK 480 EC,UNI AGRO CHEMICA,Bahan pengawet kayu,04110120072922,2023-04-26,2028-04-26
4775,PYTROSAN 50/20 WG,TRIDA KIMIA SAKTI,Insektisida,01010120227352,2022-06-27,2027-06-27
4776,DRAXONE 150 SL,INTI EVERSPRING INDONESIA,Herbisida,01030120186160,2023-08-28,2028-08-28
4777,AFFINITY 40 WG,BINA GUNA KIMIA,Herbisida,01030120227378,2022-10-04,2027-10-04
4778,POLYCOM 70 WG,BASF INDONESIA,Fungisida,01020120031839,2022-12-05,2027-12-05
4779,SUPERLON 480 EC,REJEKI INDO AGROTEC,Herbisida,01030120259302,2026-01-20,2031-01-20
4780,PRIMA-MOX 20 WP,PRIMA KARYA BERJAYA,Fungisida,01020120227449,2022-10-04,2027-10-04
4781,PERFEKTHION 400 SL,RAJA GROUP INDONESIA,Insektisida,01010120237795,2023-04-26,2028-04-26
4782,GLYPHOSATE IPA 54 TA,NUFARM INDONESIA,Herbisida,042021916,2024-09-19,2029-09-19
4783,GRASS ZERO 480 SL,BYTER AGRICULTURE INDONESIA,Herbisida,01030120258780,2025-07-11,2030-07-11
4784,Manguni 0.01 MC,CENTRAL BUKIT MORIA,Pestisida Rumah Tangga,06080120165628,2021-11-18,2026-11-18
4785,BACTIVEC SL,DAYA MUDA AGUNG,Pestisida Pengendalian Vektor Penyakit Pada Manusia,06090120196329,2024-11-18,2029-11-18
4786,CENTARIS 245 SL,CENTA BRASINDO ABADI CHEMICAL INDUSTRY,Herbisida,01030120124350,2022-06-27,2027-06-27
4787,Besun Elite 300 SC,AGRO JAYA INDONESIA,Bakterisida,01060120217027,2025-11-13,2030-11-13
4788,PROTOAT 460 EC,SATYA ALAM SEMESTA,Insektisida,01010120196380,2024-03-05,2029-03-05
4789,Alltezza 360 SC,MITRA INDOTANI ABADI,Insektisida,01010120259024,2025-11-13,2030-11-13
4790,GLYPHOSATE 95 TC,MAXXI AGRI INDONESIA,Herbisida,0420251457,2026-01-20,2031-01-20
4791,SUPERDINE 400 SL,CENTA BRASINDO ABADI CHEMICAL INDUSTRY,Insektisida,01010120259300,2026-01-20,2031-01-20
4792,YOSKY 116 SL,TANAMAN MAKMUR MANDIRI,Herbisida,01030120238081,2024-03-04,2029-03-04
4793,ROLLUP 480 SL,ROLIMEX KIMIA NUSAMAS,Herbisida,01030120042133,2024-03-05,2029-03-05
4794,FORANOFOS 500 EC,FORAGRO MITRA SEJATI,Insektisida,01010120248488,2024-11-18,2029-11-18
4795,NILIPRO 50 SC,JIVA AGRICULTURE INDONESIA,Insektisida,01010120259251,2026-01-20,2031-01-20
4796,PROTIOKONAZOL 97 TC,MULTI AGRO JAYA UTAMA,Fungisida,0420231142,2023-04-26,2028-04-26
4797,ZOOK 20 WP,INDO HOECHST,Herbisida,01030120207010,2026-04-20,2031-04-20
4798,GOLDFAST 4/36 WP,ETONG CHEMICAL INDONESIA,Herbisida,01030120269381,2026-04-20,2031-04-20
4799,KAROBIZ 336 SC,UPL INDONESIA,Herbisida,01030120258801,2025-07-11,2030-07-11
4800,Salpexoles 30/200 OD,WINHONOR CONSULTING INDONESIA,Herbisida,01030120259281,2026-01-20,2031-01-20
4801,BUZZZTOX 50 EC,BAHTERA BONIAGA LESTARI,Insektisida,01010120114116,2022-06-27,2027-06-27
4802,BLAZZ 450 SL,JIRONA AGRITAMA,Insektisida,01010120134758,2025-07-11,2030-07-11
4803,DURNO 100/100 SC,DELTA GIRI WACANA,Insektisida,01010120248476,2024-11-18,2029-11-18
4804,KIAGIB 40 SL,CV. AZKIA BINTANG NUSANTARA,Zat Pengatur Tumbuh Tanaman,01040120227546,2022-12-05,2027-12-05
4805,HARBER 60 WP,BINANGUN AGRO LESTARI,Moluskisida,01050120175692,2023-02-08,2028-02-08
4806,SRI JATORI 550 SC,PRIMA LESTARI AGROSCIENCES INDONESIA,Herbisida,01030120175798,2023-04-26,2028-04-26
4807,KLOROTALONIL 98 TC,ZHENGBANG CROP PROTECTION INDONESIA,Fungisida,0420221024,2022-06-27,2027-06-27
4808,PROPINEB 80 TC,DOVER CHEMICAL,Fungisida,0420241365,2025-02-17,2030-02-17
4809,IMIDATOP 350 SL,BIOTEK SARANATAMA,Insektisida,01010120124472,2024-03-04,2029-03-04
4810,TANCAP 80 WG,RAINBOW AGROSCIENCES,Fungisida,01020120134826,2023-02-08,2028-02-08
4811,SAGRI-NEB 75 WP,SATYA AGRO INDONESIA,Fungisida,01020120196547,2024-11-18,2029-11-18
4812,ISOXAFLUTOLE 97.2 TC,KHARISMA AGRI WIJAYA,Herbisida,0420251418,2025-11-13,2030-11-13
4813,GLYPHOSATE 95 TC,FOCUSINDO ASIA PACIFIC,Herbisida,0420231184,2023-08-28,2028-08-28
4814,"KINGKONG 0,6 MC",MENARA LAUT BERSATU,Pestisida Rumah Tangga,06080120196284,2024-08-09,2029-08-09
4815,Acticide HF,MARGA DWI KENCANA,Pestisida lain-lain,0420231156,2023-04-26,2028-04-26
4816,KENFURAN 3 GR,KENSO INDONESIA,Insektisida,01010120103758,2025-11-13,2030-11-13
4817,ETEFON 86 TC,SOLO LOGO INDONESIA,Zat Pengatur Tumbuh Tanaman,042018526,2022-12-05,2027-12-05
4818,PROMOLISH 36 EC,TIGA MUARA EMAS MAKMUR,Insektisida,01010120145091,2025-02-17,2030-02-17
4819,KINGKONG 1 FU,AMPUH PERKASA JAYA,Pestisida Rumah Tangga,06080120227324,2022-06-27,2027-06-27
4820,PILARTEBU 430 SC,PILARQUIM AGROSCIENCE INDONESIA,Fungisida,01020120238044,2024-03-04,2029-03-04
4821,GIBERALIC 20 SP,KRISTALINDO KARUNIA INTERNASIONAL,Zat Pengatur Tumbuh Tanaman,01040120217050,2026-07-16,2031-07-16
4822,SILENT KILL 50/160 SC,CHINA JIANGSU INTERNATIONAL INDONESIA,Insektisida,01010120259126,2025-11-13,2030-11-13
4823,BERSIH 135 SL,KRISTALINDO KARUNIA INTERNASIONAL,Herbisida,01030120248459,2024-11-18,2029-11-18
4824,NITENPYRAM 97 TC,MAXXI AGRI INDONESIA,Insektisida,0420241284,2024-08-09,2029-08-09
4825,PILARCLEAR 32/318 ZC,PILARQUIM AGROSCIENCE INDONESIA,Herbisida,01030120238183,2024-03-05,2029-03-05
4826,CUSTODIA 320 SC,ROYAL AGRO INDONESIA,Fungisida,01020120124443,2023-04-26,2028-04-26
4827,PROCTER 64/8 WP,ARTHA MAKMUR ABADI,Fungisida,01020120175861,2022-10-04,2027-10-04
4828,HIT 0.125 AE,GODREJ CONSUMER PRODUCTS INDONESIA,Pestisida Rumah Tangga,06090120217246,2022-01-14,2027-01-14
4829,FIPROMIX 100/500 SC,NATHANI CHEMICALS,Insektisida,01010120155227,2025-11-13,2030-11-13
4830,PENTACUR 722 SL,SAPROTAN UTAMA,Fungisida,01020120021700,2021-10-12,2026-10-12
4831,PATROL 250 SC,AGRO CHEMICA,Zat Pengatur Tumbuh Tanaman,01040120042117,2024-08-09,2029-08-09
4832,LENADRO 200/70/30 OD,MITRA INDOTANI ABADI,Herbisida,01030120248647,2025-02-17,2030-02-17
4833,JUNO 16 GG,DELTAGRO MULIA SEJATI,Herbisida,01030120186202,2023-04-26,2028-04-26
4834,ENFORCER 34.4/0.6 WP,SINAR GENERAL INDUSTRIES,Herbisida,01030120259051,2025-11-13,2030-11-13
4835,ASPRIL 100 SC,AGRO SEJAHTERA INDONESIA,Insektisida,01010120124274,2022-12-05,2027-12-05
4836,CAPTADEX MAX 350/50 SC,AGRO TERRUM INDONESIA,Fungisida,01020120254044,2025-11-13,2030-11-13
4837,METHOMYL 90 SP,INDO-SINO AGROCHEMICAL,Insektisida,032024546,2024-08-09,2029-08-09
4838,Soffell 75 AL,HERLINA INDAH,Repelen,06080120269472,2026-04-20,2031-04-20
4839,CANZONE 40 WG,RAINBOW AGROSCIENCES,Herbisida,01030120165423,2026-01-20,2031-01-20
4840,YANET 27 WP,PETROKIMIA KAYAKU,Insektisida,01010120103811,2024-08-09,2029-08-09
4841,GOLDER 865 SL,SINAMYANG INDONESIA,Herbisida,01030120144987,2024-03-05,2029-03-05
4842,OMERTA 135 SL,SAPROTAN UTAMA NUSANTARA,Herbisida,01030120269428,2026-04-20,2031-04-20
4843,METHOMYL 90 WP,INTI EVERSPRING INDONESIA,Insektisida,03200024,2025-07-11,2030-07-11
4844,PROVEN 80 WP,JAWA AGRINDO INTERNASIONAL,Fungisida,01020120196469,2024-09-19,2029-09-19
4845,URBAN 50 WG,CENTA BRASINDO ABADI CHEMICAL INDUSTRY,Insektisida,01010120237950,2023-08-28,2028-08-28
4846,LANGSANGIT 50 EC,AGRO JAYA INDUSTRI,Insektisida,01010120238149,2024-03-05,2029-03-05
4847,AMCOPYR 670 EC,ADIL MAKMUR FAJAR,Herbisida,01030120124336,2023-08-28,2028-08-28
4848,DKMETRIN 500 SC,DANKEN INDONESIA,Herbisida,01030120134858,2024-03-04,2029-03-04
4849,FLUOPYRAM 97 TC,KHARISMA AGRI WIJAYA,Fungisida,0420251456,2026-01-20,2031-01-20
4850,PERMETHRIN 50 TK,BINA GUNA KIMIA,Insektisida,0420221105,2023-02-08,2028-02-08
4851,Cruzz 500/300 EC,JIRONA AGRITAMA,Insektisida,01010120186018,2024-03-05,2029-03-05
4852,AVIXA 500 SC,DHARMA GUNA WIBAWA,Herbisida,01030120124276,2022-10-04,2027-10-04
4853,ZAHAR 80 WP,SANTANI AGRO PERKASA,Herbisida,01030120227722,2023-02-08,2028-02-08
4854,TOPBESTANI 250/125 SL,TIGA MUARA EMAS MAKMUR,Herbisida,01030120258885,2025-07-11,2030-07-11
4855,LIEBAS 50 EC,ABADI JAYA,Insektisida,01010120072490,2022-10-04,2027-10-04
4856,K-BALINEX 60 WP,HANEARL SCIENCE INDONESIA,Moluskisida,01050120258802,2025-07-11,2030-07-11
4857,VITTO 18 SL,DELTAGRO MULIA SEJATI,Zat Pengatur Tumbuh Tanaman,01040120196485,2024-03-04,2029-03-04
4858,CLARISA 30/70/200 OD,REJEKI INDO AGROTEC,Herbisida,01030120248366,2024-09-19,2029-09-19
4859,ANTIKEONG 65 WP,YANNO AGRO SCIENCE INDONESIA,Moluskisida,01050120134659,2024-08-09,2029-08-09
4860,NEOBAN PLUS 540/60 EC,CENTA BRASINDO ABADI CHEMICAL INDUSTRY,Insektisida,01010120175776,2022-06-27,2027-06-27
4861,BM E-FAS 150 SL,BEHN MEYER AGRICARE,Herbisida,01030120114111,2026-01-20,2031-01-20
4862,KOMPITOR 200 SL,AGRO SEJAHTERA INDONESIA,Insektisida,01010120041977,2024-03-05,2029-03-05
4863,FORAZOL 75 WP,FORAGRO MITRA SEJATI,Fungisida,01020120248619,2025-02-17,2030-02-17
4864,TOPBAN 400 EC,CENTA BRASINDO ABADI CHEMICAL INDUSTRY,Insektisida,01010120062375,2025-07-11,2030-07-11
4865,ORU-GIB 10 SP,CENTA BRASINDO ABADI CHEMICAL INDUSTRY,Zat Pengatur Tumbuh Tanaman,01040120227442,2022-10-04,2027-10-04
4866,Kornfu 100 SC,KINGAGROOT BIOTECHNOLOGY INDONESIA,Herbisida,01030120258959,2025-09-26,2030-09-26
4867,DIMETOP 525 SL,CENTA BRASINDO ABADI CHEMICAL INDUSTRY,Insektisida,01010120175747,2022-06-27,2027-06-27
4868,GLYXIN 480 SL,AGX ASIA INDONESIA,Herbisida,01030120217203,2021-11-18,2026-11-18
4869,FORDAN 3 GR,RAJA GROUP INDONESIA,Insektisida,01010120227520,2022-12-05,2027-12-05
4870,KARISSNAIL 6 PL,MAJU MAKMUR UTOMO,Moluskisida,01050120093457,2025-09-26,2030-09-26
4871,HIT 6 AE,GODREJ CONSUMER PRODUCTS INDONESIA,Pestisida Rumah Tangga,06090120217257,2022-01-14,2027-01-14
4872,AMATIN 24 EC,UNI AGRO CHEMICA,Insektisida,01010120196409,2024-09-19,2029-09-19
4873,QUINFURON 34/6 WP,MAXXI AGRI INDONESIA,Herbisida,01030120248539,2024-11-18,2029-11-18
4874,K-BLUTANIL 75 WP,HANEARL SCIENCE INDONESIA,Fungisida,01020120237771,2023-04-26,2028-04-26
4875,BULDOZER 250/70/30 OD,GLOBAL AGROTECH,Herbisida,01030120227624,2023-02-08,2028-02-08
4876,Zinc Omadine 48 FPS,ARXADA CHEMICALS INDONESIA,Pestisida lain-lain,042019728,2024-09-19,2029-09-19
4877,FIPKILL 50 SC,SINAMYANG INDONESIA,Insektisida,01010120155145,2024-09-19,2029-09-19
4878,ET-LUFOS 200 SL,ETONG CHEMICAL INDONESIA,Herbisida,01030120217044,2026-04-20,2031-04-20
4879,AGRINEEM 0.03 EC,PT. Agritek Tani Indonesia,Insektisida,01010120175883,2023-02-08,2028-02-08
4880,BENTIOFLUMIN 95 TC,KHARISMA AGRI WIJAYA,Akarisida,0420261477,2026-04-20,2031-04-20
4881,T823 P. Barrier,FUMAKILLA NOMOS,Pestisida Rumah Tangga,032022533,2022-12-05,2027-12-05
4882,BELIUNG 200 EC,ADIL MAKMUR FAJAR,Insektisida,01010120093317,2023-02-08,2028-02-08
4883,CYPERIN 250 EC,CROP CARE INDONESIA,Insektisida,01010120052255,2024-11-18,2029-11-18
4884,FURANO 3 GR,INTI EVERSPRING INDONESIA,Insektisida,01010120217132,2026-01-20,2031-01-20
4885,KOMODOR 300/100 SL,PETROKIMIA KAYAKU,Herbisida,.01030120031766,2022-01-14,2027-01-14
4886,SINODENZON 200/125 SC,AGRO JAYA INDONESIA,Fungisida,01020120258876,2025-07-11,2030-07-11
4887,ALMIX 247 ZC,RAINBOW AGROSCIENCES,Insektisida,01010120175680,2022-10-04,2027-10-04
4888,BRAUNXONE GOLD 276 SL,AGRORISEN INDOMAKMUR CEMERLANG,Herbisida,01030120227504,2022-12-05,2027-12-05
4889,INTERDOR 3/80 WG,INTER AGRO INDONESIA,Insektisida,01010120258797,2025-07-11,2030-07-11
4890,BOSBAN 200 EC,CV. Raja Grafika,Insektisida,01010120186014,2023-04-26,2028-04-26
4891,VAPE 9.5 VP,FUMAKILLA INDONESIA,Pestisida Rumah Tangga,06080120227474,2022-10-04,2027-10-04
4892,TRESNA 25 EC,SARI KRESNA KIMIA,Insektisida,01010119961284,2025-02-17,2030-02-17
4893,PETROFUR 3 G,PETROKIMIA KAYAKU,Insektisida,0101011986744,2025-09-26,2030-09-26
4894,ACTICIDE DW,JAYA WARINDO ABADI,Fungisida,042020865,2025-11-13,2030-11-13
4895,CONDITE 57 EC,DHARMA GUNA WIBAWA,Pestisida Pengendalian Vektor Penyakit Pada Manusia,06090120093419,2022-12-05,2027-12-05
4896,RAINEB 70 WP,RAINBOW AGROSCIENCES,Fungisida,01020120134809,2023-02-08,2028-02-08
4897,CHLORPYRIFOS 97 TC,CENTA BRASINDO ABADI CHEMICAL INDUSTRY,Insektisida,0420231175,2023-08-28,2028-08-28
4898,FLUMO XTRA 51 WG,RAINBOW AGROSCIENCES,Herbisida,01030120248377,2024-09-19,2029-09-19
4899,BUZZER 500 EC,MULTI SARANA INDOTANI,Insektisida,01010120093527,2023-08-28,2028-08-28
4900,ATHLETE 90 TC,BELIRANG KALISARI,Zat Pengatur Tumbuh Tanaman,042014322,2024-03-05,2029-03-05
4901,BENASO 500 EC,REJEKI INDO AGROTEC,Insektisida,01010120259035,2025-11-13,2030-11-13
4902,PUANMUR 50 SP,AGRO GUNA MAKMUR,Fungisida,01020120021705,2022-12-05,2027-12-05
4903,"INARI 37,5/35 WP",MITSUBISHI CORPORATION INDONESIA,Fungisida,01020120144990,2024-03-04,2029-03-04
4904,BIKONG 10/240 SC,KHARISMA AGRI WIJAYA,Zat Pengatur Tumbuh Tanaman,01040120269531,2026-07-16,2031-07-16
4905,SACCHATRIN 500 SC,AGRORISEN INDOMAKMUR CEMERLANG,Herbisida,01030120248324,2024-08-09,2029-08-09
4906,CHIRAL 48/32/0.8 WG,DALZON CHEMICALS INDONESIA,Herbisida,01030120269537,2026-07-16,2031-07-16
4907,NITERMA 130 SL,BENIH BERKAH BERSERI,Insektisida,01010120206969,2026-01-20,2031-01-20
4908,MUSCADOWN 1 GR,BIOTEK SARANA INDUSTRI,Pestisida Pengendalian Vektor Penyakit Pada Manusia,06090120083063,2024-08-09,2029-08-09
4909,CONQUER 100/200 SC,AGRORISEN INDOMAKMUR CEMERLANG,Insektisida,01010120258755,2025-07-11,2030-07-11
4910,CALYPSO 480 SC,BAYER INDONESIA,Insektisida,01010120206821,2025-07-11,2030-07-11
4911,PROFILE 500 EC,JATI EMAS UNGGUL,Insektisida,01010120248317,2024-08-09,2029-08-09
4912,SIDABAS 500 EC,PETROSIDA GRESIK,Insektisida,01010119991470,2025-09-26,2030-09-26
4913,HANFOS 550/50 EC,SAMUDRA UTAMA NARAPATI,Insektisida,01010120196272,2024-03-05,2029-03-05
4914,TANKER 360 SC,CORTEVA AGRISCIENCE MANUFACTURING INDONESIA,Fungisida,032012292,2022-06-27,2027-06-27
4915,RAKSAMAX 80 WP,MASCO AGRI GENETICS,Fungisida,01020120134706,2024-03-04,2029-03-04
4916,BESGENOL 40 SL,CROPLINK AGRIKULTUR TEKNOLOGI,Zat Pengatur Tumbuh Tanaman,01040120259174,2026-01-20,2031-01-20
4917,ABATA 135 SL,AGRO JAYA INDUSTRI,Herbisida,01030120248345,2024-09-19,2029-09-19
4918,CORNJOY 180/60 OD,SUNJOY AGRO INDONESIA,Herbisida,01030120269544,2026-07-16,2031-07-16
4919,GIBGRO PANEN 20 SP,NUFARM INDONESIA,Zat Pengatur Tumbuh Tanaman,01040120155355,2025-02-17,2030-02-17
4920,BARUCHEM 95% TC,PT.BARU TOTAL SOLUSINDO,Herbisida,0420221061,2022-12-05,2027-12-05
4921,Fumiguard 99 GA,MSR HIJAU LESTARI,Fumigan,05100120093336,2023-04-26,2028-04-26
4922,TROMPAS 100 SC,SANTANI AGRO MANDIRI,Insektisida,01010120238072,2024-03-04,2029-03-04
4923,HIT FOGG 9.344 AL,GODREJ CONSUMER PRODUCTS INDONESIA,Pestisida Rumah Tangga,06080120175904,2023-04-26,2028-04-26
4924,TRAFO 290 SL,PUTRA TIMUR AGRO NUSANTARA,Insektisida,01010120011651,2022-12-05,2027-12-05
4925,"PHYTOKLOR 82,5 WG",CROP CARE INDONESIA,Fungisida,01020120083067,2026-07-16,2031-07-16
4926,AMMONIUM GLUFOSINATE 95 TC,INTI EVERSPRING INDONESIA,Herbisida,042018511,2023-08-28,2028-08-28
4927,BIOKILLIA WP,PRIMA AGRO TECH,Insektisida,01010120206816,2025-11-13,2030-11-13
4928,BARCA 150 SL,SARI KRESNA KIMIA,Herbisida,01030120185939,2023-02-08,2028-02-08
4929,VAPE 0.33 AE,FUMAKILLA INDONESIA,Pestisida Rumah Tangga,06080120248339,2024-08-09,2029-08-09
4930,PANAXONE 135 SL,SUBUR TANI AGRO RAYA SEJAHTERA,Herbisida,01030120258847,2025-07-11,2030-07-11
4931,MAHER 80 WP,JATI EMAS UNGGUL,Fungisida,01020120186089,2023-08-28,2028-08-28
4932,KONATE 260/200 SC,SARAREA PANEN RAYA,Fungisida,01020120165513,2025-11-13,2030-11-13
4933,OBALOLO 865 SL,PUTRA TIMUR AGRO NUSANTARA,Herbisida,01030120072803,2022-01-14,2027-01-14
4934,CARBOFURAN 3 GR,INTI EVERSPRING INDONESIA,Insektisida,032020494,2025-11-13,2030-11-13
4935,WIPER 50 EC,NUFARM INDONESIA,Insektisida,01010120134886,2026-07-16,2031-07-16
4936,KONTAF PLUS 250 SC,EXCEL MEG INDO,Fungisida,01020120134780,2023-04-26,2028-04-26
4937,TEBAS 276 SL,PUSRI AGRO LESTARI,Herbisida,01030120134725,2024-09-19,2029-09-19
4938,Mancozeb 85 TC,DALZON CHEMICALS INDONESIA,Fungisida,042018603,2024-03-04,2029-03-04
4939,PAS-METRIN 100 EC,PERSADA AGRO SUKSES,Insektisida,01010120248527,2024-11-18,2029-11-18
4940,SINACORE 300 EC,SINAMYANG INDONESIA,Fungisida,01020120155186,2024-09-19,2029-09-19
4941,BAZZINE 800 EC,INDO TANI UTAMA,Fungisida,01020120248578,2025-02-17,2030-02-17
4942,GLYPHOSATE 95 TC,ADIL MAKMUR FAJAR,Herbisida,042009244,2024-09-19,2029-09-19
4943,PRIMA-CARB 500 EC,PRIMA KARYA BERJAYA,Insektisida,01010120206854,2025-09-26,2030-09-26
4944,ONE PUSH VAPE 24 AE,FUMAKILLA INDONESIA,Pestisida Rumah Tangga,032013321,2023-02-08,2028-02-08
4945,FOKKER 500 EC,INDAGRO,Insektisida,01010120001539,2026-01-20,2031-01-20
4946,AMIKO 100 EC,ADVANSIA INDOTANI,Insektisida,01010120238095,2024-03-05,2029-03-05
4947,MIAMI 50 WP,TIGA MUARA EMAS MAKMUR,Insektisida,01010120186050,2023-04-26,2028-04-26
4948,DRACOR 70 WP,SARI KRESNA KIMIA,Herbisida,01030120258763,2025-07-11,2030-07-11
4949,PARAMOUNT 50 WP,INDOIN BUSINESS GROUP,Insektisida,01010120217217,2026-07-16,2031-07-16
4950,BASVIDOR 25 WP,BERBAK AGRO SEJATI,Insektisida,01010120237970,2024-03-04,2029-03-04
4951,MAORI 10 GR,DHARMA GUNA WIBAWA,Insektisida,01010120248513,2024-11-18,2029-11-18
4952,PILARAVIA 31/124 SC,PILARQUIM AGROSCIENCE INDONESIA,Insektisida,01010120217159,2026-01-20,2031-01-20
4953,PROFOZZ 220/280 SL,JOYO MAKMUR SUKSES,Fungisida,01020120196467,2024-09-19,2029-09-19
4954,INSTA MILD 80 SL,MAXXI AGRI INDONESIA,Herbisida,01030120269388,2026-04-20,2031-04-20
4955,SAQQOR 300 EC,BIOTEK SARANA INDUSTRI,Fungisida,01020120269653,2026-07-16,2031-07-16
4956,TI-GOLD XL 10 WP,BINA GUNA KIMIA,Herbisida,01030120124480,2022-12-05,2027-12-05
4957,MEGACRON 250 SC,GLOBAL AGROTECH,Fungisida,01020120237905,2023-08-28,2028-08-28
4958,TABARAK 360 EC,NUFARM INDONESIA,Zat Pengatur Tumbuh Tanaman,032022522,2026-07-16,2031-07-16
4959,TEPHON 100 PA,GRAHA AGRO,Zat Pengatur Tumbuh Tanaman,01040120072900,2022-06-27,2027-06-27
4960,Proxel GXL,ARXADA CHEMICALS INDONESIA,Pestisida lain-lain,042019725,2024-09-19,2029-09-19
4961,PRIMAX NEO 481 SL,CENTA BRASINDO ABADI CHEMICAL INDUSTRY,Herbisida,01030120237798,2023-04-26,2028-04-26
4962,Manguni 0.01 MC,CENTRAL BUKIT MORIA,Pestisida Rumah Tangga,06080120165628,2026-07-16,2031-07-16
4963,TERBUZIN PLUS 500/38 SC,RAINBOW AGROSCIENCES,Herbisida,01030120258884,2025-07-11,2030-07-11
4964,EQUITY 75 WP,DALZON CHEMICALS INDONESIA,Fungisida,01020120206612,2025-09-26,2030-09-26
4965,Racumin Rice Bait 0.0375 RB,DISCOVERY ENVIRONMENTAL SCIENCE INDONESIA,Rodentisida,032025608,2025-09-26,2030-09-26
4966,BM TROX 200/125 SC,BEHN MEYER AGRICARE,Fungisida,01020120237976,2024-03-04,2029-03-04
4967,EXOTIN 50 EC,UNI AGRO CHEMICA,Insektisida,01010120103818,2025-11-13,2030-11-13
4968,VAPE 0.031 MC,FUMAKILLA INDONESIA,Pestisida Rumah Tangga,06080120124539,2023-02-08,2028-02-08
4969,RAMPAGE 100 EC,BASF INDONESIA,Insektisida,01010119971310,2022-12-05,2027-12-05
4970,HIT EXPERT 0.20 AE,GODREJ CONSUMER PRODUCTS INDONESIA,Pestisida Rumah Tangga,06080120238011,2024-03-04,2029-03-04
4971,FLUMIMAX 500 SC,BIMAGRO INDONESIA,Herbisida,01030120259060,2025-11-13,2030-11-13
4972,"2,4-D 98 TC",MULTI SARANA INDOTANI,Herbisida,042021973,2022-06-27,2027-06-27
4973,HIDROFUR 3 GR,AGROTECH PESTICIDE INDUSTRY,Insektisida,01010119971359,2021-10-12,2026-10-12
4974,BIOBAC WP,ARYSTA LIFESCIENCE TIRTA,Fungisida,01020120227502,2022-12-05,2027-12-05
4975,AMUFOS 150 SL,AGRO SENTOSA RAYA,Herbisida,01030120238096,2024-03-05,2029-03-05
4976,SIPERMETRIN 92 TC,KRISTALINDO KARUNIA INTERNASIONAL,Insektisida,042018606,2023-04-26,2028-04-26
4977,ZIGNAL 300/50 EC,CAKRA AGRO INDONESIA,Insektisida,01010120155351,2025-07-11,2030-07-11
4978,VAPE MAT E,FUMAKILLA INDONESIA,Pestisida Rumah Tangga,031998114,2024-03-04,2029-03-04
4979,MACERIO 48/4 WP,JAWA AGRINDO INTERNASIONAL,Herbisida,01030120165465,2025-11-13,2030-11-13
4980,ABATECH 18 EC,SUGI TEKNIK PANGAN,Insektisida,01010120186098,2023-04-26,2028-04-26
4981,RICEGUARD 400 OD,KINGAGROOT BIOTECHNOLOGY INDONESIA,Herbisida,01030120217170,2026-07-16,2031-07-16
4982,GOMAX 276 SL*,MAXXI AGRI INDONESIA,Herbisida,01030120206927,2025-11-13,2030-11-13
4983,INDOMORF 50 WP,INTI EVERSPRING INDONESIA,Fungisida,01020120155285,2025-09-26,2030-09-26
4984,GELEDEK 480 SL,ASIA GALA KIMIA,Herbisida,01030120021688,2023-02-08,2028-02-08
4985,SEA-NINE™ 211 (N) Antifouling Agent,BLUE CUBE INDONESIA,Bakterisida,042018636,2024-03-04,2029-03-04
4986,Triazo 200 EC,EUREEKAGREAT NUSANTARA,Insektisida,01010120269680,2026-07-16,2031-07-16
4987,COZEB PLUS 80 WP,DELTA GIRI WACANA,Fungisida,01020120227510,2022-12-05,2027-12-05
4988,GALACIDE 150 SL,REJEKI INDO AGROTEC,Herbisida,01030120175689,2022-06-27,2027-06-27
4989,"BENMATI 0,005 BB",AGRO CHEMICA,Rodentisida,01120120103663,2025-07-11,2030-07-11
4990,FUNGO 80 WP,PRIMA KARYA BERJAYA,Fungisida,01020120206924,2025-11-13,2030-11-13
4991,RISUN 69/20 SC,RAINBOW AGROSCIENCES,Herbisida,01030120155388,2025-09-26,2030-09-26
4992,PROGRESSOR 20 EC,DHARMA GUNA WIBAWA,Insektisida,01010120124509,2023-02-08,2028-02-08
4993,PRIMAPHOS56TB,MITRA BIOSEKURITI SOLUSI,Fumigan,05010120269447,2026-04-20,2031-04-20
4994,LUKI 80 WP,AGRO SENTOSA RAYA,Fungisida,01020120269413,2026-04-20,2031-04-20
4995,COMBITOX 500/50 EC,NATHANI CHEMICALS,Insektisida,01010120124238,2026-04-20,2031-04-20
4996,K-GOMIX 72/8 WG,HANEARL SCIENCE INDONESIA,Herbisida,01030120237773,2023-04-26,2028-04-26
4997,CLOROMAX 75 WP,SARAREA PANEN RAYA,Fungisida,01020120227630,2023-02-08,2028-02-08
4998,SILATRIN 100 EC,PERDANA AGRO MANDIRI,Insektisida,01010120103864,2026-01-20,2031-01-20
4999,PICOXYSTROBIN 98 TC,KHARISMA AGRI WIJAYA,Herbisida,0420261519,2026-07-16,2031-07-16
5000,ANJANIE 300 EC,CV. Raja Grafika,Insektisida,01010120186004,2023-04-26,2028-04-26
5001,BM DAWN 100 EC,BEHN MEYER AGRICARE,Insektisida,01010120175828,2022-06-27,2027-06-27
5002,RIAFOS 200 EC,REJEKI INDO AGROTEC,Insektisida,01010120248692,2025-02-17,2030-02-17
5003,ACTICIDE BW 20,JAYA WARINDO ABADI,Fungisida,042020862,2025-11-13,2030-11-13
5004,EMERGE 300 EC,UPL INDONESIA,Fungisida,01020120134769,2024-03-05,2029-03-05
5005,KENCIS 260 EC,KENSO INDONESIA,Insektisida,01010120114056,2025-11-13,2030-11-13
5006,BIFENCLO 100/30 SC,ALBAUGH AGRO INDONESIA,Insektisida,01010120144970,2024-09-19,2029-09-19
5007,TOPMAN 8/64 WP,TUNASHARAPAN MURNI,Fungisida,01020120103801,2025-09-26,2030-09-26
5008,MARATHON 500 SL,INTI EVERSPRING INDONESIA,Insektisida,01010120103769,2025-02-17,2030-02-17
5009,EMAMEKTIN BENZOAT 95 TC,SOLO LOGO INDONESIA,Insektisida,0420241359,2025-02-17,2030-02-17
5010,SAHARA 500 SL,SATYA AGRO INDONESIA,Herbisida,01030120124382,2022-06-27,2027-06-27
5011,CLOBBER 200 EC,CATUR AGRODAYA MANDIRI,Insektisida,01010120042058,2024-08-09,2029-08-09
5012,SANDOR 30 WP,SANTANI AGRO MANDIRI,Insektisida,01010120124386,2022-06-26,2027-06-26
5013,PUANORIS 60 SP,MAJU MAKMUR UTOMO,Bakterisida,01060120186145,2023-08-28,2028-08-28
5014,EXTRALANG 245 SL,MUTIARA AGRO SEJATI,Herbisida,01030120259199,2026-01-20,2031-01-20
5015,TOSECT 250/50 SC,SARAREA PANEN RAYA,Insektisida,01010120196397,2024-03-04,2029-03-04
5016,BIOX AM138,BLUE CUBE INDONESIA,Pestisida lain-lain,0420231263,2024-03-05,2029-03-05
5017,X-SILLER 550 EC,GLOBAL AGROTECH,Insektisida,01010120186165,2023-04-26,2028-04-26
5018,ANTRACOL SMART 70 WG,BAYER INDONESIA,Fungisida,01020120258901,2025-09-26,2030-09-26
5019,JAWARA 500 SL,BENIH BERKAH BERSERI,Insektisida,01010120258951,2025-09-26,2030-09-26
5020,METFURON 20 WG,FARMCO KIMIA,Herbisida,01030120072959,2023-04-26,2028-04-26
5021,TRIDATRIN 250 EC,TRIDA KIMIA SAKTI,Insektisida,01010120124396,2022-06-27,2027-06-27
5022,MARGEN 400/60 SL,INDO-SINO AGROCHEMICAL,Herbisida,032026649,2026-07-16,2031-07-16
5023,HIT 0.3 STICK FU,GODREJ CONSUMER PRODUCTS INDONESIA,Pestisida Rumah Tangga,06080120196273,2024-09-19,2029-09-19
5024,VAPE DORA 0.0017 RB,FUMAKILLA INDONESIA,Rodentisida,06120120269688,2026-07-16,2031-07-16
5025,VAPE 0.11 MC,FUMAKILLA INDONESIA,Pestisida Rumah Tangga,032024567,2024-11-18,2029-11-18
5026,FENTOP 30 EC,INDAGRO,Insektisida,01010120031945,2023-02-08,2028-02-08
5027,NOXONE 276 SL,MULTI SARANA INDOTANI,Herbisida,01030120103863,2024-09-19,2029-09-19
5028,ABACEL 18 EC,EXCEL MEG INDO,Insektisida,01010120124331,2026-07-16,2031-07-16
5029,"2,4-D Na Salt 95 TC",INTI EVERSPRING INDONESIA,Herbisida,042020807,2024-11-18,2029-11-18
5030,STARPYR 500 SC,GRAHA AGRO,Insektisida,01010120186094,2023-04-26,2028-04-26
5031,FLUCHLORAMINOPYR-TEFURYL 98 TC,KINGAGROOT BIOTECHNOLOGY INDONESIA,Herbisida,0420231226,2024-03-04,2029-03-04
5032,AGXAMET 25 WG,AGX ASIA INDONESIA,Insektisida,01010120227482,2022-12-05,2027-12-05
5033,PREVENTOL D 6,KEMINDO ARTHA JAYA,Bakterisida,0420231208,2023-08-28,2028-08-28
5034,K-THION 500 EC,HANEARL SCIENCE INDONESIA,Insektisida,01010120258818,2025-07-11,2030-07-11
5035,NARA UP 490 SL,SAMUDRA UTAMA NARAPATI,Herbisida,01030120124486,2022-10-04,2027-10-04
5036,METHOMYL 98 TC,INDO-SINO AGROCHEMICAL,Insektisida,0420241340,2024-11-18,2029-11-18
5037,DIEGO 225/25 EC,SARI KIMIA UNGGUL,Insektisida,01010120206836,2026-01-20,2031-01-20
5038,GULMARON 80 WP,TRIBINA TANIKARYA,Herbisida,01030119981413,2022-01-14,2027-01-14
5039,AGROTRIN 250 EC,EXINDO RAHARJA PRATAMA,Insektisida,01010120124334,2022-10-04,2027-10-04
5040,PYRIPROXYFEN 98 TC,DALZON CHEMICALS INDONESIA,Insektisida,0420231259,2024-03-05,2029-03-05
5041,HIT 6.37 LV,GODREJ CONSUMER PRODUCTS INDONESIA,Pestisida Rumah Tangga,06080120227419,2022-10-04,2027-10-04
5042,GLUFOSINATE-AMMONIUM 95 TC,CENTA BRASINDO ABADI CHEMICAL INDUSTRY,Herbisida,0420231229,2024-03-04,2029-03-04
5043,MIXWEED 45/90/15 ME,QILU CROP SCIENCE,Herbisida,01030120258968,2025-09-26,2030-09-26
5044,HERBINATOR 80 WG,INDOIN BUSINESS GROUP,Herbisida,01030120186038,2023-08-28,2028-08-28
5045,FACMEEK 50 EC,DHARMA AYU TANI,Insektisida,01010120165655,2021-11-18,2026-11-18
5046,KENMECTIN 39 EC,KENSO INDONESIA,Insektisida,01010120175764,2022-12-05,2027-12-05
5047,PASTISIPP 565 SL,ARTHA MAKMUR ABADI,Herbisida,01030120269619,2026-07-16,2031-07-16
5048,ATICO 25/50 WG,ADVANSIA INDOTANI,Fungisida,01020120258739,2025-07-11,2030-07-11
5049,MANTAZEB PLUS 8/64 WP,TIGA MUARA EMAS MAKMUR,Fungisida,01020120238022,2024-03-04,2029-03-04
5050,DALMAT 50 EC,MEGAN GALUS KINANTAN,Insektisida,02010120237988,2024-03-04,2029-03-04
5051,"2,4-D 95 TC",MULTI SARANA INDOTANI,Herbisida,042017485,2022-12-05,2027-12-05
5052,ZEBINDO 80 WP,INTI EVERSPRING INDONESIA,Fungisida,01020120073012,2022-10-04,2027-10-04
5053,SPORTAK 450 EW,BINA GUNA KIMIA,Fungisida,032012306,2022-12-05,2027-12-05
5054,ACCLAIM 90 WP,DHARMA GUNA WIBAWA,Fungisida,01020120155322,2025-07-11,2030-07-11
5055,INTERSHOT 10/50 OD,INTER AGRO INDONESIA,Herbisida,01030120227669,2023-02-08,2028-02-08
5056,ZEEWA 240 SC,INDOIN BUSINESS GROUP,Akarisida,01140120227723,2023-02-08,2028-02-08
5057,"2,4-D 98 TC",MULTI AGRO JAYA UTAMA,Herbisida,0420221041,2022-10-04,2027-10-04
5058,VAPE 40 ST,FUMAKILLA INDONESIA,Pestisida Rumah Tangga,06080120114186,2022-01-14,2027-01-14
5059,TIMTOP 135 SL*,SINAR GENERAL INDUSTRIES,Herbisida,01030120145112,2024-09-19,2029-09-19
5060,Proxel BZ Plus Preservative,IMCD INDONESIA,Bakterisida,0420231241,2024-03-04,2029-03-04
5061,UTHANE-BLUE 80 WP,CATUR AGRODAYA MANDIRI,Fungisida,01020120186233,2024-03-05,2029-03-05
5062,HIT 0.41 AE,GODREJ CONSUMER PRODUCTS INDONESIA,Pestisida Rumah Tangga,06080120238010,2024-03-04,2029-03-04
5063,"ARATA 0,005 BB",ADVANSIA INDOTANI,Rodentisida,01120120124273,2024-03-05,2029-03-05
5064,CHERINIL 79 WP,ARENA AGRO UTAMA,Fungisida,01020120237860,2023-08-28,2028-08-28
5065,Dharmasan 600 EC,PT. Perusahaan Perdagangan Indonesia (Persero),Insektisida,0101011982535,2022-12-05,2027-12-05
5066,WEEDTOX 480 EC,UPL INDONESIA,Herbisida,01030120114012,2026-04-20,2031-04-20
5067,ALTRINE 30 EC,PT Indo Pest Biochem,Pestisida Pengendalian Vektor Penyakit Pada Manusia,06090120083246,2023-04-26,2028-04-26
5068,VIDI 722 SL,MULTI SARANA INDOTANI,Fungisida,01020120073005,2021-11-18,2026-11-18
5069,CHEPATE 75 SP,CROP CARE INDONESIA,Insektisida,01010120083032,2022-10-04,2027-10-04
5070,MULTITOMIL 40 SP,MULTI SARANA INDOTANI,Insektisida,01010120186133,2023-08-28,2028-08-28
5071,ROVRAL 255 SC,BINA GUNA KIMIA,Fungisida,032012303,2022-12-05,2027-12-05
5072,PRIMAZEB 80 WP,PRIMA KARYA BERJAYA,Fungisida,01020120113912,2026-07-16,2031-07-16
5073,HernaB 100 EC,BIO SARANA INDONESIA,Herbisida,01030120259070,2025-11-13,2030-11-13
5074,GRASSOFF 480 SL,MULTIKIMIA AGRO SEJAHTERA,Herbisida,01030120072942,2023-08-28,2028-08-28
5075,DIMEC 18 EC,ABADI JAYA,Insektisida,01010120072656,2022-10-04,2027-10-04
5076,CYROSTER MAX 7/303 SC,AGRO TERRUM INDONESIA,Insektisida,01010120248595,2025-02-17,2030-02-17
5077,TRIVIA 6/67 WP,BAYER INDONESIA,Fungisida,01020120072819,2026-04-20,2031-04-20
5078,GALATEX 480 SL,REJEKI INDO AGROTEC,Zat Pengatur Tumbuh Tanaman,01040120237880,2023-08-28,2028-08-28
5079,BANTEKAU 288 SL,CENTA BRASINDO ABADI CHEMICAL INDUSTRY,Herbisida,01030120269337,2026-04-20,2031-04-20
5080,GIBEL 20 SP,REJEKI INDO AGROTEC,Zat Pengatur Tumbuh Tanaman,01040120248626,2025-02-17,2030-02-17
5081,VEKTAR 100 EC,DHARMA GUNA WIBAWA,Pestisida Pengendalian Vektor Penyakit Pada Manusia,06090120093387,2022-12-05,2027-12-05
5082,BAKOTERA 150 SC,AGRICULTURE CONSTRUCTION,Insektisida,01010120227281,2022-06-27,2027-06-27
5083,"KINGKONG 0,068 MC",AMPUH PERKASA JAYA,Pestisida Rumah Tangga,06080120227322,2022-06-27,2027-06-27
5084,AMCORON 80 WP,ADIL MAKMUR FAJAR,Herbisida,01030120124337,2023-04-26,2028-04-26
5085,ANIBAT 40/10 WP,ADVANSIA INDOTANI,Fungisida,01020120259160,2026-01-20,2031-01-20
5086,DANAXONE 135 SL*,BERBAK AGRO SEJATI,Herbisida,01030120196383,2024-09-19,2029-09-19
5087,VERPIXO 100 SC,CORTEVA AGRISCIENCE MANUFACTURING INDONESIA,Fungisida,01020120259316,2026-01-20,2031-01-20
5088,TRIADIMEFON 95 TC,MULTI SARANA INDOTANI,Fungisida,042020829,2024-08-09,2029-08-09
5089,PROBAS 45/35 EC,JOYO MAKMUR SUKSES,Insektisida,01010120165580,2022-06-27,2027-06-27
5090,PERMETHRIN 92 TC,MSR HIJAU LESTARI,Insektisida,042015338,2025-07-11,2030-07-11
5091,DINOKUAT 200 SL*,MESTIKA NUSANTARA AGROKIMIA,Herbisida,01030120258922,2025-09-26,2030-09-26
5092,AGAFENA 30/200 EC,AGRO GUNA MAKMUR,Insektisida,01010120155286,2026-01-20,2031-01-20
5093,SAGRI-POWER 288 SC,SATYA AGRO INDONESIA,Insektisida,01010120186077,2023-04-26,2028-04-26
5094,CHLORFENAPYR 98 TC,KHARISMA AGRI WIJAYA,Insektisida,0420241357,2025-02-17,2030-02-17
5095,COLABRO 70 WP,ETONG CHEMICAL INDONESIA,Fungisida,01020120269541,2026-07-16,2031-07-16
5096,BAHSAN 650 EC,BAHTERA BONIAGA LESTARI,Insektisida,01010120175887,2023-04-26,2028-04-26
5097,NITENPYRAM 97 TC,RAINBOW AGROSCIENCES,Insektisida,042019770,2024-11-18,2029-11-18
5098,KAISUS 250 SC,AGRO JAYA INDUSTRI,Insektisida,01010120269582,2026-07-16,2031-07-16
5099,RAMBO GOLD 480 SL,MULTI SARANA INDOTANI,Herbisida,01030120011632,2025-07-11,2030-07-11
5100,FLUMIGARD -77 480 SC,AGROMANNA JAYA LESTARI,Herbisida,01030120248259,2024-08-09,2029-08-09
5101,SANSTAR 480 SL,SANTANI SEJAHTERA,Herbisida,01030120042137,2024-09-19,2029-09-19
5102,KEOX 50/25 EC,DELTA GIRI WACANA,Pestisida Pengendalian Vektor Penyakit Pada Manusia,06090120186198,2024-03-04,2029-03-04
5103,HARMETRY 50 WG,UPL INDONESIA,Herbisida,01030120186122,2024-03-04,2029-03-04
5104,FLO-TEX PUTIH 10 PA,AGRO DYNAMICS INDO,Zat Pengatur Tumbuh Tanaman,01040120259204,2026-01-20,2031-01-20
5105,ZURIN 85 WP,BIOTEK SARANA INDUSTRI,Fungisida,01020120259022,2025-09-26,2030-09-26
5106,NEZHA 200/10 ME,KINGAGROOT BIOTECHNOLOGY INDONESIA,Herbisida,01030120269426,2026-04-20,2031-04-20
5107,MENSAE 14 SL,SAFE CHEMICAL INDONESIA,Zat Pengatur Tumbuh Tanaman,01040120196556,2025-02-17,2030-02-17
5108,"EROS-GOLD 0,75/30 DF",CATUR AGRODAYA MANDIRI,Herbisida,01030120134770,2024-03-04,2029-03-04
5109,SEUDOFLOR WP,PRIMA AGRO TECH,Bakterisida,01060120258873,2025-07-11,2030-07-11
5110,ROCIMA™ 363 Biocide,BLUE CUBE INDONESIA,Bakterisida,042017462,2022-12-05,2027-12-05
5111,STARANE 480 EC,CORTEVA AGRISCIENCE MANUFACTURING INDONESIA,Herbisida,01030120083155,2023-02-08,2028-02-08
5112,BLAX 100 SC,SANOVA,Fungisida,032018424,2023-04-26,2028-04-26
5113,SIDAFUR 3 GR,PETROSIDA GRESIK,Insektisida,01010120042142,2023-08-28,2028-08-28
5114,VAPE Mosquito Coil Md MC,FUMAKILLA INDONESIA,Insektisida,032006197,2021-10-12,2026-10-12
5115,ESTRAGO 250 SC,DHARMA GUNA WIBAWA,Fungisida,01020120124452,2022-06-27,2027-06-27
5116,ESTRAGO 250 SC,DHARMA GUNA WIBAWA,Fungisida,01020120124452,2022-06-27,2027-06-27
5117,MANTEB 80 WP,SAPROTAN UTAMA,Fungisida,01020120031899,2022-10-04,2027-10-04
5118,VERLON 10/20 WP,FORAGRO MITRA SEJATI,Herbisida,01030120196320,2024-03-05,2029-03-05
5119,"KEMUT 0,6 DT",KRISTALINDO KARUNIA INTERNASIONAL,Pestisida Rumah Tangga,06080120238144,2024-03-05,2029-03-05
5120,ROSETTEL 32/95 SC,QILU CROP SCIENCE,Insektisida,01010120269647,2026-07-16,2031-07-16
5121,DELADAXIN 140 SC,CORTEVA AGRISCIENCE MANUFACTURING INDONESIA,Insektisida,032019459,2024-08-09,2029-08-09
5122,COPPERA 100/300 SC,SUNJOY AGRO INDONESIA,Bakterisida,01060120237864,2023-08-28,2028-08-28
5123,IPA GLIFOSAT 62 TC,INTI EVERSPRING INDONESIA,Herbisida,042011280,2025-11-13,2030-11-13
5124,AJIN 70 WP,ADVANSIA INDOTANI,Insektisida,01010120155206,2025-07-11,2030-07-11
5125,ORTHENE 75 SP,INDAGRO,Insektisida,010101197420,2021-10-12,2026-10-12
5126,ADVANTAGE 3.2 GR,BINA GUNA KIMIA,Insektisida,032019463,2024-09-19,2029-09-19
5127,SINARTOP 280 SL*,SINAR GENERAL INDUSTRIES,Herbisida,01030120114170,2022-06-27,2027-06-27
5128,ALTAC 15 EC,INDAGRO,Insektisida,01010120031867,2023-02-08,2028-02-08
5129,HAMASID 25 EC,DELTAGRO MULIA SEJATI,Insektisida,01010120001559,2024-09-19,2029-09-19
5130,ET-HIPO 500 SL,ETONG CHEMICAL INDONESIA,Insektisida,01010120259053,2025-11-13,2030-11-13
5131,SKIN VAPE 300 SL,FUMAKILLA INDONESIA,Pestisida Rumah Tangga,06080120165533,2026-07-16,2031-07-16
5132,BLOSAT 480 SL,YANNO AGRO SCIENCE INDONESIA,Herbisida,01030120206817,2025-09-26,2030-09-26
5133,FLONIMAT 100/200 SC,AGRO SENTOSA RAYA,Insektisida,01010120248257,2024-08-09,2029-08-09
5134,CONTROZROACH 0.05 GL,BENTZ JAZ INDONESIA,Pestisida Pengendalian Vektor Penyakit Pada Manusia,06090120196516,2025-02-17,2030-02-17
5135,DHARPAR 300/75 SC,ALBAUGH AGRO INDONESIA,Insektisida,01010120144977,2024-09-19,2029-09-19
5136,SUPEGIBB 20 TB,GRAHA AGRO,Zat Pengatur Tumbuh Tanaman,01040120072984,2023-02-08,2028-02-08
5137,CYGNUS 75 SP,AGRO BERJAYA CITRA TANI,Insektisida,01010120165496,2026-01-20,2031-01-20
5138,GLYPHOSATE 95 TC,CENTA BRASINDO ABADI CHEMICAL INDUSTRY,Herbisida,042018532,2023-02-08,2028-02-08
5139,SPIKE 75 WG,AGRO INSANI SEMESTA,Insektisida,01010120206779,2025-07-11,2030-07-11
5140,HOLYZEB 80 WP,SATYA AGRO INDONESIA,Fungisida,01020120206931,2025-09-26,2030-09-26
5141,BIARTOP 333 SL,SARI KRESNA KIMIA,Herbisida,01030120237972,2024-03-04,2029-03-04
5142,ETHEPHON 75 TC,RAINBOW AGROSCIENCES,Zat Pengatur Tumbuh Tanaman,042020816,2025-02-17,2030-02-17
5143,OCTAVE 250 EC,BINA GUNA KIMIA,Fungisida,032015359,2025-02-17,2030-02-17
5144,LUCERO 70 WP,JIRONA AGRITAMA,Fungisida,01020120175700,2023-08-28,2028-08-28
5145,KAISARO 80 WP,SARI KRESNA KIMIA,Fungisida,01020120114136,2025-09-26,2030-09-26
5146,INDOXACARB 80 TC,AGRORISEN INDOMAKMUR CEMERLANG,Insektisida,0420221100,2023-02-08,2028-02-08
5147,"2,4-D 98 TC",TRIBINA TANIKARYA,Herbisida,042021973,2026-04-20,2031-04-20
5148,FASTCHEFAT 75 WP,BAHTERA BONIAGA LESTARI,Insektisida,01010120124290,2022-12-05,2027-12-05
5149,AWAYMEC 50 EC,ENFARM CROP SCIENCE,Insektisida,01010120269334,2026-04-20,2031-04-20
5150,GALLEA 300 EC,DELTA GIRI WACANA,Insektisida,01010120196533,2024-09-19,2029-09-19
5151,MAZOTAM 50 SC,ALBAUGH AGRO INDONESIA,Insektisida,01010120248659,2025-02-17,2030-02-17
5152,HIT ONE PUSH 3 AE,GODREJ CONSUMER PRODUCTS INDONESIA,Pestisida Rumah Tangga,06080120196542,2025-02-17,2030-02-17
5153,CONSERVE 500/50 EC,AGRO SENTOSA RAYA,Insektisida,01010120093531,2024-08-09,2029-08-09
5154,SWEEP 480 SL,UPL INDONESIA,Herbisida,01030120042152,2024-08-09,2029-08-09
5155,BOXONE 135 SL,SARI KRESNA KIMIA,Herbisida,01030120237978,2024-03-04,2029-03-04
5156,MEX-DONE 36 EC,AGROMANNA JAYA LESTARI,Insektisida,01010120113906,2026-01-20,2031-01-20
5157,INSETTO 200 SL,GRAHA AGRITECH PRIMA,Insektisida,01010120124297,2022-06-27,2027-06-27
5158,NJEPAT 400 EC,SARI KRESNA KIMIA,Insektisida,01010120237792,2023-04-26,2028-04-26
5159,SUNIPROLE 200 SC,AGRO JAYA INDONESIA,Insektisida,01010120269670,2026-07-16,2031-07-16
5160,MANSIMO 64/8 WP,DUTA TANI,Fungisida,01020120237785,2023-04-26,2028-04-26
5161,BETA-PAS 55 EC,PERSADA AGRO SUKSES,Insektisida,01010120248239,2024-08-09,2029-08-09
5162,CISBAN 500 EC,TIGA MUARA EMAS MAKMUR,Insektisida,01010120196425,2024-03-05,2029-03-05
5163,SHOOT 360 SC,ORCHID GLOBAL MAKMUR,Insektisida,01010120206679,2025-09-26,2030-09-26
5164,EMACT 80 EC,TANI MEDIA,Insektisida,01010120248252,2024-08-09,2029-08-09
5165,RICEZONE 390 EC,RAINBOW AGROSCIENCES,Herbisida,01030120144952,2023-08-28,2028-08-28
5166,andafur 0.5/3 GR,ANDAFA AGRO INDO,Insektisida,01010120217018,2026-01-20,2031-01-20
5167,HIT 0.25 AE,GODREJ CONSUMER PRODUCTS INDONESIA,Pestisida Rumah Tangga,06080120248278,2024-08-09,2029-08-09
5168,Lude 5 50 EC,MAJU MAKMUR UTOMO,Insektisida,01010120165455,2026-04-20,2031-04-20
5169,STARPLUS 70 WP,PETROKIMIA KAYAKU,Fungisida,01020119971304,2022-10-04,2027-10-04
5170,PENGLARIS 240/1 SL,CENTA BRASINDO ABADI CHEMICAL INDUSTRY,Herbisida,01030120093360,2023-08-28,2028-08-28
5171,DETAZEB 80 WP,DELTAGRO MULIA SEJATI,Fungisida,01020120031753,2026-01-20,2031-01-20
5172,PADAN 50 SP,NUFARM INDONESIA,Insektisida,010101197443,2022-10-04,2027-10-04
5173,DECORE 40 SP,DHARMA GUNA WIBAWA,Insektisida,01010120227512,2022-12-05,2027-12-05
5174,ROLIFOS 150 SL,ROLIMEX KIMIA NUSAMAS,Herbisida,01030120103683,2024-11-18,2029-11-18
5175,JAGUNGKLINTOP 200/70/20 OD,MAXXI AGRI INDONESIA,Herbisida,01030120258950,2025-09-26,2030-09-26
5176,Platinum 20 SC,AGROMANNA JAYA LESTARI,Insektisida,01010120175781,2022-10-04,2027-10-04
5177,CARBORON 3 GR,YANNO AGRO SCIENCE INDONESIA,Insektisida,01010120206604,2025-07-11,2030-07-11
5178,NEOFOXS 200 EC,SINAR AGRO KIMIA INDONESIA,Insektisida,01010120175913,2024-03-05,2029-03-05
5179,BESVIDOR 200 SL,TIARA BUANA MANDIRI,Insektisida,01010120113877,2025-09-26,2030-09-26
5180,PRAMEX 40 SP,INTI EVERSPRING INDONESIA,Insektisida,01010120269442,2026-04-20,2031-04-20
5181,PENTACROWN 135 SL*,SOLO LOGO INDONESIA,Herbisida,01030120165574,2025-07-11,2030-07-11
5182,AJIB,PRIMASID ANDALANUTAMA,Zat Pengatur Tumbuh Tanaman,01040120103700,2022-12-05,2027-12-05
5183,HIT 0.84 AE,GODREJ CONSUMER PRODUCTS INDONESIA,Pestisida Rumah Tangga,06080120248281,2024-08-09,2029-08-09
5184,OXIMUNE 10/20 PA,TANAMAN MAKMUR MANDIRI,Fungisida,01020120269431,2026-04-20,2031-04-20
5185,PARTNER 240 SL,TRIBINA TANIKARYA,Herbisida,01030120041991,2024-03-04,2029-03-04
5186,PRONASOL 50 SC,EXINDO RAHARJA PRATAMA,Zat Pengatur Tumbuh Tanaman,01040120186067,2023-08-28,2028-08-28
5187,ASEFAT 97 TC,SOLO LOGO INDONESIA,Insektisida,042017483,2022-10-04,2027-10-04
5188,SERDADU 200/200 SC,PT Belirang Perkasa Agro,Insektisida,01010120259288,2026-01-20,2031-01-20
5189,KEYSTONE 100/300 SC,AGRORISEN INDOMAKMUR CEMERLANG,Fungisida,01020120248398,2024-09-19,2029-09-19
5190,JAGOQUAT 288 SL*,CENTA BRASINDO ABADI CHEMICAL INDUSTRY,Herbisida,01030120227542,2022-12-05,2027-12-05
5191,TUBLES 40 SP,Agro Bumi Timur,Insektisida,01010120186229,2024-03-04,2029-03-04
5192,MORSHEL 150/100 EC,SINAR GENERAL INDUSTRIES,Insektisida,01010120145080,2024-09-19,2029-09-19
5193,CARBOFURAN 10 GR,INTI EVERSPRING INDONESIA,Insektisida,032020496,2025-11-13,2030-11-13
5194,ETEKEN 100 PA,KENSO INDONESIA,Zat Pengatur Tumbuh Tanaman,01040120114044,2025-11-13,2030-11-13
5195,PROMOTRIN 60 EC,TIGA MUARA EMAS MAKMUR,Insektisida,01010120124506,2022-12-05,2027-12-05
5196,PRIMA-TOX 3/2 GR,PRIMA KARYA BERJAYA,Moluskisida,01050120206955,2025-11-13,2030-11-13
5197,TOMBAK 189 EC,PETROKIMIA KAYAKU,Insektisida,01010120093382,2023-04-26,2028-04-26
5198,CHLORONIL 75 WP,Agro Bumi Timur,Fungisida,01020120103825,2026-01-20,2031-01-20
5199,TRILAMAZOR 75 WP,RAINBOW AGROSCIENCES,Insektisida,01010120248716,2025-02-17,2030-02-17
5200,NATRIBAC 400 SC,CENTA BRASINDO ABADI CHEMICAL INDUSTRY,Herbisida,01030120165595,2026-04-20,2031-04-20
5201,ZONE PRO 200/125 SC,REJEKI INDO AGROTEC,Fungisida,01020120238224,2024-03-05,2029-03-05
5202,SIDAXONE 276 SL*,PETROSIDA GRESIK,Herbisida,01030120062537,2021-11-18,2026-11-18
5203,DINSHINE 50/200 SC,RAINBOW AGROSCIENCES,Insektisida,01010120238115,2024-03-05,2029-03-05
5204,METOMIL 95 TC,CV. SAKASAKI INDONESIA,Insektisida,0420241339,2024-11-18,2029-11-18
5205,AMETRIN 95 TC,AGRO JAYA INDONESIA,Herbisida,0420231219,2024-03-04,2029-03-04
5206,DIFEXI 250 EC,AGRO SENTOSA RAYA,Fungisida,01020120248251,2024-08-09,2029-08-09
5207,NOMOS ONE PUSH 4.6 AE,FUMAKILLA NOMOS,Pestisida Rumah Tangga,06080120227682,2023-02-08,2028-02-08
5208,PILARVIVA 170/170 SC,PILARQUIM AGROSCIENCE INDONESIA,Fungisida,01020120259266,2026-01-20,2031-01-20
5209,CAMIX GOLD 200 SL*,CROPLINK AGRIKULTUR TEKNOLOGI,Herbisida,01030120206921,2025-11-13,2030-11-13
5210,HERBIKUAT 276 SL,INDO-SINO AGROCHEMICAL,Herbisida,01030120269575,2026-07-16,2031-07-16
5211,BECAMA 500 SC,RAINBOW AGROSCIENCES,Herbisida,01030120237971,2024-03-04,2029-03-04
5212,GREENSUPE 250 SC,DITYA CHEMINDO,Zat Pengatur Tumbuh Tanaman,01040120238132,2024-03-05,2029-03-05
5213,TWINSTAR XTRA 50/25 WG,RAINBOW AGROSCIENCES,Fungisida,01020120227367,2022-06-27,2027-06-27
5214,BLAST 200 SC,AGRICULTURE CONSTRUCTION,Fungisida,01020120083025,2023-02-08,2028-02-08
5215,ROZONE™ LES 1920J Microbicide,BLUE CUBE INDONESIA,Bakterisida,042018635,2024-03-04,2029-03-04
5216,BIOBAN™ O 100 Technical Antimicrobial,BLUE CUBE INDONESIA,Pestisida lain-lain,042017440,2022-12-05,2027-12-05
5217,FENTAS 200 EC,MASCO AGRI GENETICS,Insektisida,01010120113965,2026-04-20,2031-04-20
5218,PIXMA 400/40 EC,INTI EVERSPRING INDONESIA,Insektisida,01010120269440,2026-04-20,2031-04-20
5219,MATARIN 50 EC,SARI KRESNA KIMIA,Insektisida,01010119992101,2024-09-19,2029-09-19
5220,PENARIS 240 SL,SANJAYA SEJAHTERA LESTARI,Herbisida,01030120259260,2026-01-20,2031-01-20
5221,QILUSPIN 480 SC,QILU CROP SCIENCE,Insektisida,01010120258854,2025-07-11,2030-07-11
5222,MARXONE 300 SL,SAPROTAN UTAMA,Herbisida,01030120072774,2022-06-27,2027-06-27
5223,CleanBioTM - Zinc,TOYOTA TSUSHO INDONESIA,Fungisida,0420261491,2026-04-20,2031-04-20
5224,MAMPU 18 EC,Agro Bumi Timur,Insektisida,01010120217151,2026-01-20,2031-01-20
5225,BITCOIN 200 EC,UNI AGRO CHEMICA,Insektisida,01010120175740,2023-08-28,2028-08-28
5226,WINICOMESO 200/70/30 OD,AGRO JAYA INDONESIA,Herbisida,01030120248341,2024-08-09,2029-08-09
5227,RIDAUP 480 SL,PT.ASIANA CHEMICALINDO LESTARI,Herbisida,01030120206972,2026-01-20,2031-01-20
5228,SynaPic 95 TC,TEXCHEM INDONESIA,Insektisida,0420251475,2026-01-20,2031-01-20
5229,PERMETHRIN 92 TC,CENTA BRASINDO ABADI CHEMICAL INDUSTRY,Insektisida,042018542,2023-04-26,2028-04-26
5230,METATREL 12.5 PA,NUSANTARA AGRO SUKSES,Zat Pengatur Tumbuh Tanaman,01040120238161,2024-03-05,2029-03-05
5231,DIFENOCONAZOLE 96 TC,DELTA GIRI WACANA,Fungisida,0420251395,2025-09-26,2030-09-26
5232,Dargo 70/6 WP,DELTAGRO MULIA SEJATI,Fungisida,01020120124444,2026-04-20,2031-04-20
5233,INDOBAS 500 EC,AGRO MULIA,Insektisida,01010120258948,2025-09-26,2030-09-26
5234,KATANA 200 SC,MITSUBISHI CORPORATION INDONESIA,Insektisida,01010120103672,2024-11-18,2029-11-18
5235,LAMDARIN 55 EC,SARI KRESNA KIMIA,Insektisida,01010120103764,2024-11-18,2029-11-18
5236,PARANOX 276 SL,RABANA AGRO RESOURCES,Herbisida,01030120113985,2026-01-20,2031-01-20
5237,FORDOR 75 WG,DISCOVERY ENVIRONMENTAL SCIENCE INDONESIA,Herbisida,01030119991483,2024-09-19,2029-09-19
5238,KOEDACOL 77 WP,TAPAL KOEDA INDONESIA,Fungisida,01020120155129,2024-11-18,2029-11-18
5239,KLOOPIR 666 EC,JAWA AGRINDO INTERNASIONAL,Herbisida,01030120155365,2025-07-11,2030-07-11
5240,INTAN 60 WP,GRAHA AGRO,Moluskisida,01050120134588,2022-12-05,2027-12-05
5241,HIT EXPERT 10 VP,GODREJ CONSUMER PRODUCTS INDONESIA,Pestisida Rumah Tangga,06080120206929,2026-01-20,2031-01-20
5242,BESTMEC 36 EC,INDO-SINO AGROCHEMICAL,Insektisida,01010120124457,2023-08-28,2028-08-28
5243,HULK 20 SG,RAINBOW AGROSCIENCES,Insektisida,01010120155378,2025-09-26,2030-09-26
5244,GROUND UP PLUS 365 SL,SARI KRESNA KIMIA,Herbisida,01030120103743,2024-09-19,2029-09-19
5245,DOMAGO 13/323 SE,ROYAL AGRO INDONESIA,Herbisida,01030120248473,2024-11-18,2029-11-18
5246,SKI-1 5 SL,SINGA KIMIA INDONESIA,Pestisida Rumah Tangga,06080120269660,2026-07-16,2031-07-16
5247,MUTUAL 25/25 WP,BAHTERA BONIAGA LESTARI,Insektisida,01010120196558,2024-09-19,2029-09-19
5248,STAND OUT 200/125 SC,CHINA JIANGSU INTERNATIONAL INDONESIA,Fungisida,01020120269478,2026-04-20,2031-04-20
5249,CHALENGER 276 SL,DELTA GIRI WACANA,Herbisida,01030120103824,2024-09-19,2029-09-19
5250,BASMIKUS 66 PS,KOLEKTIF SURYA CEMERLANG,Rodentisida,01120120093517,2025-07-11,2030-07-11
5251,OBERON SPEED 11.4 / 228.6 SC,BAYER INDONESIA,Akarisida,01140120237915,2023-08-28,2028-08-28
5252,BATTIN 50 EC,TANI MEDIA,Insektisida,01010120248238,2024-08-09,2029-08-09
5253,FOLICUR GOLD 430 SC,BAYER INDONESIA,Fungisida,01020120083267,2023-04-26,2028-04-26
5254,JIUYAOJIU 75 WG,MULTI AGRO JAYA UTAMA,Fungisida,01020120248289,2024-08-09,2029-08-09
5255,HIT 0.14 AE,GODREJ CONSUMER PRODUCTS INDONESIA,Pestisida Rumah Tangga,06080120227659,2023-03-08,2028-03-08
5256,AMETOX 500 SC,DELTA GIRI WACANA,Herbisida,01030120062491,2024-08-09,2029-08-09
5257,VETO 650 EC,MITRA KREASIDHARMA,Insektisida,01010120052336,2025-02-17,2030-02-17
5258,KRESNATOP 80 WP,SARI KRESNA KIMIA,Herbisida,01030120238017,2024-03-04,2029-03-04
5259,PROPIKONAZOL 98 TC,AGRO JAYA INDONESIA,Fungisida,0420241287,2024-08-09,2029-08-09
5260,PARAKUAT DIKLORIDA 42 TC,KRISTALINDO KARUNIA INTERNASIONAL,Herbisida,042016378,2026-07-16,2031-07-16
5261,METRICOR 300 SC,SARI KRESNA KIMIA,Insektisida,01010120237907,2023-08-28,2028-08-28
5262,KENLLY 20 WG,KENSO INDONESIA,Herbisida,01030120062432,2025-11-13,2030-11-13
5263,SIDADOR 30 EC,PETROSIDA GRESIK,Insektisida,01010120042316,2024-11-18,2029-11-18
5264,LUMINA 500/50 SC,DALZON CHEMICALS INDONESIA,Herbisida,01030120165569,2021-10-12,2026-10-12
5265,ERAT283MK 25 Lt,VADEL KSATRIA SAMUDRA INDONESIA,Pestisida Rumah Tangga,06080120227642,2023-02-08,2028-02-08
5266,trapol 200 SC,TANGGUH AGRO NUSA INDONESIA,Insektisida,01010120259138,2025-11-13,2030-11-13
5267,SIDACIN 50 WP,PETROSIDA GRESIK,Insektisida,01010120021668,2026-07-16,2031-07-16
5268,NOVARIS 240 SL,PT. MASTRA INDOKORPORA,Herbisida,01030120011633,2026-04-20,2031-04-20
5269,Motive 462.5 EC,BASF INDONESIA,Herbisida,032022520,2022-06-27,2027-06-27
5270,KURATERBANG 3.3 GR,CENTA BRASINDO ABADI CHEMICAL INDUSTRY,Insektisida,01010120124475,2023-02-08,2028-02-08
5271,VAYEGO 200 SC,BAYER INDONESIA,Insektisida,01010120196589,2024-09-19,2029-09-19
5272,TRIDANIL 50 WP,TRIDA KIMIA SAKTI,Fungisida,01020120124395,2022-12-05,2027-12-05
5273,GROWTONE 3.75 SP,DELTAGRO MULIA SEJATI,Zat Pengatur Tumbuh Tanaman,01040120186188,2023-04-26,2028-04-26
5274,RANJAU 260/55/40 OD,CENTA BRASINDO ABADI CHEMICAL INDUSTRY,Herbisida,01030120259111,2025-11-13,2030-11-13
5275,SANGIT 50 EC,SINAR GENERAL INDUSTRIES,Insektisida,01010120103684,2024-11-18,2029-11-18
5276,D-THALONIL 720 SC,AGRORISEN INDOMAKMUR CEMERLANG,Fungisida,01020120258925,2025-09-26,2030-09-26
5277,SUICA 50/20 WG,KRISTALINDO KARUNIA INTERNASIONAL,Insektisida,01010120227361,2022-06-27,2027-06-27
5278,EMASPID 43/171.5 SC,QILU CROP SCIENCE,Insektisida,01010120259050,2025-11-13,2030-11-13
5279,Nicosulfuron 95 TC,DALZON CHEMICALS INDONESIA,Herbisida,042019768,2024-08-09,2029-08-09
5280,TAMPAGE 100 EC,TUNASHARAPAN MURNI,Insektisida,01010120093379,2024-03-05,2029-03-05
5281,SHREADER 85 SP,DELTA GIRI WACANA,Insektisida,01010120259290,2026-01-20,2031-01-20
5282,ACTICIDE IFL 3,AVIA AVIAN,Pestisida lain-lain,0420261497,2026-07-16,2031-07-16
5283,METINDO PLUS 42 WP,MITRA KREASIDHARMA,Insektisida,01010120175704,2022-06-27,2027-06-27
5284,SIDIN 50 EC,AGROKIMINDO KURNIABUANA,Insektisida,01010120011637,2021-12-10,2026-12-10
5285,SIDIN 50 EC,AGROKIMINDO KURNIABUANA,Insektisida,01010120011637,2021-12-10,2026-12-10
5286,ORDOTIN 250 SC,BUMINDO ABADI MAKMUR,Fungisida,01020120269618,2026-07-16,2031-07-16
5287,PENTACUR 722 SL,SAPROTAN UTAMA NUSANTARA,Fungisida,01020120021700,2026-07-16,2031-07-16
5288,PUSH UP 500 SL,SANTANI AGRO PERKASA,Herbisida,01030120134808,2023-04-26,2028-04-26
5289,SINARTOP 280 SL*,SINAR GENERAL INDUSTRIES,Herbisida,01030120114170,2022-06-27,2027-06-27
5290,NANOFOS 480 EC,RAINBOW AGROSCIENCES,Insektisida,01010120134600,2022-10-04,2027-10-04
5291,OCTANIL 75 WP,ARYSTA LIFESCIENCE TIRTA,Fungisida,01020119911005,2023-08-28,2028-08-28
5292,HIT MAGIC 0.18 FU,GODREJ CONSUMER PRODUCTS INDONESIA,Pestisida Rumah Tangga,06080120196279,2024-09-19,2029-09-19
5293,RAVEGA 865 SL,FOCUSINDO ASIA PACIFIC,Herbisida,01030120227579,2022-12-05,2027-12-05
5294,DEBESTTAN PLUS 60 WP,SAPROTAN UTAMA,Moluskisida,01050120145051,2024-08-09,2029-08-09
5295,KEN-PRONIL 50 SC,KENSO INDONESIA,Insektisida,01010120103755,2025-11-13,2030-11-13
5296,PREVENTOL D 7,BLUE CUBE INDONESIA,Bakterisida,0420251439,2025-11-13,2030-11-13
5297,CIGAL 125/375 SC,ALBAUGH AGRO INDONESIA,Fungisida,01020120144972,2024-09-19,2029-09-19
5298,YOSKY PRO 200 SL,TANAMAN MAKMUR MANDIRI,Herbisida,01030120238082,2024-03-04,2029-03-04
5299,DIMETOX 50 WP,SARAREA PANEN RAYA,Fungisida,01020120206724,2025-09-26,2030-09-26
5300,VITACK 20 WG,SUMANS MANDIRI SEJAHTERA,Insektisida,01010120206793,2025-09-26,2030-09-26
5301,KLOPIN 459/45.9 EC,AGRO SENTOSA RAYA,Insektisida,01010120248293,2024-08-09,2029-08-09
5302,ROTAMORPH 500 SC,ALBAUGH AGRO INDONESIA,Fungisida,01020120144953,2024-09-19,2029-09-19
5303,FURAXIN 10 SL,SAFE CHEMICAL INDONESIA,Fungisida,01020120083118,2024-03-04,2029-03-04
5304,SPECTRO 255 EC,SINAR GENERAL INDUSTRIES,Herbisida,01030120186208,2024-03-04,2029-03-04
5305,REMAZOLE 250 EC,ROYAL AGRO INDONESIA,Fungisida,01020120031733,2023-04-26,2028-04-26
5306,PREVENTOL BM 5,BLUE CUBE INDONESIA,Pestisida lain-lain,0420251389,2025-07-11,2030-07-11
5307,EVEROLL 70/6 WP,ROLIMEX KIMIA NUSAMAS,Fungisida,01020120155225,2026-01-20,2031-01-20
5308,MALAKA 100 SC,YANNO AGRO SCIENCE INDONESIA,Fungisida,01020120227553,2022-12-05,2027-12-05
5309,INTEGRATE 20/20 WG,CORTEVA AGRISCIENCE MANUFACTURING INDONESIA,Insektisida,01010120155361,2025-07-11,2030-07-11
5310,PROPIKEN 70 WP,KENSO INDONESIA,Fungisida,01020120196326,2024-08-09,2029-08-09
5311,FLUPRID 240/240 SC,RAINBOW AGROSCIENCES,Insektisida,01010120227403,2022-10-04,2027-10-04
5312,EXYNOX 40 SP,AGRO BERJAYA CITRA TANI,Insektisida,01010120259055,2025-11-13,2030-11-13
5313,SISTEMIK 240 SL,BIOTIS AGRINDO,Herbisida,01030120042008,2023-02-08,2028-02-08
5314,BEVTEK WP,PT. Agritek Tani Indonesia,Insektisida,01010120196419,2024-08-09,2029-08-09
5315,LAND UP 480 SL,AGROLAND INDO SYNERGY,Herbisida,01030120248506,2024-11-18,2029-11-18
5316,UNICLEAR 200 SL,INTI EVERSPRING INDONESIA,Herbisida,01030120206999,2025-11-13,2030-11-13
5317,"ELEGANT COCK 0,025 MC",SUPRA TUSAMAN ABADI,Pestisida Rumah Tangga,06080120269558,2026-07-16,2031-07-16
5318,TKO 100/200 SC,GRAHA AGRITECH PRIMA,Insektisida,01010120155403,2025-11-13,2030-11-13
5319,ALORAK 95/31 SC,ADVANSIA INDOTANI,Insektisida,01010120259025,2025-11-13,2030-11-13
5320,FORACIDIN 200 EC,FORAGRO MITRA SEJATI,Insektisida,01010120248261,2024-08-09,2029-08-09
5321,SITOX 25 WP,GRAHA AGRO,Insektisida,'01010120124320,2022-10-04,2027-10-04
5322,PIRADIN 138 SL*,SURAT TANI,Herbisida,01030120093556,2024-09-19,2029-09-19
5323,PAYLOAD 50 WP,ETONG CHEMICAL INDONESIA,Fungisida,01020120248670,2025-02-17,2030-02-17
5324,SUPEREL 480 SL,AGRO DYNAMICS INDO,Zat Pengatur Tumbuh Tanaman,01040120248427,2024-09-19,2029-09-19
5325,RAYAXONE 400/60 SL,AGRO SENTOSA RAYA,Herbisida,01030120248321,2024-08-09,2029-08-09
5326,SUMIBOXAM 100 SC,ADVANSIA INDOTANI,Fungisida,01020120186224,2024-03-04,2029-03-04
5327,"KILLMECT 5,7 WG",INTER AGRO INDONESIA,Insektisida,01010120248503,2024-11-18,2029-11-18
5328,HEXARON 46.8/13.2 WG,ROYAL AGRO INDONESIA,Herbisida,01030120144938,2024-08-09,2029-08-09
5329,RIPELLA 130 SL,SUPRA TUSAMAN ABADI,Pestisida Rumah Tangga,06080120175865,2022-10-04,2027-10-04
5330,FONDUA 125/250 SC,JUBARO AGRO INDONESIA,Fungisida,01020120186183,2024-03-05,2029-03-05
5331,INSIST 337 SC,NUFARM INDONESIA,Herbisida,01030120258949,2025-09-26,2030-09-26
5332,PRELUDE 170 SL,DALZON CHEMICALS INDONESIA,Herbisida,01030120083215,2024-03-04,2029-03-04
5333,NAPHTHALENEACETIC ACID 87 TC,MULTIKRIDA JAYA UTAMA,Zat Pengatur Tumbuh Tanaman,0420241283,2024-08-09,2029-08-09
5334,WELI-RON 80 WP,NUSANTARA AGRO SUKSES,Herbisida,01030120259013,2025-09-26,2030-09-26
5335,PASTO 15 EC,DELTAGRO MULIA SEJATI,Insektisida,01010120031749,2026-01-20,2031-01-20
5336,BELLOVA 500/60 SC,DHARMA GUNA WIBAWA,Fungisida,01020120155336,2025-07-11,2030-07-11
5337,WEEDRAW 108 EC,BINGEI AGUNG,Herbisida,01030120259150,2025-11-13,2030-11-13
5338,DANAQUAT 280 SL*,PARAMA AGROINDUSTRI DANAPATI,Herbisida,01030120186217,2024-03-05,2029-03-05
5339,MEGAXONE 135 SL*,DA MING INDONESIA,Herbisida,01030120113877,2026-04-20,2031-04-20
5340,"2,4-D 98 TC",INTI EVERSPRING INDONESIA,Herbisida,042020852,2025-07-11,2030-07-11
5341,JAPRA 200/200 SE,MAJU MAKMUR UTOMO,Herbisida,01030120196546,2024-11-18,2029-11-18
5342,AKAR-UP 240 SL,BERSAMA SATU TEGUH,Herbisida,01030120248567,2025-02-17,2030-02-17
5343,TRICOCEL 400/125 SE,EXCEL MEG INDO,Fungisida,01020120196314,2024-03-05,2029-03-05
5344,BANJO FORTE 200/200 SC,ROYAL AGRO INDONESIA,Fungisida,01020120217026,2026-01-20,2031-01-20
5345,PILARZOX 85/170 SC,PILARQUIM AGROSCIENCE INDONESIA,Fungisida,01020120217078,2025-11-13,2030-11-13
5346,BURENG ULTRA 60/20 WG,INDO TANI UTAMA,Insektisida,01010120227625,2023-02-08,2028-02-08
5347,RONINDO 80 WP,INTI EVERSPRING INDONESIA,Herbisida,01030119991464,2025-11-13,2030-11-13
5348,PERMETHRIN 94 TC,SOLO LOGO INDONESIA,Insektisida,0420251397,2025-09-26,2030-09-26
5349,SEKITO 56/92 SC,UPL INDONESIA,Insektisida,01010120248697,2025-02-17,2030-02-17
5350,ZEVOMO 250 SC,UPL INDONESIA,Fungisida,01020120259325,2026-01-20,2031-01-20
5351,DIAZINON 96 TC,DELTA GIRI WACANA,Insektisida,0420261502,2026-07-16,2031-07-16
5352,TRIPO 450 SL,TRIDA KIMIA SAKTI,Insektisida,01010120175931,2022-12-05,2027-12-05
5353,GROUNDUP EVO 490 SL,WINNER AGROCHEM INTERNUSA,Herbisida,01030120145067,2025-02-17,2030-02-17
5354,DELTAKING 565 EC,BIOTIS AGRINDO,Insektisida,01010120134566,2022-06-27,2027-06-27
5355,ALPHADINE 6 GR,AGROTECH PESTICIDE INDUSTRY,Insektisida,01010120072704,2022-06-27,2027-06-27
5356,VAPE 0.5 GR,FUMAKILLA INDONESIA,Pestisida Pengendalian Vektor Penyakit Pada Manusia,06090120217102,2026-04-20,2031-04-20
5357,FASTCANE 40/40 WG,RAINBOW AGROSCIENCES,Herbisida,01030120144934,2024-03-05,2029-03-05
5358,RUFAST 75 EW,BINA GUNA KIMIA,Akarisida,01140120237929,2023-08-28,2028-08-28
5359,DKLOVENZO 55 EC,DANKEN INDONESIA,Insektisida,01010120248601,2025-02-17,2030-02-17
5360,TYPHOON 240 SL,ASIA GALA KIMIA,Herbisida,01030120021685,2022-10-04,2027-10-04
5361,S-MOTIVE 960 EC,RAINBOW AGROSCIENCES,Herbisida,01030120145097,2025-02-17,2030-02-17
5362,CHEVRO 50 WG,SINAR GENERAL INDUSTRIES,Insektisida,01010120227508,2022-12-05,2027-12-05
5363,WEEDROL 866 SL,ROLIMEX KIMIA NUSAMAS,Herbisida,0103011981525,2024-03-05,2029-03-05
5364,PARAKUAT DIKLORIDA 42 TC,FORAGRO MITRA SEJATI,Herbisida,042019747,2024-08-09,2029-08-09
5365,MOXANIL 20 WP,ARTHA BUANA MANDIRI,Fungisida,01020120114067,2026-01-20,2031-01-20
5366,STARGATE 0.5 GR,BINA GUNA KIMIA,Insektisida,01010120206693,2025-02-17,2030-02-17
5367,PARAQUAT DICHLORIDE 42 TC,MULTI SARANA INDOTANI,Herbisida,0420231198,2023-08-28,2028-08-28
5368,PILARGROW 0.03/4.97 SL,PILARQUIM AGROSCIENCE INDONESIA,Zat Pengatur Tumbuh Tanaman,01040120248674,2025-02-17,2030-02-17
5369,NOMOS 12.2 LV,FUMAKILLA NOMOS,Pestisida Rumah Tangga,06080120238173,2024-03-05,2029-03-05
5370,PYRINEX 480 EC,ROYAL AGRO INDONESIA,Insektisida,01010120072832,2023-04-26,2028-04-26
5371,STARNITE 100 SL,CENTA BRASINDO ABADI CHEMICAL INDUSTRY,Insektisida,01010120227588,2022-12-05,2027-12-05
5372,KARAXONE 276 SL*,SAMUDRA UTAMA NARAPATI,Herbisida,01030120217143,2026-01-20,2031-01-20
5373,TERMIDOR 100 SC,BASF INDONESIA,Insektisida,032010229,2024-11-18,2029-11-18
5374,RODIKA 0.01 SL,INDO-SINO AGROCHEMICAL,Zat Pengatur Tumbuh Tanaman,01040120196294,2023-08-28,2028-08-28
5375,DETAZEB 455 SC,DELTAGRO MULIA SEJATI,Fungisida,01020120144976,2024-03-04,2029-03-04
5376,GALAKUAT 276 SL*,REJEKI INDO AGROTEC,Herbisida,01030120238130,2024-03-05,2029-03-05
5377,JINN 250/10 SC,INDOIN BUSINESS GROUP,Moluskisida,01050120227543,2022-12-05,2027-12-05
5378,MITRIN 320/32 SC,SARI KRESNA KIMIA,Insektisida,01010120237787,2023-04-26,2028-04-26
5379,SAPU GRESS 240 SL,SEJAHTERA AGRONUSA LESTARI,Herbisida,01030120269469,2026-04-20,2031-04-20
5380,TRIDACOL 70 WP,TRIDA KIMIA SAKTI,Fungisida,01020120114092,2021-10-12,2026-10-12
5381,AMBASADOR 20 EC,DHARMA AYU TANI,Insektisida,01010120165656,2026-04-20,2031-04-20
5382,TRABAS 150 SL,AGRICULTURE CONSTRUCTION,Herbisida,01030120072902,2022-06-27,2027-06-27
5383,SPORTIF 505 SL,TIGA MUARA EMAS MAKMUR,Insektisida,01010120206691,2025-02-17,2030-02-17
5384,SINOPURE 10/50 OD,AGRO JAYA INDONESIA,Herbisida,01030120248701,2025-02-17,2030-02-17
5385,SIDERES 10 PA,PETROSIDA GRESIK,Zat Pengatur Tumbuh Tanaman,01040120227703,2023-02-08,2028-02-08
5386,VECTOBAC WG,NUGROHO PRATAMA CHEMICA ASIA,Pestisida Pengendalian Vektor Penyakit Pada Manusia,06090120186163,2024-03-05,2029-03-05
5387,INDOXACARB 95 TC,SOLO LOGO INDONESIA,Insektisida,0420241362,2025-02-17,2030-02-17
5388,E-TOFENT 60 WP,ETONG CHEMICAL INDONESIA,Moluskisida,01050120248255,2024-08-09,2029-08-09
5389,GOLDMINE 30/0.75 DF,INDOIN BUSINESS GROUP,Herbisida,01030120227524,2022-12-05,2027-12-05
5390,PINKO PLUS 60 SC,AGRO BERJAYA CITRA TANI,Insektisida,01010120269438,2026-04-20,2031-04-20
5391,RUMPAS 110 EW,BAYER INDONESIA,Herbisida,01030119931099,2024-03-05,2029-03-05
5392,DOLTA 80 WP,ETONG CHEMICAL INDONESIA,Herbisida,01030120269357,2026-04-20,2031-04-20
5393,CBA BEST 150 SL,CENTA BRASINDO ABADI CHEMICAL INDUSTRY,Herbisida,01030120259185,2026-01-20,2031-01-20
5394,Acticide BAC 50M,AZELIS INDONESIA DISTRIBUSI,Pestisida lain-lain,0420261496,2026-07-16,2031-07-16
5395,ANDROID 72 EC,MITRA KREASIDHARMA,Insektisida,01010120145033,2025-02-17,2030-02-17
5396,NARATRIN 300 EC,SAMUDRA UTAMA NARAPATI,Insektisida,01010120134800,2023-02-08,2028-02-08
5397,GLUSTAR 100 SL,GRAHA AGRO,Herbisida,01030120258936,2025-09-26,2030-09-26
5398,JAYARIS 240 SL,MUTIARA AGRO SEJATI,Herbisida,01030120238140,2024-03-05,2029-03-05
5399,PAT-HENE 80 WP,SINAR GENERAL INDUSTRIES,Fungisida,01020120113901,2026-07-16,2031-07-16
5400,NAVIGATOR 200 SL,DHARMA GUNA WIBAWA,Insektisida,01010120124489,2022-06-27,2027-06-27
5401,HADES 123 SL,PRIMA KARYA BERJAYA,Insektisida,01010120196270,2024-09-19,2029-09-19
5402,QIUMEX 36 EC,SARI KRESNA KIMIA,Insektisida,01010120103855,2024-11-18,2029-11-18
5403,PROMITE PLUS 20/20 WP,ORCHID GLOBAL MAKMUR,Akarisida,01140120145010,2024-08-09,2029-08-09
5404,WEEDGONE 276/200 SL*,SINAR GENERAL INDUSTRIES,Herbisida,01030120155197,2025-02-17,2030-02-17
5405,HURRY-UP 480 SL,AGRO SENTOSA INDAH KARUNIA,Herbisida,01030120259074,2025-11-26,2030-11-26
5406,MARKPLUS 20/160 OD,AGRO DYNAMICS INDO,Insektisida,01010120258829,2025-07-11,2030-07-11
5407,TRI-BIFLO 50/100 SC,TRUSTCHEM AGRO INDONESIA,Insektisida,01010120248436,2024-09-19,2029-09-19
5408,JA-SUN 250 SL,SUMBER AGRO PERKASA,Herbisida,01030120269392,2026-04-20,2031-04-20
5409,INDOMET 20 WG,EXCEL MEG INDO,Herbisida,01030120134868,2023-04-26,2028-04-26
5410,PENTA UP-Z 480 SL,PRIMA KARYA BERJAYA,Herbisida,01030120062456,2026-07-16,2031-07-16
5411,TAGOLING 75 WP,SARI KIMIA UNGGUL,Fungisida,01020120041939,2024-03-04,2029-03-04
5412,TERMESTOK 200 SL,BAHTERA BONIAGA LESTARI,Insektisida,01010120114177,2022-06-27,2027-06-27
5413,INDOTRIC PLUS 25/25 SL,RAINBOW AGROSCIENCES,Zat Pengatur Tumbuh Tanaman,01040120259076,2025-11-26,2030-11-26
5414,MANZEB 80 WP,REJEKI INDO AGROTEC,Fungisida,01020120196457,2024-09-19,2029-09-19
5415,LOGRAN 75 WG,SYNGENTA INDONESIA,Herbisida,01030120062440,2024-11-18,2029-11-18
5416,METHOMYL 98 TC,SURYA AGROKEMINDO PERKASA,Insektisida,042019766,2024-09-19,2029-09-19
5417,PETROBAN 200 EC,PETROKIMIA KAYAKU,Insektisida,0101011986741,2026-04-20,2031-04-20
5418,INSURE MAX 510 FS,BASF INDONESIA,Fungisida,01020120134689,2022-12-05,2027-12-05
5419,KEN-SIPUT 260 EC,KENSO INDONESIA,Moluskisida,01050120114058,2026-01-20,2031-01-20
5420,THIOXAM 4/50 WP,RABANA AGRO RESOURCES,Insektisida,01010120165468,2026-07-16,2031-07-16
5421,CYPERMETHRIN 92% TC,YANNO AGRO SCIENCE INDONESIA,Insektisida,0420221016,2022-01-14,2027-01-14
5422,CULTAR 250 SC,SYNGENTA INDONESIA,Zat Pengatur Tumbuh Tanaman,0104011989883,2024-03-05,2029-03-05
5423,PIRASO 45/10 WP,SARI KRESNA KIMIA,Herbisida,01030120238186,2024-03-05,2029-03-05
5424,TRIPROCID 400 EC,SINAR GENERAL INDUSTRIES,Fungisida,01020120269492,2026-04-20,2031-04-20
5425,BANDOL 320 EC,DUTA TANI,Insektisida,01010120237733,2023-04-26,2028-04-26
5426,VAPE 1.1. MV,FUMAKILLA INDONESIA,Pestisida Rumah Tangga,06080120196400,2024-08-09,2029-08-09
5427,SETTING 120/6 SL,CENTA BRASINDO ABADI CHEMICAL INDUSTRY,Herbisida,01030120093370,2023-08-28,2028-08-28
5428,SEMACOR 70 WG,SINAR GENERAL INDUSTRIES,Herbisida,01030120103862,2026-07-16,2031-07-16
5429,MAXXTRA 500/50 SC,JIVA AGRICULTURE INDONESIA,Herbisida,01030120155331,2025-11-13,2030-11-13
5430,INDOXACARB 95 TC,INTI EVERSPRING INDONESIA,Insektisida,042021959,2026-01-20,2031-01-20
5431,PELE-250 EC,PERSADA AGRO SUKSES,Fungisida,01020120248416,2024-09-19,2029-09-19
5432,KENCOZEB 80 WP,KENSO INDONESIA,Fungisida,01020120083132,2023-02-08,2028-02-08
5433,GLYPHOSATE 95 TC,CENTA BRASINDO ABADI CHEMICAL INDUSTRY,Herbisida,0420231183,2023-08-28,2028-08-28
5434,FICAM 80 WP,DISCOVERY ENVIRONMENTAL SCIENCE INDONESIA,Pestisida Pengendalian Vektor Penyakit Pada Manusia,0609011990912,2026-07-16,2031-07-16
5435,ANMI 100 SC,ADVANSIA INDOTANI,Fungisida,01020120124340,2022-10-04,2027-10-04
5436,COLLIS 100/200 SC,BASF INDONESIA,Fungisida,032024552,2024-09-19,2029-09-19
5437,CULTIVAR 250 SC,AVEL PESTINDO,Zat Pengatur Tumbuh Tanaman,01040120186019,2023-02-08,2028-02-08
5438,SAMBO 40 SP,INTI EVERSPRING INDONESIA,Insektisida,01010120269468,2026-04-20,2031-04-20
5439,BENEVIA 300 OD,BINA GUNA KIMIA,Insektisida,032024570,2025-02-17,2030-02-17
5440,AMCOTREL 10 PA,ADIL MAKMUR FAJAR,Zat Pengatur Tumbuh Tanaman,01040120093400,2024-03-05,2029-03-05
5441,PREVENTOL BM 75,BLUE CUBE INDONESIA,Pestisida lain-lain,0420251441,2025-11-13,2030-11-13
5442,IMIDAPLUS 200 SL,BRAVO DINAMIKA,Insektisida,01010120042090,2024-08-09,2029-08-09
5443,TENQUAN 20/40 WG,AGROMANNA JAYA LESTARI,Insektisida,01010120227593,2022-12-05,2027-12-05
5444,PRIMA-NOVA 300/30 OD,PRIMA KARYA BERJAYA,Herbisida,01030120269446,2026-04-20,2031-04-20
5445,BLEACHER 250 EC,SINAR GENERAL INDUSTRIES,Fungisida,01020120113880,2025-07-11,2030-07-11
5446,ANACONDA 50 WP,MAJU MAKMUR UTOMO,Fungisida,01020120196499,2024-11-18,2029-11-18
5447,KENTAP 50 SP,KENSO INDONESIA,Insektisida,01010120155188,2025-11-13,2030-11-13
5448,BESTOX 100 EC,BINA GUNA KIMIA,Insektisida,032019445,2024-08-09,2029-08-09
5449,GORDON 320 EC,MITRA KREASIDHARMA,Insektisida,01010120155151,2024-08-09,2029-08-09
5450,Paddyjoy 60/360 SC,SUNJOY AGRO INDONESIA,Fungisida,01020120227567,2022-12-05,2027-12-05
5451,Matador 25 EC,SYNGENTA INDONESIA,Insektisida,0101011984716,2024-03-04,2029-03-04
5452,NARKE 45 SP,SAMUDRA UTAMA NARAPATI,Insektisida,01010120206952,2026-04-20,2031-04-20
5453,Permethrin 92 TC,DALZON CHEMICALS INDONESIA,Insektisida,042018661,2023-08-28,2028-08-28
5454,LARVIXX 138 SL,SURYA AGROKEMINDO PERKASA,Herbisida,01030120206637,2025-02-17,2030-02-17
5455,BESTINDO 45 WP,TIARA BUANA MANDIRI,Insektisida,01010120175738,2026-07-16,2031-07-16
5456,MADGIB 20 TB,ARENA HORMON INDONUSA,Zat Pengatur Tumbuh Tanaman,01040120083138,2024-03-05,2029-03-05
5457,FLUMIOXAZIN 98 TC,INDO-SINO AGROCHEMICAL,Herbisida,0420221048,2022-10-04,2027-10-04
5458,Yokozuna 210 SC,ARYSTA LIFESCIENCE TIRTA,Fungisida,01020120165591,2022-06-27,2027-06-27
5459,TENARTOP 200/125 SC,BERKAT MANNA MAJU,Fungisida,01020120227710,2023-02-08,2028-02-08
5460,AMAZONE 30/50 EC,ARTHA BUANA MANDIRI,Insektisida,01010120155123,2026-01-20,2031-01-20
5461,PASUT 276 SL,AGRI KEMIA NATURA,Herbisida,01030120248415,2024-09-19,2029-09-19
5462,SORENTO 250 EC,DELTAGRO MULIA SEJATI,Fungisida,01020120072980,2026-04-20,2031-04-20
5463,NUCLEAR 240 SL,PT. Spektra Global Intiagro,Herbisida,01030120124494,2023-02-08,2028-02-08
5464,SECLIRA 40 SG,BASF INDONESIA,Pestisida Pengendalian Vektor Penyakit Pada Manusia,06090120155396,2025-07-11,2030-07-11
5465,PREVENTOL A 14-D,BLUE CUBE INDONESIA,Pestisida lain-lain,0420241347,2024-11-18,2029-11-18
5466,CLOTHIANIDIN,NUSAMAS KIMIA PERSADA,Insektisida,0420241273,2024-08-09,2029-08-09
5467,HAIZHENWEI 5 SL,PESTINDO SOLUTION,Rodentisida,06120120269384,2026-04-20,2031-04-20
5468,PRIMA-MIX 300/100 SL,PRIMA KARYA BERJAYA,Herbisida,01030120217218,2026-07-16,2031-07-16
5469,SPINOSAD 92 TC,AGRO JAYA INDONESIA,Insektisida,042020893,2025-11-13,2030-11-13
5470,BETA 15 EC,TRITAMA WIRAKARSA,Insektisida,01010119981402,2025-02-17,2030-02-17
5471,PARA SPECIAL 250 SL*,KENSO INDONESIA,Herbisida,032025594,2025-07-11,2030-07-11
5472,INNOTAN 50/500 EC,MEKAR WARNA SARI,Insektisida,01010120093448,2024-03-05,2029-03-05
5473,FINETOP 325 SC,AGRO JAYA INDONESIA,Fungisida,01020120165621,2021-10-12,2026-10-12
5474,WYNCAMINE 720 SL,AGRO JAYA INDONESIA,Herbisida,01030120238218,2024-03-05,2029-03-05
5475,DENSE PRO 70 WP,DELTA GIRI WACANA,Fungisida,01020120185935,2022-12-05,2027-12-05
5476,FIRONIK 50 SC,INTER AGRO INDONESIA,Insektisida,01010120206616,2025-09-26,2030-09-26
5477,BERSIH AKEH 276 SL,TIGA MUARA EMAS MAKMUR,Herbisida,01030120206967,2025-11-13,2030-11-13
5478,ANTAS 400/60 SL,ADVANSIA INDOTANI,Herbisida,01030120196500,2024-11-18,2029-11-18
5479,SPORA 600 SL,DALZON CHEMICALS INDONESIA,Insektisida,01010120144957,2024-03-04,2029-03-04
5480,ASMEC 36 EC,AGRO SEJAHTERA INDONESIA,Insektisida,01010120093311,2023-08-28,2028-08-28
5481,PRODUCE 240 EC,DALZON CHEMICALS INDONESIA,Herbisida,01030120083150,2023-04-26,2028-04-26
5482,Roundup Ultramax 698 SL,MONAGRO KIMIA,Herbisida,032017408,2022-12-05,2027-12-05
5483,Fendona 9.6 TK,BASF INDONESIA,Insektisida,042016400,2021-11-18,2026-11-18
5484,PAT-HENE 80 WP,SINAR GENERAL INDUSTRIES,Fungisida,01020120113901,2021-10-12,2026-10-12
5485,TOPSTAR 80 WP,GRAHA AGRO,Herbisida,01030120259136,2025-11-13,2030-11-13
5486,NEOLONE™ 950 Preservative,BLUE CUBE INDONESIA,Bakterisida,042018580,2024-03-04,2029-03-04
5487,FENTINOL 60 WP,AGRO BERJAYA CITRA TANI,Moluskisida,01050120259057,2025-11-13,2030-11-13
5488,TOPGET 12.5 PA,BINANGUN AGRO LESTARI,Zat Pengatur Tumbuh Tanaman,01040120237820,2023-04-26,2028-04-26
5489,SUMATO 350 ES,INDOIN BUSINESS GROUP,Fungisida,01020120269669,2026-07-16,2031-07-16
5490,METROBIN 12.3 / 6.7 WG,AGRO SENTOSA RAYA,Fungisida,01020120248300,2024-08-09,2029-08-09
5491,KRESNAKUM 0.005 BB,SARI KRESNA KIMIA,Rodentisida,01120120072950,2025-09-26,2030-09-26
5492,Foison 200 SL,MULTI AGRO JAYA UTAMA,Herbisida,01030120227303,2022-06-27,2027-06-27
5493,CASH 160/40 SC,GLOBAL AGROTECH,Insektisida,01010120237739,2023-04-26,2028-04-26
5494,RADIGEN 50 SC,INDO-SINO AGROCHEMICAL,Insektisida,01010120124405,2023-08-28,2028-08-28
5495,PROMECTIN 18 EC,MULTI SARANA INDOTANI,Insektisida,01010120238189,2024-03-05,2029-03-05
5496,TRIJOSS 125/175/300 SC,SARI KRESNA KIMIA,Fungisida,01020120227715,2023-02-08,2028-02-08
5497,TOUCH UP 480 SL,AGRI KIMIA NUSANTARA,Herbisida,01030120031800,2024-03-04,2029-03-04
5498,AJI-TRIN 300 EC,AGRO JAYA INDUSTRI,Insektisida,01010120248566,2025-02-17,2030-02-17
5499,HIT 2.78 LV,GODREJ CONSUMER PRODUCTS INDONESIA,Pestisida Rumah Tangga,06080120237888,2023-08-28,2028-08-28
5500,TERBAS 490 SL,BERBAK AGRO SEJATI,Herbisida,01030120259308,2026-01-20,2031-01-20
5501,BM METRON 20 WG,BEHN MEYER AGRICARE,Herbisida,01030120103666,2024-03-05,2029-03-05
5502,MILAMEX 40 SP,MEKAR WARNA SARI,Insektisida,01010120083277,2024-03-04,2029-03-04
5503,KARIBU 75 WP,DELTAGRO MULIA SEJATI,Fungisida,01020120114055,2025-07-11,2030-07-11
5504,AFONIL 50 SC,ADVANSIA INDOTANI,Insektisida,01010120124404,2023-08-28,2028-08-28
5505,FURIO 3 GR,DALZON CHEMICALS INDONESIA,Insektisida,01010120062412,2026-01-20,2031-01-20
5506,HYPOLAX 400 SL,DALZON CHEMICALS INDONESIA,Insektisida,01010120062424,2021-11-18,2026-11-18
5507,KATHON™ LXE Biocide,BLUE CUBE INDONESIA,Bakterisida,042018615,2024-03-04,2029-03-04
5508,ELAZARO 17/8 WG,MITRA INDOTANI ABADI,Insektisida,01010120206727,2026-01-20,2031-01-20
5509,GULMANOL 240 SL,INDO HOECHST,Herbisida,01030120248495,2024-11-18,2029-11-18
5510,BASTA 204 SL,BASF INDONESIA,Herbisida,032025612,2025-11-13,2030-11-13
5511,Pyrazosulfuron-ethyl 97 TC,DALZON CHEMICALS INDONESIA,Herbisida,0420251424,2025-11-13,2030-11-13
5512,NUMECTIN 20 EC,NUFARM INDONESIA,Insektisida,01010120042299,2024-11-18,2029-11-18
5513,ZIPUT 15 PL,INDO TANI UTAMA,Moluskisida,010501020196489,2024-03-05,2029-03-05
5514,AHS 5 SL,SEMESTA AGRO MAKMUR,Rodentisida,01120120259155,2026-01-20,2031-01-20
5515,INDOBAN 250 EC,INTI EVERSPRING INDONESIA,Insektisida,01010120227540,2022-12-05,2027-12-05
5516,HIT 0.041 MC,GODREJ CONSUMER PRODUCTS INDONESIA,Pestisida Rumah Tangga,06080120248634,2025-02-17,2030-02-17
5517,PROTHEPHON 480 SL,MULTI SARANA INDOTANI,Zat Pengatur Tumbuh Tanaman,01040120031784,2024-11-18,2029-11-18
5518,"BAYGON MAX 0,015 MC",JOHNSON HOME HYGIENE PRODUCTS,Pestisida Rumah Tangga,06080120165420,2025-11-13,2030-11-13
5519,ACAPELA SYSTEM 200/80 SC,CORTEVA AGRISCIENCE MANUFACTURING INDONESIA,Fungisida,01020120114103,2025-09-26,2030-09-26
5520,JAVAMETIL 20 WG,MESTIKA NUSANTARA AGROKIMIA,Herbisida,01030120269394,2026-04-20,2031-04-20
5521,OKEZONE 50/40 EC,BOMA SAKTI TANI,Insektisida,01010120175778,2023-02-08,2028-02-08
5522,DKPOXIBEN 250 SC,DANKEN INDONESIA,Fungisida,01020120165557,2022-06-27,2027-06-27
5523,DIMETION 400 EC,UNI AGRO CHEMICA,Insektisida,01010120042070,2026-01-20,2031-01-20
5524,ALTERNA 90 WP,SARI KRESNA KIMIA,Fungisida,01020120011605,2025-11-13,2030-11-13
5525,ELGON 150 EC,BIOTIS AGRINDO,Insektisida,01010120227637,2023-02-08,2028-02-08
5526,PARAQUAT DICHLORIDE 42 TC,REJEKI INDO AGROTEC,Herbisida,042021987,2026-04-20,2031-04-20
5527,VAPE 0.265 AE,FUMAKILLA INDONESIA,Pestisida Rumah Tangga,06080120259315,2026-01-20,2031-01-20
5528,PREVENTOL BIT 20 N,BLUE CUBE INDONESIA,Pestisida lain-lain,0420241372,2025-02-17,2030-02-17
5529,QUAILUP 480 SL,ANDALL HASA PRIMA,Herbisida,01030120103788,2025-07-11,2030-07-11
5530,FENTIN ASETAT 95 TC,KRISTALINDO KARUNIA INTERNASIONAL,Moluskisida,042018597,2023-04-26,2028-04-26
5531,Woodshield Universal Clear 2 ME,NUSANTARA SURYA BENIH,Bahan pengawet kayu,04110120196403,2024-11-18,2029-11-18
5532,CALDRON 400/10 SE,WINNER AGROCHEM INTERNUSA,Herbisida,01030120237982,2024-03-04,2029-03-04
5533,LANCER-GOLD 55 WG,UPL INDONESIA,Insektisida,01010120175847,2023-02-08,2028-02-08
5534,MEZZA 500/50 SC,KRISTALINDO KARUNIA INTERNASIONAL,Herbisida,01030120217258,2022-01-14,2027-01-14
5535,METSY 20 WG,UPL INDONESIA,Herbisida,01030120042105,2024-08-09,2029-08-09
5536,KUDANIL 75 WP,SAPROTAN UTAMA,Fungisida,01020120093462,2023-08-28,2028-08-28
5537,BREEZE 270/120 SL,AGRICULTURE CONSTRUCTION,Herbisida,01030120031817,2023-02-08,2028-02-08
5538,MANDEX 80 WP,UPL INDONESIA,Fungisida,01020120062364,2026-04-20,2031-04-20
5539,BASMIRATA 15 WP,ARYSTA LIFESCIENCE TIRTA,Herbisida,01030120155213,2025-02-17,2030-02-17
5540,SMESBAN 590 EC,AGROKIMINDO KURNIABUANA,Insektisida,01010120134720,2023-02-08,2028-02-08
5541,METHOMYL 200 SL,INTI EVERSPRING INDONESIA,Insektisida,032025592,2025-07-11,2030-07-11
5542,"APISON 29/22,5 DG",ADVANSIA INDOTANI,Fungisida,01020120144968,2024-09-19,2029-09-19
5543,FLOTEX 10 PA,AGRO DYNAMICS INDO,Zat Pengatur Tumbuh Tanaman,01040120042169,2024-11-18,2029-11-18
5544,SOLID 12/200 EC,GLOBAL AGROTAMA INDONESIA,Insektisida,01010120124517,2023-04-26,2028-04-26
5545,ZHAVION 500/50 SC,FORAGRO MITRA SEJATI,Herbisida,01030120196488,2024-03-05,2029-03-05
5546,PERMATA 490 SL,EXINDO RAHARJA PRATAMA,Herbisida,01030120165577,2021-10-12,2026-10-12
5547,"TURRIMA UP 545,7 SL",TURRIMA AGRO MASS BORNEO,Herbisida,01030120196583,2024-11-18,2029-11-18
5548,LAMBDA CYHALOTHRIN 95 TC,CENTA BRASINDO ABADI CHEMICAL INDUSTRY,Insektisida,042018567,2023-04-26,2028-04-26
5549,QUICKPHOS 56 P*,UPL INDONESIA,Fumigan,05100120052309,2022-12-05,2027-12-05
5550,ERKAFURON 20 WG,ROLIMEX KIMIA NUSAMAS,Herbisida,01030120093530,2024-11-18,2029-11-18
5551,SAMSPIRO 240 SC,ASIA GALA KIMIA,Insektisida,01010120227458,2022-10-04,2027-10-04
5552,HIT 7.7 LV,GODREJ CONSUMER PRODUCTS INDONESIA,Pestisida Rumah Tangga,06080120248392,2024-09-19,2029-09-19
5553,BROADPLUS 10/10 WP,CORTEVA AGRISCIENCE INDONESIA,Herbisida,01030119961257,2024-03-04,2029-03-04
5554,D-ALLETHRIN 93 TC,TAKBIR SUKMA TRADA INDONESIA,Pestisida lain-lain,0420241358,2025-02-17,2030-02-17
5555,HIT EXPERT 0.12 FU,GODREJ CONSUMER PRODUCTS INDONESIA,Pestisida Rumah Tangga,06080120227662,2023-03-08,2028-03-08
5556,KOALISI 40/200 SC,GRAHA AGRITECH PRIMA,Insektisida,01010120196285,2024-09-19,2029-09-19
5557,"2,4-D ISOPROPILAMINA 60 TC",NUFARM INDONESIA,Herbisida,0420241298,2024-09-19,2029-09-19
5558,MASTOP 288 SL,DA MING INDONESIA,Herbisida,01030120227433,2022-10-04,2027-10-04
5559,AZOXYNIL 60/500 SC,SINERGI CHEM INDONESIA,Fungisida,01020120258903,2025-09-26,2030-09-26
5560,WYNCAFOS 280 SL,AGRO JAYA INDONESIA,Herbisida,01030120248440,2024-09-19,2029-09-19
5561,"Baygon 0,225 AE",JOHNSON HOME HYGIENE PRODUCTS,Pestisida Rumah Tangga,06080120093409,2023-08-28,2028-08-28
5562,FORAKLOR 600 EC,FORAGRO MITRA SEJATI,Herbisida,01030120248378,2024-09-19,2029-09-19
5563,BENXONEMAX 276 SL*,GOLDEN MAKMUR AGRI,Herbisida,01030120206714,2025-09-26,2030-09-26
5564,INDO STRONG 670 EC,INDOIN BUSINESS GROUP,Herbisida,01030120258947,2025-09-26,2030-09-26
5565,VAPE 0.9 AE,FUMAKILLA INDONESIA,Pestisida Rumah Tangga,06080120124264,2022-06-27,2027-06-27
5566,SIMCA 50 WG,ROYAL AGRO INDONESIA,Insektisida,01010120238063,2024-03-04,2029-03-04
5567,ARSECA 8/64 WP,DHARMA GUNA WIBAWA,Fungisida,01020120114106,2022-01-14,2027-01-14
5568,SANARA 80/120 SC,ACE BIOCHEM INDONESIA,Fungisida,01020120258994,2025-09-26,2030-09-26
5569,TUGARD 160/10 EC,DELTAGRO MULIA SEJATI,Insektisida,01010120052197,2026-04-20,2031-04-20
5570,TORI 50 WP,LABEZAR UTAMA INDONESIA,Insektisida,01010120186090,2024-09-19,2029-09-19
5571,ABSINA 36 EC,SINAMYANG INDONESIA,Insektisida,01010120145030,2024-03-04,2029-03-04
5572,RONSHA 500/50 EC,RABANA AGRO RESOURCES,Insektisida,01010120093490,2024-03-05,2029-03-05
5573,TAMABAS 500 EC,SARI KRESNA KIMIA,Insektisida,01010120083228,2023-02-08,2028-02-08
5574,AGAREL 500/55 EC,AGRO GUNA MAKMUR,Insektisida,01010120155325,2026-01-20,2031-01-20
5575,RINEGAN 300 SL,FORAGRO MAJU SEJAHTERA,Herbisida,01030120134623,2023-08-28,2028-08-28
5576,HOPPER 500 EC,BIOTIS AGRINDO,Insektisida,01010120083340,2023-04-26,2028-04-26
5577,DEVACLO 15 WP,NUSA NUR AGRO,Zat Pengatur Tumbuh Tanaman,01040120227294,2022-06-27,2027-06-27
5578,MANDALIKA 350 EC,DA MING INDONESIA,Insektisida,01010120206840,2025-07-11,2030-07-11
5579,NANOK 250 SC,BINA GUNA KIMIA,Fungisida,032025637,2026-01-20,2031-01-20
5580,K-ODIAM 50 SC,HANEARL SCIENCE INDONESIA,Fungisida,01020120227430,2022-10-04,2027-10-04
5581,PROVISTAR PRIME 12/15 WP,DELTA CHEMICA,Fungisida,01020120269450,2026-04-20,2031-04-20
5582,FUFE 0.19/0.01 GR,TANGGUH AGRO NUSA INDONESIA,Herbisida,01030120259063,2025-11-13,2030-11-13
5583,ACTICIDE ® BAC 80,TRITUNGGAL ARTHAMAKMUR,Bakterisida,042017478,2022-06-27,2027-06-27
5584,DOBELMAN 36/18 EC,RIA INDO AGRI,Insektisida,01010120144980,2024-09-19,2029-09-19
5585,RODEX 0.005 BB,BIOTEK SARANATAMA,Rodentisida,07120120103682,2026-01-20,2031-01-20
5586,KAREBOSI 303 SL,TIGA MUARA EMAS MAKMUR,Herbisida,01030120238143,2024-03-05,2029-03-05
5587,ARENDI 20/10 WP,ADVANSIA INDOTANI,Herbisida,01030120227491,2022-12-05,2027-12-05
5588,PYRU Gly 480 SL,MULTI AGRO JAYA UTAMA,Herbisida,01030120237924,2023-08-28,2028-08-28
5589,ZINCKOL 70/6 WP,SANTANI SEJAHTERA,Fungisida,01020120186000,2022-12-05,2027-12-05
5590,LOYANT 25 EC,CORTEVA AGRISCIENCE MANUFACTURING INDONESIA,Herbisida,032016381,2025-11-13,2030-11-13
5591,KLOTIANIDIN 95 TC,SOLO LOGO INDONESIA,Insektisida,042018566,2023-04-26,2028-04-26
5592,SKAUS 80/160 SC,ALBAUGH AGRO INDONESIA,Fungisida,01020120145107,2024-11-18,2029-11-18
5593,andaVit 20/5 WP,ANDAFA AGRO INDO,Zat Pengatur Tumbuh Tanaman,01040120248452,2024-11-18,2029-11-18
5594,RIPCORD 100 EC,BASF INDONESIA,Insektisida,032020483,2025-11-13,2030-11-13
5595,ICHIBAN 250 EC,ABADI JAYA,Insektisida,01010120072665,2022-10-04,2027-10-04
5596,LINDAS 240 SL,KIMIKA USAHA PRIMA,Herbisida,01030120021696,2026-07-16,2031-07-16
5597,KRYPTONE 400 SC,REJEKI INDO AGROTEC,Herbisida,01030120175862,2022-12-05,2027-12-05
5598,ANTA 50 EC,SARI KIMIA UNGGUL,Insektisida,01010120144888,2024-08-09,2029-08-09
5599,GRETA 500 EC,MULTI SARANA INDOTANI,Insektisida,01010120083045,2024-03-04,2029-03-04
5600,PRYLLA PLUS 90 WG,RAINBOW AGROSCIENCES,Herbisida,01030120134614,2022-12-05,2027-12-05
5601,DRYTOP 200 SL,ADIL MAKMUR FAJAR,Herbisida,01030120217193,2026-07-16,2031-07-16
5602,TIMBER 50/15 WP,SINAR GENERAL INDUSTRIES,Insektisida,01010120155192,2025-02-17,2030-02-17
5603,SAGRI-QUAT 300 SL*,SOLO LOGO INDONESIA,Herbisida,01030120196386,2024-08-09,2029-08-09
5604,CORONA 325 SC,DELTA GIRI WACANA,Fungisida,01020120124442,2022-12-05,2027-12-05
5605,KINGDOM 550 SC,SINAR GENERAL INDUSTRIES,Herbisida,01030120155158,2024-11-18,2029-11-18
5606,METAXONE 320 SL,MUTIARA AGRO SEJATI,Herbisida,01030120248299,2024-08-09,2029-08-09
5607,FIPRONIL 95 TC,CENTA BRASINDO ABADI CHEMICAL INDUSTRY,Insektisida,0420231249,2024-03-05,2029-03-05
5608,SANTRINO 350 EC,SANTANI AGRO PERKASA,Insektisida,01010120196388,2024-08-09,2029-08-09
5609,ALDIGI 500 EC,FOCUSINDO ASIA PACIFIC,Insektisida,01010120124411,2022-10-04,2027-10-04
5610,WIKUAT 200 SL,GLOBAL AGROTECH,Herbisida,01030120237838,2023-04-26,2028-04-26
5611,Biomac Plus 10 WP,BIOTEK SARANATAMA,Insektisida,01010120124427,2025-02-17,2030-02-17
5612,DAMARON 50/550 EC,DALZON CHEMICALS INDONESIA,Insektisida,01010120186027,2024-03-04,2029-03-04
5613,GRIMASON NEO 205 SL*,CENTA BRASINDO ABADI CHEMICAL INDUSTRY,Herbisida,01030120227308,2022-06-27,2027-06-27
5614,NAGAPASA 160/40 SC,SANTANI AGRO PERKASA,Insektisida,01010120238031,2024-03-04,2029-03-04
5615,RILEY 45 SC,NUFARM INDONESIA,Insektisida,01010120145011,2025-07-11,2030-07-11
5616,PROVIDOR 30 WP,ARTHA BUANA MANDIRI,Insektisida,01010120113913,2026-01-20,2031-01-20
5617,DOBRA 50 WP,DELTAGRO MULIA SEJATI,Fungisida,01020120165608,2025-09-26,2030-09-26
5618,CHLORFENAPYR 95 TC,DHARMA GUNA WIBAWA,Insektisida,042017419,2021-11-18,2026-11-18
5619,OPTIMIS 100/300 SC,GLOBAL AGROTAMA INDONESIA,Fungisida,01020120227566,2022-12-05,2027-12-05
5620,BENATRIN 325 EC,CENTA BRASINDO ABADI CHEMICAL INDUSTRY,Insektisida,01010120175734,2022-06-27,2027-06-27
5621,"AMFIPRON 0,3 GR",ADIL MAKMUR FAJAR,Insektisida,01010120124338,2023-04-26,2028-04-26
5622,Salpymiten 20/60 WG,WINHONOR CONSULTING INDONESIA,Insektisida,01010120259282,2026-01-20,2031-01-20
5623,"UNICAM 82,5 WG",CATUR AGRODAYA MANDIRI,Fungisida,01020120134669,2024-03-04,2029-03-04
5624,EVOCLEAN 180 EC,UPL INDONESIA,Herbisida,01030120155356,2025-07-11,2030-07-11
5625,HIT EXPERT 0.058 FU,GODREJ CONSUMER PRODUCTS INDONESIA,Pestisida Rumah Tangga,06080120237764,2023-04-26,2028-04-26
5626,NUPLANT 722 SL,NUFARM INDONESIA,Fungisida,01020119971308,2025-09-26,2030-09-26
5627,AM-500 500 SC,PRIMA KARYA BERJAYA,Herbisida,01030120196494,2024-11-18,2029-11-18
5628,HG 5 SL,MAJU MAKMUR UTOMO,Zat Pengatur Tumbuh Tanaman,01040120206629,2025-07-11,2030-07-11
5629,DIFENOKONAZOL 95 TC,AGRO JAYA INDONESIA,Fungisida,0420241331,2024-11-18,2029-11-18
5630,TUGARD 160/10 EC,DELTAGRO MULIA SEJATI,Insektisida,01010120052197,2022-01-14,2027-01-14
5631,DKCYPROBIN 280 SC,DANKEN INDONESIA,Fungisida,01020120175839,2022-12-05,2027-12-05
5632,CLEARER 100 EC,MAXXI AGRI INDONESIA,Herbisida,01030120258915,2025-09-26,2030-09-26
5633,ASM PLAYER 200/70/30 OD,AGRINDO SANDARAN MAS,Herbisida,01030120269333,2026-04-20,2031-04-20
5634,AMEGU 200 SL,INTER AGRO INDONESIA,Herbisida,01030120206808,2026-01-20,2031-01-20
5635,HORUS 127 SL,SAPROTAN UTAMA NUSANTARA,Herbisida,01030120269385,2026-04-20,2031-04-20
5636,CIDES 50 EC,PT Indo Pest Biochem,Pestisida Pengendalian Vektor Penyakit Pada Manusia,06090120031872,2022-06-27,2027-06-27
5637,CLINTEN 250 EC,SARI KIMIA UNGGUL,Fungisida,01020120042057,2025-07-11,2030-07-11
5638,VINDICATOR 500/75 EC,INDO TANI UTAMA,Insektisida,01010120227369,2022-06-27,2027-06-27
5639,MAXFORCE FORTE 0.05 GEL,DISCOVERY ENVIRONMENTAL SCIENCE INDONESIA,Pestisida Pengendalian Vektor Penyakit Pada Manusia,06090119981387,2024-09-19,2029-09-19
5640,BESTHREL 480 SL,ROYAL AGRO INDONESIA,Zat Pengatur Tumbuh Tanaman,01040120248581,2025-02-17,2030-02-17
5641,BADAX 400 SC,INDAGRO,Herbisida,01030120175825,2022-06-27,2027-06-27
5642,DELTAMETHRIN 98 TC,CENTA BRASINDO ABADI CHEMICAL INDUSTRY,Insektisida,042018592,2023-08-28,2028-08-28
5643,DOMECTIN 605 EC,SARI KRESNA KIMIA,Insektisida,032018423,2023-02-08,2028-02-08
5644,"PESTOR 20,02 EC",BIO SARANA INDONESIA,Insektisida,01010120196376,2024-08-09,2029-08-09
5645,NORDOX 56 WP,TRITAMA WIRAKARSA,Fungisida,01020119951188,2026-07-16,2031-07-16
5646,Myclobutanil 97 TC,SOLO LOGO INDONESIA,Fungisida,0420231232,2024-03-04,2029-03-04
5647,MATAMA 100 EC,SINAR GENERAL INDUSTRIES,Pestisida Pengendalian Vektor Penyakit Pada Manusia,06090120114066,2026-07-16,2031-07-16
5648,DG-PHOS 56 P,MULTI GLOBAL CENTRO,Fumigan,05100120237992,2024-03-04,2029-03-04
5649,JIMAT 20 EC,CATUR MANUNGGAL JAYA ABADI,Insektisida,01010120124298,2021-11-18,2026-11-18
5650,MEGALOMAN 30 EC,MAKMUR JAYA AGRO,Insektisida,01010120227436,2022-10-04,2027-10-04
5651,AMISTARTOP 200/125 SC,SYNGENTA INDONESIA,Fungisida,01020120052228,2024-08-09,2029-08-09
5652,FLUFENOXIMACIL 95 TC,KINGAGROOT BIOTECHNOLOGY INDONESIA,Herbisida,0420231227,2024-03-04,2029-03-04
5653,AMGUL 280 SL,TIGA MUARA EMAS MAKMUR,Herbisida,01030120269328,2026-04-20,2031-04-20
5654,FUNGURAN 80 WP,ARYSTA LIFESCIENCE TIRTA,Fungisida,01020119951180,2024-08-09,2029-08-09
5655,MANZEBO 80 WP,Agro Bumi Timur,Fungisida,01020120237904,2023-08-28,2028-08-28
5656,IOMET 500 SC,AGX ASIA INDONESIA,Fungisida,01020120206806,2025-09-26,2030-09-26
5657,SOFIA 200/70/30 OD,DA MING INDONESIA,Herbisida,01030120206985,2026-01-20,2031-01-20
5658,BASFOSAT 500 SL,DALZON CHEMICALS INDONESIA,Herbisida,01030120134607,2024-08-09,2029-08-09
5659,COZEB 80 WP,DELTA GIRI WACANA,Fungisida,01020120031876,2022-12-05,2027-12-05
5660,CYPERMETHRIN 92 TC,REJEKI INDO AGROTEC,Insektisida,042020855,2025-09-26,2030-09-26
5661,MUSUKEONG 250 EC,ADIL MAKMUR FAJAR,Moluskisida,01050120093356,2024-03-05,2029-03-05
5662,MARIFAT 75 SP,AGRO SENTOSA RAYA,Insektisida,01010120259239,2026-01-20,2031-01-20
5663,ROMPES 250 EC,INDAGRO,Insektisida,01010120134711,2023-04-26,2028-04-26
5664,MIPC 95 TC,INTI EVERSPRING INDONESIA,Insektisida,042016410,2026-01-20,2031-01-20
5665,SAMBA 55 EC,INTI EVERSPRING INDONESIA,Insektisida,01010120248696,2025-02-17,2030-02-17
5666,BESTBLUE 80 WP,BERKAH SUMBER SUKSES,Fungisida,01020120186184,2024-09-19,2029-09-19
5667,MONACO 350 SC,SARI KIMIA UNGGUL,Insektisida,01010120206756,2025-07-11,2030-07-11
5668,BABLASSIPUT 60 WP,REJEKI INDO AGROTEC,Moluskisida,01050120237967,2024-03-04,2029-03-04
5669,DIAMONA 40/20 WG,QILU CROP SCIENCE,Insektisida,01010120258921,2025-09-26,2030-09-26
5670,KENDO 420 EC,KENSO INDONESIA,Insektisida,01010120114057,2026-01-20,2031-01-20
5671,CMA 6 865 SL,SARI KRESNA KIMIA,Herbisida,01030120124440,2026-07-16,2031-07-16
5672,AKSIBAT 20/60 WP,ZAINI MAKMUR SENTOSA,Fungisida,01020120206594,2025-02-17,2030-02-17
5673,ONESTAR 260/15 EC,SINAR GENERAL INDUSTRIES,Herbisida,01030120155167,2025-02-17,2030-02-17
5674,UPPERQUAT 276 SL*,SINAR GENERAL INDUSTRIES,Herbisida,01030120217225,2026-07-16,2031-07-16
5675,HELITOP 255 SL,SARI KRESNA KIMIA,Herbisida,01030120227526,2022-12-05,2027-12-05
5676,SINGA-TIN 500 SC,SINERGI CHEM INDONESIA,Herbisida,01030120259128,2025-11-13,2030-11-13
5677,NEMAZAT 10/200 EW,RAINBOW AGROSCIENCES,Nematisida,01130120238166,2024-03-05,2029-03-05
5678,KAVASS 430 SC,MIO LIFE SCIENCES INDONESIA,Fungisida,01020120155363,2025-11-13,2030-11-13
5679,BAKARXONE 276 SL,SARI KRESNA KIMIA,Herbisida,01030120259166,2026-01-20,2031-01-20
5680,HARUMY 200 EC,DHARMA GUNA WIBAWA,Pestisida Pengendalian Vektor Penyakit Pada Manusia,06090120093543,2023-04-26,2028-04-26
5681,KEMPO 400 SL,SAPROTAN UTAMA,Insektisida,01010120042092,2024-08-09,2029-08-09
5682,SORENTO 250 EC,DELTAGRO MULIA SEJATI,Fungisida,01020120072980,2022-01-14,2027-01-14
5683,ALCHER GOLD 200 EC,ADVANSIA INDOTANI,Herbisida,01030120175820,2022-10-04,2027-10-04
5684,FORANICO 180/30 SC,FORAGRO MITRA SEJATI,Herbisida,01030120248617,2025-02-17,2030-02-17
5685,BINTREK 25 EC,CATUR AGRODAYA MANDIRI,Bahan pengawet kayu,04110120083105,2023-04-26,2028-04-26
5686,K-BROADKIL 250 EC,HANEARL SCIENCE INDONESIA,Insektisida,01010120258803,2025-07-11,2030-07-11
5687,KENCIS 260 EC,KENSO INDONESIA,Insektisida,032025588,2025-07-11,2030-07-11
5688,BAKAR 150 SL*,KRISTALINDO KARUNIA INTERNASIONAL,Herbisida,01030120227278,2022-06-27,2027-06-27
5689,DENTAN 70 WP,REJEKI INDO AGROTEC,Moluskisida,01050120196426,2024-09-19,2029-09-19
5690,Saltoxam 50 WG,WINHONOR CONSULTING INDONESIA,Insektisida,01010120259120,2025-11-13,2030-11-13
5691,GENITOP 138 SL*,SINAR GENERAL INDUSTRIES,Herbisida,01030120186119,2023-04-26,2028-04-26
5692,BLASTIN 320/80 SC,MIO LIFE SCIENCES INDONESIA,Fungisida,01020120259039,2025-11-13,2030-11-13
5693,Armure 300 EC,SYNGENTA INDONESIA,Fungisida,01020120114023,2021-10-12,2026-10-12
5694,Glyphosate 95 TC,TIGA MUARA EMAS MAKMUR,Herbisida,042021954,2025-11-13,2030-11-13
5695,NEOPIR 667 EC,AGRO NATURAL TECHNOLOGY,Herbisida,01030120269608,2026-07-16,2031-07-16
5696,LEBUR 480 SL,SANTANI AGRO MANDIRI,Herbisida,01030120196366,2024-03-05,2029-03-05
5697,ABAPRO 38 EC,DA MING INDONESIA,Insektisida,01010120196492,2024-11-18,2029-11-18
5698,PENAZOL 130/80 SE,PETROKIMIA KAYAKU,Fungisida,01020120259261,2026-01-20,2031-01-20
5699,AXIAL 60/25 EC,PT. AGRORISEN INDOMAKMUR CEMERLANG,Herbisida,01030120237847,2023-08-28,2028-08-28
5700,NARAREL 550 EC,SAMUDRA UTAMA NARAPATI,Insektisida,01010120134798,2023-02-08,2028-02-08
5701,Nderes 11 PA,BERBAK AGRO SEJATI,Zat Pengatur Tumbuh Tanaman,01040120227439,2022-10-04,2027-10-04
5702,TOPLOX 540 EC,RAINBOW AGROSCIENCES,Herbisida,01030120175807,2022-10-04,2027-10-04
5703,SUPREMO 480 SL,DHARMA GUNA WIBAWA,Herbisida,01030120021712,2022-06-27,2027-06-27
5704,PILARICH 720 SC,PILARQUIM AGROSCIENCE INDONESIA,Fungisida,01020120227570,2022-12-05,2027-12-05
5705,SENAO 260 SC,AGRO CHEMICA,Moluskisida,01050120093369,2023-04-26,2028-04-26
5706,BAMAKTIN 18 EC,MEDION FARMA JAYA,Insektisida,01010120196341,2024-09-19,2029-09-19
5707,BITIKA SC,EXINDO RAHARJA PRATAMA,Insektisida,01010120196245,2024-03-05,2029-03-05
5708,GIBBROVAB 20 SL,Agro Bumi Timur,Zat Pengatur Tumbuh Tanaman,01040120237881,2023-08-28,2028-08-28
5709,RIDOX 480 SL,PT.ASIANA CHEMICALINDO LESTARI,Herbisida,01030120185981,2023-08-28,2028-08-28
5710,TACONIL 75 WP,TANI MAS SUBUR,Fungisida,01020120227706,2023-02-08,2028-02-08
5711,SUKETOX 200/40/20 OD,BERBAK AGRO SEJATI,Herbisida,01030120248552,2024-11-18,2029-11-18
5712,PRILLY 36/4 WP,MAXXI AGRI INDONESIA,Herbisida,01030120269443,2026-04-20,2031-04-20
5713,KEONGTOX 250 EC,SANTANI AGRO PERKASA,Moluskisida,01050120083051,2022-12-05,2027-12-05
5714,VERIMARK 200 SC,BINA GUNA KIMIA,Insektisida,01010120165544,2026-01-20,2031-01-20
5715,JURASSIC 480 SL,DELTA GIRI WACANA,Herbisida,01030120072765,2025-11-13,2030-11-13
5716,ALIAGA 30/350 SC,JIRONA AGRITAMA,Insektisida,01010120185937,2024-03-04,2029-03-04
5717,MAKSTIN 30 EC,JIVA AGRICULTURE INDONESIA,Insektisida,01010120248654,2025-02-17,2030-02-17
5718,"TAWON 0,068 MC",AMPUH PERKASA JAYA,Pestisida Rumah Tangga,06080120227469,2022-10-04,2027-10-04
5719,BURNEGG 100/25 SC,KRISTALINDO KARUNIA INTERNASIONAL,Insektisida,01010120196462,2024-03-05,2029-03-05
5720,DURUS 20/50 WG,TANAMAN MAKMUR MANDIRI,Insektisida,01010120227399,2022-10-04,2027-10-04
5721,PRIMAFURON 20 WG,PRIMA KARYA BERJAYA,Herbisida,01030120103786,2026-01-20,2031-01-20
5722,DIMEFLUTHRIN 93 TC,TRITAMA WIRAKARSA,Insektisida,042020856,2026-04-20,2031-04-20
5723,AGXICAM 60/11 SP,AGX ASIA INDONESIA,Herbisida,01030120248347,2024-09-19,2029-09-19
5724,SEETOP 525 SL,PETROSIDA GRESIK,Herbisida,01030120042321,2025-07-11,2030-07-11
5725,SAMADOR 5 WP,MAJU MAKMUR UTOMO,Pestisida Pengendalian Vektor Penyakit Pada Manusia,06090120093592,2025-09-26,2030-09-26
5726,CHEVRO 50 WG,SINAR GENERAL INDUSTRIES,Insektisida,01010120227508,2022-12-05,2027-12-05
5727,PROMOVISTIN 60 WP,TIGA MUARA EMAS MAKMUR,Fungisida,01020120227348,2022-06-27,2027-06-27
5728,GATIGA 5 WP,ARENA AGRO UTAMA,Zat Pengatur Tumbuh Tanaman,01040120175753,2022-12-05,2027-12-05
5729,NITENPIRAM 97 TC,KRISTALINDO KARUNIA INTERNASIONAL,Insektisida,042019769,2024-03-05,2029-03-05
5730,TENNO 400 SL,MASCO AGRI GENETICS,Insektisida,01010120237942,2023-08-28,2028-08-28
5731,Ziram 95 TC,SOLO LOGO INDONESIA,Fungisida,0420221073,2022-12-05,2027-12-05
5732,FUKIYA 275 SC,SARAREA PANEN RAYA,Zat Pengatur Tumbuh Tanaman,01040120196340,2024-03-04,2029-03-04
5733,SINGLARIS 240 SL,AGRO JAYA INDUSTRI,Herbisida,01030120238197,2024-03-05,2029-03-05
5734,PANDAWA 50/10 WP,INDAGRO,Insektisida,01010120155168,2024-09-19,2029-09-19
5735,YOOZEB 82 WP,PERSADA AGRO SUKSES,Fungisida,01020120155131,2024-08-09,2029-08-09
5736,YONORIS 245 SL,AGRO JAYA INDUSTRI,Herbisida,01030120238221,2024-03-05,2029-03-05
5737,FITONIL 75 WP,INDO-SINO AGROCHEMICAL,Fungisida,01020120031883,2024-03-05,2029-03-05
5738,BROWTIN 550/60 EC,SARI KRESNA KIMIA,Insektisida,01010120237858,2023-08-28,2028-08-28
5739,AMABEST 60 EC,ARTHA MAKMUR ABADI,Insektisida,01010120269512,2026-07-16,2031-07-16
5740,ALMERON 200/60/40 OD,MULTI SARANA INDOTANI,Herbisida,01030120196406,2023-08-28,2028-08-28
5741,DALANG 300/50 EC,PT Belirang Perkasa Agro,Insektisida,01010120248368,2024-09-19,2029-09-19
5742,PROMOLON 501 EC,TIGA MUARA EMAS MAKMUR,Herbisida,01030120134702,2022-12-05,2027-12-05
5743,TOPINSEK 50 EC,AGRO NATURAL TECHNOLOGY,Insektisida,01010120248555,2024-11-18,2029-11-18
5744,OMMOTOP 160 SL,AGRO BERJAYA CITRA TANI,Herbisida,01030120269429,2026-04-20,2031-04-20
5745,FIPMAX 50 SC,JIVA AGRICULTURE INDONESIA,Insektisida,01010120269568,2026-07-16,2031-07-16
5746,MALIKA 240 SC,MAXXI AGRI INDONESIA,Fungisida,01020120259090,2025-11-13,2030-11-13
5747,TRI-PRO 200/70/30 OD,SINERGI CHEM INDONESIA,Herbisida,01030120259141,2025-11-13,2030-11-13
5748,VISICOR 600 SC,FMC AGRICULTURAL MANUFACTURING,Insektisida,01010120227600,2022-12-05,2027-12-05
5749,PENKILL-77 550/60 EC,AGROMANNA JAYA LESTARI,Insektisida,01010120237919,2023-08-28,2028-08-28
5750,NEPOREX 2 WG,NOVINDO AGRITECH HUTAMA,Pestisida lain-lain,02140120072678,2022-10-04,2027-10-04
5751,SAGRI-GUARD 8/54 WP,SATYA AGRO INDONESIA,Fungisida,01020120134881,2023-02-08,2028-02-08
5752,HIT 0.29 AE,GODREJ CONSUMER PRODUCTS INDONESIA,Pestisida Rumah Tangga,06080120258790,2025-07-11,2030-07-11
5753,WAKANDA 72 EC,SURYA AGROKEMINDO PERKASA,Insektisida,01010120207007,2025-11-13,2030-11-13
5754,BACTILL 300/100 SC,RAINBOW AGROSCIENCES,Bakterisida,01060120238102,2024-03-05,2029-03-05
5755,VORUM 50 WG,SARI KRESNA KIMIA,Insektisida,01010120237951,2023-08-28,2028-08-28
5756,OXAMYL 3 GR,INTI EVERSPRING INDONESIA,Insektisida,032020501,2025-11-13,2030-11-13
5757,ANILOFOS 59 TC,SUMANS MANDIRI SEJAHTERA,Herbisida,0420221013,2022-06-27,2027-06-27
5758,"TEKTONIK 6,5 SL",AGRO CHEMICA,Zat Pengatur Tumbuh Tanaman,01040120165537,2026-04-20,2031-04-20
5759,INDOFOS 480 SL,GEKA MITRA NIAGA,Herbisida,0103011989890,2022-10-04,2027-10-04
5760,Gardara 10 SP,MITRA INDOTANI ABADI,Insektisida,01010120165501,2023-02-08,2028-02-08
5761,CONASOL 50 SC,SARI KRESNA KIMIA,Fungisida,01020120042059,2024-09-19,2029-09-19
5762,LOQUAT 140 SL,TANI MEDIA,Herbisida,01030120248510,2024-11-18,2029-11-18
5763,THORDAN 3 GR,AGROTECH PESTICIDE INDUSTRY,Insektisida,01010119971359,2026-01-20,2031-01-20
5764,KENMETRIN 500 SC,KENSO INDONESIA,Herbisida,01030120196549,2025-02-17,2030-02-17
5765,Glifa 480 SL,MULTI AGRO JAYA UTAMA,Herbisida,01030120227655,2023-03-06,2028-03-06
5766,ATRAZIN 97 TC,AGRO JAYA INDONESIA,Herbisida,0420231120,2023-04-26,2028-04-26
5767,JOEW CLEAR 276 SL,ARTHA MAKMUR ABADI,Herbisida,01030120248642,2025-02-17,2030-02-17
5768,SKIN VAPE 300 SL,FUMAKILLA INDONESIA,Repelen,06080120165533,2021-10-12,2026-10-12
5769,SPRINTER 150 SL,SURYA KARYA ANDALAN,Herbisida,01030120196479,2024-11-18,2029-11-18
5770,CHROMA 50 SC,KENSO INDONESIA,Insektisida,01010120258754,2025-07-11,2030-07-11
5771,RENON 50 WP,AGRO CHEMICA,Fungisida,01020120042130,2025-07-11,2030-07-11
5772,T820 E. Barrier,FUMAKILLA NOMOS,Pestisida Rumah Tangga,032017400,2022-12-05,2027-12-05
5773,BROMTOP 138 SL*,FORAGRO MAJU SEJAHTERA,Herbisida,01030120237857,2023-08-28,2028-08-28
5774,"for MAX 2,5 WG",EUREEKAGREAT NUSANTARA,Zat Pengatur Tumbuh Tanaman,01040120227405,2022-10-04,2027-10-04
5775,BOSSCBA 155 SL,CENTA BRASINDO ABADI CHEMICAL INDUSTRY,Herbisida,01030120259180,2026-01-20,2031-01-20
5776,FORELOONG 20/40 OD,KINGAGROOT BIOTECHNOLOGY INDONESIA,Herbisida,01030120259061,2025-11-13,2030-11-13
5777,GARDAXONE 200 SL*,TIARA BUANA MANDIRI,Herbisida,01030120206733,2025-07-11,2030-07-11
5778,AZOMIX 200/125 SC,DALZON CHEMICALS INDONESIA,Fungisida,01020120155332,2026-01-20,2031-01-20
5779,RIFEL 50 FS,DELTA GIRI WACANA,Insektisida,01010120217179,2026-04-20,2031-04-20
5780,GOLMA 240 EC,INDAGRO,Herbisida,01030120031826,2022-10-04,2027-10-04
5781,PRIMA-CARE 480 EC,PRIMA KARYA BERJAYA,Herbisida,01030120186140,2024-03-04,2029-03-04
5782,LAMBDA CYHALOTHRIN 97 TC,GELPI KURNIALESTARI,Insektisida,042020859,2025-07-11,2030-07-11
5783,HERBICORN 300/10 SC,AGRO NATURAL TECHNOLOGY,Herbisida,01030120258783,2025-07-11,2030-07-11
5784,METHOMYL 25 SP,INDO-SINO AGROCHEMICAL,Insektisida,032026640,2026-04-20,2031-04-20
5785,GLUFO PRO 200 SL,CHINA JIANGSU INTERNATIONAL INDONESIA,Herbisida,01030120206944,2026-01-20,2031-01-20
5786,GLUFOSINATE-AMMONIUM 95 TC,KHARISMA AGRI WIJAYA,Herbisida,0420261484,2026-04-20,2031-04-20
5787,BESTZINE 20/60 WG,SINAMYANG INDONESIA,Insektisida,01010120227285,2022-06-27,2027-06-27
5788,Efatop 100 PA,FADJARPURNAMA PRATAMA INTI,Zat Pengatur Tumbuh Tanaman,01040120134860,2025-02-17,2030-02-17
5789,"PETROKUS 0,005 BB",PETROKIMIA KAYAKU,Rodentisida,06120120021672,2025-07-11,2030-07-11
5790,MIATI 200 EC,ALISHAN NUSA INDAH,Insektisida,01010120093471,2022-12-05,2027-12-05
5791,HIT MAGIC 0.16 FU,GODREJ CONSUMER PRODUCTS INDONESIA,Pestisida Rumah Tangga,06080120248393,2024-09-19,2029-09-19
5792,OMETRIN 500 SC,INTI EVERSPRING INDONESIA,Herbisida,01030120186206,2024-03-04,2029-03-04
5793,TMA 6 865 SL,SARI KRESNA KIMIA,Herbisida,01030120011622,2025-09-26,2030-09-26
5794,PULSAR 120 EW,JAWA AGRINDO INTERNASIONAL,Herbisida,01030120259109,2025-11-13,2030-11-13
5795,MORTEIN 0.12 MC,RECKITT BENCKISER INDONESIA,Pestisida Rumah Tangga,032012283,2022-12-05,2027-12-05
5796,OMNI-ZIN 500 SC,PRIMA KARYA BERJAYA,Herbisida,01030120227563,2022-12-05,2027-12-05
5797,ET-6 865 SL,ETONG CHEMICAL INDONESIA,Herbisida,01030120237996,2024-03-04,2029-03-04
5798,PARAQUAT DICHLORIDE 42 TC,MESTIKA NUSANTARA AGROKIMIA,Herbisida,0420221070,2022-12-05,2027-12-05
5799,PERMIT 200/100 SC,EASTCHEM AGROSCIENCE INDONESIA,Insektisida,01010120269434,2026-04-20,2031-04-20
5800,"azadi 0,3 EC",SAFEEKO BIO INDONESIA,Insektisida,01010120258902,2025-09-26,2030-09-26
5801,PARTNERS 722 SL,PT. AGRORISEN INDOMAKMUR CEMERLANG,Fungisida,01020120227569,2022-12-05,2027-12-05
5802,GLAZONE 60 SL,AGRO TERRUM INDONESIA,Herbisida,01030120248627,2025-02-17,2030-02-17
5803,TRAIL 240 EC,DHARMA GUNA WIBAWA,Herbisida,01030120134677,2023-04-26,2028-04-26
5804,BAYCARB 500 EC,BAYER INDONESIA,Insektisida,0101011978324,2025-09-26,2030-09-26
5805,FASCINATE 150 SL,UPL INDONESIA,Herbisida,01030120155299,2025-07-11,2030-07-11
5806,DEJAVU 288 EC,DELTA GIRI WACANA,Herbisida,01030120103827,2024-09-19,2029-09-19
5807,BestGib 20 TB,AVEL PESTINDO,Zat Pengatur Tumbuh Tanaman,01040120227284,2022-06-27,2027-06-27
5808,PROFENOFOS 94 TC,SOLO LOGO INDONESIA,Insektisida,0420261521,2026-07-16,2031-07-16
5809,"VETERAN 0,4 GR",PRIMA KARYA BERJAYA,Insektisida,01010120269691,2026-07-16,2031-07-16
5810,RONDA GOLD 525 SL,CENTA BRASINDO ABADI CHEMICAL INDUSTRY,Herbisida,01030120124437,2023-02-08,2028-02-08
5811,SIKAT BERSIH 75 EC,MUTIARA AGRO SEJATI,Insektisida,01010120269656,2026-07-16,2031-07-16
5812,KLORANTRANILIPROL 95 TC,AGRO JAYA INDONESIA,Insektisida,0420221023,2022-06-27,2027-06-27
5813,PENTAPLUS 276 SL*,SOLO LOGO INDONESIA,Herbisida,01030120206654,2025-07-11,2030-07-11
5814,ALPHAS 50 EC,MASCO AGRI GENETICS,Insektisida,01010120083168,2024-08-09,2029-08-09
5815,NEMASOL 370 SL,ROLIMEX KIMIA NUSAMAS,Nematisida,01130120062532,2022-10-04,2027-10-04
5816,LOSGO 225/75 SC,Agro Bumi Timur,Fungisida,01020120258826,2025-07-11,2030-07-11
5817,INOVATE 100 EC,NUFARM INDONESIA,Insektisida,01010120134839,2022-10-04,2027-10-04
5818,DIMEFLUTRIN 95 TC,INTER AGRO TECHNOLOGY INDONESIA,Insektisida,0420251455,2026-01-20,2031-01-20
5819,TAFKE 40/20 EC,GONGCHENG BIOTECH INDONESIA,Pestisida Rumah Tangga,06080120259304,2026-01-20,2031-01-20
5820,KILLMATE 50 EC,SINAR GENERAL INDUSTRIES,Pestisida Pengendalian Vektor Penyakit Pada Manusia,06090120114059,2021-11-18,2026-11-18
5821,Proxel 711K6,ARXADA CHEMICALS INDONESIA,Pestisida lain-lain,0420251405,2025-09-26,2030-09-26
5822,ENDIUS PLUS 33/500 SC,ENFARM CROP SCIENCE,Herbisida,01030120258768,2025-07-11,2030-07-11
5823,"BARUCHEM 0,75% TC",PT.BARU TOTAL SOLUSINDO,Rodentisida,042021976,2026-01-20,2031-01-20
5824,HIT 0.26 AE,GODREJ CONSUMER PRODUCTS INDONESIA,Pestisida Rumah Tangga,06080120165617,2026-04-20,2031-04-20
5825,META-HIPO 400 SL,AGRO JAYA INDUSTRI,Insektisida,01010120238158,2024-03-05,2029-03-05
5826,HIT EXPERT 0.225 AE,GODREJ CONSUMER PRODUCTS INDONESIA,Pestisida Rumah Tangga,06080120238013,2024-03-04,2029-03-04
5827,TOXEDOWNGOLD 50/100 SC,DELTA CHEMICA,Insektisida,01010120269679,2026-07-16,2031-07-16
5828,LOYANT 25 EC,CORTEVA AGRISCIENCE MANUFACTURING INDONESIA,Herbisida,01030120186203,2023-08-28,2028-08-28
5829,AMETRYN 96 TC,CENTA BRASINDO ABADI CHEMICAL INDUSTRY,Herbisida,042018510,2023-04-26,2028-04-26
5830,RATCELL 80 P,EXCEL MEG INDO,Rodentisida,01120120113916,2025-02-17,2030-02-17
5831,RAGE 90 SP,DALZON CHEMICALS INDONESIA,Insektisida,01010120072887,2022-12-05,2027-12-05
5832,GOLDWIN 220/30 OD,KINGAGROOT BIOTECHNOLOGY INDONESIA,Herbisida,01030120248388,2024-09-19,2029-09-19
5833,CROC 0.015MC,FUMAKILLA NOMOS,Pestisida Rumah Tangga,032011255,2021-10-12,2026-10-12
5834,SERGAP 410 EC,ANKEWA CHEMICAL INDONESIA,Insektisida,01010120186153,2023-02-08,2028-02-08
5835,PASPHAT 80 SP,PERSADA AGRO SUKSES,Insektisida,01010120217157,2025-09-26,2030-09-26
5836,INDOKAB 40/160 SC,REJEKI INDO AGROTEC,Insektisida,01010120248286,2024-08-09,2029-08-09
5837,METRA UP 480 SL,SINAR RAFLESIA SELATAN,Herbisida,01030120124483,2024-08-09,2029-08-09
5838,KONNEX 65 EC,BOMA SAKTI TANI,Insektisida,01010120175765,2023-02-08,2028-02-08
5839,APOTAP 40/3 WP,ADVANSIA INDOTANI,Insektisida,01010120248356,2024-09-19,2029-09-19
5840,FULLTEX 10 PA,REJEKI INDO AGROTEC,Zat Pengatur Tumbuh Tanaman,01040120124223,2022-12-05,2027-12-05
5841,BASTA 150 SL,BASF INDONESIA,Herbisida,01030119921113,2023-04-26,2028-04-26
5842,PRIMA-LALANG 250 SL,PRIMA KARYA BERJAYA,Herbisida,01030120259106,2025-11-13,2030-11-13
5843,KLARAS 276 SL,AGROLAND INDO SYNERGY,Herbisida,01030120258810,2025-07-11,2030-07-11
5844,FILIA 525 SE,SYNGENTA INDONESIA,Fungisida,01020120093436,2023-08-28,2028-08-28
5845,DOUBLE FORCE 20/100 SC,ZHENGBANG CROP PROTECTION INDONESIA,Insektisida,01010120217241,2022-01-14,2027-01-14
5846,KOEDASIP 100 EC,AGRO JAYA INDUSTRI,Insektisida,01010120259082,2025-11-13,2030-11-13
5847,DKFENZO 120 SC,DANKEN INDONESIA,Insektisida,01010120165555,2022-01-14,2027-01-14
5848,SERULANG 150 SL,SUMBER AGRO PERKASA,Herbisida,01030120259289,2026-01-20,2031-01-20
5849,CAHAYASTAR 138 SL,BINTANG CAHAYA AGRO PLANET,Herbisida,01030120269536,2026-07-16,2031-07-16
5850,FIPRONIL 95 TC,INTI EVERSPRING INDONESIA,Insektisida,042016383,2026-04-20,2031-04-20
5851,HIT 8.09 LV,GODREJ CONSUMER PRODUCTS INDONESIA,Pestisida Rumah Tangga,06090120217248,2022-01-14,2027-01-14
5852,TYXONE 276 SL,SUBUR TANI AGRO RAYA SEJAHTERA,Herbisida,01030120258886,2025-07-11,2030-07-11
5853,ASSOCIATE 200 SC,NUFARM INDONESIA,Insektisida,01010120165597,2021-10-12,2026-10-12
5854,VANISH 200 SC,GRAHA AGRITECH PRIMA,Insektisida,02010120196289,2024-09-19,2029-09-19
5855,ALFAST 30 EC,AGROKIMINDO KURNIABUANA,Insektisida,01010120052226,2024-09-19,2029-09-19
5856,DKPOXIBEN 250 SC,DANKEN INDONESIA,Fungisida,01020120165557,2022-06-27,2027-06-27
5857,STARBAN 530/55 EC,BIOTIS AGRINDO,Insektisida,01010120062192,2025-09-26,2030-09-26
5858,ESCOLTA 500 EC,ALBAUGH AGRO INDONESIA,Insektisida,01010120144982,2024-09-19,2029-09-19
5859,METHOMYL 98 TC,INTI EVERSPRING INDONESIA,Insektisida,042019794,2024-09-19,2029-09-19
5860,SAPSINAT 200 SL,SURYA AGRO PERKASA,Herbisida,01030120259286,2026-01-20,2031-01-20
5861,MALINATE 65 WP,AGRO SENTOSA RAYA,Moluskisida,01050120269415,2026-04-20,2031-04-20
5862,zintan 50 WG,TANGGUH AGRO NUSA INDONESIA,Insektisida,01010120248445,2024-09-19,2029-09-19
5863,Innosei ® CGO,TRITUNGGAL ARTHAMAKMUR,Bakterisida,0420251468,2026-01-20,2031-01-20
5864,CAMINOX 250 SC,AGRO CHEMICA,Fungisida,01020120134559,2023-04-26,2028-04-26
5865,STARBORN TB,LUAS BIRUS UTAMA,Pestisida Rumah Tangga,06080120248551,2024-11-18,2029-11-18
5866,VAPE 9.15 LV,FUMAKILLA INDONESIA,Pestisida Rumah Tangga,06080120206880,2026-01-20,2031-01-20
5867,Fipronil 87 TK,BASF INDONESIA,Insektisida,042016401,2021-11-18,2026-11-18
5868,ERAGON 500 SC,Agro Bumi Timur,Insektisida,01010120186127,2023-08-28,2028-08-28
5869,WIRA 500 SC,TRITAMA WIRAKARSA,Herbisida,01030120258894,2025-07-11,2030-07-11
5870,PILARAVIA 31/124 SC,PILARQUIM AGROSCIENCE INDONESIA,Insektisida,01010120217159,2021-10-12,2026-10-12
5871,VAPE 26.7 LV,FUMAKILLA INDONESIA,Pestisida Rumah Tangga,032010246,2026-01-20,2031-01-20
5872,SHENZI SMART 50 SC,UPL INDONESIA,Insektisida,01010120259125,2025-11-13,2030-11-13
5873,APSARAS 30/220 ME,KINGAGROOT BIOTECHNOLOGY INDONESIA,Herbisida,01030120259030,2025-11-13,2030-11-13
5874,KENZO 60 EC,DELTA CHEMICA,Insektisida,01010120248292,2024-08-09,2029-08-09
5875,COLATRIN 50 EC,LUMBUNG AGRO MAKMUR,Insektisida,01010120258917,2025-09-26,2030-09-26
5876,GENQUAT 240 SL *,SINAR GENERAL INDUSTRIES,Herbisida,01030120145061,2025-02-17,2030-02-17
5877,FONAS 150 SL,UPL INDONESIA,Herbisida,01030120258931,2025-09-26,2030-09-26
5878,REVUS OPTI 40/400 SC,SYNGENTA INDONESIA,Fungisida,01020120093484,2024-03-04,2029-03-04
5879,OLYSET NET 2 LN,GIGA PUTRA TANI,Pestisida Pengendalian Vektor Penyakit Pada Manusia,06090120186058,2024-03-05,2029-03-05
5880,AJI-ZIM 60 WP,AGRO JAYA INDUSTRI,Fungisida,01020120238093,2024-03-05,2029-03-05
5881,Demise 60/300 OD,MULTI AGRO JAYA UTAMA,Herbisida,01030120227634,2023-02-08,2028-02-08
5882,ALERON 60 SC,MULTI SARANA INDOTANI,Herbisida,01030120155122,2024-03-04,2029-03-04
5883,TRENDY 20 WP,DELTA GIRI WACANA,Herbisida,01030120083161,2025-09-26,2030-09-26
5884,noAphidss WP,PRIMA AGRO TECH,Insektisida,01010120259253,2026-01-20,2031-01-20
5885,NOGULMA 500/50 SC,MAXXI AGRI INDONESIA,Herbisida,01030120248306,2024-08-09,2029-08-09
5886,BIOX P 509,INDO ASIA TIRTA MANUNGGAL,Bakterisida,0420221075,2022-12-05,2027-12-05
5887,HIT 1.18 AL (WB),GODREJ CONSUMER PRODUCTS INDONESIA,Pestisida Rumah Tangga,06080120196442,2024-11-18,2029-11-18
5888,PROTEGER 325 EC,AGRORISEN INDOMAKMUR CEMERLANG,Insektisida,01010120248537,2024-11-18,2029-11-18
5889,LAKU-X 50 EC,CENTA BRASINDO ABADI CHEMICAL INDUSTRY,Insektisida,01010120269406,2026-04-20,2031-04-20
5890,MAINCOP 50 WP,ROYAL AGRO INDONESIA,Fungisida,01020120114063,2023-04-26,2028-04-26
5891,PHOSGUN 56 TB,INDOIN BUSINESS GROUP,Fumigan,05100120227342,2022-06-27,2027-06-27
5892,ZATARA 125 SL,SAPROTAN UTAMA NUSANTARA,Herbisida,01030120269505,2026-04-20,2031-04-20
5893,SIDAFOS 480 SL,PETROSIDA GRESIK,Herbisida,01030120031928,2022-06-27,2027-06-27
5894,FORAFOSTRIN 500/50 EC,FORAGRO MITRA SEJATI,Insektisida,01010120248615,2025-02-17,2030-02-17
5895,ET-ZERO 120 EC,ETONG CHEMICAL INDONESIA,Herbisida,01030120237752,2023-04-26,2028-04-26
5896,Teku 100 EC,MAJU MAKMUR UTOMO,Insektisida,01010120103868,2026-07-16,2031-07-16
5897,PANAKUAT 150 SL*,REJEKI INDO AGROTEC,Herbisida,01030120248524,2024-11-18,2029-11-18
5898,HIT 2.1 AE,GODREJ CONSUMER PRODUCTS INDONESIA,Pestisida Rumah Tangga,06080120248282,2024-08-09,2029-08-09
5899,MESOTRIONE 97 TC,MAXXI AGRI INDONESIA,Herbisida,0420231191,2023-08-28,2028-08-28
5900,DIMPYRARGYL 98 TC,KINGAGROOT BIOTECHNOLOGY INDONESIA,Insektisida,0420261503,2026-07-16,2031-07-16
5901,MESTON 20 WG,KRISTALINDO KARUNIA INTERNASIONAL,Herbisida,01030120155284,2025-07-11,2030-07-11
5902,OMNI-CARE 288 EC,PRIMA KARYA BERJAYA,Herbisida,01030120206833,2025-09-26,2030-09-26
5903,METAFOS 555 SL,NUSANTARA AGRO SUKSES,Herbisida,01030120238157,2024-03-05,2029-03-05
5904,PENTAS 75 WP,NATHANI CHEMICALS,Moluskisida,01050120145006,2024-09-19,2029-09-19
5905,ABEL 200 SL,DELTAGRO MULIA SEJATI,Herbisida,01030120155157,2024-08-09,2029-08-09
5906,META GOLD 1.5/30 DF,Agro Bumi Timur,Herbisida,01030120269423,2026-04-20,2031-04-20
5907,OMETHOATE 70 TC,INDO-SINO AGROCHEMICAL,Insektisida,0420261517,2026-07-16,2031-07-16
5908,NEOPOWER 30 EC,SINAR AGRO KIMIA INDONESIA,Insektisida,01010120175914,2024-03-05,2029-03-05
5909,SIDATOP 166 SL,PETROSIDA GRESIK,Herbisida,01030120042144,2024-09-19,2029-09-19
5910,DORMEX 520 SL,AGRICULTURE CONSTRUCTION,Zat Pengatur Tumbuh Tanaman,01040120186026,2023-04-26,2028-04-26
5911,Actellic Pro 500 EC,SYNGENTA INDONESIA,Insektisida,05010120134841,2024-03-04,2029-03-04
5912,PALMAXONE 135 SL*,MESTIKA NUSANTARA AGROKIMIA,Herbisida,01030120238040,2024-03-04,2029-03-04
5913,INDOSIL 50 WP,INDAGRO,Fungisida,01020120134686,2023-04-26,2028-04-26
5914,LANG-KIL 276 SL,AGROMANNA JAYA LESTARI,Herbisida,01030120093545,2024-09-19,2029-09-19
5915,INSTA 150 SL,MAXXI AGRI INDONESIA,Herbisida,01030120259077,2025-11-13,2030-11-13
5916,RIAFURON 24 WP,REJEKI INDO AGROTEC,Herbisida,01030120269459,2026-04-20,2031-04-20
5917,BAZATHION 150 SL,SINAR GENERAL INDUSTRIES,Herbisida,01030120227390,2022-10-04,2027-10-04
5918,PRIMA-NET 40 SP,PRIMA KARYA BERJAYA,Insektisida,01010120227695,2023-02-08,2028-02-08
5919,AMOFO 150 SL,DOUTA UTAMAN INDONESIA,Herbisida,01030120186169,2024-03-04,2029-03-04
5920,Deltametrin 98 TC,DALZON CHEMICALS INDONESIA,Insektisida,042006175,2025-11-13,2030-11-13
5921,KUJII 600 EC,REJEKI AGRO INDONESIA,Herbisida,01030120248400,2024-09-19,2029-09-19
5922,MITRAFOS 400 SL,INTI EVERSPRING INDONESIA,Fungisida,01020120134792,2024-03-04,2029-03-04
5923,CBA-6 865 SL,CENTA BRASINDO ABADI CHEMICAL INDUSTRY,Herbisida,01030120083177,2023-02-08,2028-02-08
5924,"MENARA LAUT 0,078 MC",MENARA LAUT BERSATU,Pestisida Rumah Tangga,06080120269601,2026-07-16,2031-07-16
5925,CYNOFF 50 EC,BINA GUNA KIMIA,Pestisida Pengendalian Vektor Penyakit Pada Manusia,06090120124286,2022-06-27,2027-06-27
5926,HIT MAGIC 0.21 FU,GODREJ CONSUMER PRODUCTS INDONESIA,Pestisida Rumah Tangga,06080120248394,2024-09-19,2029-09-19
5927,VASTKILL 125 EC,GRAHA AGRITECH PRIMA,Insektisida,01010120155408,2025-11-13,2030-11-13
5928,Carfentrazone-ethyl 91 TC,SOLO LOGO INDONESIA,Herbisida,0420221062,2022-12-05,2027-12-05
5929,ORIZ 50 WG,SAPROTAN UTAMA NUSANTARA,Insektisida,01010120258845,2025-07-11,2030-07-11
5930,CHLORANTRANILIPROLE 625 FS,NUFARM INDONESIA,Insektisida,032022527,2022-12-05,2027-12-05
5931,STEALTH 240 SC,BASF INDONESIA,Bahan pengawet kayu,04110120072967,2022-06-27,2027-06-27
5932,DROIDS 250 EC,SINAR GENERAL INDUSTRIES,Insektisida,01010120114178,2021-11-18,2026-11-18
5933,VALOR 50 WG,ADVANSIA INDOTANI,Herbisida,01030120238076,2024-03-04,2029-03-04
5934,BUTANIQUAT 155 SL,CENTA BRASINDO ABADI CHEMICAL INDUSTRY,Herbisida,01030120259182,2026-01-20,2031-01-20
5935,PESOVER 90 SP,RAINBOW AGROSCIENCES,Insektisida,032024564,2024-11-18,2029-11-18
5936,NJAGA 120 EC,TANAMAN MAKMUR MANDIRI,Herbisida,01030120248521,2024-11-18,2029-11-18
5937,TANIRAM 80 WP,TANI MAS SUBUR,Fungisida,01020120021714,2022-06-27,2027-06-27
5938,DENSE PRO 520 SC,DELTA GIRI WACANA,Fungisida,01020120186099,2023-04-26,2028-04-26
5939,LOFOS 240 SL,TANI MEDIA,Herbisida,01030120248649,2025-02-17,2030-02-17
5940,UNINAP 20/60 WG,INTI EVERSPRING INDONESIA,Insektisida,01010120227595,2022-12-05,2027-12-05
5941,OMNI-JOS 720 SL,PRIMA KARYA BERJAYA,Herbisida,01030120227440,2022-10-04,2027-10-04
5942,CATEZ 18 EC,BEHN MEYER AGRICARE,Insektisida,01010120062389,2024-09-19,2029-09-19
5943,WINSON 20 WP,DWIAGRI MAKMUR INTERTRADE,Herbisida,01030120114099,2026-01-20,2031-01-20
5944,ABAKTIN 18 EC,YANNO AGRO SCIENCE INDONESIA,Insektisida,01010120186001,2024-03-05,2029-03-05
5945,KOEDAMA 33 EC,AGRO JAYA INDUSTRI,Insektisida,01010120258814,2025-07-11,2030-07-11
5946,PROMOUP 488 SL,TIGA MUARA EMAS MAKMUR,Herbisida,01030120124507,2022-12-05,2027-12-05
5947,Abamectin 95 TC,DALZON CHEMICALS INDONESIA,Insektisida,042019729,2024-08-09,2029-08-09
5948,Kordek™ MLX Industrial Microbicide,BLUE CUBE INDONESIA,Bakterisida,042018579,2024-03-04,2029-03-04
5949,GLIFOMIN 300/100 SL,PT. FADJAR PURNASARANA,Herbisida,01030119981411,2022-12-05,2027-12-05
5950,HIT ONE PUSH 1 AE,GODREJ CONSUMER PRODUCTS INDONESIA,Pestisida Rumah Tangga,06080120196445,2024-11-18,2029-11-18
5951,VAPE PLUS 1.8 AE,FUMAKILLA INDONESIA,Pestisida Rumah Tangga,06080120124265,2022-01-14,2027-01-14
5952,IMIDAKLOPRID 97 TC,BAYER INDONESIA,Insektisida,042017430,2022-01-14,2027-01-14
5953,RAFAEL 240 SL,MAXXI AGRI INDONESIA,Herbisida,01030120248421,2024-09-19,2029-09-19
5954,NATRIUM BISPIRIBAK 96 TC,AGRO JAYA INDONESIA,Herbisida,0420231137,2023-04-26,2028-04-26
5955,AGIL 100 EC,ROYAL AGRO INDONESIA,Herbisida,01030120134653,2023-04-26,2028-04-26
5956,TRIANA 100 EC,DA MING INDONESIA,Insektisida,01010120237822,2023-04-26,2028-04-26
5957,CHLORFENAPYR 95 TC,INTI EVERSPRING INDONESIA,Insektisida,042018562,2023-08-28,2028-08-28
5958,INLOV 40 SP,INTI EVERSPRING INDONESIA,Insektisida,01010120269386,2026-04-20,2031-04-20
5959,RYNNDOMIN 888 SL,SINAR GENERAL INDUSTRIES,Herbisida,01030120196385,2024-09-19,2029-09-19
5960,AMORA 150 SL,MITRA KREASIDHARMA,Herbisida,01030120175823,2022-12-05,2027-12-05
5961,Soffell 13 LT,HERLINA INDAH,Repelen,06080120227463,2022-10-04,2027-10-04
5962,KAIROMIX L,PT. Anugerah Sarana Hayati,Atraktan / Feromon,01070120186197,2024-11-18,2029-11-18
5963,RAMPRID 200/200 SC,CHINA JIANGSU INTERNATIONAL INDONESIA,Insektisida,01010120206856,2025-09-26,2030-09-26
5964,UD-FamFresh 22.5/30 WG,KHARISMA AGRI WIJAYA,Fungisida,01010120269495,2026-04-20,2031-04-20
5965,ROCKSTAR 250 EC,MAXXI AGRI INDONESIA,Herbisida,01030120259115,2025-11-13,2030-11-13
5966,CAPTURE 100 EC,DELTA GIRI WACANA,Insektisida,01010120072927,2025-09-26,2030-09-26
5967,METHA 40 SP,YANNO AGRO SCIENCE INDONESIA,Insektisida,01010120227556,2022-12-05,2027-12-05
5968,STROZOL 25/55 WG,ETONG CHEMICAL INDONESIA,Fungisida,01020120217087,2026-04-20,2031-04-20
5969,BM DIME-Q 400/60 SL,BEHN MEYER AGRICARE,Herbisida,01030120237975,2024-03-04,2029-03-04
5970,FASTREX 36 EC,ROLIMEX KIMIA NUSAMAS,Insektisida,01010120248479,2024-11-18,2029-11-18
5971,ALPHATECH NEO 245 SL,AGROTECH PESTICIDE INDUSTRY,Herbisida,01030120237726,2023-04-26,2028-04-26
5972,BESTRIN FORTE PLUS 100 EC,JIRONA AGRITAMA,Insektisida,01010120134664,2024-08-09,2029-08-09
5973,PILARWIN 112/168 ZC,PILARQUIM AGROSCIENCE INDONESIA,Fungisida,01020120227690,2023-02-08,2028-02-08
5974,DIMETHOATE 96 TC,MULTI SARANA INDOTANI,Insektisida,0420221019,2022-06-27,2027-06-27
5975,MONALISA 300/33 SC,MASCO AGRI GENETICS,Insektisida,01010120155300,2025-07-11,2030-07-11
5976,D-REJEN 50 SC,ASIA GALA KIMIA,Insektisida,01010120259049,2025-11-13,2030-11-13
5977,PROTHIOCONAZOLE 250 EC,NUFARM INDONESIA,Fungisida,032012307,2025-07-11,2030-07-11
5978,FLUROXYPYR-MEPTYL,NUSAMAS KIMIA PERSADA,Herbisida,0420241277,2024-08-09,2029-08-09
5979,HAIL283KK 50 EC,VADEL KSATRIA SAMUDRA INDONESIA,Pestisida Pengendalian Vektor Penyakit Pada Manusia,06090120186121,2024-03-05,2029-03-05
5980,SOFFELL SNOW MOUNTAIN 100 AL,HERLINA INDAH,Repelen,06080120206685,2025-11-13,2030-11-13
5981,GILAS 130 SL,ADIL MAKMUR FAJAR,Herbisida,01030120021690,2024-03-04,2029-03-04
5982,VELENO 200/20/40 OD,PANEN AGRO PERKASA INDONESIA,Herbisida,01030120227599,2022-12-05,2027-12-05
5983,DMP 200 SC,AGRORISEN INDOMAKMUR CEMERLANG,Fungisida,01020120258762,2025-07-11,2030-07-11
5984,ACEP 722 SL,ADVANSIA INDOTANI,Fungisida,01020120175882,2023-04-26,2028-04-26
5985,APRISID 25 WP,ADVANSIA INDOTANI,Insektisida,01010120124417,2023-02-08,2028-02-08
5986,IMIDASHOT 70 WG,AGRO INSANI SEMESTA,Insektisida,01010120206743,2025-07-11,2030-07-11
5987,WALANG 50 EC,PT. Spektra Global Intiagro,Insektisida,01010120113980,2021-11-18,2026-11-18
5988,FIRMENTO 550/60 EC,AGRO CHEMICA,Insektisida,01010120185952,2023-04-26,2028-04-26
5989,GRAVITAS 200 SL,CROP CARE INDONESIA,Herbisida,01030120134682,2022-12-05,2027-12-05
5990,ANTISNAIL 45 WP,TRI AGRO CHEMICALS,Moluskisida,01050120175675,2026-07-16,2031-07-16
5991,BENZAPYR 20/100 SC,NUFARM INDONESIA,Insektisida,01010120165600,2026-01-20,2031-01-20
5992,NOMOS 0.555 AE,FUMAKILLA NOMOS,Pestisida Rumah Tangga,06080120124400,2023-04-26,2028-04-26
5993,Seedsong 350 FS,SUNJOY AGRO INDONESIA,Insektisida,01010120237809,2023-04-26,2028-04-26
5994,AGXODIA 445.2/28.8 SL,AGX ASIA INDONESIA,Herbisida,01030120237958,2024-03-04,2029-03-04
5995,SingVathon 50 SC,SENTRAL TANI NUSANTARA,Insektisida,01010120269658,2026-07-16,2031-07-16
5996,AcariBlok 200/200 SC,KHARISMA AGRI WIJAYA,Akarisida,01140120269507,2026-07-16,2031-07-16
5997,YUTACLOR 200 EC,AGRO JAYA INDUSTRI,Insektisida,01010120248563,2024-11-18,2029-11-18
5998,THE GREAT 150 SL*,YANNO AGRO SCIENCE INDONESIA,Herbisida,01030120206653,2025-07-11,2030-07-11
5999,PRIMAKUAT 276 SL,PRIMA KARYA BERJAYA,Herbisida,01030120114155,2026-07-16,2031-07-16
6000,PYRIPROXYFEN® 97 TC,TRITAMA WIRAKARSA,Insektisida,042015357,2026-04-20,2031-04-20
6001,GREEN-TOX 40 WP,AGRO JAYA INDUSTRI,Insektisida,02010120248273,2024-08-09,2029-08-09
6002,YELOZEB FLOW 400 SC,MAXXI AGRI INDONESIA,Fungisida,01020120259017,2025-09-26,2030-09-26
6003,SPINOTAM 480 SC,ALBAUGH AGRO INDONESIA,Insektisida,01010120248707,2025-02-17,2030-02-17
6004,ROLLUP 480 SL,ROLIMEX KIMIA NUSAMAS,Herbisida,032012283,2022-10-04,2027-10-04
6005,LUFENURON 98 TC,RAINBOW AGROSCIENCES,Insektisida,042021984,2026-07-16,2031-07-16
6006,GLIFOMAX 360 SL,DALZON CHEMICALS INDONESIA,Herbisida,032019449,2024-08-09,2029-08-09
6007,REFILLUP 130 SL,TIGA MUARA EMAS MAKMUR,Herbisida,01030120186148,2023-04-26,2028-04-26
6008,PACUL EMAS 200 SL,TANAMAN MAKMUR MANDIRI,Herbisida,01030120269432,2026-04-20,2031-04-20
6009,TUTUNGTOP 276 SL,BERBAK AGRO SEJATI,Herbisida,01030120238075,2024-03-04,2029-03-04
6010,LEXTAN 25 EC,SURYA AGROCHEM MITRA ABADI,Bahan pengawet kayu,05110120248403,2024-09-19,2029-09-19
6011,"ROLIKUM 0,005 BB",ROLIMEX KIMIA NUSAMAS,Rodentisida,01120120113993,2026-01-20,2031-01-20
6012,ISOFLUALAMIDE 95 TC,KINGAGROOT BIOTECHNOLOGY INDONESIA,Insektisida,0420231231,2024-03-04,2029-03-04
6013,URAS MATEI 160 SL,TIGA MUARA EMAS MAKMUR,Herbisida,01030120248722,2025-02-17,2030-02-17
6014,MANKOZEB 85 TC,SOLO LOGO INDONESIA,Fungisida,0420211002,2026-07-16,2031-07-16
6015,Chlorpyrifos 97% TC.,SOLUSI TANI INDONESIA,Insektisida,0420231125,2023-04-26,2028-04-26
6016,COUNTER 50/1.8 SP,UPL INDONESIA,Insektisida,01010120072855,2023-02-08,2028-02-08
6017,SELTIMA PLUS 75/150 ZC,BASF INDONESIA,Fungisida,01020120217219,2026-01-20,2031-01-20
6018,"Labyrinth 0,1 WP",ENSYSTEX INTERNATIONAL INDONESIA,Bahan pengawet kayu,04110120206636,2025-09-26,2030-09-26
6019,SANTARIS 240 SL,SANTANI SEJAHTERA,Herbisida,01030120042139,2024-09-19,2029-09-19
6020,SUMIALPHA 25 EC,NUFARM INDONESIA,Insektisida,0101011990908,2023-04-26,2028-04-26
6021,PREVENTOL D 6,BLUE CUBE INDONESIA,Pestisida lain-lain,0420251440,2025-11-13,2030-11-13
6022,RENGTOP 50/150 SC,CENTA BRASINDO ABADI CHEMICAL INDUSTRY,Insektisida,01010120227580,2022-12-05,2027-12-05
6023,VAPE MAGIC 0.5 FU,FUMAKILLA INDONESIA,Pestisida Rumah Tangga,06080120165470,2026-07-16,2031-07-16
6024,ALBERTO 125/250 SC,ARTHA BUANA MANDIRI,Fungisida,01020120134879,2024-11-18,2029-11-18
6025,KINGCRON 500 EC,BAHTERA BONIAGA LESTARI,Insektisida,01010120144928,2024-09-19,2029-09-19
6026,IMAR 6 WP,SARI KIMIA UNGGUL,Insektisida,01010120062427,2025-11-13,2030-11-13
6027,HANDIPO 501 SL,REJEKI INDO AGROTEC,Insektisida,01010120196271,2024-08-09,2029-08-09
6028,IMIGO 600 FS,UPL INDONESIA,Insektisida,01010120196543,2024-09-19,2029-09-19
6029,AMURON 20/50 EC,ADVANSIA INDOTANI,Insektisida,01010120186170,2024-03-04,2029-03-04
6030,COVER 400 EC,SINAR GENERAL INDUSTRIES,Insektisida,01010120114119,2021-11-18,2026-11-18
6031,FONETTE 100 PA,PRIMA KARYA BERJAYA,Zat Pengatur Tumbuh Tanaman,01040120196432,2024-11-18,2029-11-18
6032,CRUMBLE CARB 150 SC,MULTI SARANA INDOTANI,Insektisida,01010120186111,2023-04-26,2028-04-26
6033,NAMVOL 135 SL,ETONG CHEMICAL INDONESIA,Herbisida,01030120269607,2026-07-16,2031-07-16
6034,GOREX 500 EC,EXCEL MEG INDO,Insektisida,01010120145065,2024-09-19,2029-09-19
6035,OPTIMUS 200 SL,MULTI SARANA INDOTANI,Herbisida,01030120134875,2023-02-08,2028-02-08
6036,PROGO 490 EC,TIGA MUARA EMAS MAKMUR,Fungisida,01020120186066,2023-04-26,2028-04-26
6037,KRISTAR 200/125 SC,SINERGI CHEM INDONESIA,Fungisida,01020120259229,2026-01-20,2031-01-20
6038,SHAKTIMAN 80 WP,INDOIN BUSINESS GROUP,Fungisida,01020120206980,2026-01-20,2031-01-20
6039,FORAZON PLUS 430/60 SL,FORAGRO MITRA SEJATI,Herbisida,01030120248489,2024-11-18,2029-11-18
6040,Azoxystrobin 98 TC,DALZON CHEMICALS INDONESIA,Fungisida,042020808,2025-09-26,2030-09-26
6041,PEVENTA 5 DT,BINA GUNA KIMIA,Insektisida,032024566,2024-11-18,2029-11-18
6042,Zytor 30/60 SE,KINGAGROOT BIOTECHNOLOGY INDONESIA,Insektisida,01010120259153,2025-11-13,2030-11-13
6043,RynaxPlus 100/300 SC,TUNASHARAPAN MURNI,Insektisida,01010120269464,2026-04-20,2031-04-20
6044,MIXTAN 500/100 SC,ALBAUGH AGRO INDONESIA,Fungisida,01020120144998,2024-09-19,2029-09-19
6045,BENJOS 25 EC,AGRO MULIA,Insektisida,01010120155337,2025-11-13,2030-11-13
6046,DKBRASS 40 SL,DANKEN INDONESIA,Zat Pengatur Tumbuh Tanaman,01040120248470,2024-11-18,2029-11-18
6047,LANIDOR 200 SL,DALZON CHEMICALS INDONESIA,Insektisida,01010120042097,2024-08-09,2029-08-09
6048,RAMBASAN 400 SL,NUFARM INDONESIA,Herbisida,0103011981523,2023-08-28,2028-08-28
6049,DELTAMEC 40 EC,MUTIARA AGRO SEJATI,Insektisida,01010120237990,2024-03-04,2029-03-04
6050,EMHA ZEB 82 WP,AGRO MIFTAHUL KHISBA,Fungisida,01020120258927,2025-09-26,2030-09-26
6051,DELIMO 25 WP,BUMINDO ABADI MAKMUR,Fungisida,01020120269549,2026-07-16,2031-07-16
6052,SAE-XONE 138 SL,AGRO JAYA INDUSTRI,Herbisida,01030120248695,2025-02-17,2030-02-17
6053,Glyphosate 95 TC,TIGA MUARA EMAS MAKMUR,Herbisida,042021953,2026-04-20,2031-04-20
6054,GILLES 200/350 SC,TANGGUH AGRO NUSA INDONESIA,Insektisida,01010120196266,2024-08-09,2029-08-09
6055,NOMITE 140 EC,SANTANI AGRO PERKASA,Akarisida,01140120093555,2024-03-04,2029-03-04
6056,PROMOTRIN PLUS 250 EC,TIGA MUARA EMAS MAKMUR,Insektisida,01010120248536,2024-11-18,2029-11-18
6057,VAPE 0.26 AE,FUMAKILLA INDONESIA,Pestisida Rumah Tangga,032017409,2022-10-04,2027-10-04
6058,LEGACY 265/35 OD,DHARMA GUNA WIBAWA,Herbisida,01030120238151,2024-03-05,2029-03-05
6059,KLERAT 0.005 BB,SYNGENTA INDONESIA,Rodentisida,0112011984666,2023-04-26,2028-04-26
6060,MOLA 480 SL,SARI KIMIA UNGGUL,Herbisida,01030120031890,2024-03-04,2029-03-04
6061,DIPEL WG,NUFARM INDONESIA,Insektisida,01010120134857,2023-04-26,2028-04-26
6062,POSAT 480 SL,SAPROTAN UTAMA NUSANTARA,Herbisida,01030120031776,2025-02-17,2030-02-17
6063,ZAALA 50 EC,GLOBAL AGRO MANDIRI,Insektisida,01010120114013,2025-09-26,2030-09-26
6064,HIT GREEN 12.5 LT,GODREJ CONSUMER PRODUCTS INDONESIA,Pestisida Rumah Tangga,06080120227316,2022-06-27,2027-06-27
6065,RICEWARD 50/20 WG,ENFARM CROP SCIENCE,Insektisida,01010120259114,2025-11-13,2030-11-13
6066,CAKRAWALA 108 EC,REJEKI INDO AGROTEC,Herbisida,01030120259183,2026-01-20,2031-01-20
6067,PESTADAR 57 ME,ALFA BETA AGROCHEMICAL,Insektisida,01010120269436,2026-04-20,2031-04-20
6068,KOBAE GOKITORE HG 20,OSIMO INDONESIA,Pestisida Rumah Tangga,032024577,2025-02-17,2030-02-17
6069,MARS 100/200 SC,AGRORISEN INDOMAKMUR CEMERLANG,Insektisida,01010120259240,2026-01-20,2031-01-20
6070,DOMECTIN 30EC,DUTA TANI,Insektisida,01010120237872,2023-08-28,2028-08-28
6071,T-FORDI 865 SL,AGROTECH PESTICIDE INDUSTRY,Herbisida,01030120155268,2025-07-11,2030-07-11
6072,ACTICIDE EPW,JAYA WARINDO ABADI,Pestisida lain-lain,0420231262,2024-03-05,2029-03-05
6073,GLIFOSAT 95 TC,MITRA KREASIDHARMA,Herbisida,042016365,2025-11-13,2030-11-13
6074,PROLEADER 500 SC,MULTI AGRO JAYA UTAMA,Herbisida,01030120258851,2025-07-11,2030-07-11
6075,LASER 300 EC,SARI KRESNA KIMIA,Insektisida,01010120093465,2024-03-05,2029-03-05
6076,BIFEN 50 WG,MASCO AGRI GENETICS,Insektisida,01010120248584,2025-02-17,2030-02-17
6077,GLIFO 62 TC,FADJARPURNAMA PRATAMA INTI,Herbisida,04199668,2023-04-26,2028-04-26
6078,LANNATE 40 SP,CORTEVA AGRISCIENCE INDONESIA,Insektisida,01010119991490,2022-02-22,2027-02-22
6079,"2,4-D 98 TC",CENTA BRASINDO ABADI CHEMICAL INDUSTRY,Herbisida,0420231215,2024-03-04,2029-03-04
6080,ALLUSIO 80 WP,AGRO CHEMICA,Fungisida,01020120196325,2024-08-09,2029-08-09
6081,MOZI 200 SC,SARI KRESNA KIMIA,Insektisida,01010120217209,2026-01-20,2031-01-20
6082,CLOSER 240 SC,CORTEVA AGRISCIENCE MANUFACTURING INDONESIA,Insektisida,032011253,2026-01-20,2031-01-20
6083,ASCARYA 100/200 SC,MITRA INDOTANI ABADI,Insektisida,01010120259033,2025-11-13,2030-11-13
6084,Acticide BAC 80,AZELIS INDONESIA DISTRIBUSI,Pestisida lain-lain,0420261490,2026-04-20,2031-04-20
6085,PRIME PLUS 25 EC,SAPROTAN UTAMA,Zat Pengatur Tumbuh Tanaman,01040120041996,2024-08-09,2029-08-09
6086,DOBELMECTIN 36 EC,GOLDEN FARM INDONESIA,Insektisida,01010120175685,2022-10-04,2027-10-04
6087,NARGIS 50 WP,BIOTIS AGRINDO,Fungisida,01020120103776,2025-02-17,2030-02-17
6088,TASEN 45 M 80 WP,SARI KIMIA UNGGUL,Fungisida,01020120062480,2025-11-13,2030-11-13
6089,ADENTIS 150/100 SC,ZENITH CROPSCIENCES INDONESIA,Insektisida,01010120227274,2022-06-27,2027-06-27
6090,RAMOXONE 276 SL,SAPROTAN UTAMA NUSANTARA,Herbisida,01030120093591,2025-07-11,2030-07-11
6091,JOSENATE 200 SL,ARTHA MAKMUR ABADI,Herbisida,01030120248397,2024-09-19,2029-09-19
6092,SINAGROWTH 20 TB,SINAMYANG INDONESIA,Zat Pengatur Tumbuh Tanaman,01040120155187,2024-09-19,2029-09-19
6093,ALCOREEN 100 SC,DALZON CHEMICALS INDONESIA,Insektisida,01010120155327,2026-01-20,2031-01-20
6094,GANERO 250 EC,ZENITH CROPSCIENCES INDONESIA,Zat Pengatur Tumbuh Tanaman,01040120196373,2024-08-09,2029-08-09
6095,Roundup Hi-Load 509 SL,MONAGRO KIMIA,Herbisida,032007212,2023-02-08,2028-02-08
6096,UNIMALL 210 SC,INTI EVERSPRING INDONESIA,Fungisida,01020120207003,2025-11-13,2030-11-13
6097,TERANIL 90 WG,RAINBOW AGROSCIENCES,Fungisida,01020120144920,2023-04-26,2028-04-26
6098,DKZOL EXTRA 150/150 EC,DANKEN INDONESIA,Fungisida,01020120145055,2025-07-11,2030-07-11
6099,SINALIN 200 SL,SINAMYANG INDONESIA,Herbisida,01030120206984,2025-09-26,2030-09-26
6100,MANTAPXONE 135 SL*,SINAR GENERAL INDUSTRIES,Herbisida,01030120155244,2025-07-11,2030-07-11
6101,"SHIELD 0,05 GL",KRISTALINDO KARUNIA INTERNASIONAL,Pestisida Rumah Tangga,06080120165645,2026-01-20,2031-01-20
6102,ASIAFAT 75 SP,DA MING INDONESIA,Insektisida,01010120237728,2023-04-26,2028-04-26
6103,SERCADIS 300 SC,BASF INDONESIA,Fungisida,032022532,2022-12-05,2027-12-05
6104,CONVEY COMPLETE 310 SC,BASF INDONESIA,Herbisida,01030120175893,2022-10-04,2027-10-04
6105,POUNCE 500 EC,BINA GUNA KIMIA,Insektisida,032019473,2024-09-19,2029-09-19
6106,BRAHMASTRA 200/200 SC,SANTANI AGRO PERKASA,Fungisida,01020120227503,2022-12-05,2027-12-05
6107,GRIND UP 240 SL,SPEKTRUM GEO INAGRO,Herbisida,01030120083269,2024-03-04,2029-03-04
6108,DETACRON 500 EC,DELTAGRO MULIA SEJATI,Insektisida,01010120031807,2023-02-08,2028-02-08
6109,SIMO-X 20 WP,ETONG CHEMICAL INDONESIA,Fungisida,01020120258875,2025-07-11,2030-07-11
6110,OHIO 10 WP,ARTHA BUANA MANDIRI,Insektisida,01010120165452,2026-04-20,2031-04-20
6111,AKUZOLE 175/75 SC,ADVANSIA INDOTANI,Fungisida,01020120217231,2022-01-14,2027-01-14
6112,MYTHIC 240 SC,BASF INDONESIA,Pestisida Pengendalian Vektor Penyakit Pada Manusia,032026641,2026-04-20,2031-04-20
6113,DIWRON PLUS 80 WP,ARTHA MAKMUR ABADI,Herbisida,01030120269356,2026-04-20,2031-04-20
6114,EXRAN 100 EC,DHARMA GUNA WIBAWA,Herbisida,01030120134570,2022-10-04,2027-10-04
6115,DOSSER 400 SL,BERSAMA SATU TEGUH,Insektisida,01010120072926,2024-03-04,2029-03-04
6116,SAMONIK 27 SL,SEMESTA AGRO MAKMUR,Zat Pengatur Tumbuh Tanaman,01040120259285,2026-01-20,2031-01-20
6117,PELLE 50 EC,TUNASHARAPAN MURNI,Insektisida,01010120041992,2024-03-05,2029-03-05
6118,DKMOREKING 20 SP,DANKEN INDONESIA,Zat Pengatur Tumbuh Tanaman,01040120248602,2025-02-17,2030-02-17
6119,AZODIC 200/125 SC,AGRO SENTOSA RAYA,Fungisida,01020120248235,2024-08-09,2029-08-09
6120,BADAI 160 SL,ANDALL HASA PRIMA,Herbisida,01030120021676,2023-04-26,2028-04-26
6121,PILARSTAR ULTRA 600 SL,PILARQUIM AGROSCIENCE INDONESIA,Herbisida,01030120238043,2024-03-04,2029-03-04
6122,AZODEX MAX 133/50 SE,AGRO TERRUM INDONESIA,Fungisida,01020120248572,2025-02-17,2030-02-17
6123,SATJOSS 490 SL,TANI MEDIA,Herbisida,01030120206976,2025-09-26,2030-09-26
6124,ONE PUSH VAPE 30.9 AE,FUMAKILLA INDONESIA,Pestisida Rumah Tangga,06080120124240,2022-01-14,2027-01-14
6125,FASTAC 15 EC,BASF INDONESIA,Insektisida,0101011986738,2023-04-26,2028-04-26
6126,SON-I 10 SP,MAKMUR JAYA AGRO,Zat Pengatur Tumbuh Tanaman,01010120206863,2026-01-20,2031-01-20
6127,METSULFURON METHYL 95 TC,DALZON CHEMICALS INDONESIA,Herbisida,042019767,2024-03-05,2029-03-05
6128,NIKLOSAMIDA 97 TC,SOLO LOGO INDONESIA,Moluskisida,042018538,2022-12-05,2027-12-05
6129,COMBISTAR 240/120 SL,SANTANI AGRO PERKASA,Herbisida,01030120052249,2025-11-13,2030-11-13
6130,JESTER 50 EC,INDO HOECHST,Insektisida,01010120258952,2025-09-26,2030-09-26
6131,WINTAG 490 SL,DWIAGRI MAKMUR INTERTRADE,Herbisida,01030120072795,2023-08-28,2028-08-28
6132,Alpha Cypermethrin 97 TC,KENSO INDONESIA,Insektisida,0420251446,2026-01-20,2031-01-20
6133,PYRDON 480 EC,GLOBAL AGROTAMA INDONESIA,Herbisida,01030120124511,2023-08-28,2028-08-28
6134,NOMOS 0.425 AE,FUMAKILLA NOMOS,Pestisida Rumah Tangga,06080120248307,2024-08-09,2029-08-09
6135,PRIMAFOS 400 SL,KIMIKA USAHA PRIMA,Fungisida,01020120042125,2024-03-04,2029-03-04
6136,SHARINGAN 555 SL,FORAGRO MAJU SEJAHTERA,Herbisida,01030120134820,2023-04-26,2028-04-26
6137,KIA UP 500 SL,DAYA MERRY PERSADA,Herbisida,01030120196283,2024-11-18,2029-11-18
6138,THANOS 200/100 EC,GLOBAL AGROTAMA INDONESIA,Insektisida,01010120227470,2022-10-04,2027-10-04
6139,LAMBDA CYHALOTHRIN 95 TC,CENTA BRASINDO ABADI CHEMICAL INDUSTRY,Insektisida,0420231256,2024-03-05,2029-03-05
6140,KILL UP NEO 481 SL,AGROTECH PESTICIDE INDUSTRY,Herbisida,01030120227547,2022-12-05,2027-12-05
6141,WAUXIN 5 SP,ARENA HORMON INDONUSA,Zat Pengatur Tumbuh Tanaman,01040120259148,2025-11-13,2030-11-13
6142,OPTIMUS PRIME 100/65 SL,MULTI SARANA INDOTANI,Herbisida,01030120269430,2026-04-20,2031-04-20
6143,XAXONE 135 SL,DELTAGRO MULIA SEJATI,Herbisida,01030120269503,2026-04-20,2031-04-20
6144,Flusilazole 95 TC,SOLO LOGO INDONESIA,Fungisida,0420231181,2023-08-28,2028-08-28
6145,SRI DOBELMAX 300 EC,PRIMA LESTARI AGROSCIENCES INDONESIA,Fungisida,01020120175797,2023-04-26,2028-04-26
6146,GALAXONE 138 SL*,REJEKI INDO AGROTEC,Herbisida,01030120165612,2026-01-20,2031-01-20
6147,PROPINEB 85 TC,DOVER CHEMICAL,Fungisida,0420241366,2025-02-17,2030-02-17
6148,YAMITAP 2/78 WP,SINAMYANG INDONESIA,Insektisida,01010120217227,2025-11-13,2030-11-13
6149,SAROMYL 35 SD,MULTI SARANA INDOTANI,Fungisida,01020119971367,2021-11-18,2026-11-18
6150,TALOS 150/30 SC,ACE BIOCHEM INDONESIA,Insektisida,01010120248430,2024-09-19,2029-09-19
6151,CAMORA 100 SL,DELTA GIRI WACANA,Insektisida,01010120237737,2023-04-26,2028-04-26
6152,ALADIN 865 SL,AGRICULTURE CONSTRUCTION,Herbisida,01030120021673,2022-10-04,2027-10-04
6153,BELAZ 200/125 SC,CENTA BRASINDO ABADI CHEMICAL INDUSTRY,Fungisida,01020120237851,2023-08-28,2028-08-28
6154,LAKU-X 100 EC,CENTA BRASINDO ABADI CHEMICAL INDUSTRY,Insektisida,01010120259231,2026-01-20,2031-01-20
6155,HIT 0.11 MC,GODREJ CONSUMER PRODUCTS INDONESIA,Pestisida Rumah Tangga,06080120248636,2025-02-17,2030-02-17
6156,VAPE 0.3 AE,FUMAKILLA INDONESIA,Pestisida Rumah Tangga,06080120269687,2026-07-16,2031-07-16
6157,SHIVER 25 WP,DHARMA GUNA WIBAWA,Insektisida,01010120145101,2024-08-09,2029-08-09
6158,andablast 125/400 SC,ANDAFA AGRO INDO,Fungisida,01020120217017,2026-01-20,2031-01-20
6159,PROMOCYODAN 3 GR,TIGA MUARA EMAS MAKMUR,Insektisida,01010120227696,2023-02-08,2028-02-08
6160,YUTAZOLE 250/150 SC,NUSANTARA AGRO SUKSES,Fungisida,01020120269695,2026-07-16,2031-07-16
6161,ALBALISH 18 EC,SATYA ALAM SEMESTA,Insektisida,01010120196493,2024-09-19,2029-09-19
6162,SPECTRONE 250/200 EC,BIOTIS AGRINDO,Insektisida,01010120145108,2024-09-19,2029-09-19
6163,JIBRO 50 SC,EXCEL MEG INDO,Insektisida,01010120258800,2025-07-11,2030-07-11
6164,DIMETARI 400 EC,DA MING INDONESIA,Insektisida,01010120237870,2023-08-28,2028-08-28
6165,COYOTE 400/40 SE,CATUR AGRODAYA MANDIRI,Herbisida,01030120227292,2022-06-27,2027-06-27
6166,CARBOFURAN 97 TC,DELTA GIRI WACANA,Insektisida,0420231246,2024-03-05,2029-03-05
6167,KENFOSAT 490 SL,KENSO INDONESIA,Herbisida,032025589,2025-07-11,2030-07-11
6168,PARAQUAT DICHLORIDE 42 TC,SAMUDRA UTAMA NARAPATI,Herbisida,042020890,2026-01-20,2031-01-20
6169,BIOGENT 50 SC,BIOTIS AGRINDO,Insektisida,01010120093322,2022-12-05,2027-12-05
6170,CEKAT 15/24 WG,CATUR AGRODAYA MANDIRI,Insektisida,01010120217042,2025-11-13,2030-11-13
6171,UDRAZOLE 250 EC,AGRO JAYA INDONESIA,Fungisida,01020120259009,2025-09-26,2030-09-26
6172,VAPE 0.4 MC,FUMAKILLA INDONESIA,Pestisida Rumah Tangga,06080120114183,2022-10-04,2027-10-04
6173,PROPINEB 80 TC,SOLO LOGO INDONESIA,Fungisida,0420251398,2025-09-26,2030-09-26
6174,METSULFURON METHYL 97 TC,DHARMA GUNA WIBAWA,Herbisida,042017446,2022-01-14,2027-01-14
6175,KOMODOR 300/100 SL,PETROKIMIA KAYAKU,Herbisida,01030120031766,2026-07-16,2031-07-16
6176,AYUNA 50 EC,ADVANSIA INDOTANI,Insektisida,01010120103607,2024-08-09,2029-08-09
6177,SUMITHION 500 EC,NUFARM INDONESIA,Insektisida,010101197431,2023-04-26,2028-04-26
6178,NGETREL 480 SL,DA MING INDONESIA,Zat Pengatur Tumbuh Tanaman,01040120237791,2023-04-26,2028-04-26
6179,LAMDADOR 50 EC,MAXXI AGRI INDONESIA,Insektisida,01010120155180,2025-02-17,2030-02-17
6180,LICRON 500 EC,DA MING INDONESIA,Insektisida,01010120072770,2023-04-26,2028-04-26
6181,OXAMYL 97 TC,DELTA GIRI WACANA,Insektisida,0420261518,2026-07-16,2031-07-16
6182,GRAXONE 276 SL*,SINAR GENERAL INDUSTRIES,Herbisida,01030120206736,2025-07-11,2030-07-11
6183,DIRECT 100 EC,AGRICULTURE CONSTRUCTION,Bahan pengawet kayu,04110120093425,2023-08-28,2028-08-28
6184,Parakuat Diklorida 42 TC,DALZON CHEMICALS INDONESIA,Herbisida,042009248,2025-02-17,2030-02-17
6185,INFINITO 687.5 SC,BAYER INDONESIA,Fungisida,01020120093342,2023-04-26,2028-04-26
6186,OPTION 350 SC,AGRICULTURE CONSTRUCTION,Bahan pengawet kayu,04110120083209,2023-04-26,2028-04-26
6187,MIPCIN 50 WP,PETROKIMIA KAYAKU,Insektisida,.01010120072960,2022-06-27,2027-06-27
6188,VAPE F 0.82 AE,FUMAKILLA INDONESIA,Pestisida Rumah Tangga,032012308,2023-04-26,2028-04-26
6189,GRAMOXONE 276 SL,SYNGENTA INDONESIA,Herbisida,010301197436,2024-09-19,2029-09-19
6190,ETHEPHON 85 TC,SAMUDRA UTAMA NARAPATI,Zat Pengatur Tumbuh Tanaman,042021914,2026-01-20,2031-01-20
6191,METAMIFOP + CYHALOFOP 100 EC,BINA GUNA KIMIA,Herbisida,032020499,2025-11-13,2030-11-13
6192,"Mortein 0,15 MC",RECKITT BENCKISER INDONESIA,Pestisida Rumah Tangga,032012282,2022-12-05,2027-12-05
6193,MEGATOP 328 SL,DA MING INDONESIA,Herbisida,01030120227437,2022-10-04,2027-10-04
6194,HERBINATE-77 150 SL,AGROMANNA JAYA LESTARI,Herbisida,01030120248274,2024-08-09,2029-08-09
6195,EPIDER 5/5 WG,SEMESTA AGRO MAKMUR,Insektisida,01010120269563,2026-07-16,2031-07-16
6196,PIETHES 500 SC,BOMA SAKTI TANI,Insektisida,01010120206658,2025-09-26,2030-09-26
6197,DETRON 300 SC,PRIMA KARYA BERJAYA,Insektisida,01010120227635,2023-02-08,2028-02-08
6198,INDOMOXAN 20 WP,INTI EVERSPRING INDONESIA,Fungisida,01020120155155,2024-08-09,2029-08-09
6199,ARIKU 430 SC,ADVANSIA INDOTANI,Fungisida,01020120124343,2022-12-05,2027-12-05
6200,FORAMIDA 30 WP,FORAGRO MITRA SEJATI,Insektisida,01010120248616,2025-02-17,2030-02-17
6201,AJI-DOR 30 WP,AGRO JAYA INDUSTRI,Insektisida,01010120238089,2024-03-05,2029-03-05
6202,COASTAL 95/31 SC,SINAR GENERAL INDUSTRIES,Insektisida,01010120258916,2025-09-26,2030-09-26
6203,Innosei ® MT,TRITUNGGAL ARTHAMAKMUR,Bakterisida,0420221114,2023-02-08,2028-02-08
6204,NOMOS 0.185AE,FUMAKILLA NOMOS,Pestisida Rumah Tangga,06080120165573,2021-10-12,2026-10-12
6205,X-NacloTop 15 WP,RAJA GROUP INDONESIA,Zat Pengatur Tumbuh Tanaman,01040120258895,2025-07-11,2030-07-11
6206,Hervey Perfect 10/300 SC,Agro Bumi Timur,Herbisida,01030120259214,2026-01-20,2031-01-20
6207,TATUM 200/125 SC,PT. WAHANA MAS,Fungisida,01010120186226,2025-07-11,2030-07-11
6208,SADEWA 80/145 SC,TUNAS SUBUR,Insektisida,01010120217262,2022-01-14,2027-01-14
6209,"NATULAR 7,48 DT",UPL INDONESIA,Pestisida Rumah Tangga,06080120227559,2022-12-05,2027-12-05
6210,BASRUM 500 SC,AGRO JAYA INDUSTRI,Herbisida,01030120259167,2026-01-20,2031-01-20
6211,NUFARIS 240 SL,NUFARM INDONESIA,Herbisida,01030120011628,2025-09-26,2030-09-26
6212,PROXEL GL20,IMCD INDONESIA,Bakterisida,0420221088,2022-12-05,2027-12-05
6213,PIN-UP 486 SL,SINAR GENERAL INDUSTRIES,Herbisida,01030120227691,2023-02-08,2028-02-08
6214,K-Glyphosate 58 TC,DALZON CHEMICALS INDONESIA,Herbisida,042019764,2024-09-19,2029-09-19
6215,GREENXONE 250 SC,AGRORISEN INDOMAKMUR CEMERLANG,Zat Pengatur Tumbuh Tanaman,01040120258940,2025-09-26,2030-09-26
6216,DKAUREVA 35 WP,DANKEN INDONESIA,Insektisida,01010120196258,2023-02-08,2028-02-08
6217,BLACK HAWK 75 SP,UPL INDONESIA,Insektisida,01010120165491,2026-01-20,2031-01-20
6218,AJIJOSS 40/120 SC,AGRO JAYA INDUSTRI,Insektisida,01010120269510,2026-07-16,2031-07-16
6219,VAPE 0.34 AE,FUMAKILLA INDONESIA,Pestisida Rumah Tangga,032013332,2023-08-28,2028-08-28
6220,METIN 40 SP,SARI KIMIA UNGGUL,Insektisida,01010120072672,2022-12-05,2027-12-05
6221,SHENZI 400 SC,UPL INDONESIA,Insektisida,01010120248699,2025-02-17,2030-02-17
6222,CAMELIA 11 GR,GERBANG CAHAYA UTAMA,Moluskisida,01050120196422,2024-09-19,2029-09-19
6223,"FLOTEX 2,5 PA",AGRO DYNAMICS INDO,Zat Pengatur Tumbuh Tanaman,01040120124361,2023-04-26,2028-04-26
6224,Soffell 20 LT,HERLINA INDAH,Repelen,06080120259296,2026-01-20,2031-01-20
6225,PESLATAH 400/50 EC,BINTANG RAPESTRA ABADI,Insektisida,01010120269621,2026-07-16,2031-07-16
6226,SILAMDA 25 EC,DHARMA GUNA WIBAWA,Pestisida Pengendalian Vektor Penyakit Pada Manusia,06090120093564,2023-04-26,2028-04-26
6227,TEPAT 60 SL,BASF INDONESIA,Herbisida,032019474,2024-11-18,2029-11-18
6228,PIRAM 150 SL,REJEKI INDO AGROTEC,Insektisida,01010120237796,2023-04-26,2028-04-26
6229,BAYTHROID 60 EC,AGRIVA CROPSCIENCE INDONESIA,Insektisida,01010120259170,2026-01-20,2031-01-20
6230,MAHAKAM TRANDY 18/10 WP,TIGA MUARA EMAS MAKMUR,Herbisida,01030120259089,2025-11-13,2030-11-13
6231,"RODEMIN WB 0,0375 BB",ROYAL AGRO INDONESIA,Rodentisida,01120120238192,2024-03-05,2029-03-05
6232,WELCHEM 500 SL,GLOBAL AGROTECH,Insektisida,01010120175815,2022-06-27,2027-06-27
6233,FUMILIKUID 2 GA,PHOSPHINDO JAYA UTAMA,Fumigan,05100120175752,2024-03-05,2029-03-05
6234,FEPROXYDIM 40 TK,INDO-SINO AGROCHEMICAL,Herbisida,0420261506,2026-07-16,2031-07-16
6235,UTHANE 75 WG,UPL INDONESIA,Fungisida,01020120072904,2023-02-08,2028-02-08
6236,MARSHAL 25 DS,BINA GUNA KIMIA,Insektisida,0101011983645,2022-12-05,2027-12-05
6237,TORSO 150 EC,DALZON CHEMICALS INDONESIA,Insektisida,01010120113926,2025-09-26,2030-09-26
6238,AMETRYN 97 TC,MULTI SARANA INDOTANI,Herbisida,0420231245,2024-03-05,2029-03-05
6239,GARDENER 68 WG,RAINBOW AGROSCIENCES,Herbisida,01030120144935,2023-08-28,2028-08-28
6240,ARYTOP 300 EC,ARYSTA LIFESCIENCE TIRTA,Fungisida,01020120072710,2022-01-19,2027-01-19
6241,AMIPHOSATE 480 SL,BIOWORLD BIOSCIENCES MANUFACTURING INDUSTRIES,Herbisida,01030120041949,2024-03-05,2029-03-05
6242,LEPTOKIL 100/40 SE,PETROKIMIA KAYAKU,Herbisida,01030120165626,2026-01-20,2031-01-20
6243,MECKING 36 EC,BERBAK AGRO SEJATI,Insektisida,01010120114145,2026-07-16,2031-07-16
6244,Brown up 490 SL,PETROSIDA GRESIK,Herbisida,01030120052244,2025-07-11,2030-07-11
6245,BUNIKEN 60/10 WP,DA MING INDONESIA,Insektisida,01010120217120,2026-07-16,2031-07-16
6246,SINAKILL 18/32 EC,SINAMYANG INDONESIA,Insektisida,01010120237811,2023-04-26,2028-04-26
6247,8ASMIRUMPUT 495 SL,TIGA MUARA EMAS MAKMUR,Herbisida,01030120134549,2023-02-08,2028-02-08
6248,GULMARON 500 SC,TRIBINA TANIKARYA,Herbisida,01030119981412,2022-01-14,2027-01-14
6249,STARUP 486 SL,MAKMUR JAYA AGRO,Herbisida,01030120186223,2024-08-09,2029-08-09
6250,BIGCELL 10 PA,SINAMYANG INDONESIA,Zat Pengatur Tumbuh Tanaman,01040120155130,2025-02-17,2030-02-17
6251,FOSDAK 255 SL,SARI KRESNA KIMIA,Herbisida,01030120258774,2025-07-11,2030-07-11
6252,BARETA 36 EC,DELTA GIRI WACANA,Insektisida,01010120206813,2025-07-11,2030-07-11
6253,"V-LEBI 0,02/3,98 SL",VISION CROP PROTECTION,Zat Pengatur Tumbuh Tanaman,01040120259012,2025-09-26,2030-09-26
6254,Alphatrin 90 TC,MSR HIJAU LESTARI,Insektisida,042000114,2021-10-12,2026-10-12
6255,LABANA 255 SC,PETROSIDA GRESIK,Zat Pengatur Tumbuh Tanaman,01040120073057,2022-10-04,2027-10-04
6256,PARAKUAT DIKLORIDA 42 TC,NATHANI CHEMICALS,Herbisida,042017474,2023-02-08,2028-02-08
6257,ALCHER 100 EC,ADVANSIA INDOTANI,Herbisida,01030120124410,2022-10-04,2027-10-04
6258,JAXXON 140 SL,DALZON CHEMICALS INDONESIA,Herbisida,01030120175761,2022-12-05,2027-12-05
6259,HALAUXIFEN-METHYL 95 TC,KINGAGROOT BIOTECHNOLOGY INDONESIA,Herbisida,0420241337,2024-11-18,2029-11-18
6260,BERSILALANG 559 SL,TIGA MUARA EMAS MAKMUR,Herbisida,01030120227500,2022-12-05,2027-12-05
6261,WINFLUROXY 288 EC,AGRO JAYA INDONESIA,Herbisida,01030120227604,2022-12-05,2027-12-05
6262,BENNATIUM 200 SL,INDONESIA BENXING INDUSTRIAL,Herbisida,01030120258905,2025-09-26,2030-09-26
6263,BIOX P509,KEMINDO ARTHA JAYA,Bakterisida,0420221033,2022-06-22,2027-06-22
6264,TRIPAS PLUS 350/150 SC,TRIDA KIMIA SAKTI,Insektisida,01010120237824,2023-04-26,2028-04-26
6265,SIDAJOS 430 EC,PETROSIDA GRESIK,Insektisida,01010120072894,2022-10-04,2027-10-04
6266,TEBUKLIN 500 SC,MAXXI AGRI INDONESIA,Herbisida,01030120259134,2025-11-13,2030-11-13
6267,MAXOMEC 500/50 EC,JIVA AGRICULTURE INDONESIA,Insektisida,01010120258835,2025-07-11,2030-07-11
6268,HIT 0.265 AE,GODREJ CONSUMER PRODUCTS INDONESIA,Pestisida Rumah Tangga,06080120248279,2024-08-09,2029-08-09
6269,TUKUL 20 TB,AGRO CHEMICA,Zat Pengatur Tumbuh Tanaman,01040120248335,2024-08-09,2029-08-09
6270,AGRONIL 75 WP,SARI KRESNA KIMIA,Fungisida,01020120114105,2025-09-26,2030-09-26
6271,nikab 150 EC,TANGGUH AGRO NUSA INDONESIA,Insektisida,01010120258842,2025-07-11,2030-07-11
6272,PIRAZO 0.75/30 DF,UPL INDONESIA,Herbisida,01030120248677,2025-02-17,2030-02-17
6273,VAPE 0.05 MC,FUMAKILLA INDONESIA,Pestisida Rumah Tangga,06080120124538,2023-02-08,2028-02-08
6274,LUMISPANCE 500 FS,CORTEVA AGRISCIENCE MANUFACTURING INDONESIA,Insektisida,032021505,2026-04-20,2031-04-20
6275,TEMBO-BADOU 80 OD,MULTI AGRO JAYA UTAMA,Herbisida,01030120248332,2024-08-09,2029-08-09
6276,BESCOZEB 80 WP,TIARA BUANA MANDIRI,Fungisida,01020120196413,2024-09-19,2029-09-19
6277,PA-ZONE 60/400 SL,NOPOSION AGROCHEMICALS INDONESIA,Herbisida,01030120238177,2024-03-05,2029-03-05
6278,NOTCH 90 SL,DALZON CHEMICALS INDONESIA,Herbisida,01030120083206,2024-03-04,2029-03-04
6279,NUGOR 400 EC,CATUR AGRODAYA MANDIRI,Insektisida,01010120042113,2024-08-09,2029-08-09
6280,SHIELDER 200 SC,AGRORISEN INDOMAKMUR CEMERLANG,Fungisida,01020120258874,2025-07-11,2030-07-11
6281,GOOD KNIGHT 8.09 LV,GODREJ CONSUMER PRODUCTS INDONESIA,Pestisida Rumah Tangga,06080120238005,2024-03-04,2029-03-04
6282,BIOLON 670 EC,BIOTIS AGRINDO,Herbisida,01030120093412,2023-04-26,2028-04-26
6283,SCUDETO 20 WP,KUNIMA JAYA SELARAS,Fungisida,01020120134719,2023-04-26,2028-04-26
6284,BURNER 150 SL,ROYAL AGRO INDONESIA,Herbisida,01030120238111,2024-03-05,2029-03-05
6285,Zinc Omadine ZOE T Antimicrobial,IMCD INDONESIA,Fungisida,0420231243,2024-03-04,2029-03-04
6286,TRIACTIVE 500 SL,MAXXI AGRI INDONESIA,Insektisida,01010120155276,2025-02-17,2030-02-17
6287,ATRAZIN 97 TC,MULTI SARANA INDOTANI,Herbisida,0420221012,2022-06-27,2027-06-27
6288,TUPORMIN 865 SL,SAPROTAN UTAMA NUSANTARA,Herbisida,01030120011646,2025-07-11,2030-07-11
6289,PARAKUAT DIKLORIDA 42 TC,BIOTIS AGRINDO,Herbisida,042009237,2022-10-04,2027-10-04
6290,EASY 50 SP,AGRICULTURE CONSTRUCTION,Insektisida,01010120103623,2024-03-05,2029-03-05
6291,WYNCAFOS 60 SL,AGRO JAYA INDONESIA,Herbisida,01030120248441,2024-09-19,2029-09-19
6292,MANDOXONE 276 SL*,SPEKTRUM GEO INAGRO,Herbisida,01030120093546,2024-09-19,2029-09-19
6293,TRIZIN 10/25 WP,TRIDA KIMIA SAKTI,Insektisida,01010120145027,2024-03-04,2029-03-04
6294,SIONG UP 533 SL,ARTHA MAKMUR ABADI,Herbisida,01030120269659,2026-07-16,2031-07-16
6295,SMACKDOWN 100 EC,PETROSIDA GRESIK,Insektisida,01010120042324,2025-11-13,2030-11-13
6296,"NORAT 0,005 BB",NUGROHO PRATAMA CHEMICA ASIA,Rodentisida,01120120072882,2023-02-08,2028-02-08
6297,SAGRI-NIL 77 WP,SATYA AGRO INDONESIA,Fungisida,01020120124317,2022-06-27,2027-06-27
6298,BT-PLUS WP,PRIMA AGRO TECH,Insektisida,01010120175741,2022-10-04,2027-10-04
6299,LUFOS PLUS 100 SL,ETONG CHEMICAL INDONESIA,Herbisida,01030120259233,2026-01-20,2031-01-20
6300,HIT Mat 0.582 MV,GODREJ CONSUMER PRODUCTS INDONESIA,Pestisida Rumah Tangga,06080120227537,2022-12-05,2027-12-05
6301,SPANVIC 120 SC,RAINBOW AGROSCIENCES,Insektisida,01010120238066,2024-03-04,2029-03-04
6302,SATGAZ 75 WP,PETROSIDA GRESIK,Fungisida,01020120072801,2022-10-04,2027-10-04
6303,GLIDAMIN 300/100 SL,ADIL MAKMUR FAJAR,Herbisida,01030119931011,2024-03-04,2029-03-04
6304,K-FENOPHOS 500 EC,HANEARL SCIENCE INDONESIA,Insektisida,01010120237900,2023-08-28,2028-08-28
6305,MELLIS 249.98/0.02 SL,TANAMAN MAKMUR MANDIRI,Zat Pengatur Tumbuh Tanaman,01040120269600,2026-07-16,2031-07-16
6306,FLOXS 36 EC,KUNIMA JAYA SELARAS,Insektisida,01010120175751,2022-10-04,2027-10-04
6307,HIT 0.32 AE,GODREJ CONSUMER PRODUCTS INDONESIA,Pestisida Rumah Tangga,06080120175903,2023-04-26,2028-04-26
6308,Glyphosate 95 TC,TIGA MUARA EMAS MAKMUR,Herbisida,042021952,2026-04-20,2031-04-20
6309,ACTICIDE LG CONC,JAYA WARINDO ABADI,Fungisida,0420251430,2025-11-13,2030-11-13
6310,ONE PUSH VAPE 9.8 AE,FUMAKILLA INDONESIA,Pestisida Rumah Tangga,06080120238038,2024-03-04,2029-03-04
6311,QILUSPIN PLUS 6/4 WG,QILU CROP SCIENCE,Insektisida,01010120248538,2024-11-18,2029-11-18
6312,BUANA 55 EC,BOMA SAKTI TANI,Insektisida,01010120093526,2024-08-09,2029-08-09
6313,JOEWTRANE 480 EC,ARTHA MAKMUR ABADI,Herbisida,01030120269396,2026-04-20,2031-04-20
6314,FLYTOX 1 P,MEDION FARMA JAYA,Pestisida lain-lain,02140120134574,2023-02-08,2028-02-08
6315,GIANAZ 200 SL,Agro Bumi Timur,Herbisida,01030120269378,2026-04-20,2031-04-20
6316,CARBOTER 3 GR,TRIBINA TANIKARYA,Insektisida,01010120072928,2023-04-26,2028-04-26
6317,SIDATAN XR 525 SL,PETROSIDA GRESIK,Insektisida,01010120165584,2022-11-18,2027-11-18
6318,DIURON 97 TC,SOLO LOGO INDONESIA,Herbisida,042017490,2022-10-04,2027-10-04
6319,HIT 0.185 AE,GODREJ CONSUMER PRODUCTS INDONESIA,Pestisida Rumah Tangga,06080120238008,2024-03-04,2029-03-04
6320,BASTA ULTRA 118 SL,BASF INDONESIA,Herbisida,032024569,2025-02-17,2030-02-17
6321,CLIPPER 25 OD,CORTEVA AGRISCIENCE MANUFACTURING INDONESIA,Herbisida,01030120041962,2023-04-26,2028-04-26
6322,CHLORMITE 400 EC,DELTA GIRI WACANA,Insektisida,01010120041960,2022-10-04,2027-10-04
6323,REGENT 2 GR,BASF INDONESIA,Insektisida,032025595,2025-07-11,2030-07-11
6324,AVIATE 70/5 WG,UPL INDONESIA,Fungisida,01020120165548,2026-04-20,2031-04-20
6325,DIPEL SC,NUFARM INDONESIA,Insektisida,01010120186178,2024-03-04,2029-03-04
6326,INDOFUM 99 GA,INDO GLOBAL TRADE,Fumigan,05100120165512,2021-11-18,2026-11-18
6327,KATHON™ WT Biocide,BLUE CUBE INDONESIA,Bakterisida,042018577,2024-03-04,2029-03-04
6328,DALIBRO 500 SC,CORTEVA AGRISCIENCE MANUFACTURING INDONESIA,Nematisida,032020497,2026-01-20,2031-01-20
6329,WYNCAMAX 660 SL,AGRO JAYA INDONESIA,Herbisida,01030120207008,2025-11-13,2030-11-13
6330,FENDITOX 6 GR,DELTA GIRI WACANA,Moluskisida,01050120269362,2026-04-20,2031-04-20
6331,KLORPIRIFOS 97 TC,KRISTALINDO KARUNIA INTERNASIONAL,Insektisida,042018534,2023-08-28,2028-08-28
6332,NARADOR 30 WP,SAMUDRA UTAMA NARAPATI,Insektisida,01010120196561,2024-09-19,2029-09-19
6333,WINNERPLUS 200/125 SC,ZHENGBANG CROP PROTECTION INDONESIA,Fungisida,01020120227371,2022-06-27,2027-06-27
6334,"BAYGON 0,3 AE",JOHNSON HOME HYGIENE PRODUCTS,Pestisida Rumah Tangga,06080120165418,2025-11-13,2030-11-13
6335,DEMETER 5.7 SG,INDOIN BUSINESS GROUP,Insektisida,01010120206723,2025-09-26,2030-09-26
6336,CHLOROTHALONIL 98 TC,PT. AGRORISEN INDOMAKMUR CEMERLANG,Fungisida,0420231124,2023-04-26,2028-04-26
6337,INNOMAN ® DB,TRITUNGGAL ARTHAMAKMUR,Bakterisida,0420231237,2024-03-04,2029-03-04
6338,FROWNCIDE 500 SC,SUMITOMO INDONESIA,Fungisida,01020120196433,2024-11-18,2029-11-18
6339,MERKURY 75 WP,SINAR GENERAL INDUSTRIES,Fungisida,01020120114033,2026-07-16,2031-07-16
6340,RACUNKEONG 60 WP,AGRO NATURAL TECHNOLOGY,Moluskisida,03050120175736,2026-07-16,2031-07-16
6341,RATAPOL 600 EC,SINAR GENERAL INDUSTRIES,Herbisida,01030120269637,2026-07-16,2031-07-16
6342,ACTICIDE RS,JAYA WARINDO ABADI,Fungisida,042020851,2025-11-13,2030-11-13
6343,ATRONOL 80 WP,DALZON CHEMICALS INDONESIA,Herbisida,032014350,2024-11-18,2029-11-18
6344,VICENZA 580/50 SC,SANTANI AGRO MANDIRI,Herbisida,01030120227477,2022-10-04,2027-10-04
6345,MAREWA 480 SL,LANGGENG MUSTIKA CHEMINDO,Herbisida,01030120248657,2025-02-17,2030-02-17
6346,NOVIXID 32.5 OD,CORTEVA AGRISCIENCE MANUFACTURING INDONESIA,Herbisida,032020480,2024-11-18,2029-11-18
6347,GOLMATOP 240 EC,CENTA BRASINDO ABADI CHEMICAL INDUSTRY,Herbisida,01030120206627,2024-11-18,2029-11-18
6348,BENTIN 10 WP,TRIDA KIMIA SAKTI,Insektisida,01010120217192,2026-07-16,2031-07-16
6349,RIZOTIN 100 EC,UNI AGRO CHEMICA,Insektisida,01010120031809,2026-01-20,2031-01-20
6350,FREE KICK 100/20 SC,GLOBAL AGROTECH,Insektisida,01010120227646,2023-02-08,2028-02-08
6351,VENTURA 5 GR,MULTI SARANA INDOTANI,Insektisida,01010120093510,2023-04-26,2028-04-26
6352,ANTRAMIX 30/22.5 SG,EASTCHEM AGROSCIENCE INDONESIA,Fungisida,01020120248355,2024-09-19,2029-09-19
6353,SUPEMEC 18 EC,GLOBAL AGROTECH,Insektisida,01010120042151,2024-03-05,2029-03-05
6354,THUREON 57/3 ME,KINGAGROOT BIOTECHNOLOGY INDONESIA,Herbisida,01030120269485,2026-04-20,2031-04-20
6355,FENOBINTOP 100/200 SC,BUMINDO ABADI MAKMUR,Fungisida,01020120269567,2026-07-16,2031-07-16
6356,ET-PRORISO 10/50 OD,ETONG CHEMICAL INDONESIA,Herbisida,01030120116919,2026-01-20,2031-01-20
6357,OMGILTA 150 EC,OGINESIA MULTI TANI,Herbisida,01030120269616,2026-07-16,2031-07-16
6358,GULL 240 EC,AGROKIMINDO KURNIABUANA,Herbisida,01030120031828,2022-10-04,2027-10-04
6359,CYPERMETHRIN 92 TC,INDO-SINO AGROCHEMICAL,Insektisida,0420261500,2026-07-16,2031-07-16
6360,BACKER 30 WP,ARTHA BUANA MANDIRI,Zat Pengatur Tumbuh Tanaman,01040120248236,2024-08-09,2029-08-09
6361,NOWEED 400 OF,SINAR GENERAL INDUSTRIES,Herbisida,01030120145086,2024-09-19,2029-09-19
6362,FASTRIN 100 EC,INDO-SINO AGROCHEMICAL,Insektisida,01010120072865,2023-02-08,2028-02-08
6363,TERVIDOR 25 WP,BAHTERA BONIAGA LESTARI,Insektisida,01010120259135,2025-11-13,2030-11-13
6364,PLIWIS 525 EC,TIGA MUARA EMAS MAKMUR,Insektisida,01010120227446,2022-10-04,2027-10-04
6365,ALMIX 141/106 SC,SINAR GENERAL INDUSTRIES,Insektisida,01010120248351,2024-09-19,2029-09-19
6366,FORALON 670 EC,FORAGRO MITRA SEJATI,Herbisida,01030120269370,2026-04-20,2031-04-20
6367,METSULFURON METHYL 95 TC,SAMUDRA UTAMA NARAPATI,Herbisida,042018655,2024-03-05,2029-03-05
6368,INDOKUAT 138 SL*,REJEKI INDO AGROTEC,Herbisida,01030120206632,2025-02-17,2030-02-17
6369,SUCCESS 25 EC,CORTEVA AGRISCIENCE MANUFACTURING INDONESIA,Insektisida,032001152,2026-04-20,2031-04-20
6370,TRUST 240 SL,ASIA GALA KIMIA,Herbisida,01030120093509,2024-08-09,2029-08-09
6371,STARLET 400 SL,TUNASHARAPAN MURNI,Insektisida,01010120072982,2022-12-05,2027-12-05
6372,BOWSAR 250 EC,RAINBOW AGROSCIENCES,Herbisida,01030120237977,2024-03-04,2029-03-04
6373,ANTSY ANTS 27 AL,GREEN ORGANIC DAILY,Pestisida Rumah Tangga,06080120248570,2025-02-17,2030-02-17
6374,ADVION COCKROACH 0.6 RB,SYNGENTA INDONESIA,Pestisida Rumah Tangga,06080120185936,2023-02-08,2028-02-08
6375,ELLIS 15 LT,KRISTALINDO KARUNIA INTERNASIONAL,Repelen,06080120155298,2025-02-17,2030-02-17
6376,KRONOL 300 EC,DALZON CHEMICALS INDONESIA,Insektisida,01010120165623,2021-10-12,2026-10-12
6377,CANERUW 55/110 EC,EUREEKA INDONESIA,Insektisida,01010120269342,2026-04-20,2031-04-20
6378,AGRIFAT 77 SP,PRIMA AGRO PERKASA,Insektisida,01010120165477,2026-01-20,2031-01-20
6379,E-BENZOOT 50 EC,BERBAK AGRO SEJATI,Insektisida,01010120237746,2023-04-26,2028-04-26
6380,FERADIPO 500 SL,INDO-SINO AGROCHEMICAL,Insektisida,01010120124455,2023-08-28,2028-08-28
6381,KLAK-XONE 137 SL,PRIMA KARYA BERJAYA,Herbisida,01030120258956,2025-09-26,2030-09-26
6382,AKRON 500 EC,INDAGRO,Insektisida,0101020011602,2026-07-16,2031-07-16
6383,PARAKUAT DIKLORIDA 42 TC,ADIL MAKMUR FAJAR,Herbisida,042010161,2024-09-19,2029-09-19
6384,WAKNIS 50 EC,BYTER AGRICULTURE INDONESIA,Insektisida,01010120258893,2025-07-11,2030-07-11
6385,FUNGICLEAR 200/100 SC,ALFA BETA AGROCHEMICAL,Fungisida,01020120269371,2026-04-20,2031-04-20
6386,TRIKLOPIR BUTOTIL 99 TC,AGRO JAYA INDONESIA,Herbisida,0420251428,2025-11-13,2030-11-13
6387,Vertibak 60 SP,MAJU MAKMUR UTOMO,Fungisida,01020120175878,2022-12-05,2027-12-05
6388,MANTRA 80 WP,SARAREA PANEN RAYA,Fungisida,01020120227329,2022-06-27,2027-06-27
6389,TROBINTOP 250/150 SC,AGRO SEJAHTERA INDONESIA,Fungisida,01020120165540,2025-07-11,2030-07-11
6390,PROPEL 276 SL*,SURYA AGROKEMINDO PERKASA,Herbisida,01030120165640,2026-07-16,2031-07-16
6391,FULTOX 10 GR,MESTIKA NUSANTARA AGROKIMIA,Moluskisida,01050120269570,2026-07-16,2031-07-16
6392,RAJA LULANGAN 250 SL,TIGA MUARA EMAS MAKMUR,Herbisida,01030120259271,2026-01-20,2031-01-20
6393,BLASTGONE 75 WP,BINA GUNA KIMIA,Fungisida,01020120124431,2022-12-05,2027-12-05
6394,BASCYPER 250 EC,BERBAK AGRO SEJATI,Insektisida,01010120227496,2022-12-05,2027-12-05
6395,OKSADIAZON 94 TC,AGRO JAYA INDONESIA,Herbisida,0420231193,2023-08-28,2028-08-28
6396,ROCIMA™ MB2X Biocide,BLUE CUBE INDONESIA,Bakterisida,042018632,2024-03-04,2029-03-04
6397,DTM 25 EC,LOTUS GLOBALINDO SENTOSA,Bahan pengawet kayu,04110120269358,2026-04-20,2031-04-20
6398,KETAVE 100 SL,EXCEL MEG INDO,Insektisida,01010120165567,2025-11-13,2030-11-13
6399,TOPSOR 50/25 OD,SARI KRESNA KIMIA,Herbisida,01030120217096,2025-11-13,2030-11-13
6400,BAKARA 135 SL,DUTA TANI,Herbisida,01030120258742,2025-07-11,2030-07-11
6401,TALONIL 350 EC,BIOTIS AGRINDO,Insektisida,01010120227707,2023-02-08,2028-02-08
6402,WILBO 200 EC,YANNO AGRO SCIENCE INDONESIA,Insektisida,01010120073008,2024-03-05,2029-03-05
6403,INDODINE 485 SL,AGROTECH PESTICIDE INDUSTRY,Insektisida,01010120103750,2025-09-26,2030-09-26
6404,Agrosin 30 WP,AGROSID MANUNGGAL SENTOSA,Bakterisida,01060120259154,2026-01-20,2031-01-20
6405,LUMIVIA B 625 FS,CORTEVA AGRISCIENCE MANUFACTURING INDONESIA,Insektisida,01010120206941,2025-09-26,2030-09-26
6406,SUM-BER 80 WP,CV. SAKASAKI INDONESIA,Fungisida,01020120259002,2025-09-26,2030-09-26
6407,PREVENTOL HS 75-CT 300,BLUE CUBE INDONESIA,Pestisida lain-lain,0420261520,2026-07-16,2031-07-16
6408,DIORIFT 40/20 WG,RAINBOW AGROSCIENCES,Insektisida,01010120237871,2023-08-28,2028-08-28
6409,REVUS 250 SC,SYNGENTA INDONESIA,Fungisida,01020120072794,2026-07-16,2031-07-16
6410,SUGITECH 80 SL,SUGI TEKNIK PANGAN,Insektisida,01010120237817,2023-04-26,2028-04-26
6411,BM VEFOSATE 480 SL,BEHN MEYER AGRICARE,Herbisida,01030120042052,2023-08-28,2028-08-28
6412,AGXURON 80 WG,AGX ASIA INDONESIA,Herbisida,01030120206707,2025-09-26,2030-09-26
6413,BIORON 80 WP,YANNO AGRO SCIENCE INDONESIA,Herbisida,01030120021678,2024-03-05,2029-03-05
6414,PUSAKA 660 EC,BAHTERA BONIAGA LESTARI,Insektisida,01010120185976,2023-04-26,2028-04-26
6415,PHEROZEB 80 WP,ARTHA BUANA MANDIRI,Fungisida,01020120259104,2025-11-13,2030-11-13
6416,Qiunil 75 WP,AGROMANNA JAYA LESTARI,Fungisida,01020120134616,2023-02-08,2028-02-08
6417,AGUS 500 SC,ADVANSIA INDOTANI,Insektisida,01010120113938,2026-01-20,2031-01-20
6418,MAZZA 200 EC,DALZON CHEMICALS INDONESIA,Insektisida,01010120041953,2024-03-04,2029-03-04
6419,METAN 80 WP,NUSANTARA AGRO SUKSES,Fungisida,01020120248516,2024-11-18,2029-11-18
6420,QUATXONE 135 SL,SAPROTAN UTAMA NUSANTARA,Herbisida,01030120258855,2025-07-11,2030-07-11
6421,LUXIPRO 750 EC,BASF INDONESIA,Herbisida,01030120237783,2023-04-26,2028-04-26
6422,LAMTADOR 36/50 EC,CHINA JIANGSU INTERNATIONAL INDONESIA,Insektisida,01010120206838,2025-09-26,2030-09-26
6423,FLUMIOKSAZIN 98 TC,MULTI AGRO JAYA UTAMA,Herbisida,0420221094,2023-02-08,2028-02-08
6424,SAE-QUAT 276 SL,AGRO JAYA INDUSTRI,Herbisida,01030120258869,2025-07-11,2030-07-11
6425,CYPROGA 50 EC,NIROGA SUMBER SEJAHTERA,Pestisida Pengendalian Vektor Penyakit Pada Manusia,06090120258919,2025-09-26,2030-09-26
6426,SPIROTEK 500 SC,SUNJOY AGRO INDONESIA,Insektisida,01010120248329,2024-08-09,2029-08-09
6427,PUNGGAWA 50 SC,CENTA BRASINDO ABADI CHEMICAL INDUSTRY,Insektisida,01010120103791,2024-11-18,2029-11-18
6428,RIDER 500 EC,TUNASHARAPAN MURNI,Pestisida Pengendalian Vektor Penyakit Pada Manusia,06090119981384,2024-03-05,2029-03-05
6429,SLAYER 205 SL,ADIL MAKMUR FAJAR,Herbisida,01030120021709,2024-03-04,2029-03-04
6430,DENNIS 75 WP,DELTAGRO MULIA SEJATI,Fungisida,01020120072858,2022-01-14,2027-01-14
6431,COZY 250 EC,DELTA GIRI WACANA,Insektisida,01010120155292,2025-02-17,2030-02-17
6432,TUMINI 400 SC,JIRONA AGRITAMA,Herbisida,01030120186161,2024-03-05,2029-03-05
6433,MAXXQUAT 135 SL*,TIARA BUANA MANDIRI,Herbisida,01030120196369,2024-09-19,2029-09-19
6434,PHOURMIDA 200 SL,Agro Bumi Timur,Insektisida,01010120259264,2026-01-20,2031-01-20
6435,MAHAKAM UDIN 145 SL,TIGA MUARA EMAS MAKMUR,Herbisida,01030120248652,2025-02-17,2030-02-17
6436,INDONIL 75 WP,SARANA TANI INDONESIA MAKMUR,Fungisida,01020120155156,2024-08-09,2029-08-09
6437,Proxel 106,IMCD INDONESIA,Bakterisida,0420221085,2022-12-05,2027-12-05
6438,ICHIPON 480 SL,AGRO CHEMICA,Zat Pengatur Tumbuh Tanaman,01040120041974,2023-08-28,2028-08-28
6439,STOPMAT 220 EC,PERSADA AGRO SUKSES,Insektisida,01010120186155,2023-04-26,2028-04-26
6440,KEANG KEONG 65 WP,TIGA MUARA EMAS MAKMUR,Moluskisida,01050120259224,2026-01-20,2031-01-20
6441,MATIKUS 80 P,TIGA MUARA EMAS MAKMUR,Rodentisida,01120120185968,2023-04-26,2028-04-26
6442,GIBMOR 0.011 L,INDOIN BUSINESS GROUP,Zat Pengatur Tumbuh Tanaman,01040120227652,2023-02-08,2028-02-08
6443,POWERSORB 550 SL,PRIMA KARYA BERJAYA,Herbisida,01030120237797,2023-04-26,2028-04-26
6444,HIT 0.141 AE,GODREJ CONSUMER PRODUCTS INDONESIA,Pestisida Rumah Tangga,06080120227414,2022-10-04,2027-10-04
6445,HIPOTAN 500 SL,AGRO JAYA INDUSTRI,Insektisida,01010120248632,2025-02-17,2030-02-17
6446,VANTIKEONG 40 WP,YANNO AGRO SCIENCE INDONESIA,Moluskisida,03050120227719,2023-02-08,2028-02-08
6447,AJOZ 200/130 SC,SANTANI AGRO PERKASA,Fungisida,01020120144925,2024-03-05,2029-03-05
6448,GLIFOSAT 95 TC,SOLO LOGO INDONESIA,Herbisida,042021980,2021-11-18,2026-11-18
6449,BASILEUM 505 EC,AGRO GUNA MAKMUR,Bahan pengawet kayu,0411011991961,2024-03-05,2029-03-05
6450,EMATOX 50 EC,NUSANTARA AGRO SUKSES,Insektisida,01010120237995,2024-03-04,2029-03-04
6451,AFFINITY 40 WG,BINA GUNA KIMIA,Herbisida,032020492,2025-11-13,2030-11-13
6452,EMATEK 55/50 EC,BERBAK AGRO SEJATI,Insektisida,01010120258766,2025-07-11,2030-07-11
6453,FUNGITAN 30/50 WP,DA MING INDONESIA,Fungisida,01020120248264,2024-08-09,2029-08-09
6454,Glamour 150 SL,SOLO LOGO INDONESIA,Herbisida,01030120248265,2024-08-09,2029-08-09
6455,BESTOX 100 EC,FMC AGRICULTURAL MANUFACTURING,Insektisida,01010120237852,2023-08-28,2028-08-28
6456,KARBASIN 500 EC,TUNASHARAPAN MURNI,Insektisida,01010119971360,2022-12-05,2027-12-05
6457,RIAGRAS 69 EC,REJEKI INDO AGROTEC,Herbisida,01030120258988,2025-09-26,2030-09-26
6458,PHENTHOATE 92 TC,INTI EVERSPRING INDONESIA,Insektisida,042019771,2024-08-09,2029-08-09
6459,CARBOFURAN 10 GR,AGROTECH PESTICIDE INDUSTRY,Insektisida,032025586,2025-07-11,2030-07-11
6460,SERDIKA 50 WP,Agro Bumi Timur,Fungisida,01020120238195,2024-03-05,2029-03-05
6461,TUNTAS 300/100 SL,SARI KRESNA KIMIA,Herbisida,01030120021719,2025-09-26,2030-09-26
6462,WINSON 20 WG,DWIAGRI MAKMUR INTERTRADE,Herbisida,01030120103657,2024-11-18,2029-11-18
6463,MADRID 50/10 WP,SANTANI AGRO PERKASA,Insektisida,01010120134786,2023-04-26,2028-04-26
6464,KRESBAN 200 EC,SARI KRESNA KIMIA,Insektisida,01010120062360,2026-04-20,2031-04-20
6465,CHLORAZ 300/100 EW,SURYA AGROKEMINDO PERKASA,Fungisida,01020120259188,2026-01-20,2031-01-20
6466,PENTHIUM 105 EC,KRISTALINDO KARUNIA INTERNASIONAL,Insektisida,01010120114069,2025-07-11,2030-07-11
6467,AXIMIL 480 SL,ADVANSIA INDOTANI,Fungisida,01020120227493,2022-12-05,2027-12-05
6468,IPA GLIFOSATE 95 TC,KRISTALINDO KARUNIA INTERNASIONAL,Herbisida,042016376,2022-06-27,2027-06-27
6469,MET-S 20 WP,ETONG CHEMICAL INDONESIA,Herbisida,01030120259246,2026-01-20,2031-01-20
6470,MAXXMECTIN 36 EC,MAXXI AGRI INDONESIA,Insektisida,01010120217107,2026-04-20,2031-04-20
6471,RISCARE 18/10 WP,DELTA GIRI WACANA,Herbisida,01030120269463,2026-04-20,2031-04-20
6472,JON-UP 480 SL,SAPROTAN UTAMA,Herbisida,01030120093452,2023-08-28,2028-08-28
6473,"PROTHOR 210,5 SC",ENSYSTEX INTERNATIONAL INDONESIA,Bahan pengawet kayu,01110120217163,2026-07-16,2031-07-16
6474,NEO XONE 276 SL*,MAXXI AGRI INDONESIA,Herbisida,01030120134704,2024-08-09,2029-08-09
6475,BASMIGUL 555 SL,ARTHA MAKMUR ABADI,Herbisida,01030120269525,2026-07-16,2031-07-16
6476,MORTEIN 0.16 AE,RECKITT BENCKISER INDONESIA,Pestisida Rumah Tangga,06080120114065,2022-10-04,2027-10-04
6477,"THRILL 159,85/159,85 SC",INDOIN BUSINESS GROUP,Fungisida,01020120217091,2026-04-20,2031-04-20
6478,"XILAW 0,005 BB",DELTA GIRI WACANA,Rodentisida,01120120073011,2025-11-13,2030-11-13
6479,CYRROTEX 75 SP,MULTI SARANA INDOTANI,Insektisida,01010120031750,2022-06-27,2027-06-27
6480,INDOXAMYL 5 GR,SARANA TANI INDONESIA MAKMUR,Insektisida,01010120186196,2024-03-04,2029-03-04
6481,KRATON 200 SC,REJEKI INDO AGROTEC,Insektisida,01010120258960,2025-09-26,2030-09-26
6482,VAPE 0.205 AE,FUMAKILLA INDONESIA,Pestisida Rumah Tangga,032017408,2022-10-04,2027-10-04
6483,PRIMAXONE PLUS 276 SL*,CENTA BRASINDO ABADI CHEMICAL INDUSTRY,Herbisida,01030120113991,2025-09-26,2030-09-26
6484,ALFA® 50 EC,AGRO JAYA INDUSTRI,Pestisida Pengendalian Vektor Penyakit Pada Manusia,06090120248450,2024-11-18,2029-11-18
6485,JACAMAR 200 SC,AGRO JAYA INDONESIA,Insektisida,01010120259221,2026-01-20,2031-01-20
6486,AGATA 45/235 OD,ADVANSIA INDOTANI,Herbisida,01030120227276,2022-06-27,2027-06-27
6487,TURBOTOX 150 SL,BERBAK AGRO SEJATI,Herbisida,01030120238073,2024-03-04,2029-03-04
6488,POSTHRIN 400 EC,MANDIRI ANUGERAH ABADI,Bahan pengawet kayu,01110120238188,2024-03-05,2029-03-05
6489,OXYGOL 250 EC,Agro Bumi Timur,Herbisida,01030120259256,2026-01-20,2031-01-20
6490,DEECOR-M 72 WP,MASCO AGRI GENETICS,Fungisida,01020120134565,2023-02-08,2028-02-08
6491,RICH UP 490 SL,CITA AGUNG JAYA,Herbisida,01030120113919,2026-07-16,2031-07-16
6492,SERVOXON 140 SL,MULTI SARANA INDOTANI,Herbisida,01030120206761,2024-08-09,2029-08-09
6493,VENTRA 75 WP,DELTA GIRI WACANA,Fungisida,01020120114097,2024-09-19,2029-09-19
6494,CLEARFIELD 336 SC,AGRORISEN INDOMAKMUR CEMERLANG,Herbisida,01030120248246,2024-08-09,2029-08-09
6495,SAPOTOP DSO 18 GR,TANI MEDIA,Moluskisida,01050120186219,2024-03-04,2029-03-04
6496,PMD 70 TA,INDESSO AROMA,Repelen,042018543,2024-03-04,2029-03-04
6497,THIAMETHOXAM 98 TC,INTI EVERSPRING INDONESIA,Insektisida,042019801,2024-09-19,2029-09-19
6498,BASAMID 98 GR,BEHN MEYER AGRICARE,Nematisida,011301197475,2023-04-26,2028-04-26
6499,HIT 0.12 AE,GODREJ CONSUMER PRODUCTS INDONESIA,Pestisida Rumah Tangga,06080120237761,2023-04-26,2028-04-26
6500,MAGTOXIN 56 PB,INDO GLOBAL TRADE,Fumigan,05100120011625,2026-01-20,2031-01-20
6501,CYALOPRO-XTRA 420 EC,ALBAUGH AGRO INDONESIA,Herbisida,01030120175836,2023-02-08,2028-02-08
6502,CYPEROLE 50 EC,RAINBOW AGROSCIENCES,Insektisida,01010120258758,2025-07-11,2030-07-11
6503,SRI DEGAN 90/10 SC,PUSRI AGRO LESTARI,Insektisida,01010120196306,2024-11-18,2029-11-18
6504,BELONA 18 EC,SARI KIMIA UNGGUL,Insektisida,01010120042163,2025-07-11,2030-07-11
6505,GLYPHOSATE,NUSAMAS KIMIA PERSADA,Herbisida,0420251458,2026-01-20,2031-01-20
6506,Convince 260/20 OD,TANAMAN MAKMUR MANDIRI,Herbisida,01030120237986,2024-03-04,2029-03-04
6507,"Biopesnab Plus 0,03 SL",TUNAS HARMONI ABADI,Insektisida,01010120237854,2023-08-28,2028-08-28
6508,PILAROCK 250 EC,PILARQUIM AGROSCIENCE INDONESIA,Fungisida,01020120238185,2024-03-05,2029-03-05
6509,PRESTISE 200 SL,KRISTALINDO KARUNIA INTERNASIONAL,Bahan pengawet kayu,04110120155174,2025-07-11,2030-07-11
6510,SNIPER 50 EC,AGRICULTURE CONSTRUCTION,Insektisida,01010120072689,2025-09-26,2030-09-26
6511,BULLFIGHT PLUS 88.8 WG,RAINBOW AGROSCIENCES,Herbisida,01030120134557,2022-12-05,2027-12-05
6512,GRANULAM 24 WG,AGRO INSANI SEMESTA,Insektisida,01010120196539,2025-02-17,2030-02-17
6513,HIT 0.05 GL,GODREJ CONSUMER PRODUCTS INDONESIA,Pestisida Rumah Tangga,06080120155303,2026-01-20,2031-01-20
6514,PROGENT 55 EC,SANTANI AGRO PERKASA,Insektisida,01010120144951,2024-03-04,2029-03-04
6515,"2,4-D 98 TC",CENTA BRASINDO ABADI CHEMICAL INDUSTRY,Herbisida,0420231216,2024-03-04,2029-03-04
6516,ODEON 75 WP,ROYAL AGRO INDONESIA,Fungisida,01020120113955,2022-10-04,2027-10-04
6517,Innosei ® CI,TRITUNGGAL ARTHAMAKMUR,Bakterisida,0420251469,2026-01-20,2031-01-20
6518,DOBELDOR 50 EC,AGROKIMINDO KURNIABUANA,Insektisida,01010120062511,2026-04-20,2031-04-20
6519,RRIDAWEED 480 SL,PRIMA AGRO NETWORK,Herbisida,01030120124510,2023-08-28,2028-08-28
6520,GLYPHOSATE 95 TC,MULTI SARANA INDOTANI,Herbisida,0420231252,2024-03-05,2029-03-05
6521,SANCARB 500 EC,SANTANI AGRO MANDIRI,Insektisida,01010120124385,2022-06-26,2027-06-26
6522,DG-PHOS 56 TB,MULTI GLOBAL CENTRO,Fumigan,05100120196521,2025-07-11,2030-07-11
6523,QUICKBAYT 10 WG,DISCOVERY ENVIRONMENTAL SCIENCE INDONESIA,Pestisida Pengendalian Vektor Penyakit Pada Manusia,06090120103679,2024-09-19,2029-09-19
6524,ACTICIDE SR3306,JAYA WARINDO ABADI,Fungisida,0420231150,2023-04-26,2028-04-26
6525,GLYPHOSATE 95 TC,REJEKI INDO AGROTEC,Herbisida,042021919,2026-01-20,2031-01-20
6526,TERRA 500 SL,NUFARM INDONESIA,Insektisida,01010120165611,2026-01-20,2031-01-20
6527,"SUTEKI 93,40 RB",NUSAGRI,Atraktan / Feromon,01070120186044,2024-03-05,2029-03-05
6528,PYMETROZINE 98 TC,SOLO LOGO INDONESIA,Insektisida,0420221106,2023-02-08,2028-02-08
6529,ENVOY 62/18 WP,CROP CARE INDONESIA,Fungisida,01020120134568,2026-07-16,2031-07-16
6530,BATIK 1 SG,AGRO JAYA INDUSTRI,Pestisida Pengendalian Vektor Penyakit Pada Manusia,06090120259169,2026-01-20,2031-01-20
6531,ODORI 500 EC,INDOIN BUSINESS GROUP,Herbisida,01030120238175,2024-03-05,2029-03-05
6532,CHLORPYRIFOS 97 TC,MAHKOTA AGRO INDUSTRI,Insektisida,042018589,2024-03-05,2029-03-05
6533,ELANG GOLD 480 SL,MITRA KREASIDHARMA,Herbisida,01030120114133,2025-11-13,2030-11-13
6534,MAXXCIDE FLOW 300 SC,MAXXI AGRI INDONESIA,Fungisida,01020120269421,2026-04-20,2031-04-20
6535,METOMIL 98 TC,MODERN AGRICULTURE INDONESIA,Insektisida,0420261512,2026-07-16,2031-07-16
6536,DAVANTOR 100 SC,BASF INDONESIA,Insektisida,01010120227395,2022-10-04,2027-10-04
6537,MEDIZEB 80 WP,MEDION ARDHIKA BHAKTI,Fungisida,01020120259244,2026-01-20,2031-01-20
6538,KELAT 12 WP,RAJA BENUA MAS,Fungisida,01020120237772,2023-04-26,2028-04-26
6539,INTERCEPTOR 200 K,BASF INDONESIA,Pestisida Pengendalian Vektor Penyakit Pada Manusia,06090120072946,2022-10-04,2027-10-04
6540,GOLDZONE 276 SL,INTI EVERSPRING INDONESIA,Herbisida,01030120227656,2023-02-08,2028-02-08
6541,PRIMA-PRO 55 SC,PRIMA KARYA BERJAYA,Insektisida,01010120186069,2023-08-28,2028-08-28
6542,KICKER 480 EC,AGRORISEN INDOMAKMUR CEMERLANG,Herbisida,01030120248502,2024-11-18,2029-11-18
6543,MR. HOGA 130 AL,CIPTA KARYA UNGGULAN,Repelen,06080120206847,2025-11-13,2030-11-13
6544,ematan 30 EC,TANGGUH AGRO NUSA INDONESIA,Insektisida,01010120238121,2024-03-05,2029-03-05
6545,TamiFast 14/4 WP,TUNASHARAPAN MURNI,Herbisida,01030120248331,2024-08-09,2029-08-09
6546,ASM BLESS 10/40 WG,AGRINDO SANDARAN MAS,Insektisida,01010120269330,2026-04-20,2031-04-20
6547,"2,4-D 98 TC",KHARISMA AGRI WIJAYA,Herbisida,0420241353,2025-02-17,2030-02-17
6548,Fascinate Sync 128/300 EW,CATUR AGRODAYA MANDIRI,Herbisida,01030120227644,2023-02-08,2028-02-08
6549,L-AMONIUM GLUFOSINAT 50 TK,MULTI AGRO JAYA UTAMA,Herbisida,0420221103,2023-02-08,2028-02-08
6550,RHODIAMINE 865 SL,CROP CARE INDONESIA,Herbisida,0103011984674,2024-03-04,2029-03-04
6551,Soffell 150 AL,HERLINA INDAH,Pestisida Rumah Tangga,06080120269474,2026-04-20,2031-04-20
6552,DELTA 25 EC,INTI EVERSPRING INDONESIA,Insektisida,01010120021684,2022-12-05,2027-12-05
6553,VERTOAT 430 EC,PERSADA AGRO SUKSES,Insektisida,01010120206792,2025-02-17,2030-02-17
6554,EKSAUP 485 SL,EKA SALA ALFAINDO,Herbisida,01030120196524,2025-07-11,2030-07-11
6555,KARDAN 4 GR,SARI KRESNA KIMIA,Insektisida,01010120185962,2023-02-08,2028-02-08
6556,DIAFURAN 3 GR,CENTA BRASINDO ABADI CHEMICAL INDUSTRY,Insektisida,032025600,2025-09-26,2030-09-26
6557,VELIMEK 52.5 WG,HARINA CHEMICALS INDUSTRI,Fungisida,01020120186164,2023-04-26,2028-04-26
6558,CLINDER UP 490 SL,AGRO JAYA INDUSTRI,Herbisida,01030120248465,2024-11-18,2029-11-18
6559,Innosei ® PCP,TRITUNGGAL ARTHAMAKMUR,Bakterisida,0420221117,2023-02-08,2028-02-08
6560,SIONGFAT 80 SP,ARTHA MAKMUR ABADI,Insektisida,01010120237812,2023-04-26,2028-04-26
6561,HIT 0.295 AE,GODREJ CONSUMER PRODUCTS INDONESIA,Pestisida Rumah Tangga,032024574,2025-02-17,2030-02-17
6562,DECAFEN 250 EC,DELTA GIRI WACANA,Herbisida,01030120237866,2023-08-28,2028-08-28
6563,LOVLAN 96 TC,ZAMRUD LINTAS KATULISTIWA,Insektisida,042008231,2024-08-09,2029-08-09
6564,ABATE HOME 1 GR,BASF INDONESIA,Pestisida Rumah Tangga,06090120227377,2026-01-20,2031-01-20
6565,KAREBOSI303 276 SL,TIGA MUARA EMAS MAKMUR,Herbisida,01030120269397,2026-04-20,2031-04-20
6566,KAYABAS 555 SC,PETROKIMIA KAYAKU,Herbisida,01030120144910,2023-02-08,2028-02-08
6567,RUNSTAR 300 EC,CENTA BRASINDO ABADI CHEMICAL INDUSTRY,Herbisida,01030120175790,2022-10-04,2027-10-04
6568,BELLMAC 240 EC,ROYAL AGRO INDONESIA,Herbisida,01030119991476,2022-06-27,2027-06-27
6569,DIMETHOMORPH 96 TC,CENTA BRASINDO ABADI CHEMICAL INDUSTRY,Fungisida,042018594,2023-08-28,2028-08-28
6570,BADIK 18 EC,DHARMA GUNA WIBAWA,Insektisida,01010120124445,2022-10-04,2027-10-04
6571,BECANO 500 SC,BAYER INDONESIA,Herbisida,01030120124279,2022-01-14,2027-01-14
6572,Dharmabas 500 EC,PT. Perusahaan Perdagangan Indonesia (Persero),Insektisida,0101011982533,2022-12-05,2027-12-05
6573,TARUNA 400 SL,DELTAGRO MULIA SEJATI,Insektisida,01010120227468,2022-10-04,2027-10-04
6574,VICTAR 80 WP,MULTI SARANA INDOTANI,Fungisida,01020120155195,2024-08-09,2029-08-09
6575,TRINICA-CAPS 250 CS,CATUR AGRODAYA MANDIRI,Insektisida,01010120196398,2024-03-05,2029-03-05
6576,PRIMA-PADI 350/350 EC,PRIMA KARYA BERJAYA,Herbisida,01030120144949,2024-03-04,2029-03-04
6577,MIPOROL 50/500 EC,DALZON CHEMICALS INDONESIA,Insektisida,01010120206949,2026-04-20,2031-04-20
6578,ASIATHANE 80 WP,DA MING INDONESIA,Fungisida,01020120072719,2023-04-26,2028-04-26
6579,HYPOMAX 550 SL,TAPAL KOEDA INDONESIA,Insektisida,01010120145070,2025-02-17,2030-02-17
6580,SPONTAS 450 SL,DA MING INDONESIA,Insektisida,01010120072808,2022-10-04,2027-10-04
6581,VAPE 12.1 LV,FUMAKILLA INDONESIA,Pestisida Rumah Tangga,06080120134835,2023-08-28,2028-08-28
6582,mafo 220/110 SC,TANGGUH AGRO NUSA INDONESIA,Insektisida,01010120248511,2024-11-18,2029-11-18
6583,KAWE JOSS 250 SL,TIGA MUARA EMAS MAKMUR,Herbisida,01030120196291,2024-08-09,2029-08-09
6584,AVOCET 250 SC,GRAHA AGRITECH PRIMA,Zat Pengatur Tumbuh Tanaman,01040120114109,2022-10-04,2027-10-04
6585,QUATIGO 70 WP,INDOIN BUSINESS GROUP,Herbisida,01030120227578,2022-12-05,2027-12-05
6586,HIT EXPERT 0.08 FU,GODREJ CONSUMER PRODUCTS INDONESIA,Pestisida Rumah Tangga,06080120227531,2022-12-05,2027-12-05
6587,CENTAMIL 25 WP,CENTA BRASINDO ABADI CHEMICAL INDUSTRY,Insektisida,01010120062369,2026-04-20,2031-04-20
6588,LAMBADA 18 EC,CENTA BRASINDO ABADI CHEMICAL INDUSTRY,Insektisida,01010120217254,2026-04-20,2031-04-20
6589,"CONTRAC 0,005 BB",NOVINDO AGRITECH HUTAMA,Rodentisida,06120119971385,2025-11-13,2030-11-13
6590,STORM 0.005 BB,BASF INDONESIA,Rodentisida,0112011987778,2023-04-26,2028-04-26
6591,BIOTRIFOS 250 EC,JIRONA AGRITAMA,Insektisida,01010120175674,2023-08-28,2028-08-28
6592,UNIGAS 25 SP,INTI EVERSPRING INDONESIA,Insektisida,01010120207001,2025-11-13,2030-11-13
6593,BASIS 150 SL,CENTA BRASINDO ABADI CHEMICAL INDUSTRY,Herbisida,01030120186173,2024-03-04,2029-03-04
6594,MEC-ZUR 150 EC,AGRO JAYA INDONESIA,Insektisida,01010120175919,2023-04-26,2028-04-26
6595,AGAMEX 20 EC,AGRO GUNA MAKMUR,Insektisida,01010120155287,2026-01-20,2031-01-20
6596,SADA 20/40 SC,BENIH BERKAH BERSERI,Insektisida,01010120269465,2026-04-20,2031-04-20
6597,EQUATION PRO 29/22.5 WG,CORTEVA AGRISCIENCE INDONESIA,Fungisida,01020120001500,2025-11-13,2030-11-13
6598,VAPE 54 VP,FUMAKILLA INDONESIA,Pestisida Rumah Tangga,06080120237832,2023-04-26,2028-04-26
6599,ALEPPO 120 EW,DHARMA GUNA WIBAWA,Herbisida,01030120217109,2026-04-20,2031-04-20
6600,SPEED EXTRA SERTAMAX 80 SL,MAKMUR JAYA AGRO,Zat Pengatur Tumbuh Tanaman,01040120227465,2022-10-04,2027-10-04
6601,COSMOS 500 FS,BASF INDONESIA,Insektisida,032017413,2026-04-20,2031-04-20
6602,ALORID 30 EC,INDO-SINO AGROCHEMICAL,Insektisida,01010120124415,2023-08-28,2028-08-28
6603,ZEUS 10 WP,ARTHA BUANA MANDIRI,Insektisida,01010120165476,2026-04-20,2031-04-20
6604,GALAMEXIL 35 WP,REJEKI INDO AGROTEC,Fungisida,01020120238001,2024-03-04,2029-03-04
6605,SANTACRON 520 EC,SANTANI AGRO PERKASA,Insektisida,01010120093561,2024-03-04,2029-03-04
6606,ROCIMA™ 243 Biocide,BLUE CUBE INDONESIA,Bakterisida,042017461,2022-12-05,2027-12-05
6607,CERTACOR 35 WG,FMC AGRICULTURAL MANUFACTURING,Insektisida,01010120227629,2023-02-08,2028-02-08
6608,DHARMASIP 50 EC,PT. Perusahaan Perdagangan Indonesia (Persero),Insektisida,01010120114122,2022-01-14,2027-01-14
6609,MAXXFURON 30 WP,MAXXI AGRI INDONESIA,Herbisida,01030120258966,2025-09-26,2030-09-26
6610,ULTIMAX 500/50 EC,AGRICULTURE CONSTRUCTION,Insektisida,01010120113982,2025-02-17,2030-02-17
6611,BASATA 480 SL,ALISHAN NUSA INDAH,Herbisida,01030120093313,2023-04-26,2028-04-26
6612,Alpha Cypermethrin 95 TC,DALZON CHEMICALS INDONESIA,Insektisida,042006168,2025-11-13,2030-11-13
6613,TOMSON 600 SC,TIGA MUARA EMAS MAKMUR,Fungisida,01020120227365,2022-06-27,2027-06-27
6614,ASSOCIATE 40/160 SC,NUFARM INDONESIA,Insektisida,01010120165597,2025-11-13,2030-11-13
6615,XYMO BUGTROL 0.30 EC,UNITED ALACRITY INDONESIA,Insektisida,01010120248442,2024-09-19,2029-09-19
6616,MOSHIELD 0.015MC,FUMAKILLA NOMOS,Pestisida Rumah Tangga,032011257,2021-10-12,2026-10-12
6617,KIRARI 50 WG,NUFARM INDONESIA,Fungisida,01020120196364,2023-08-28,2028-08-28
6618,TIK-OFF 80 P*,INDOIN BUSINESS GROUP,Rodentisida,01120120206995,2026-01-20,2031-01-20
6619,Abatrin 30 EC,MAJU MAKMUR UTOMO,Insektisida,01010120165592,2026-07-16,2031-07-16
6620,FENOMIN 865 SL,FAJAR BUANA CHEMICAL,Herbisida,01030120021720,2024-03-04,2029-03-04
6621,MISIL 50 WG,MAXXI AGRI INDONESIA,Insektisida,01010120248407,2024-09-19,2029-09-19
6622,NAGA 500 EC,YASIDA MAKMUR ABADI,Insektisida,01010120072677,2026-04-20,2031-04-20
6623,BULMA 400/150 SL,PETROSIDA GRESIK,Herbisida,01030120072649,2022-06-27,2027-06-27
6624,TRICYPER 325 EC,PERSADA AGRO SUKSES,Insektisida,01010120196482,2024-08-09,2029-08-09
6625,METHOMYL 98 TC,DOUTA UTAMAN INDONESIA,Insektisida,0420261485,2026-04-20,2031-04-20
6626,MANCO 80 WP,EXINDO RAHARJA PRATAMA,Fungisida,01010120165571,2021-10-22,2026-10-22
6627,MANCO 80 WP,EXINDO RAHARJA PRATAMA,Fungisida,01010120165571,2021-10-22,2026-10-22
6628,MESOZINE MIXX 200/70/30 OD,RAINBOW AGROSCIENCES,Herbisida,01030120238024,2024-03-04,2029-03-04
6629,BROADEN MIXX 80/100/40 OD,RAINBOW AGROSCIENCES,Herbisida,01030120237981,2024-03-04,2029-03-04
6630,TOLERIN 300/10 SC,RAINBOW AGROSCIENCES,Herbisida,01030120238069,2024-03-04,2029-03-04
6631,PASTOP 490 SL,MAXXI AGRI INDONESIA,Herbisida,01030120134803,2024-03-04,2029-03-04
6632,MAIZE HELPER 240/60 OD,ZHENGBANG CROP PROTECTION INDONESIA,Herbisida,01030120217256,2022-01-14,2027-01-14
6633,GALIL 300 SC,ROYAL AGRO INDONESIA,Insektisida,01010120124463,2023-04-26,2028-04-26
6634,FYK Ripener 20 GR,MULTI AGRO JAYA UTAMA,Zat Pengatur Tumbuh Tanaman,01040120237756,2023-04-26,2028-04-26
6635,RIZOTIN 40 WP,UNI AGRO CHEMICA,Insektisida,01010120042061,2026-01-20,2031-01-20
6636,PLANTWOOD 99 SP,TRIKA SAKA JAYA,Bahan pengawet kayu,04110120113987,2023-04-26,2028-04-26
6637,TORNUE 50 EC,TRITAMA WIRAKARSA,Insektisida,01010120103813,2026-04-20,2031-04-20
6638,KONSULTAN 200 SC,INDOIN BUSINESS GROUP,Insektisida,01010120259083,2025-11-13,2030-11-13
6639,LASER 60/20 WG,MAXXI AGRI INDONESIA,Insektisida,01010120248402,2024-09-19,2029-09-19
6640,AMIRON-M 2O WG,BIOWORLD BIOSCIENCES MANUFACTURING INDUSTRIES,Herbisida,01030120196410,2024-08-09,2029-08-09
6641,INSSIMO 50 WG,SYNGENTA INDONESIA,Fungisida,01020120237895,2023-08-28,2028-08-28
6642,ALFACRON 500/70 EC,PT Belirang Perkasa Agro,Insektisida,01010120237961,2024-03-04,2029-03-04
6643,PREVENTOL P 91 MV,BLUE CUBE INDONESIA,Pestisida lain-lain,0420251402,2025-09-26,2030-09-26
6644,FARMFOSATE 480 SL,FARMCO KIMIA,Herbisida,01030120072938,2023-04-26,2028-04-26
6645,REDOKS 25 EC,AGRICULTURE CONSTRUCTION,Pestisida Pengendalian Vektor Penyakit Pada Manusia,06090120093483,2023-08-28,2028-08-28
6646,RANTAS 25/200 EC,BOMA SAKTI TANI,Insektisida,01010120165458,2021-10-12,2026-10-12
6647,CYFLUMETOFEN 98 TC,KHARISMA AGRI WIJAYA,Akarisida,0420251411,2025-11-13,2030-11-13
6648,ACASH 300 EC,CV. Raja Grafika,Fungisida,01020120185934,2023-04-26,2028-04-26
6649,TERBUTHYLAZINE 97 TC,SOLO LOGO INDONESIA,Herbisida,0420251426,2025-11-13,2030-11-13
6650,PILARCABRIO 55/5 WG,PILARQUIM AGROSCIENCE INDONESIA,Fungisida,01020120227687,2023-02-08,2028-02-08
6651,PRIMERO 75 WG,ALBAUGH AGRO INDONESIA,Herbisida,01030120145009,2024-09-19,2029-09-19
6652,FOX 500 EC,NUFARM INDONESIA,Herbisida,01030120134679,2022-12-05,2027-12-05
6653,INDOPON 80 WP,REJEKI INDO AGROTEC,Herbisida,01030120248287,2024-08-09,2029-08-09
6654,CleanBioTM-Zinc <SUPER>,TOYOTA TSUSHO INDONESIA,Fungisida,0420221076,2022-12-05,2027-12-05
6655,GANDRUNG 240 EC,BELIRANG KALISARI,Herbisida,01030120206735,2025-02-17,2030-02-17
6656,AFILA 400/125 SE,ADVANSIA INDOTANI,Fungisida,01020120196407,2024-09-19,2029-09-19
6657,GIBBRACID 40 SL,DELTA CHEMICA,Zat Pengatur Tumbuh Tanaman,01040120185955,2023-04-26,2028-04-26
6658,JATRAX 380 SC,SAFE CHEMICAL INDONESIA,Herbisida,01030120124231,2026-04-20,2031-04-20
6659,BIGTOX 0.25 MC,BUDI MUTU PRIMA,Pestisida Rumah Tangga,06080120186012,2024-03-05,2029-03-05
6660,NEMUQUAT 135 SL,MUTIARA AGRO SEJATI,Herbisida,01030120248409,2024-09-19,2029-09-19
6661,HIT 24.27 LV,GODREJ CONSUMER PRODUCTS INDONESIA,Pestisida Rumah Tangga,06080120259216,2026-01-20,2031-01-20
6662,SULPHORUS 80 WG,CATUR AGRODAYA MANDIRI,Fungisida,01020120083227,2024-03-05,2029-03-05
6663,TAMICORE 250 EC,TUNASHARAPAN MURNI,Fungisida,01020120083295,2024-03-05,2029-03-05
6664,ACTICIDE M 10 S,JAYA WARINDO ABADI,Fungisida,420251386,2025-07-11,2030-07-11
6665,DOUBLE FISH 15 GR,DWIJAYA PERKASA ABADI,Moluskisida,01050120124289,2024-03-05,2029-03-05
6666,SORAKA 150/150 SC,ALBAUGH AGRO INDONESIA,Fungisida,01020120206986,2025-11-13,2030-11-13
6667,TAKAI 360 SC,INDOIN BUSINESS GROUP,Insektisida,01010120227592,2022-12-05,2027-12-05
6668,ONE-UP 480 SL,SINAR GENERAL INDUSTRIES,Herbisida,01030120113984,2026-07-16,2031-07-16
6669,TOPKICK 240/20 EC,TIGA MUARA EMAS MAKMUR,Insektisida,01010120217095,2026-04-20,2031-04-20
6670,ACAPELA SYSTEM 280 SC,CORTEVA AGRISCIENCE MANUFACTURING INDONESIA,Fungisida,032020491,2025-11-13,2030-11-13
6671,SLASH 480 SL,PUTRISARI KIMIANUSA,Herbisida,01030119981421,2024-09-19,2029-09-19
6672,ANDAMECTIN 60 EC,ANDAFA AGRO INDO,Insektisida,01010120217019,2026-04-20,2031-04-20
6673,Meperfluthrin 6 TC,MSR HIJAU LESTARI,Insektisida,042019765,2024-09-19,2029-09-19
6674,METSULFURON-METHYL 97 TC,MULTI SARANA INDOTANI,Herbisida,042020824,2024-08-09,2029-08-09
6675,WELLDAN 18 EC,UNI AGRO CHEMICA,Insektisida,01010120175668,2022-10-04,2027-10-04
6676,CYPERBAN 590 EC,MULTI SARANA INDOTANI,Insektisida,01010120186112,2023-04-26,2028-04-26
6677,BUPRO-NA 25 WP,AGROKIMINDO KURNIABUANA,Insektisida,01010120134666,2023-04-26,2028-04-26
6678,TRIKOS 480 EC,SINAR GENERAL INDUSTRIES,Herbisida,01030120114181,2026-07-16,2031-07-16
6679,FORCE MAGIC 0.3 AE,HERLINA INDAH,Pestisida Rumah Tangga,06080120165439,2026-07-16,2031-07-16
6680,ERKABAS 500 EC,ROLIMEX KIMIA NUSAMAS,Insektisida,01010120042078,2024-08-09,2029-08-09
6681,Force Magic Techno 4 AL,HERLINA INDAH,Pestisida Rumah Tangga,06080120237754,2023-04-26,2028-04-26
6682,MELAWI 138 SL,TIGA MUARA EMAS MAKMUR,Herbisida,01030120248514,2024-11-18,2029-11-18
6683,FOSTER 480 SL,AGRO SEJAHTERA INDONESIA,Herbisida,01030120083186,2023-08-28,2028-08-28
6684,ET-PROZONE COMPLETE 300/10 SC,ETONG CHEMICAL INDONESIA,Herbisida,01030120248610,2025-02-17,2030-02-17
6685,NAVARON 80 WP,SURAT TANI,Herbisida,01030120042110,2024-08-09,2029-08-09
6686,HANDI-HIPO 500 SL,MUTIARA AGRO SEJATI,Insektisida,01010120259068,2025-11-13,2030-11-13
6687,FORZA 50 SC,DELTAGRO MULIA SEJATI,Insektisida,01010120093386,2023-02-08,2028-02-08
6688,"ROSTOX 5,5 GR",UNI AGRO CHEMICA,Moluskisida,01050120103794,2025-11-13,2030-11-13
6689,POLYTHION 200 EC,BOMA SAKTI TANI,Insektisida,01010120093559,2024-08-09,2029-08-09
6690,Nittaris 250 SL,BERBAK AGRO SEJATI,Herbisida,01030120259252,2026-01-20,2031-01-20
6691,Innosei ® PM4,TRITUNGGAL ARTHAMAKMUR,Bakterisida,0420221116,2023-02-08,2028-02-08
6692,SELTIMA 100 CS,BASF INDONESIA,Fungisida,01020120145021,2024-03-05,2029-03-05
6693,DHARMACLEN 25 EC,DHARMA GUNA WIBAWA,Pestisida Pengendalian Vektor Penyakit Pada Manusia,06090120093533,2023-04-26,2028-04-26
6694,PRIMA-BOMB 606 EC,PRIMA KARYA BERJAYA,Insektisida,01010120186070,2023-08-28,2028-08-28
6695,TORBINOL 300/180 SC,SAPROTAN UTAMA,Fungisida,01020120196313,2024-03-05,2029-03-05
6696,TEMECO 865 SL,DHARMA GUNA WIBAWA,Herbisida,01030120124524,2022-10-04,2027-10-04
6697,DANIEL 80 WP,INDO TANI UTAMA,Fungisida,01020120217037,2026-04-20,2031-04-20
6698,KISAN 10 WP,PETROKIMIA KAYAKU,Herbisida,01030120145077,2024-09-19,2029-09-19
6699,HIT EXPERT 0.086 FU,GODREJ CONSUMER PRODUCTS INDONESIA,Pestisida Rumah Tangga,06080120227660,2023-03-08,2028-03-08
6700,ULTIMARAC 360 SC,ALBAUGH AGRO INDONESIA,Insektisida,01010120258887,2025-07-11,2030-07-11
6701,KAKUTE 60 SP,SARAREA PANEN RAYA,Insektisida,01010120196450,2024-03-04,2029-03-04
6702,VAPE 17.8 LV,FUMAKILLA INDONESIA,Pestisida Rumah Tangga,032010245,2026-01-20,2031-01-20
6703,TETRAMYCIN 85 SP,SINAR GENERAL INDUSTRIES,Insektisida,01010120145005,2024-09-19,2029-09-19
6704,ABAMITE 18 EC,INDOIN BUSINESS GROUP,Insektisida,01010120217012,2026-04-20,2031-04-20
6705,BASAGRAN 460 SL,BASF INDONESIA,Herbisida,01030120134662,2022-12-05,2027-12-05
6706,RESPECT 200 EC,DHARMA GUNA WIBAWA,Insektisida,01010120134880,2023-04-26,2028-04-26
6707,METHYL-PRO 20 WP,REJEKI INDO AGROTEC,Herbisida,01030120165517,2026-01-20,2031-01-20
6708,PRONITE 60/20 WG,INDOIN BUSINESS GROUP,Insektisida,01010120227576,2022-12-05,2027-12-05
6709,TRIBOL X-500 EC,AGRO JAYA INDUSTRI,Insektisida,01100120248557,2024-11-18,2029-11-18
6710,RODIPO 550 SL,PERSADA AGRO SUKSES,Insektisida,01010120206859,2025-07-11,2030-07-11
6711,"2,4-D 98 TC",CENTA BRASINDO ABADI CHEMICAL INDUSTRY,Herbisida,042021994,2026-04-20,2031-04-20
6712,TERMINATOR 135 EC,GLOBAL AGROTECH,Akarisida,01120120052329,2025-11-13,2030-11-13
6713,MUPXONE 276 SL*,AGROTECH PESTICIDE INDUSTRY,Herbisida,01030120072963,2022-06-27,2027-06-27
6714,KATHON™ LX-150 Biocide,BLUE CUBE INDONESIA,Bakterisida,042018617,2024-03-04,2029-03-04
6715,CHLORPYRIFOS 97 TC,SOLO LOGO INDONESIA,Insektisida,0420241330,2024-11-18,2029-11-18
6716,Innosei ® HT,TRITUNGGAL ARTHAMAKMUR,Bakterisida,0420221111,2023-02-08,2028-02-08
6717,DIAFURAN 10 GR,CENTA BRASINDO ABADI CHEMICAL INDUSTRY,Insektisida,032025601,2025-09-26,2030-09-26
6718,METHOMYL 315 SL,INTI EVERSPRING INDONESIA,Insektisida,032020479,2024-11-18,2029-11-18
6719,BM TOPLAZ 70 WP,BEHN MEYER AGRICARE,Fungisida,01020120103667,2024-11-18,2029-11-18
6720,MAXTOP 138 SL,MUTIARA AGRO SEJATI,Herbisida,01030120259242,2026-01-20,2031-01-20
6721,Belinate 200 SL,SENTRAL TANI NUSANTARA,Herbisida,01030120269527,2026-07-16,2031-07-16
6722,PRIMADOR 25 WP,PRIMA KARYA BERJAYA,Insektisida,01010120217259,2022-01-14,2027-01-14
6723,IMPRESSIVE 50 WP,DELTA GIRI WACANA,Herbisida,01030120237890,2023-08-28,2028-08-28
6724,DELEGATE 25 WG,CORTEVA AGRISCIENCE MANUFACTURING INDONESIA,Insektisida,01010120165426,2026-01-20,2031-01-20
6725,PREVENTOL BIT 20 N,INDO ASIA TIRTA MANUNGGAL,Bakterisida,0420231166,2023-04-26,2028-04-26
6726,IMAR 200 SL,SARI KIMIA UNGGUL,Insektisida,01010120206742,2025-07-11,2030-07-11
6727,BIGXONE 135 SL,SARI KRESNA KIMIA,Herbisida,01030120196453,2024-08-09,2029-08-09
6728,ADORE 150/50 SC,ETONG CHEMICAL INDONESIA,Fungisida,01020120206802,2025-11-13,2030-11-13
6729,KLENSECT EXTRA 200 EC,DELTA GIRI WACANA,Insektisida,01010120083092,2026-04-20,2031-04-20
6730,GIBGRO 10 CS,NUFARM INDONESIA,Zat Pengatur Tumbuh Tanaman,01040120248385,2024-09-19,2029-09-19
6731,AUGEN 2.49/0.01 SL,TANAMAN MAKMUR MANDIRI,Zat Pengatur Tumbuh Tanaman,01040120269521,2026-07-16,2031-07-16
6732,ANKRUSS 350 FS,ADVANSIA INDOTANI,Insektisida,01010120165415,2025-11-13,2030-11-13
6733,BRENERA 100 OD,BINA GUNA KIMIA,Insektisida,01010120237980,2024-03-04,2029-03-04
6734,MATEDO 150 SL,AGRO DYNAMICS INDO,Herbisida,01030120269418,2026-04-20,2031-04-20
6735,KLOROTALONIL 98 TC,SOLO LOGO INDONESIA,Fungisida,042020839,2025-02-17,2030-02-17
6736,LAUDIS 20 WG,BAYER INDONESIA,Herbisida,01030120217149,2026-04-20,2031-04-20
6737,Hexaconazole 95 TC,SOLO LOGO INDONESIA,Fungisida,0420231133,2023-04-26,2028-04-26
6738,SHOTPLUS 50/200 EC,EASTCHEM AGROSCIENCE INDONESIA,Herbisida,01030120227581,2022-12-05,2027-12-05
6739,PRIMA-FAW 50 EC,PRIMA KARYA BERJAYA,Insektisida,01010120165655,2026-07-16,2031-07-16
6740,TALSTAR 25 EC,BINA GUNA KIMIA,Insektisida,01010119951196,2022-10-04,2027-10-04
6741,RIZETO 200 SC,INTER AGRO INDONESIA,Insektisida,01010120206773,2026-01-20,2031-01-20
6742,RANGGAS 200 SL,BIOTEK SARANA INDUSTRI,Herbisida,01030120259273,2026-01-20,2031-01-20
6743,HIT MAGIC 0.15 FU,GODREJ CONSUMER PRODUCTS INDONESIA,Pestisida Rumah Tangga,06080120196278,2024-09-19,2029-09-19
6744,OMCHAND 75 WP,OGINESIA MULTI TANI,Insektisida,01010120269615,2026-07-16,2031-07-16
6745,TILLO 500 SC,AGRO SEJAHTERA INDONESIA,Fungisida,01020120072816,2022-12-05,2027-12-05
6746,PARAKUAT DIKLORIDA 42 TC,DHARMA GUNA WIBAWA,Herbisida,042008224,2023-02-08,2028-02-08
6747,RHENOS 36 EC,RABANA AGRO RESOURCES,Insektisida,01010120175709,2022-06-27,2027-06-27
6748,SIMOKSANIL 98 TC,SOLO LOGO INDONESIA,Fungisida,0420221072,2022-12-05,2027-12-05
6749,NEW LALANG UP 481 SL,CENTA BRASINDO ABADI CHEMICAL INDUSTRY,Herbisida,01030120237912,2023-08-28,2028-08-28
6750,Ozziecide CI 150F1,CHEMIFIN JAYA UTAMA,Pestisida lain-lain,0420221081,2022-12-05,2027-12-05
6751,GLYTRON 310/49 EC,NUFARM INDONESIA,Herbisida,01030120072871,2022-06-27,2027-06-27
6752,VEGA 72 WP,SARI KRESNA KIMIA,Fungisida,01020120062386,2025-09-26,2030-09-26
6753,INDODOR 50 EC,AGROTECH PESTICIDE INDUSTRY,Insektisida,01010120093446,2023-08-28,2028-08-28
6754,CYPERPRO 150 EC,GRAHA ESA,Pestisida Pengendalian Vektor Penyakit Pada Manusia,06090120259192,2026-01-20,2031-01-20
6755,V-FULL 20/30/250 OD,VISION CROP PROTECTION,Herbisida,01030120259146,2025-11-13,2030-11-13
6756,SEMACOR 70 WG,SINAR GENERAL INDUSTRIES,Herbisida,01030120103862,2021-10-12,2026-10-12
6757,RESULT 250 SC,INDOIN BUSINESS GROUP,Zat Pengatur Tumbuh Tanaman,01040120227353,2022-06-27,2027-06-27
6758,CETAR 555 SL,FORAGRO MAJU SEJAHTERA,Herbisida,01030120175833,2022-12-05,2027-12-05
6759,HERITAGE MAXX 95 DC,SYNGENTA INDONESIA,Fungisida,01020120083125,2023-02-08,2028-02-08
6760,META-NOVA 560/14 EC,AGRO JAYA INDUSTRI,Herbisida,01030120238159,2024-03-05,2029-03-05
6761,PEKASO 550 EC,GONGCHENG BIOTECH INDONESIA,Pestisida Rumah Tangga,06080120259259,2026-01-20,2031-01-20
6762,TRI-PROLEMA 40/120 SC,TRUSTCHEM AGRO INDONESIA,Insektisida,01010120259310,2026-01-20,2031-01-20
6763,ATLANTIK 258 EC,TIGA MUARA EMAS MAKMUR,Herbisida,01030120227612,2023-02-08,2028-02-08
6764,SERBU 160 SL,BIOTIS AGRINDO,Herbisida,01030120031856,2022-01-14,2027-01-14
6765,BIOBAN™ O 100 Technical Antimicrobial,BLUE CUBE INDONESIA,Pestisida lain-lain,042017438,2022-12-05,2027-12-05
6766,ALITOPAN 24 WP,AVEL PESTINDO,Herbisida,01030120196237,2024-03-05,2029-03-05
6767,RICESTAR 69 EC,BAYER INDONESIA,Herbisida,01030120052314,2025-09-26,2030-09-26
6768,HIT 4.78 LV,GODREJ CONSUMER PRODUCTS INDONESIA,Pestisida Rumah Tangga,06080120237889,2023-08-28,2028-08-28
6769,VECTRON 20 WP,TRITAMA WIRAKARSA,Pestisida Pengendalian Vektor Penyakit Pada Manusia,06090119931105,2024-09-19,2029-09-19
6770,INTACE B-350,BLUE CUBE INDONESIA,Pestisida lain-lain,0420251471,2026-01-20,2031-01-20
6771,ALTRISET 200 SC,SYNGENTA INDONESIA,Bahan pengawet kayu,04110120206889,2025-11-13,2030-11-13
6772,AZZA 250/250 SC,ADVANSIA INDOTANI,Fungisida,01020120186172,2024-03-04,2029-03-04
6773,KENREL 525/55 EC,KENSO INDONESIA,Insektisida,01010120114137,2026-01-20,2031-01-20
6774,PRADO 25 EC,DELTAGRO MULIA SEJATI,Insektisida,01010120186062,2023-02-08,2028-02-08
6775,GOODXONE 200 SL*,BESTANI AGRO SEJAHTERA,Herbisida,01030120227411,2022-10-04,2027-10-04
6776,GETWELL 250 SC,MAKUTA AGRO SEJATI,Zat Pengatur Tumbuh Tanaman,01040120093539,2025-02-17,2030-02-17
6777,MONUMENT 75 WG,SYNGENTA INDONESIA,Herbisida,01030120083204,2023-04-26,2028-04-26
6778,METHOMYL 98 TC,INDO-SINO AGROCHEMICAL,Insektisida,0420261486,2026-04-20,2031-04-20
6779,AFFINITY 240 EC,BINA GUNA KIMIA,Herbisida,032019444,2024-08-09,2029-08-09
6780,EKSAKEONG 45 WP,NUSA MANDIRI UTAMA,Moluskisida,03050120103869,2026-07-16,2031-07-16
6781,PROMODAN 3 GR,TIGA MUARA EMAS MAKMUR,Insektisida,01010120227575,2022-12-05,2027-12-05
6782,DEET 99 TC,INTER AGRO TECHNOLOGY INDONESIA,Repelen,0420261480,2026-04-20,2031-04-20
6783,DOKU 20/80 SC,SANTANI AGRO PERKASA,Insektisida,01010120227296,2022-06-27,2027-06-27
6784,PLENTIS 60 OD,KINGAGROOT BIOTECHNOLOGY INDONESIA,Herbisida,01030120248417,2024-09-19,2029-09-19
6785,IMIDAKLOPRID 97 TC,SAFE CHEMICAL INDONESIA,Insektisida,0420221052,2022-10-04,2027-10-04
6786,FORAY 50 SC,DALZON CHEMICALS INDONESIA,Insektisida,01010120093396,2024-03-05,2029-03-05
6787,NEO RONDA PLUS 375 SL,CENTA BRASINDO ABADI CHEMICAL INDUSTRY,Herbisida,01030120227681,2023-02-08,2028-02-08
6788,MATENO UP 165 SL,AGROTECH PESTICIDE INDUSTRY,Herbisida,01030120227554,2022-12-05,2027-12-05
6789,SAGRI STORM 400/50/100 SC,SATYA AGRO INDONESIA,Herbisida,01030120227355,2022-06-27,2027-06-27
6790,STARLON 665 EC,NUFARM INDONESIA,Herbisida,01030120072899,2022-06-27,2027-06-27
6791,HIGRADE 200 EC,SARI KIMIA UNGGUL,Insektisida,01010120072664,2022-12-05,2027-12-05
6792,Soffell 130 AL,HERLINA INDAH,Repelen,06080120206684,2025-11-13,2030-11-13
6793,VICENTE 865 SL,INDO HOECHST,Herbisida,01030120052234,2026-01-20,2031-01-20
6794,ZENITH 75 WP,CROP CARE INDONESIA,Fungisida,01020120134736,2022-12-05,2027-12-05
6795,CALIWA ULTRA 60/9 WP,ZENITH CROPSCIENCES INDONESIA,Fungisida,01020120196336,2024-08-09,2029-08-09
6796,DRIP-UP PLUS 490 SL,GLOBAL AGRO MANDIRI,Herbisida,01030120103830,2025-09-26,2030-09-26
6797,BLADE 5/50 WP,CENTA BRASINDO ABADI CHEMICAL INDUSTRY,Insektisida,01010120248461,2024-11-18,2029-11-18
6798,BUROX 510 EC,TIGA MUARA EMAS MAKMUR,Insektisida,01010120258749,2025-07-11,2030-07-11
6799,LULANGAN 150 SL,FLORA FAUNA AGRO,Herbisida,01030120259087,2025-11-13,2030-11-13
6800,CHLORMITE STAR 550/100 EC,FOCUSINDO ASIA PACIFIC,Insektisida,01010120155193,2024-08-09,2029-08-09
6801,PICOMORE 300/100 SC,RAINBOW AGROSCIENCES,Fungisida,01020120238041,2024-03-04,2029-03-04
6802,METALAX-M 25 WP,GLOBAL AGROTECH,Fungisida,01020120103772,2025-07-11,2030-07-11
6803,ECOSIDA WP,NAZA AGRO'S,Fungisida,01020120217030,2026-01-20,2031-01-20
6804,Innosei® IMU,TRITUNGGAL ARTHAMAKMUR,Bakterisida,0420221112,2023-02-08,2028-02-08
6805,Glufosinate-ammonium 50 TK,SYNGENTA INDONESIA,Herbisida,0420231230,2024-03-04,2029-03-04
6806,NISSOZIN 20 SP,MITSUBISHI CORPORATION INDONESIA,Insektisida,01010120175855,2022-06-27,2027-06-27
6807,PUMA 160 SL,WIHADIL,Herbisida,01030119961281,2023-02-08,2028-02-08
6808,LAVENDA 12.5 Lt,PT LION WINGS,Repelen,06080120227326,2022-06-27,2027-06-27
6809,Trutone 100 SC,AGRO SENTOSA RAYA,Insektisida,01010120248559,2024-11-18,2029-11-18
6810,GEMAXONE 276 SL,SARI KRESNA KIMIA,Herbisida,01030120093594,2024-09-19,2029-09-19
6811,NARKIS 100 SC,ROYAL AGRO INDONESIA,Herbisida,01030120175775,2023-04-26,2028-04-26
6812,TRUPER 3 G,DELTAGRO MULIA SEJATI,Insektisida,01010120011590,2021-10-12,2026-10-12
6813,MERIZONE MAXX 70/40/200 OD,AGRO TERRUM INDONESIA,Herbisida,01030120248661,2025-02-17,2030-02-17
6814,LIUXONE 150 SL*,PETROSIDA GRESIK,Herbisida,01030120165627,2022-01-14,2027-01-14
6815,LOCK UP 240 SC,CORTEVA AGRISCIENCE MANUFACTURING INDONESIA,Herbisida,032012286,2022-06-27,2027-06-27
6816,"KINGKONG 0,026 MC",MENARA LAUT BERSATU,Pestisida Rumah Tangga,06080120186200,2024-03-05,2029-03-05
6817,sortie 30/6 WP,MAJU MAKMUR UTOMO,Fungisida,01020120114089,2021-10-12,2026-10-12
6818,BLOCKADE 100 EC,BUMI MAKMUR LESTARI UTAMA,Bahan pengawet kayu,04110120103613,2025-02-17,2030-02-17
6819,FLUOPYRAM 97 TC,INDO-SINO AGROCHEMICAL,Fungisida,042021948,2026-07-16,2031-07-16
6820,JOSSTAR 300/100 SL,TANI MEDIA,Herbisida,01030120248501,2024-11-18,2029-11-18
6821,GAMAXXONE 276 SL*,BESTANI AGRO SEJAHTERA,Herbisida,01030120227407,2022-10-04,2027-10-04
6822,APHISTAR 150/100 OD,SUNJOY AGRO INDONESIA,Insektisida,01010120237727,2023-04-26,2028-04-26
6823,VIERI 480 SL,SANBRAND AGRO SEJAHTERA,Herbisida,01030120227478,2022-10-04,2027-10-04
6824,PROMOTREL 110 PA,TIGA MUARA EMAS MAKMUR,Zat Pengatur Tumbuh Tanaman,01040120134608,2022-12-05,2027-12-05
6825,SIANTRAM 400/100 SL,SATYA ALAM SEMESTA,Insektisida,01010120206981,2025-09-26,2030-09-26
6826,"Baygon 1,79 VP",JOHNSON HOME HYGIENE PRODUCTS,Pestisida Rumah Tangga,06080120248576,2025-02-17,2030-02-17
6827,SATYAZEB 80 WP,SATYA ALAM SEMESTA,Fungisida,01020120248424,2024-09-19,2029-09-19
6828,IPA GLIFOSAT 62 TC,DHARMA GUNA WIBAWA,Herbisida,042008223,2026-04-20,2031-04-20
6829,Coopex 1 DP,DISCOVERY ENVIRONMENTAL SCIENCE INDONESIA,Insektisida,032024553,2024-09-19,2029-09-19
6830,JA-PUNG 490 SL,SUMBER AGRO PERKASA,Herbisida,01030120269391,2026-04-20,2031-04-20
6831,"SKYWALK 64/3,9 WG",CATUR AGRODAYA MANDIRI,Fungisida,01020120217175,2026-04-20,2031-04-20
6832,ABA 865 SL,BAHTERA BONIAGA LESTARI,Herbisida,01030120062198,2022-01-19,2027-01-19
6833,EXIGUA 50/100 EC,Agro Bumi Timur,Insektisida,01010120258769,2025-07-11,2030-07-11
6834,XING UP 400 SL,ADIL MAKMUR FAJAR,Herbisida,01030120259152,2025-11-13,2030-11-13
6835,ANDRE 55 WG,SANTANI AGRO MANDIRI,Insektisida,01010120227381,2022-10-04,2027-10-04
6836,KRESNADAN 3 GR,SARI KRESNA KIMIA,Insektisida,01010120124370,2025-11-13,2030-11-13
6837,SINTROP 80 WG,RAINBOW AGROSCIENCES,Insektisida,01010120165459,2026-01-20,2031-01-20
6838,MICROTHIOL 80 WG,CROP CARE INDONESIA,Fungisida,01020120041985,2023-08-28,2028-08-28
6839,ZHAVITRON 20 WP,FORAGRO MITRA SEJATI,Herbisida,01030120186166,2023-04-26,2028-04-26
6840,PEGASUS 500 SC,SYNGENTA INDONESIA,Insektisida,01010119921031,2025-09-26,2030-09-26
6841,TRONTON 50 EC,BAHTERA BONIAGA LESTARI,Insektisida,01010120175809,2022-12-05,2027-12-05
6842,ATRADEX 500/50 SC,NUFARM INDONESIA,Herbisida,01030120175670,2025-11-13,2030-11-13
6843,ABAMECTIN 95 TC,MULTI SARANA INDOTANI,Insektisida,0420231244,2024-03-05,2029-03-05
6844,ASTANA 60 WP,SINAR GENERAL INDUSTRIES,Moluskisida,01050120248357,2024-09-19,2029-09-19
6845,ROZA XTRA 550/60 EC,AGRO NATURAL TECHNOLOGY,Insektisida,01010120196298,2024-08-09,2029-08-09
6846,AUDIT 486 SL,SURAT TANI,Herbisida,01030120031863,2024-03-05,2029-03-05
6847,RON-GOLD 10 WP,CENTA BRASINDO ABADI CHEMICAL INDUSTRY,Herbisida,01030120237805,2023-04-26,2028-04-26
6848,AZOSTAR 250 SC,FARMCO KIMIA,Fungisida,01020120124344,2023-08-28,2028-08-28
6849,INSTA DUO 120/100 SL,MAXXI AGRI INDONESIA,Herbisida,01030120259078,2025-11-13,2030-11-13
6850,PROTON 50 SC,SARI KRESNA KIMIA,Insektisida,01010120269629,2026-07-16,2031-07-16
6851,MAXPROL 250 SC,SUMANS MANDIRI SEJAHTERA,Zat Pengatur Tumbuh Tanaman,01040120227674,2023-02-08,2028-02-08
6852,PYRACLOSTROBIN 98 TC,KHARISMA AGRI WIJAYA,Fungisida,0420251463,2026-01-20,2031-01-20
6853,IMIDACLOPRID 97 TC,SAMUDRA UTAMA NARAPATI,Insektisida,042020887,2026-04-20,2031-04-20
6854,CHLORANTRANILIPROLE 96 TC,KHARISMA AGRI WIJAYA,Insektisida,0420251410,2025-11-13,2030-11-13
6855,PARAPLUS 135 SL,BERSAMA SATU TEGUH,Herbisida,01030120227568,2022-12-05,2027-12-05
6856,PHOSCORMITE 18 EC,CATUR AGRODAYA MANDIRI,Insektisida,01010120103645,2024-09-19,2029-09-19
6857,BRASITOX 6 GR,CENTA BRASINDO ABADI CHEMICAL INDUSTRY,Moluskisida,01050120206907,2025-09-26,2030-09-26
6858,GLIOTRI WP,PRIMA BERKAH NUSANTARA,Fungisida,01020120206925,2026-01-20,2031-01-20
6859,PLENARIS 200 FS,SYNGENTA INDONESIA,Fungisida,01020120196377,2024-08-09,2029-08-09
6860,PILARMD 250 CS,PILARQUIM AGROSCIENCE INDONESIA,Insektisida,01010120217076,2025-11-13,2030-11-13
6861,MAGUS 325 SC,AGRO GUNA MAKMUR,Fungisida,01020120175770,2022-12-05,2027-12-05
6862,FAMDATRIN 50 EC,INDO-SINO AGROCHEMICAL,Insektisida,01010120124356,2022-10-04,2027-10-04
6863,ACTICIDE MKI 2,JAYA WARINDO ABADI,Fungisida,0420251466,2026-01-20,2031-01-20
6864,COSTA 138 SL,SYNAGRO PERKASA,Herbisida,01030120248466,2024-11-18,2029-11-18
6865,TANIUP 480 SL,TANI MAS SUBUR,Herbisida,01030120031936,2024-08-09,2029-08-09
6866,HIT 0.18 AE,GODREJ CONSUMER PRODUCTS INDONESIA,Pestisida Rumah Tangga,06080120238137,2024-03-05,2029-03-05
6867,LINE UP 480 SL,CV. AGRO MULIA,Herbisida,01030120227327,2022-06-27,2027-06-27
6868,GM READY 480 SL,SINAR GENERAL INDUSTRIES,Herbisida,01030120217135,2026-07-16,2031-07-16
6869,INTERPRID 200 SL,UNI AGRO CHEMICA,Insektisida,01010120072764,2023-02-08,2028-02-08
6870,BIOBAN™ P-1487 Antimicrobial Agent,BLUE CUBE INDONESIA,Pestisida lain-lain,042018610,2024-03-04,2029-03-04
6871,PURMAX 50 EC,KINGAGROOT BIOTECHNOLOGY INDONESIA,Herbisida,01030120269452,2026-04-20,2031-04-20
6872,METASOL TK-25 AD,BLUE CUBE INDONESIA,Pestisida lain-lain,0420251472,2026-01-20,2031-01-20
6873,TOXEDOWN 150 EC,DELTA CHEMICA,Insektisida,01010120186088,2023-04-26,2028-04-26
6874,KRESTOMIL 40 SP,SARI KRESNA KIMIA,Insektisida,01010120206935,2025-11-13,2030-11-13
6875,LALANGTOP 155 SL,TIGA MUARA EMAS MAKMUR,Herbisida,01030120269408,2026-04-20,2031-04-20
6876,HIT 0.15 STICK FU,GODREJ CONSUMER PRODUCTS INDONESIA,Pestisida Rumah Tangga,06080120206835,2025-09-26,2030-09-26
6877,BINTANG GOLD 55 EC,CV. SAKASAKI INDONESIA,Insektisida,01010120196507,2024-11-18,2029-11-18
6878,CYPERMETHRIN 92 TC,FOCUSINDO ASIA PACIFIC,Insektisida,0420231224,2024-03-04,2029-03-04
6879,TRENDY 20 WG,DELTA GIRI WACANA,Herbisida,01030120072693,2024-03-05,2029-03-05
6880,"PILGROW 2,5 TB",CV PLANET AGRONUSA,Zat Pengatur Tumbuh Tanaman,01040120248675,2025-02-17,2030-02-17
6881,LIDER 20/100 EW,ALISHAN NUSA INDAH,Insektisida,01010120248824,2025-07-11,2030-07-11
6882,TUNGTUNGJOS 276 SL*,SUMBER AGRO PERKASA,Herbisida,01030120269493,2026-04-20,2031-04-20
6883,LASNIU 25 EC,NIROGA SUMBER SEJAHTERA,Pestisida Pengendalian Vektor Penyakit Pada Manusia,06090120238150,2024-03-05,2029-03-05
6884,PYRATOP 481 SL,SINAR GENERAL INDUSTRIES,Herbisida,01030120155217,2024-09-19,2029-09-19
6885,AKKOP 250 SC,ADVANSIA INDOTANI,Bakterisida,01060120186167,2024-03-05,2029-03-05
6886,ALFAQWT 14 PA,CENTA BRASINDO ABADI CHEMICAL INDUSTRY,Zat Pengatur Tumbuh Tanaman,01040120269511,2026-07-16,2031-07-16
6887,KASEN 65 WP,SARI KIMIA UNGGUL,Moluskisida,01050120206633,2025-07-11,2030-07-11
6888,CBASTAR 350/150 SL,CENTA BRASINDO ABADI CHEMICAL INDUSTRY,Herbisida,01030120259186,2026-01-20,2031-01-20
6889,METIL METSULFURON 95 TC,MITRA KREASIDHARMA,Herbisida,042016370,2025-11-13,2030-11-13
6890,"Baygon 0,161 AE",JOHNSON HOME HYGIENE PRODUCTS,Pestisida Rumah Tangga,06080120083249,2023-04-26,2028-04-26
6891,mago SC,TANAMAN MAKMUR MANDIRI,Fungisida,01020120227552,2022-12-05,2027-12-05
6892,NOGULMA NEO 480/50 SC,MAXXI AGRI INDONESIA,Herbisida,01030120259097,2025-11-13,2030-11-13
6893,RIDAFOS 550/50 EC,DA MING INDONESIA,Insektisida,01010120217172,2021-10-12,2026-10-12
6894,P. MEC 36 EC,SINERGI CHEM INDONESIA,Insektisida,01010120165526,2026-01-20,2031-01-20
6895,Microcare ITL,MARGA DWI KENCANA,Pestisida lain-lain,0420241371,2025-02-17,2030-02-17
6896,NEFOS 4/12/29 WP,BIOTIS AGRINDO,Fungisida,01020120052298,2024-09-19,2029-09-19
6897,SYCAMORE 722 SL,SURYA AGROKEMINDO PERKASA,Fungisida,01020120227705,2023-02-08,2028-02-08
6898,AMIGO 865 SL,SARI KRESNA KIMIA,Herbisida,01030120175860,2026-07-16,2031-07-16
6899,REMAZOLE-P 490 EC,ROYAL AGRO INDONESIA,Fungisida,01020120083098,2023-04-26,2028-04-26
6900,DOLPHIN 55 WP,TIGA MUARA EMAS MAKMUR,Fungisida,01020120196428,2024-03-05,2029-03-05
6901,BOTAS 276 SL,SANTANI AGRO MANDIRI,Herbisida,01030120238108,2024-03-05,2029-03-05
6902,DYNOMEC 36 EC,JATI EMAS UNGGUL,Insektisida,01010120165504,2026-01-20,2031-01-20
6903,Proxel 108,IMCD INDONESIA,Bakterisida,0420221086,2022-12-05,2027-12-05
6904,BLEDOS 150/50 SL,CENTA BRASINDO ABADI CHEMICAL INDUSTRY,Herbisida,01030120259179,2026-01-20,2031-01-20
6905,HIT MAGIC 0.115 FU,GODREJ CONSUMER PRODUCTS INDONESIA,Pestisida Rumah Tangga,06080120227666,2023-03-08,2028-03-08
6906,PLUTON 30 WG,DELTA GIRI WACANA,Insektisida,01010120145069,2024-09-19,2029-09-19
6907,OXYFUZONE MAX 240/80 SC,AGRO TERRUM INDONESIA,Herbisida,01030120248668,2025-02-17,2030-02-17
6908,SCOTIN 100 EC,DUTA TANI,Insektisida,01010120237808,2023-04-26,2028-04-26
6909,"MOUSAKIL 0,075 RB",TANAMAN MAKMUR MANDIRI,Rodentisida,01120120248664,2025-02-17,2030-02-17
6910,AMMONIUM GLUFOSINATE 95 TC,NUSAMAS KIMIA PERSADA,Herbisida,0420241267,2024-08-09,2029-08-09
6911,FLUMA 40 EC,KINGAGROOT BIOTECHNOLOGY INDONESIA,Herbisida,01030120259059,2025-11-13,2030-11-13
6912,K-OTHRINE POLYZONE 62.5 SC,BAYER INDONESIA,Pestisida Pengendalian Vektor Penyakit Pada Manusia,06090120227548,2022-12-05,2027-12-05
6913,GANDEWA 500/50 SC,DELTA GIRI WACANA,Herbisida,01030120155230,2024-09-19,2029-09-19
6914,ATRANEX 90 WG,ROYAL AGRO INDONESIA,Herbisida,01030120134661,2023-08-28,2028-08-28
6915,DUSTER 200 SC,EXCEL MEG INDO,Fungisida,01020120165609,2025-11-13,2030-11-13
6916,Innosei ® PSB,TRITUNGGAL ARTHAMAKMUR,Bakterisida,0420231238,2024-03-04,2029-03-04
6917,XK 688 SL,ALBAUGH AGRO INDONESIA,Herbisida,01030120259015,2025-09-26,2030-09-26
6918,BIMARON 80 WP,CROP CARE INDONESIA,Herbisida,01030119931078,2024-03-05,2029-03-05
6919,LIVANTO 100 EC,DALZON CHEMICALS INDONESIA,Herbisida,01030120175769,2022-12-05,2027-12-05
6920,IR3535,AZELIS INDONESIA DISTRIBUSI,Insektisida,0420251390,2025-07-11,2030-07-11
6921,Proxel CMC,IMCD INDONESIA,Bakterisida,0420221082,2022-12-05,2027-12-05
6922,LONGER 75 WP,MASCO AGRI GENETICS,Fungisida,01020120134694,2023-08-28,2028-08-28
6923,SATYAPRO 288 SL*,SATYA ALAM SEMESTA,Herbisida,01030120196477,2024-08-09,2029-08-09
6924,BROMATAN 0.005 RB,TANGGUH AGRO NUSA INDONESIA,Rodentisida,01120120248586,2025-02-17,2030-02-17
6925,BiojoyoLarv SC,BIOJOYO TEKNOLOGI INDUSTRI,Pestisida Pengendalian Vektor Penyakit Pada Manusia,06090120237974,2024-03-04,2029-03-04
6926,POINTER 276 SL,DALZON CHEMICALS INDONESIA,Herbisida,01030120062184,2026-01-20,2031-01-20
6927,ACHLOR 4/36 WP,ADVANSIA INDOTANI,Herbisida,01030120217187,2026-07-16,2031-07-16
6928,KLIMAX 20 EC,PT. FORTUNA MULIA SEJATI,Insektisida,01010120031895,2025-11-13,2030-11-13
6929,ANCIN 50 WP,DELTAGRO MULIA SEJATI,Insektisida,01010120011570,2025-07-11,2030-07-11
6930,TOPIDA 25 WP,SINAR GENERAL INDUSTRIES,Insektisida,01010120114179,2022-01-14,2027-01-14
6931,AMONIUM GLUFOSINAT 95 TC,MULTI AGRO JAYA UTAMA,Herbisida,0420221044,2022-10-04,2027-10-04
6932,JORJIA 400/50 EC,INDOIN BUSINESS GROUP,Insektisida,01010120227544,2022-12-05,2027-12-05
6933,PAMUNGKAS 490 SL,INDO HOECHST,Herbisida,01030120124311,2022-06-27,2027-06-27
6934,Spider 200 EC,MAJU MAKMUR UTOMO,Insektisida,01010120175874,2022-12-05,2027-12-05
6935,THIOFAST 125/300 SE,BAHTERA BONIAGA LESTARI,Fungisida,01020120269674,2026-07-16,2031-07-16
6936,BAKOMAX 360 EC,AGRICULTURE CONSTRUCTION,Zat Pengatur Tumbuh Tanaman,01040120227280,2022-06-27,2027-06-27
6937,PASMATOON 865 SL,GLOBAL AGROTAMA INDONESIA,Herbisida,01030120114123,2022-10-04,2027-10-04
6938,SUPRAMET 50 WP,MASCO AGRI GENETICS,Fungisida,01020120248428,2024-09-19,2029-09-19
6939,MITIGATE 18 EC,INDAGRO,Insektisida,01010120001519,2022-06-27,2027-06-27
6940,AMUR 155 SL,TIGA MUARA EMAS MAKMUR,Herbisida,01.03.01.2022.7487,2022-12-05,2027-12-05
6941,Azoxystrobin 98% TC.,SOLUSI TANI INDONESIA,Fungisida,0420231121,2023-04-26,2028-04-26
6942,ThriFleet 75/75 SC,KHARISMA AGRI WIJAYA,Insektisida,01010120269676,2026-07-16,2031-07-16
6943,CYCLOBUNOFEN 98 TC,KINGAGROOT BIOTECHNOLOGY INDONESIA,Fungisida,0420261479,2026-04-20,2031-04-20
6944,HIPOMEC 63 WP,CENTA BRASINDO ABADI CHEMICAL INDUSTRY,Insektisida,01010120175754,2022-06-27,2027-06-27
6945,CELVIN 63/5 WP,DELTA GIRI WACANA,Herbisida,01030120237740,2023-04-26,2028-04-26
6946,PACLOBUTRAZOL 95 TC,RAINBOW AGROSCIENCES,Zat Pengatur Tumbuh Tanaman,0420221027,2022-06-27,2027-06-27
6947,Damex 30 EC,JJM INDONESIA,Insektisida,01010120175746,2023-04-26,2028-04-26
6948,BOLDZ-UP 485 SL,SATYA AGRO INDONESIA,Herbisida,01030120155150,2024-09-19,2029-09-19
6949,CRYSOKILL WP,PRIMA AGRO TECH,Insektisida,01010120227511,2022-12-05,2027-12-05
6950,EMAKTIN 32 EC,YANNO AGRO SCIENCE INDONESIA,Insektisida,01010120227515,2022-12-05,2027-12-05
6951,EXIREL 100 SE,BINA GUNA KIMIA,Insektisida,032024572,2025-02-17,2030-02-17
6952,GOZEBLUE 82 WP,Agro Bumi Timur,Fungisida,01020120237759,2023-04-26,2028-04-26
6953,MEGACORN 260/20 OD,SOLO LOGO INDONESIA,Herbisida,01030120248660,2025-02-17,2030-02-17
6954,LANCER 75 SP,AGRO SEJAHTERA INDONESIA,Insektisida,01010120041979,2024-03-05,2029-03-05
6955,GLYPHOSATE 97 TC,DELTA GIRI WACANA,Herbisida,0420241361,2025-02-17,2030-02-17
6956,TAMULDOK 25 EC,TUNASHARAPAN MURNI,Insektisida,01010120083298,2024-03-05,2029-03-05
6957,SINARFURON 20 WG,SINAR GENERAL INDUSTRIES,Herbisida,01030120113998,2021-10-12,2026-10-12
6958,ANDALL MAX 720 SL,ANDALL HASA PRIMA,Herbisida,01030120248354,2024-09-19,2029-09-19
6959,MELYRA 200/200 SC,BASF INDONESIA,Fungisida,01020120227331,2022-06-27,2027-06-27
6960,"2,4-D Sodium Salt 95 TC",RAINBOW AGROSCIENCES,Herbisida,042020877,2025-11-13,2030-11-13
6961,SINOCLEAN 200 SL,MULTI AGRO JAYA UTAMA,Herbisida,01030120227583,2022-12-05,2027-12-05
6962,HYVAR 80 WP,SANOVA,Herbisida,0103011987793,2024-03-04,2029-03-04
6963,ACTICIDE MKX,JAYA WARINDO ABADI,Fungisida,0420231154,2023-04-26,2028-04-26
6964,SANFIDOR 200 SL,SANTANI AGRO PERKASA,Insektisida,01010120072977,2022-06-27,2027-06-27
6965,EDGE 500 SC,MASCO AGRI GENETICS,Fungisida,01020120258764,2025-07-11,2030-07-11
6966,UDRABIN 50/25 WG,AGRO JAYA INDONESIA,Fungisida,01020120259311,2026-01-20,2031-01-20
6967,GOSONG-KUAT 276 SL,AGRO JAYA INDUSTRI,Herbisida,01030120093319,2025-02-17,2030-02-17
6968,INTERCLOS 150/250 SC,INTER AGRO INDONESIA,Fungisida,01020120227541,2022-12-05,2027-12-05
6969,BESTHOMYL 40 SP,BIOTEK SARANA INDUSTRI,Insektisida,01010120185941,2023-08-28,2028-08-28
6970,RAJA LATEX PLUS 480 SL,LIVE ANGKASA,Zat Pengatur Tumbuh Tanaman,.04.01.2025.001037,2025-11-13,2030-11-13
6971,CLETHODIM 37 TK,INDO-SINO AGROCHEMICAL,Herbisida,0420221047,2022-10-04,2027-10-04
6972,IN-CHIPROZ 13/13 WP,INTER AGRO INDONESIA,Fungisida,01020120269578,2026-07-16,2031-07-16
6973,MOLLIENT 75 SP,FOCUSINDO ASIA PACIFIC,Insektisida,1010120124484,2022-06-27,2027-06-27
6974,"ASYIK 37,5/25 WG",ADVANSIA INDOTANI,Fungisida,01020120238100,2024-03-05,2029-03-05
6975,VAPE 12.0 LV,FUMAKILLA INDONESIA,Insektisida,06080120114008,2021-11-18,2026-11-18
6976,ROCK UP 480 SL,NATHANI CHEMICALS,Herbisida,01030120145093,2024-09-19,2029-09-19
6977,PRIMA-ZOL PLUS 100/200 SC,PRIMA KARYA BERJAYA,Fungisida,01020120227574,2022-12-05,2027-12-05
6978,"TOPAZ 0,05 GR",MAJU MAKMUR UTOMO,Pestisida Rumah Tangga,06080120196396,2024-11-18,2029-11-18
6979,DALOPIR 480 EC,DALZON CHEMICALS INDONESIA,Herbisida,01030120052256,2025-02-17,2030-02-17
6980,JAS-TRIN 100 EC,AGRO JAYA INDUSTRI,Insektisida,01010120248288,2024-08-09,2029-08-09
6981,NEBULA 100/100 SC,DELTA GIRI WACANA,Fungisida,01020120238165,2024-03-05,2029-03-05
6982,ALGOJO 200/10/15 OD,AGRICULTURE CONSTRUCTION,Herbisida,01030120258898,2025-09-26,2030-09-26
6983,ROCIMA 344 MICROBICIDE,BLUE CUBE INDONESIA,Pestisida lain-lain,0420251409,2025-09-26,2030-09-26
6984,BESULAR 400 SL,RAINBOW AGROSCIENCES,Zat Pengatur Tumbuh Tanaman,01040120259036,2025-11-13,2030-11-13
6985,PREGO 20 EC,DELTAGRO MULIA SEJATI,Insektisida,01010120031777,2026-01-20,2031-01-20
6986,ORYSTAR 290 SC,SINAR GENERAL INDUSTRIES,Zat Pengatur Tumbuh Tanaman,01040120206766,2025-07-11,2030-07-11
6987,ULATE 550 SL,PT. KENCANA AGRO GOLDENSIDA,Insektisida,01010120165469,2021-10-12,2026-10-12
6988,JOKI 400 SL,POLARCHEM,Insektisida,01010120083049,2022-10-04,2027-10-04
6989,ACCORA 100 EC,INTI EVERSPRING INDONESIA,Insektisida,01010120155323,2025-02-17,2030-02-17
6990,TOPRAMEZON 98 TC,WINHONOR CONSULTING INDONESIA,Herbisida,0420251384,2025-07-11,2030-07-11
6991,PRIMA-LIMA 555 SL,PRIMA KARYA BERJAYA,Herbisida,01030120196460,2024-08-09,2029-08-09
6992,UNICYTHRIN 50 EC,UNI AGRO CHEMICA,Insektisida,01010120134643,2023-04-26,2028-04-26
6993,SOLO 490 SL,REJEKI INDO AGROTEC,Herbisida,01030120124518,2023-02-08,2028-02-08
6994,LikaGrow 20/5 WP,KOIN TUNGGAL JAYA,Zat Pengatur Tumbuh Tanaman,01040120227673,2023-02-08,2028-02-08
6995,EFFORT 45 WP,DELTA GIRI WACANA,Moluskisida,01050120258765,2025-07-11,2030-07-11
6996,KAYARIS 500/55 SC,SARI KRESNA KIMIA,Herbisida,01030120196451,2024-08-09,2029-08-09
6997,"ATOMON 22,43 SL",SANTANI AGRO PERKASA,Zat Pengatur Tumbuh Tanaman,01040120144956,2024-03-05,2029-03-05
6998,GLIFOSAT 95 TC,BIOTIS AGRINDO,Herbisida,042007220,2022-10-04,2027-10-04
6999,KRESNA 400 SL,SARI KRESNA KIMIA,Herbisida,01030120062437,2025-09-26,2030-09-26
7000,FUSCO 400 EC,DHARMA GUNA WIBAWA,Insektisida,01010120124461,2022-06-27,2027-06-27
7001,BAKTI 307 EC,KENSO INDONESIA,Fungisida,01020120144927,2024-08-09,2029-08-09
7002,BETA CYFLUTHRIN 95 TC,MULTI SARANA INDOTANI,Insektisida,0420231122,2023-04-26,2028-04-26
7003,RAFAT 75 SP,Agro Bumi Timur,Insektisida,01010120258985,2025-09-26,2030-09-26
7004,ALFATOX 50 EC,AGRO GUNA MAKMUR,Insektisida,01010120031896,2024-03-05,2029-03-05
7005,SKIN VAPE 150 AL,FUMAKILLA INDONESIA,Repelen,06080120227356,2022-06-27,2027-06-27
7006,CHLORPYRIFOS 94 TC,DELTA GIRI WACANA,Insektisida,0420241329,2024-11-18,2029-11-18
7007,ALPASO 20 WG,AGRO SENTOSA RAYA,Herbisida,01030120259159,2026-01-20,2031-01-20
7008,TEXXIM 20 WP,DALZON CHEMICALS INDONESIA,Fungisida,01020120175876,2022-12-05,2027-12-05
7009,"2,4-D 97 TC",NUFARM INDONESIA,Herbisida,0420241295,2024-09-19,2029-09-19
7010,CHLORANLIER 200 SC,AGRO JAYA INDONESIA,Insektisida,01010120248464,2024-11-18,2029-11-18
7011,BLONDE 480 SL,EUREEKAGREAT NUSANTARA,Herbisida,01030120238106,2024-03-05,2029-03-05
7012,MARBOFID 2 WP,SAFE CHEMICAL INDONESIA,Insektisida,01010120134596,2023-04-26,2028-04-26
7013,Supergib 10 TB,GRAHA AGRO,Zat Pengatur Tumbuh Tanaman,01040120237938,2023-08-28,2028-08-28
7014,FASCINATE-FLASH 140/50 EW,CATUR AGRODAYA MANDIRI,Herbisida,01030120217045,2025-11-13,2030-11-13
7015,NUSATRIN 80 WP,MESTIKA NUSANTARA AGROKIMIA,Herbisida,01030120269612,2026-07-16,2031-07-16
7016,KLENSECT 200 EC,DELTA GIRI WACANA,Insektisida,01010120031831,2022-10-04,2027-10-04
7017,SIDAMEC 20 EC,PETROSIDA GRESIK,Insektisida,01010120042317,2025-09-26,2030-09-26
7018,OLYSET PLUS 2 LN,GIGA PUTRA TANI,Pestisida Pengendalian Vektor Penyakit Pada Manusia,06090120186137,2024-03-05,2029-03-05
7019,ENTOMOBAC WP,PRIMA AGRO TECH,Insektisida,01010120186029,2023-04-26,2028-04-26
7020,GEMILANG 110 EC,SARI KRESNA KIMIA,Insektisida,01010120114047,2025-09-26,2030-09-26
7021,COPID 77 WP,CENTA BRASINDO ABADI CHEMICAL INDUSTRY,Fungisida,01020120227632,2023-02-08,2028-02-08
7022,"MAXIDA 12,5 PA",CROPLINK AGRIKULTUR TEKNOLOGI,Zat Pengatur Tumbuh Tanaman,01040120206946,2025-11-13,2030-11-13
7023,ROACHTY 0.05 BB,ETOS INDONUSA,Pestisida Rumah Tangga,06080120227699,2023-02-08,2028-02-08
7024,ET-PROKLIN 50 EC,ETONG CHEMICAL INDONESIA,Insektisida,01010120237875,2023-08-28,2028-08-28
7025,FIERY 50 EC,PUSRI AGRO LESTARI,Insektisida,01010120134772,2024-11-18,2029-11-18
7026,SELTIMA PLUS 75/150 ZC,BASF INDONESIA,Fungisida,01020120217219,2021-11-18,2026-11-18
7027,CONSENTO 75/375 SC,NATHANI INDONESIA,Fungisida,01020120114038,2026-01-20,2031-01-20
7028,HIT 0.597 MV,GODREJ CONSUMER PRODUCTS INDONESIA,Pestisida Rumah Tangga,06080120227310,2022-06-27,2027-06-27
7029,GREEN MASCOT 40 SL,BOMA SAKTI TANI,Zat Pengatur Tumbuh Tanaman,01040120165444,2026-01-20,2031-01-20
7030,NICLOSAN 250 EC,RABANA AGRO RESOURCES,Moluskisida,01050120093358,2023-04-26,2028-04-26
7031,ORONDIS VIP 30/180 DC,SYNGENTA INDONESIA,Fungisida,01020120259255,2026-01-20,2031-01-20
7032,NIKKO 45/235 OD,AGRO SEJAHTERA INDONESIA,Herbisida,01030120206849,2024-11-18,2029-11-18
7033,INTERPRID 25 WP,UNI AGRO CHEMICA,Insektisida,01010120072945,2023-04-26,2028-04-26
7034,HAITEK 160 SL,DALZON CHEMICALS INDONESIA,Herbisida,01030120083123,2023-04-26,2028-04-26
7035,FORASEFAT 75 SP,FORAGRO MITRA SEJATI,Insektisida,01010120238129,2024-03-05,2029-03-05
7036,GLUFOSINATE AMMONIUM 95 TC,TRIDA KIMIA SAKTI,Herbisida,0420251396,2025-09-26,2030-09-26
7037,BARREN 80 WP,DELTA GIRI WACANA,Herbisida,01030120134548,2023-02-08,2028-02-08
7038,KOEDAZEB 83 WP,TAPAL KOEDA INDONESIA,Fungisida,01020120155132,2024-11-18,2029-11-18
7039,CRIPTAN 250 EC,DELTA GIRI WACANA,Moluskisida,01050120072933,2026-04-20,2031-04-20
7040,"RICESOLO 60/7,5 DF",UPL INDONESIA,Herbisida,01030120155318,2026-01-20,2031-01-20
7041,BABAT KUAT 276 SL*,MESTIKA NUSANTARA AGROKIMIA,Herbisida,01030120237966,2024-03-04,2029-03-04
7042,ALIPI 106/141 SC,ADVANSIA INDOTANI,Insektisida,01010120155289,2025-11-13,2030-11-13
7043,HEROLE PLUS 100/20 SC,RAINBOW AGROSCIENCES,Insektisida,01010120237887,2023-08-28,2028-08-28
7044,TSUBAME 18 EC,ARYSTA LIFESCIENCE TIRTA,Insektisida,01010120031811,2023-08-28,2028-08-28
7045,MAZOTAM 200 SC,ALBAUGH AGRO INDONESIA,Insektisida,01010120144994,2024-09-19,2029-09-19
7046,PRIMAXONE ULTRA 276 SL*,CENTA BRASINDO ABADI CHEMICAL INDUSTRY,Herbisida,01030120124501,2026-07-16,2031-07-16
7047,GLYPHOSATE MONOAMMONIUM 38 TC,KENSO INDONESIA,Herbisida,042019695,2024-08-09,2029-08-09
7048,ESPLANADE 22 WG,BAYER INDONESIA,Herbisida,01030120134569,2022-10-04,2027-10-04
7049,LAMLO 50 EC,PRIMA KARYA BERJAYA,Insektisida,01010120227672,2023-02-08,2028-02-08
7050,ANJANIE 200/150 EC,RAJA GROUP INDONESIA,Insektisida,01.01.01.2022.7489,2022-12-05,2027-12-05
7051,DIKAMIN 720 SL,SARI KRESNA KIMIA,Herbisida,01030120042071,2024-08-09,2029-08-09
7052,ASGARD 25 WP,INTI EVERSPRING INDONESIA,Insektisida,01010120227382,2022-10-04,2027-10-04
7053,PARAQUAT DICHLORIDE 42 TC,INDO-SINO AGROCHEMICAL,Herbisida,0420221071,2022-12-05,2027-12-05
7054,COSAVET 80 WG,AGRO INSANI SEMESTA,Fungisida,01020120206607,2025-02-17,2030-02-17
7055,AMCOMEC 18 EC,ADIL MAKMUR FAJAR,Insektisida,01010120072701,2023-02-08,2028-02-08
7056,DIMEFLUTHRIN 95 TC,TAKBIR SUKMA TRADA INDONESIA,Pestisida Rumah Tangga,0420251454,2026-01-20,2031-01-20
7057,GETA-H PUTIH 10 PA,AGRO DYNAMICS INDO,Zat Pengatur Tumbuh Tanaman,01040120259209,2026-01-20,2031-01-20
7058,SOLANO 25 WP,DELTAGRO MULIA SEJATI,Insektisida,01010120042147,2023-08-28,2028-08-28
7059,ETOPROP 10 GR,YANNO AGRO SCIENCE INDONESIA,Nematisida,01130120196526,2025-07-11,2030-07-11
7060,VAPE 0.04 MC,FUMAKILLA INDONESIA,Pestisida Rumah Tangga,06080120124537,2023-02-08,2028-02-08
7061,"Vela 28,5 WP",TUNAS SUBUR,Insektisida,.01010120165484,2022-06-27,2027-06-27
7062,BRASSO 250 EC,MITRA KREASIDHARMA,Insektisida,01010120114114,2025-11-13,2030-11-13
7063,DKSIMOZEB 64/8 WP,DANKEN INDONESIA,Fungisida,01020120165432,2026-07-16,2031-07-16
7064,FERO LANAS,PT. Agritek Tani Indonesia,Atraktan / Feromon,01070120144901,2024-08-09,2029-08-09
7065,ALTAR 15 WP,SARI KRESNA KIMIA,Zat Pengatur Tumbuh Tanaman,01040120083244,2023-02-08,2028-02-08
7066,SUPEREL 10 PA,AGRO DYNAMICS INDO,Zat Pengatur Tumbuh Tanaman,01040120083047,2024-03-04,2029-03-04
7067,EXPLORE 250 EC,DHARMA GUNA WIBAWA,Fungisida,01020120083264,2022-12-05,2027-12-05
7068,Zinc Omadine ZOE Dispersion,ARXADA CHEMICALS INDONESIA,Pestisida lain-lain,042019727,2024-09-19,2029-09-19
7069,COVER 400 EC,SINAR GENERAL INDUSTRIES,Insektisida,01010120114119,2026-07-16,2031-07-16
7070,FENTOMAXX 600 EC,MAXXI AGRI INDONESIA,Insektisida,01010120269363,2026-04-20,2031-04-20
7071,LANNATE 25 WP,MITRA KREASIDHARMA,Insektisida,0101011978335,2025-07-11,2030-07-11
7072,TRICLOPYR BUTOXY ETHYL ESTER 95 TC,CENTA BRASINDO ABADI CHEMICAL INDUSTRY,Herbisida,0420231205,2023-08-28,2028-08-28
7073,FUNGSAN 200/60 SC,SANTANI AGRO PERKASA,Fungisida,01020120206732,2024-11-18,2029-11-18
7074,MARSHAL 200 EC,BINA GUNA KIMIA,Insektisida,0101011981489,2022-12-05,2027-12-05
7075,FASTKILL 50 EC,MAXXI AGRI INDONESIA,Insektisida,01010120103656,2024-11-18,2029-11-18
7076,QC-GROW 40 SL,AGRO JAYA INDONESIA,Zat Pengatur Tumbuh Tanaman,01040120259110,2025-11-13,2030-11-13
7077,ASSASSIN 100 SL,DHARMA GUNA WIBAWA,Insektisida,01010120227611,2023-02-08,2028-02-08
7078,VAPE 6.0 LV,FUMAKILLA INDONESIA,Insektisida,06080120114009,2021-11-18,2026-11-18
7079,Spinosad 92 TC,TIENYEN INTERNATIONAL,Insektisida,042021989,2021-11-18,2026-11-18
7080,U-MaxCrop 36 EC,BERBAK AGRO SEJATI,Insektisida,01010120258888,2025-07-11,2030-07-11
7081,RAJAXONE 276 SL,TIGA MUARA EMAS MAKMUR,Herbisida,01030120206772,2025-02-17,2030-02-17
7082,ABAMAX 18 EC,MIO LIFE SCIENCES INDONESIA,Insektisida,01010120165411,2026-04-20,2031-04-20
7083,MAESTRO 200 EC,GLOBAL AGROTECH,Insektisida,01010120052286,2025-11-13,2030-11-13
7084,NEW BAMBI 3 LT,FABINDO SEJAHTERA,Pestisida Rumah Tangga,06080120248665,2025-02-17,2030-02-17
7085,TRH-CHLOR 300 CS,TRUSTCHEM AGRO INDONESIA,Herbisida,01030120248556,2024-11-18,2029-11-18
7086,LANG-UP 480 SL,AGROMANNA JAYA LESTARI,Herbisida,01030120103637,2024-09-19,2029-09-19
7087,BIOX AM492,BLUE CUBE INDONESIA,Pestisida lain-lain,0420251436,2025-11-13,2030-11-13
7088,NOMOS 0.05MC,FUMAKILLA NOMOS,Pestisida Rumah Tangga,06080120165524,2021-10-12,2026-10-12
7089,GLYPHOSATE ACID 95 TC,SAMUDRA UTAMA NARAPATI,Herbisida,042020886,2026-01-20,2031-01-20
7090,ABAMEKTIN 95 TC,SAFE CHEMICAL INDONESIA,Insektisida,0420221042,2022-10-04,2027-10-04
7091,PILARBIT 27/102 SC,PILARQUIM AGROSCIENCE INDONESIA,Insektisida,01010120227343,2022-06-27,2027-06-27
7092,RUTIN 18 EC,AGRO CHEMICA,Insektisida,01010120072797,2022-06-27,2027-06-27
7093,RANDY 240/140 SL,MULTI SARANA INDOTANI,Herbisida,01030120072681,2024-03-05,2029-03-05
7094,Ban-Drol 400 EC,PT BIO AGRITECH NUSANTARA,Insektisida,01010120071675,2022-06-27,2027-06-27
7095,NOMOS ONE PUSH 9.4 AE,FUMAKILLA NOMOS,Pestisida Rumah Tangga,06080120227684,2023-02-08,2028-02-08
7096,pirabis 0.6/34.4 WP,TANGGUH AGRO NUSA INDONESIA,Herbisida,01030120269439,2026-04-20,2031-04-20
7097,DKFENRAT 200 EC,DANKEN INDONESIA,Insektisida,01010120155346,2026-04-20,2031-04-20
7098,FORADIAZON 250 EC,FORAGRO MITRA SEJATI,Herbisida,01030120248485,2024-11-18,2029-11-18
7099,GALLANT 108 EC,CORTEVA AGRISCIENCE MANUFACTURING INDONESIA,Herbisida,01030120103836,2025-09-26,2030-09-26
7100,EMMAREX 50 EC,NUSA MANDIRI UTAMA,Insektisida,01010120227402,2022-10-04,2027-10-04
7101,TRIZOBIN 200/150 SC,TRIDA KIMIA SAKTI,Fungisida,01020120206871,2025-07-11,2030-07-11
7102,HOKORI 440 SC,INDOIN BUSINESS GROUP,Insektisida,01010120227421,2022-10-04,2027-10-04
7103,ADMIL 160 SL,PETROKIMIA KAYAKU,Herbisida,01030120165594,2025-11-13,2030-11-13
7104,KLORPIRIFOS 98 TC,BIOTIS AGRINDO,Insektisida,042019791,2024-09-19,2029-09-19
7105,"OMNI-BAIT 0,003 BB",PRIMA KARYA BERJAYA,Rodentisida,01120120196378,2024-11-18,2029-11-18
7106,GEMALIA 288 EC,QILU CROP SCIENCE,Herbisida,01030120258776,2025-07-11,2030-07-11
7107,PROXICARB 250 SC,RAINBOW AGROSCIENCES,Fungisida,01020120134611,2023-02-08,2028-02-08
7108,PYPER 100 SC,RABANA AGRO RESOURCES,Herbisida,01030120155177,2025-02-17,2030-02-17
7109,TRIPAS 250 EC,TRIDA KIMIA SAKTI,Insektisida,01010120144922,2024-03-04,2029-03-04
7110,LARIT 100/200 SC,ZHENGBANG CROP PROTECTION INDONESIA,Fungisida,01020120238018,2024-03-04,2029-03-04
7111,GAUNG 250 SL,TIGA MUARA EMAS MAKMUR,Herbisida,01030120248492,2024-11-18,2029-11-18
7112,ANTIJI 500 EC,ADVANSIA INDOTANI,Herbisida,01030120206710,2025-07-11,2030-07-11
7113,FIPRONIL 95 TC,CENTA BRASINDO ABADI CHEMICAL INDUSTRY,Insektisida,042018530,2023-02-08,2028-02-08
7114,GLORY 336 SC,PETROKIMIA KAYAKU,Herbisida,01030120237883,2023-08-28,2028-08-28
7115,MESOTRIONE 95 TC,MULTI SARANA INDOTANI,Herbisida,042020840,2024-08-09,2029-08-09
7116,DANATAN 400 SL,UNI AGRO CHEMICA,Insektisida,01010120072733,2023-02-08,2028-02-08
7117,T823 P. Barrier,FUMAKILLA NOMOS,Pestisida Rumah Tangga,032017401,2022-12-05,2027-12-05
7118,UNIFAL 50 EC,AGRICULTURE CONSTRUCTION,Zat Pengatur Tumbuh Tanaman,01040120207000,2025-09-26,2030-09-26
7119,RUDSTAR 250 EC,SARI KRESNA KIMIA,Herbisida,01030120175866,2026-07-16,2031-07-16
7120,METONITE 45 SP,REJEKI INDO AGROTEC,Insektisida,01010120217066,2026-01-20,2031-01-20
7121,PARAQUAT DICHLORIDE 42 % TC,AGRO JAYA INDUSTRI,Herbisida,0420231258,2024-03-05,2029-03-05
7122,SUTRAZIN 500/60 SC,SAPROTAN UTAMA,Herbisida,01030120186225,2024-03-04,2029-03-04
7123,PYROIN 250 EC,RAINBOW AGROSCIENCES,Fungisida,01020120227452,2022-10-04,2027-10-04
7124,OTOMIN 865 SL,SINAR GENERAL INDUSTRIES,Herbisida,01030120031912,2023-04-26,2028-04-26
7125,ATRAZIN 97 TC,SOLO LOGO INDONESIA,Herbisida,042017484,2022-10-04,2027-10-04
7126,AGROTON-77 500 EC,AGROMANNA JAYA LESTARI,Insektisida,01010120248346,2024-09-19,2029-09-19
7127,MENICO 260/55/50 OD,PETROSIDA GRESIK,Herbisida,01030120259245,2026-01-20,2031-01-20
7128,NARACEL 18 EC,RAINBOW AGROSCIENCES,Insektisida,01010120134544,2022-10-04,2027-10-04
7129,HIT 0.566 MV,GODREJ CONSUMER PRODUCTS INDONESIA,Pestisida Rumah Tangga,06080120175755,2022-12-05,2027-12-05
7130,ACTICIDE ZPD 1,JAYA WARINDO ABADI,Fungisida,0420241368,2025-02-17,2030-02-17
7131,TEMEGUARD 1 GR,ZAMRUD LINTAS KATULISTIWA,Pestisida Pengendalian Vektor Penyakit Pada Manusia,06090120144961,2024-08-09,2029-08-09
7132,ROCIMA™ 350 Biocide,BLUE CUBE INDONESIA,Bakterisida,042018626,2024-03-04,2029-03-04
7133,AGXIRAO 250 SC,AGX ASIA INDONESIA,Fungisida,01020120248349,2024-09-19,2029-09-19
7134,DAIMON 60/150 SC,AGRO CHEMICA,Insektisida,01010120206722,2025-11-13,2030-11-13
7135,REXPHATE 75 SP,NUSA MANDIRI UTAMA,Insektisida,01010120227455,2022-10-04,2027-10-04
7136,VAPE 40 VP,FUMAKILLA INDONESIA,Pestisida Rumah Tangga,06080120237830,2023-04-26,2028-04-26
7137,PROTHENE 75 SP,INTI EVERSPRING INDONESIA,Insektisida,01010120155259,2025-02-17,2030-02-17
7138,IMIDASTAR 200 SL,ADIL MAKMUR FAJAR,Insektisida,01010120072762,2023-02-08,2028-02-08
7139,sagriTOP 35/20 WP,SATYA AGRO INDONESIA,Insektisida,01010120248326,2024-08-09,2029-08-09
7140,DOBELDOR 50 EC,AGROKIMINDO KURNIABUANA,Insektisida,01010120062511,2021-10-12,2026-10-12
7141,"NIMBUS 107,7/107,7 SC",MITSUBISHI CORPORATION INDONESIA,Herbisida,01030120238170,2024-03-05,2029-03-05
7142,MANDALA 240 SL,SAMUDRA UTAMA NARAPATI,Herbisida,01030120217064,2026-04-20,2031-04-20
7143,RADIANT 200 EC,INDO-SINO AGROCHEMICAL,Insektisida,01010120072886,2023-02-08,2028-02-08
7144,FLONICAMID 97 TC,KHARISMA AGRI WIJAYA,Insektisida,0420251412,2025-11-13,2030-11-13
7145,MUKADE FUNZAI,FUMAKILLA NOMOS,Pestisida Rumah Tangga,032025619,2025-11-13,2030-11-13
7146,CYMOX 50 WP,EXINDO RAHARJA PRATAMA,Fungisida,01020120072856,2023-08-28,2028-08-28
7147,"ICEMUT 0,25 GR",UTOMO UTOMO,Pestisida Rumah Tangga,06080120196447,2024-08-09,2029-08-09
7148,ZAMPRO 525 SC,BASF INDONESIA,Fungisida,01020120134650,2022-12-05,2027-12-05
7149,VAMPYR 700 EC,GOLDEN FARM INDONESIA,Insektisida,01010120175811,2022-12-05,2027-12-05
7150,DKGLIFORDI 240/120 SL,DANKEN INDONESIA,Herbisida,01030120145054,2025-02-17,2030-02-17
7151,SAGRI-ZIN 50 WP,SATYA AGRO INDONESIA,Insektisida,01010120124384,2022-06-27,2027-06-27
7152,KARROLIE 400 EC,MAJU MAKMUR UTOMO,Insektisida,01010120083213,2023-04-26,2028-04-26
7153,DACOZEB 80 WP,SURAT TANI,Fungisida,01020120041965,2024-09-19,2029-09-19
7154,PRIFOSAT 480 SL,AGRO JAYA INDUSTRI,Herbisida,01030120248316,2024-08-09,2029-08-09
7155,RIP 200 EC,UPL INDONESIA,Insektisida,01010120145012,2024-08-09,2029-08-09
7156,SELONTRA 0.075 RB,BASF INDONESIA,Rodentisida,01120120206775,2025-07-11,2030-07-11
7157,E-TRICYPLUS 15/5 WP,ESSENCE AGRO CHEMICAL,Fungisida,01020120269360,2026-04-20,2031-04-20
7158,BENAZEB 80 WP,SATYA ALAM SEMESTA,Fungisida,01020120217173,2025-09-26,2030-09-26
7159,DELTAMETRIN 98 TC,BIOTIS AGRINDO,Insektisida,042019784,2024-09-19,2029-09-19
7160,HATOR 60/240 EW,ACE BIOCHEM INDONESIA,Fungisida,01020120238134,2024-03-05,2029-03-05
7161,GITA 80 WP,GLOBAL AGROTECH,Fungisida,01020120031760,2025-11-13,2030-11-13
7162,FURADAN 3 GR,FAJAR NASIONAL CIPTA,Insektisida,010101197416,2026-04-20,2031-04-20
7163,Difenoconazole 96% TC,SOLUSI TANI INDONESIA,Fungisida,0420231128,2023-04-26,2028-04-26
7164,UNIREX 141/106 ZC,INTI EVERSPRING INDONESIA,Insektisida,01010120206787,2025-07-11,2030-07-11
7165,SOFFELL XL 20 LT,HERLINA INDAH,Repelen,06080120196393,2024-09-19,2029-09-19
7166,"SIKLON 5,7 WG",NUFARM INDONESIA,Insektisida,01010120134882,2023-02-08,2028-02-08
7167,BIFLEX 80 SC,BINA GUNA KIMIA,Bahan pengawet kayu,032018423,2023-02-08,2028-02-08
7168,KARIBIAN 18 EC,TIGA MUARA EMAS MAKMUR,Insektisida,01010120237769,2023-04-26,2028-04-26
7169,OPTIMUS 77 SL,MULTI SARANA INDOTANI,Herbisida,01030120186138,2023-04-26,2028-04-26
7170,RAKSAMAX 600 OS,INDOIN BUSINESS GROUP,Fungisida,01020120217083,2026-04-20,2031-04-20
7171,LIDING 240 EC,RAINBOW AGROSCIENCES,Herbisida,01030120134692,2023-02-08,2028-02-08
7172,DARMACIS 50 EC,ABADI JAYA,Insektisida,01010120072651,2022-10-04,2027-10-04
7173,RAJAQUAT 160 SL,TIGA MUARA EMAS MAKMUR,Herbisida,01030120248319,2024-08-09,2029-08-09
7174,KLOCYPER 500/50 EC,BELIRANG KALISARI,Insektisida,01010120124301,2026-04-20,2031-04-20
7175,MAGICO 40 SP,INDOIN BUSINESS GROUP,Insektisida,01010120237903,2023-08-28,2028-08-28
7176,SINAZOL 15 WP,SINAMYANG INDONESIA,Zat Pengatur Tumbuh Tanaman,01040120155171,2024-09-19,2029-09-19
7177,PATANIQUAT 140 SL*,CENTA BRASINDO ABADI CHEMICAL INDUSTRY,Herbisida,01030120206851,2025-09-26,2030-09-26
7178,MASUP 180 SL,GOLDEN MAKMUR AGRI,Herbisida,01030120206945,2026-01-20,2031-01-20
7179,ALKOR 480 SL,DELTAGRO MULIA SEJATI,Herbisida,01030120124202,2025-09-26,2030-09-26
7180,KOEDATRIN 50 EC,AGRO JAYA INDUSTRI,Insektisida,01010120258815,2025-07-11,2030-07-11
7181,EXONIL 50 WP,AGROCHEM JAYA,Fungisida,01020120072864,2023-08-28,2028-08-28
7182,STARDIOR 40/20 WG,INDOIN BUSINESS GROUP,Insektisida,01010120227359,2022-06-27,2027-06-27
7183,ROTANIL 75 WP,INDAGRO,Fungisida,01020120011634,2022-01-19,2027-01-19
7184,ERKAFURON 20 WG,ROLIMEX KIMIA NUSAMAS,Herbisida,032012277,2022-10-04,2027-10-04
7185,RUFINO 500 SL,DALZON CHEMICALS INDONESIA,Insektisida,01010120145096,2024-03-04,2029-03-04
7186,GODO 125 SC,Agro Bumi Timur,Insektisida,01010120258937,2025-09-26,2030-09-26
7187,OTELLO 200 EC,PRIMA KARYA BERJAYA,Insektisida,01010120238039,2024-03-04,2029-03-04
7188,ANTERO WP,PETROKIMIA KAYAKU,Fungisida,01020120134751,2024-03-04,2029-03-04
7189,VAPE 0.61 AE,FUMAKILLA INDONESIA,Pestisida Rumah Tangga,06080120269499,2026-04-20,2031-04-20
7190,BOSMEX 25 EC,CENTA BRASINDO ABADI CHEMICAL INDUSTRY,Insektisida,01010120145045,2024-09-19,2029-09-19
7191,PRONATE 200 SL,JIVA AGRICULTURE INDONESIA,Herbisida,01030120248685,2025-02-17,2030-02-17
7192,DELSTAR MARINA 500 EC,BIOTEK SARANA INDUSTRI,Insektisida,03010120196256,2024-03-05,2029-03-05
7193,RUMPUTPASS 120 EW,SANTANI SEJAHTERA,Herbisida,01030120175923,2022-12-05,2027-12-05
7194,VAPE 14.64 LV,FUMAKILLA INDONESIA,Pestisida Rumah Tangga,06080120206874,2026-01-20,2031-01-20
7195,BESTCRON 500 EC,JIRONA AGRITAMA,Insektisida,01010120145052,2024-11-18,2029-11-18
7196,PESGUARD FG 160 EC,BENTZ JAZ INDONESIA,Pestisida Pengendalian Vektor Penyakit Pada Manusia,06090120206767,2025-11-13,2030-11-13
7197,PERISAI 8/64 WP,KENSO INDONESIA,Fungisida,01020120155208,2025-09-26,2030-09-26
7198,MAMOSO 525 SL,ASIA GALA KIMIA,Herbisida,01030120114143,2026-01-20,2031-01-20
7199,POLYDOR 25 EC,BIOTIS AGRINDO,Insektisida,01010120041994,2023-02-08,2028-02-08
7200,PLANTOMYCIN PLUS 20 WP,SAFE CHEMICAL INDONESIA,Bakterisida,01060120206671,2025-02-17,2030-02-17
7201,"XILAW 007 0,005 BB",DHARMA GUNA WIBAWA,Rodentisida,06120120093390,2022-06-27,2027-06-27
7202,UNISTA 100 SC,INTI EVERSPRING INDONESIA,Fungisida,01020120207004,2025-11-13,2030-11-13
7203,BESVIDAN PLUS 550/60 EC,TIARA BUANA MANDIRI,Insektisida,01010120175671,2026-07-16,2031-07-16
7204,"BARUCHEM 0,75% TC",PT.BARU TOTAL SOLUSINDO,Rodentisida,042021976,2021-11-18,2026-11-18
7205,BOSETIN 5 WG,QILU CROP SCIENCE,Insektisida,01010120248462,2024-11-18,2029-11-18
7206,LANIDOR PLUS 50 WP,DALZON CHEMICALS INDONESIA,Insektisida,01010120186051,2023-04-26,2028-04-26
7207,GLYPHOSATE 95 TC,NUFARM INDONESIA,Herbisida,042021918,2024-09-19,2029-09-19
7208,ACTICIDE IPA 20,JAYA WARINDO ABADI,Fungisida,0420251429,2025-11-13,2030-11-13
7209,HIT EXPERT 0.11 FU,GODREJ CONSUMER PRODUCTS INDONESIA,Pestisida Rumah Tangga,06080120227314,2022-06-27,2027-06-27
7210,AMCOFUR 20 WP,ADIL MAKMUR FAJAR,Herbisida,01030120103817,2025-11-13,2030-11-13
7211,BIOMETA WP,AGRO JAYA INDONESIA,Insektisida,01010120206900,2025-11-13,2030-11-13
7212,logfresh 0.03 DP,AGRO JAYA INDONESIA,Zat Pengatur Tumbuh Tanaman,05040120227431,2022-10-04,2027-10-04
7213,P. MEC 36 EC,SINERGI CHEM INDONESIA,Insektisida,01010120165526,2021-10-12,2026-10-12
7214,PROWL 330 EC,BASF INDONESIA,Herbisida,0103011991990,2026-07-16,2031-07-16
7215,NIETRIN 100/560 EC,SATYA ALAM SEMESTA,Insektisida,01010120206953,2026-01-20,2031-01-20
7216,ZETTAZEB 80 WP,ASRITANI UTAMA,Fungisida,01020120186096,2023-08-28,2028-08-28
7217,BENAPIR 300 EC,CENTA BRASINDO ABADI CHEMICAL INDUSTRY,Insektisida,01010120196503,2024-09-19,2029-09-19
7218,TIGOR 10 WP,MAXXI AGRI INDONESIA,Herbisida,01030120248333,2024-08-09,2029-08-09
7219,GUNTUR 75 WP,SARI KRESNA KIMIA,Insektisida,01010120041964,2023-02-08,2028-02-08
7220,UTAMA 250 EC,PUSRI AGRO LESTARI,Fungisida,01020120134833,2024-09-19,2029-09-19
7221,BIOTRACOL WP,PRIMA AGRO TECH,Fungisida,01020120186156,2023-04-26,2028-04-26
7222,CHLORPYRIFOS 97 TC,SAPROTAN UTAMA,Insektisida,042018644,2024-09-19,2029-09-19
7223,LARVIRON 100/20 ZC,CATUR AGRODAYA MANDIRI,Insektisida,01010120206839,2024-11-18,2029-11-18
7224,PROTAB 10 TB,JOYO MAKMUR SUKSES,Zat Pengatur Tumbuh Tanaman,01040120186068,2023-08-28,2028-08-28
7225,AKESS 50 WG,ADVANSIA INDOTANI,Insektisida,01010120217229,2022-01-14,2027-01-14
7226,CYPERSTAR 40 WP,UNI AGRO CHEMICA,Pestisida untuk peternakan,02140120124351,2023-04-26,2028-04-26
7227,KICKOFF 36 EC,ASIA GALA KIMIA,Insektisida,01010120155307,2025-02-17,2030-02-17
7228,PRIMASTAR 300/100 SL,CENTA BRASINDO ABADI CHEMICAL INDUSTRY,Herbisida,01030120083285,2023-08-28,2028-08-28
7229,LAPYR 360 SC,PERSADA AGRO SUKSES,Insektisida,01010120206774,2025-02-17,2030-02-17
7230,KUROX 500 EC,INDOIN BUSINESS GROUP,Insektisida,01010120217062,2026-04-20,2031-04-20
7231,ACTICIDE HF,JAYA WARINDO ABADI,Fungisida,042020845,2025-11-13,2030-11-13
7232,YUTADOR 25 WP,NUSANTARA AGRO SUKSES,Insektisida,01010120248443,2024-09-19,2029-09-19
7233,GIBTOP 20 TB,CENTA BRASINDO ABADI CHEMICAL INDUSTRY,Zat Pengatur Tumbuh Tanaman,01040120227307,2022-06-27,2027-06-27
7234,POWER DUO 50/10 OD,SINAR GENERAL INDUSTRIES,Herbisida,01030120227447,2022-10-04,2027-10-04
7235,SAMURAI TURBO 550 SL,REJEKI INDO AGROTEC,Herbisida,01030120259121,2025-11-13,2030-11-13
7236,KRESNACOL 70 WP,SARI KRESNA KIMIA,Fungisida,01020120103847,2024-11-18,2029-11-18
7237,PRIMA-GALAN 108 EC,PRIMA KARYA BERJAYA,Herbisida,01030120248680,2025-02-17,2030-02-17
7238,EXON 250/7.5 SC,BASF INDONESIA,Herbisida,032025602,2025-09-26,2030-09-26
7239,DEMOX 30 WP,PERSADA AGRO SUKSES,Fungisida,01020120227293,2022-06-27,2027-06-27
7240,METROMIL 50 SP,INDO-SINO AGROCHEMICAL,Insektisida,01010120155374,2025-11-13,2030-11-13
7241,PIRAKLO 250 EC,MITRA INDOTANI ABADI,Fungisida,01020120175858,2023-02-08,2028-02-08
7242,MATADOR 25 CS,SYNGENTA INDONESIA,Insektisida,032016386,2026-07-16,2031-07-16
7243,BIOVAR P,SARI KRESNA KIMIA,Insektisida,01010120145043,2024-08-09,2029-08-09
7244,HOTAKA 40 SP,JUBARO AGRO INDONESIA,Insektisida,01010120227319,2022-06-27,2027-06-27
7245,GaliGali 240 EC,ETONG CHEMICAL INDONESIA,Herbisida,01030120269376,2026-04-20,2031-04-20
7246,ZYCHATE 200 SL,ABADI JAYA,Insektisida,01010120072696,2022-10-04,2027-10-04
7247,SURPASS 200 EC,NUFARM INDONESIA,Herbisida,01030120175716,2026-01-20,2031-01-20
7248,AKAR GROW 80 WP,AGRO BERJAYA CITRA TANI,Herbisida,01030120259156,2026-01-20,2031-01-20
7249,BIGASTTOP 40 EC,RAJA GROUP INDONESIA,Zat Pengatur Tumbuh Tanaman,01040120227619,2023-02-08,2028-02-08
7250,Hagan 80 WP,JIRONA AGRITAMA,Fungisida,01020120134777,2023-08-28,2028-08-28
7251,SULEXIN 500 SC,BINA GUNA KIMIA,Insektisida,032025597,2025-07-11,2030-07-11
7252,KARBENDAZIM 98 TC,SOLO LOGO INDONESIA,Fungisida,042021920,2025-11-13,2030-11-13
7253,RODAMEC 18 EC,INDOIN BUSINESS GROUP,Insektisida,01010120155389,2025-07-11,2030-07-11
7254,NIKOSULFURON 95 TC,AGRO JAYA INDONESIA,Herbisida,0420231192,2023-08-28,2028-08-28
7255,MAHAKAM EXTRAXONE 138 SL,TIGA MUARA EMAS MAKMUR,Herbisida,01030120206730,2025-02-17,2030-02-17
7256,KLORAK 25 WP,SARI KRESNA KIMIA,Herbisida,01030120238145,2024-03-05,2029-03-05
7257,DIVENO 250 EC,SINAR AGRO KIMIA INDONESIA,Fungisida,01020120103829,2023-08-28,2028-08-28
7258,RIDABLASS 490 SL,DA MING INDONESIA,Herbisida,01030120217171,2026-07-16,2031-07-16
7259,ACULAT 80 WP,DELTA GIRI WACANA,Herbisida,01030120217108,2026-04-20,2031-04-20
7260,Masalgin 50WP,HARINA CHEMICALS INDUSTRI,Fungisida,0102011987771,2022-01-14,2027-01-14
7261,BENITEZ 135 SL,INDO HOECHST,Herbisida,01030120206897,2026-07-16,2031-07-16
7262,KOEEN UP 480 SL,BERBAK AGRO SEJATI,Herbisida,01030120259227,2026-01-20,2031-01-20
7263,LIFELINE 280 SL,UPL INDONESIA,Herbisida,01030120175849,2022-12-05,2027-12-05
7264,DKFOSTRIN 500/50 EC,DANKEN INDONESIA,Insektisida,01010120155347,2026-07-16,2031-07-16
7265,"KLORANPRO 0,4 GR",CENTA BRASINDO ABADI CHEMICAL INDUSTRY,Insektisida,01010120269400,2026-04-20,2031-04-20
7266,DOLGY 20 WG,SINAR GENERAL INDUSTRIES,Herbisida,01030120093534,2024-11-18,2029-11-18
7267,ROGER 480 SL,MULTI SARANA INDOTANI,Herbisida,01030120062468,2024-03-04,2029-03-04
7268,PURDAN PLUS 3/3 GR,CENTA BRASINDO ABADI CHEMICAL INDUSTRY,Insektisida,01010120093242,2024-03-04,2029-03-04
7269,VANTIKEONG 60 WP,YANNO AGRO SCIENCE INDONESIA,Moluskisida,01050120227596,2022-12-05,2027-12-05
7270,CYDHAR 450 CS,DELTA GIRI WACANA,Herbisida,01030120269347,2026-04-20,2031-04-20
7271,JERICFURON 20 WG,SANJAYA SEJAHTERA LESTARI,Herbisida,01030120259222,2026-01-20,2031-01-20
7272,CHLORPYRIFOS 97 TC,DALZON CHEMICALS INDONESIA,Insektisida,042019732,2024-03-05,2029-03-05
7273,ENTRICLO 667 EC,ENFARM CROP SCIENCE,Herbisida,01030120259052,2025-11-13,2030-11-13
7274,Maosheng 0.005 RB,PESTINDO SOLUTION,Rodentisida,01120120269417,2026-04-20,2031-04-20
7275,MERAKI 10/18 WP,DA MING INDONESIA,Herbisida,01030120217065,2026-04-20,2031-04-20
7276,NIMROD 250 EC,ROYAL AGRO INDONESIA,Fungisida,0102011980433,2023-08-28,2028-08-28
7277,"2,4-D 98 TC",CENTA BRASINDO ABADI CHEMICAL INDUSTRY,Herbisida,0420231213,2024-03-04,2029-03-04
7278,ENERZEE 85 WP,INDOIN BUSINESS GROUP,Bakterisida,01060120206855,2026-01-20,2031-01-20
7279,FLUFENAUXIRIM-METOTYL 98 TC,KINGAGROOT BIOTECHNOLOGY INDONESIA,Herbisida,0420261483,2026-04-20,2031-04-20
7280,AMODA 50 GR,ADVANSIA INDOTANI,Fungisida,01020120248231,2024-08-09,2029-08-09
7281,ASM FIRTON 60/25 WG,AGRINDO SANDARAN MAS,Insektisida,01010120269519,2026-07-16,2031-07-16
7282,BIOCIS 25 EC,BIOTIS AGRINDO,Insektisida,01010120042051,2023-04-26,2028-04-26
7283,EMATEK 500/55 EC,BERBAK AGRO SEJATI,Insektisida,01010120237749,2023-04-26,2028-04-26
7284,STARNATE 40 SP,BAHTERA BONIAGA LESTARI,Insektisida,01010120217221,2026-04-20,2031-04-20
7285,EMASIL 30 EC,MITRA KREASIDHARMA,Insektisida,01010120227400,2022-10-04,2027-10-04
7286,SALUD 30/370 SC,DELTAGRO MULIA SEJATI,Herbisida,01030120238058,2024-03-04,2029-03-04
7287,ENDORSE PLUS 160/20 OD,SARI KRESNA KIMIA,Insektisida,01010120237750,2023-04-26,2028-04-26
7288,CENTASCORE 275 EC,CENTA BRASINDO ABADI CHEMICAL INDUSTRY,Fungisida,01020120083286,2023-04-26,2028-04-26
7289,ABERONIL 19.4/5.6 WP,AGRO SENTOSA RAYA,Herbisida,01030120258734,2025-07-11,2030-07-11
7290,SNAILDOWN 250 EC,AGRICULTURE CONSTRUCTION,Moluskisida,01050120072492,2025-09-26,2030-09-26
7291,GACO 865 SL,Agro Bumi Timur,Herbisida,01030120269374,2026-04-20,2031-04-20
7292,VOI 20 WP,DUTA TANI,Fungisida,01020120238216,2024-03-05,2029-03-05
7293,NARAHYPO 505 SL,SAMUDRA UTAMA NARAPATI,Insektisida,01010120134797,2023-02-08,2028-02-08
7294,AUDIT 486 SL,SURAT TANI,Herbisida,01030120031863,2024-03-05,2029-03-05
7295,CALIWA 80 WP,ZENITH CROPSCIENCES INDONESIA,Fungisida,01020120196252,2024-08-09,2029-08-09
7296,FLOKA 0.005 RB,GONGCHENG BIOTECH INDONESIA,Rodentisida,01120120259202,2026-01-20,2031-01-20
7297,SEVA 80 SP,BENIH BERKAH BERSERI,Insektisida,01010120258998,2025-09-26,2030-09-26
7298,TAHES 125/400 SE,Agro Bumi Timur,Fungisida,01020120258879,2025-07-11,2030-07-11
7299,ALUFOS AGRO 56 TB,YANNO AGRO SCIENCE INDONESIA,Fumigan,05100120217111,2026-07-16,2031-07-16
7300,ROLLUP 240 SL,ROLIMEX KIMIA NUSAMAS,Herbisida,01030120259277,2026-01-20,2031-01-20
7301,RINGO 200 SC,SUMITOMO INDONESIA,Fungisida,01020120083288,2024-03-05,2029-03-05
7302,"BRODIFACOUM 0,29 TC",DELTA GIRI WACANA,Rodentisida,042014315,2023-04-26,2028-04-26
7303,SAPULALANG 550 SL,SANTANI AGRO PERKASA,Herbisida,01030120155184,2024-09-19,2029-09-19
7304,NATRIUM ORTO-NITROFENOL 98 TC,HARINA CHEMICALS INDUSTRI,Zat Pengatur Tumbuh Tanaman,0420221068,2022-12-05,2027-12-05
7305,PETA 200 EC,YANNO AGRO SCIENCE INDONESIA,Insektisida,01010120248671,2025-02-17,2030-02-17
7306,SAGRI-BEAT 7/30 WP,SATYA AGRO INDONESIA,Insektisida,01010120155393,2024-11-18,2029-11-18
7307,BESTROXAM 30/10 WG,TIARA BUANA MANDIRI,Insektisida,01010120248583,2025-02-17,2030-02-17
7308,DANGKE TURBO 40 WP,DELTA GIRI WACANA,Insektisida,01010120124434,2022-06-27,2027-06-27
7309,EXINDOMECTIN 18 EC,EXINDO RAHARJA PRATAMA,Insektisida,01010120269565,2026-07-16,2031-07-16
7310,PISTAR 10/25 WP,AGRO SEJAHTERA INDONESIA,Herbisida,01030120165578,2022-06-27,2027-06-27
7311,HIT MAGIC 0.22 FU,GODREJ CONSUMER PRODUCTS INDONESIA,Pestisida Rumah Tangga,06080120196280,2024-08-09,2029-08-09
7312,"TRI-SHINNING 0,1 CS",TRUSTCHEM AGRO INDONESIA,Zat Pengatur Tumbuh Tanaman,01040120248717,2025-02-17,2030-02-17
7313,CYPERMETHRIN 92 TC,MAXXI AGRI INDONESIA,Insektisida,0420251453,2026-01-20,2031-01-20
7314,CARBORON 3 GR,YANNO AGRO SCIENCE INDONESIA,Insektisida,032025613,2025-11-13,2030-11-13
7315,BAKOWIWIL 180/125 EC,AGRICULTURE CONSTRUCTION,Zat Pengatur Tumbuh Tanaman,01040120227282,2022-06-27,2027-06-27
7316,Glyphosate IPA 62 TC,ADIL MAKMUR FAJAR,Herbisida,04199245,2024-09-19,2029-09-19
7317,BRODIN 18/12 WP,EXCEL MEG INDO,Insektisida,01010120206819,2025-02-17,2030-02-17
7318,"ROTONIK 7,5 SL",SUMANS MANDIRI SEJAHTERA,Zat Pengatur Tumbuh Tanaman,01040120196475,2025-02-17,2030-02-17
7319,TOPSINDO 500 SC,INTI EVERSPRING INDONESIA,Fungisida,01020120227472,2022-10-04,2027-10-04
7320,GLOVE 240 EC,NUFARM INDONESIA,Herbisida,01030120175691,2022-06-27,2027-06-27
7321,CRISSLER 405 SC,TIGA MUARA EMAS MAKMUR,Herbisida,01030120196518,2024-11-18,2029-11-18
7322,PROXEL BD20,ARXADA CHEMICALS INDONESIA,Bakterisida,0420231167,2023-04-26,2028-04-26
7323,THIAMETHOXAM 98 TC,SOLO LOGO INDONESIA,Insektisida,0420261525,2026-07-16,2031-07-16
7324,FLUMORF 200/200 SC,PETROSIDA GRESIK,Fungisida,01020120269367,2026-04-20,2031-04-20
7325,DARBY 100/30 SC,SARI KRESNA KIMIA,Insektisida,01010120237865,2023-08-28,2028-08-28
7326,"RatKiller by BISOP 0,005 BB",ANGKASA DIGITAL NIAGA,Rodentisida,06120120269639,2026-07-16,2031-07-16
7327,MASTERSPIN PLUS 300/60 SC,RAINBOW AGROSCIENCES,Insektisida,01010120258830,2025-07-11,2030-07-11
7328,BRANCA 100 EC,Agro Bumi Timur,Insektisida,01010120237856,2023-08-28,2028-08-28
7329,CYPERMETHRIN 93 TC,CENTA BRASINDO ABADI CHEMICAL INDUSTRY,Insektisida,042018519,2023-04-26,2028-04-26
7330,DKIURON 80 WP,DANKEN INDONESIA,Herbisida,01030120165428,2026-07-16,2031-07-16
7331,PRIMAX 480/1 SL,CENTA BRASINDO ABADI CHEMICAL INDUSTRY,Herbisida,01030120072791,2022-10-04,2027-10-04
7332,ASAFEN 250 SL,ADVANSIA INDOTANI,Herbisida,01030120259032,2025-11-13,2030-11-13
7333,AMARILIS 25 EC,AGRO GUNA MAKMUR,Pestisida Pengendalian Vektor Penyakit Pada Manusia,06090120175729,2022-12-05,2027-12-05
7334,ENBORER 100EC,ARXADA CHEMICALS INDONESIA,Bahan pengawet kayu,04110120248373,2024-09-19,2029-09-19
7335,CUMORA 500 SC,BASF INDONESIA,Fungisida,032022514,2026-01-20,2031-01-20
7336,METHOMYL 216 SL,INTI EVERSPRING INDONESIA,Insektisida,032026653,2026-07-16,2031-07-16
7337,REIBENT 50 SC,YANNO AGRO SCIENCE INDONESIA,Insektisida,01010120269458,2026-04-20,2031-04-20
7338,Buprofezin 98 TC,DALZON CHEMICALS INDONESIA,Insektisida,042019756,2024-08-09,2029-08-09
7339,HIT 4.86 LV,GODREJ CONSUMER PRODUCTS INDONESIA,Pestisida Rumah Tangga,06080120227527,2022-12-05,2027-12-05
7340,SANFAT 75 SP,SANTANI AGRO PERKASA,Insektisida,01010120124387,2022-06-27,2027-06-27
7341,DAFAT 75 SP,DALZON CHEMICALS INDONESIA,Insektisida,01010120042063,2024-03-05,2029-03-05
7342,Manzil 80 WP,SOLO LOGO INDONESIA,Fungisida,01020120238154,2024-03-05,2029-03-05
7343,SINANIL 80 WP,SINAMYANG INDONESIA,Fungisida,01020120145022,2024-03-05,2029-03-05
7344,SKIN VAPE 20 LT,FUMAKILLA INDONESIA,Repelen,06080120196302,2024-03-05,2029-03-05
7345,COLOSSAL 250 SC,GRAHA FERTICON PERKASA,Zat Pengatur Tumbuh Tanaman,01040120217035,2026-04-20,2031-04-20
7346,ATRASINA 500/100 SC,SINAMYANG INDONESIA,Herbisida,01030120217190,2026-01-20,2031-01-20
7347,PROFURON 500/100 EC,SINAR GENERAL INDUSTRIES,Insektisida,01010120155175,2024-11-18,2029-11-18
7348,PARAQUAT DICHLORIDE 42 TK,CHINA JIANGSU INTERNATIONAL INDONESIA,Herbisida,0420241322,2024-09-19,2029-09-19
7349,GREENDOWN 150 SL,CHINA JIANGSU INTERNATIONAL INDONESIA,Herbisida,01030120269383,2026-04-20,2031-04-20
7350,TIVOLI 45 SP,SANBRAND AGRO SEJAHTERA,Insektisida,01010120196481,2024-09-19,2029-09-19
7351,PRIMA-CRON 500 EC,PRIMA KARYA BERJAYA,Insektisida,01010120237922,2023-08-28,2028-08-28
7352,PLANE UP 480 SL,FAJAR BUANA CHEMICAL,Herbisida,01030120103784,2024-08-09,2029-08-09
7353,PYRAMID 64/8 WP,ARYSTA LIFESCIENCE TIRTA,Fungisida,01020120072972,2026-04-20,2031-04-20
7354,CLINCHER 100 EC,CORTEVA AGRISCIENCE MANUFACTURING INDONESIA,Herbisida,01030119981405,2023-04-26,2028-04-26
7355,TOKSI 141/106 ZC,CENTA BRASINDO ABADI CHEMICAL INDUSTRY,Insektisida,01010120217223,2026-01-20,2031-01-20
7356,SUPRALON 667 EC,REJEKI INDO AGROTEC,Herbisida,01030120227591,2022-12-05,2027-12-05
7357,BUMPER 75 WP,NUFARM INDONESIA,Fungisida,01020120238110,2024-03-05,2029-03-05
7358,YUSHA 100 SL,INDOIN BUSINESS GROUP,Insektisida,01010120227605,2022-12-05,2027-12-05
7359,SIWA 75 WP,Agro Bumi Timur,Fungisida,01020120227584,2022-12-05,2027-12-05
7360,FULTAR 250 SC,EXINDO RAHARJA PRATAMA,Zat Pengatur Tumbuh Tanaman,01040120155147,2025-11-13,2030-11-13
7361,EMACEN PLUS 55 EC,CENTA BRASINDO ABADI CHEMICAL INDUSTRY,Insektisida,01010120227640,2023-02-08,2028-02-08
7362,VOLTRAZE 30 EC,GOLDEN FARM INDONESIA,Insektisida,01010120175725,2022-10-04,2027-10-04
7363,NEWTEC 50/250 SC,SYNGENTA INDONESIA,Fungisida,01020120186182,2024-03-04,2029-03-04
7364,VINDRA 375/50 SC,ALBAUGH AGRO INDONESIA,Fungisida,01020120145028,2024-09-19,2029-09-19
7365,INDOAT 400 EC,MESTIKA NUSANTARA AGROKIMIA,Insektisida,01010120248285,2024-08-09,2029-08-09
7366,EMAMECTIN BENZOATE 90 TC,CENTA BRASINDO ABADI CHEMICAL INDUSTRY,Insektisida,0420241332,2024-11-18,2029-11-18
7367,VAPE 1.43 AL,FUMAKILLA INDONESIA,Insektisida,06080120113930,2021-11-18,2026-11-18
7368,BM EMATEZ 5 SG,BEHN MEYER AGRICARE,Insektisida,.01010120175829,2022-06-27,2027-06-27
7369,HIT MAGIC 0.104 FU,GODREJ CONSUMER PRODUCTS INDONESIA,Pestisida Rumah Tangga,06080120227536,2022-12-05,2027-12-05
7370,DELAMIX 150/150 EC,AGRO SEJAHTERA INDONESIA,Fungisida,01020120083182,2024-08-09,2029-08-09
7371,SANTAFURON 20 WG,SANTANI AGRO PERKASA,Herbisida,01030120072800,2022-06-27,2027-06-27
7372,PENTAMET 20 WG,SOLO LOGO INDONESIA,Herbisida,01030120165528,2025-07-11,2030-07-11
7373,PANWA 500 EC,DALZON CHEMICALS INDONESIA,Insektisida,01010120258977,2025-09-26,2030-09-26
7374,ZOHAR 240/40 SC,ROYAL AGRO INDONESIA,Insektisida,01010120248344,2024-08-09,2029-08-09
7375,METANOX PLUS 100/20 OD,RAINBOW AGROSCIENCES,Herbisida,01030120248662,2025-02-17,2030-02-17
7376,COFFEEPAS 250 SL,SANTANI AGRO PERKASA,Herbisida,01030120134765,2023-04-26,2028-04-26
7377,SIDASAT 75 SP,PETROSIDA GRESIK,Insektisida,01010120165531,2026-04-20,2031-04-20
7378,TANKER 480 SC,JIRONA AGRITAMA,Insektisida,01010120165625,2024-08-09,2029-08-09
7379,Proxel MB,ARXADA CHEMICALS INDONESIA,Pestisida lain-lain,042018672,2024-11-18,2029-11-18
7380,CHLORDIN 100/200 SC,RAINBOW AGROSCIENCES,Insektisida,01010120258752,2025-07-11,2030-07-11
7381,RUDAL 25 EC,PETROKIMIA KAYAKU,Insektisida,01010120041923,2023-04-26,2028-04-26
7382,OMNIKUAT 140 SL,PRIMA KARYA BERJAYA,Herbisida,01030120258975,2025-09-26,2030-09-26
7383,PEMULUS 80 WG,BASF INDONESIA,Fungisida,01020119951186,2025-11-13,2030-11-13
7384,MOTIVE 212.5/250 EC,BASF INDONESIA,Herbisida,032022520,2026-01-20,2031-01-20
7385,Agrimec 18 EC,SYNGENTA INDONESIA,Insektisida,01010119921065,2023-08-28,2028-08-28
7386,Basgent 55 SC,BERBAK AGRO SEJATI,Insektisida,01010120227389,2022-10-04,2027-10-04
7387,REBEL 500/50 EC,PERDANA AGRO MANDIRI,Insektisida,01010120124513,2023-08-28,2028-08-28
7388,TUR MANTEP 138 SL,MUTIARA AGRO SEJATI,Herbisida,01030120238211,2024-03-05,2029-03-05
7389,PREGUARD 500 SC,RAINBOW AGROSCIENCES,Fungisida,01020120227448,2022-10-04,2027-10-04
7390,MALAKSIL 10/60 WP,SINAR GENERAL INDUSTRIES,Fungisida,01020120145082,2024-09-19,2029-09-19
7391,CENTAQUAT 145 SL*,CENTA BRASINDO ABADI CHEMICAL INDUSTRY,Herbisida,01030120217123,2026-01-20,2031-01-20
7392,SIDALARIS 240 SL,PETROSIDA GRESIK,Herbisida,01030120031791,2026-07-16,2031-07-16
7393,GEN-UP 480 SL,MUTIARA KERATON JIMMY&CO TRANS BISNIS INDONESIA,Herbisida,01030120238131,2024-03-05,2029-03-05
7394,PILARCOBRE 545 SC,PILARQUIM AGROSCIENCE INDONESIA,Bakterisida,01060120238184,2024-03-05,2029-03-05
7395,ADMIT 50 WP,GLOBAL AGROTECH,Fungisida,01020120103816,2025-07-11,2030-07-11
7396,QIE MIN 865 SL,AGRO JAYA INDUSTRI,Herbisida,01030120269631,2026-07-16,2031-07-16
7397,CRUISER 350 FS,SYNGENTA INDONESIA,Insektisida,01010120083112,2023-02-08,2028-02-08
7398,CHLORIS 300 EC,AGRO BERJAYA CITRA TANI,Insektisida,01010120269344,2026-04-20,2031-04-20
7399,BERSILANG 250 SL,TIGA MUARA EMAS MAKMUR,Herbisida,01030120259173,2026-01-20,2031-01-20
7400,TiGrass 130 EW,MULTI SARANA INDOTANI,Herbisida,01030120248554,2024-11-18,2029-11-18
7401,SUTRIN 100 EC,SARI KIMIA UNGGUL,Bahan pengawet kayu,04110120042011,2024-09-19,2029-09-19
7402,LINON PRO 600 EC,BIO AGRITECH NUSANTARA,Moluskisida,01050120258825,2025-07-11,2030-07-11
7403,Microcare NB,MARGA DWI KENCANA,Pestisida lain-lain,0420251387,2025-07-11,2030-07-11
7404,TRIAZOPHOS 85 TC,MULTI SARANA INDOTANI,Insektisida,042019750,2023-04-26,2028-04-26
7405,CELQUAT 276 SL*,EXCEL MEG INDO,Herbisida,01030120114117,2026-07-16,2031-07-16
7406,FLURAN 290 EC,MITRA KREASIDHARMA,Herbisida,01030120103735,2025-07-11,2030-07-11
7407,BERSIH 37.5/25 WG,AGRORISEN INDOMAKMUR CEMERLANG,Fungisida,01020120258746,2025-07-11,2030-07-11
7408,REXROOT NEO TECH 486 SL,NUSA MANDIRI UTAMA,Herbisida,01030120145118,2026-01-20,2031-01-20
7409,WIN 20 WG,AGRICULTURE CONSTRUCTION,Herbisida,01030120073009,2022-06-27,2027-06-27
7410,EMAZO 75 EC,PETROSIDA GRESIK,Insektisida,01010120165610,2021-10-12,2026-10-12
7411,ONE-UP 480 SL,SINAR GENERAL INDUSTRIES,Herbisida,01030120113984,2022-06-27,2027-06-27
7412,WEEDPRO 865 SL,JIVA AGRICULTURE INDONESIA,Herbisida,01030120259149,2025-11-13,2030-11-13
7413,RONASPOL 240 SL,BERBAK AGRO SEJATI,Herbisida,01030120238055,2024-03-04,2029-03-04
7414,ABADUR 20/500 EC,EXCEL MEG INDO,Insektisida,01010120206705,2025-02-17,2030-02-17
7415,HIT EXPERT 0.13 FU,GODREJ CONSUMER PRODUCTS INDONESIA,Pestisida Rumah Tangga,06080120175843,2022-12-05,2027-12-05
7416,TRIFLUPYROXAZIN 96 TC,BRILLIANCE AGROSCIENCES INDONESIA,Herbisida,0420261488,2026-04-20,2031-04-20
7417,SIDAZINON 10 GR,PETROSIDA GRESIK,Insektisida,01010120165585,2021-11-18,2026-11-18
7418,METSULINDO PLUS 80 WP,INTI EVERSPRING INDONESIA,Herbisida,01030120124374,2023-04-26,2028-04-26
7419,ACTICIDE CB,JAYA WARINDO ABADI,Fungisida,042020863,2025-11-13,2030-11-13
7420,TRIKOS 480 EC,SINAR GENERAL INDUSTRIES,Herbisida,01030120114181,2021-11-18,2026-11-18
7421,SKI-3 10 CB,SINGA KIMIA INDONESIA,Pestisida Pengendalian Vektor Penyakit Pada Manusia,06090120269661,2026-07-16,2031-07-16
7422,CAESAR 50/160 SC,SARAREA PANEN RAYA,Insektisida,01010120227392,2022-10-04,2027-10-04
7423,PAPYRUS 10 WP,ALBAUGH AGRO INDONESIA,Herbisida,01030120145004,2024-09-19,2029-09-19
7424,JOEWTRINE 350 EC,ARTHA MAKMUR ABADI,Insektisida,01010120269580,2026-07-16,2031-07-16
7425,GLUFOSINATE AMMONIUM 95 TC,KENSO INDONESIA,Herbisida,042019789,2025-07-11,2030-07-11
7426,PILARPRO 110/185 SE,INDO-SINO AGROCHEMICAL,Fungisida,01020120217077,2025-02-17,2030-02-17
7427,KOEDAKUAT 276 SL,AGRO JAYA INDUSTRI,Herbisida,01030120258813,2025-07-11,2030-07-11
7428,HERBIKUAT 276 SL,INDO-SINO AGROCHEMICAL,Herbisida,01030120062420,2025-07-11,2030-07-11
7429,Proxel GXL,IMCD INDONESIA,Bakterisida,0420221087,2022-12-05,2027-12-05
7430,TWIKLE 55/5 WG,QILU CROP SCIENCE,Insektisida,01010120248560,2024-11-18,2029-11-18
7431,STARSWIFT 670 EC,INDONESIA BENXING INDUSTRIAL,Herbisida,01030120269667,2026-07-16,2031-07-16
7432,RADIX 40 TB,JAVAMAS AGROPHOS,Zat Pengatur Tumbuh Tanaman,01040120155354,2025-09-26,2030-09-26
7433,KENLATE 50 WP,KENSO INDONESIA,Fungisida,01020120124390,2023-02-08,2028-02-08
7434,BLOSAT 240 SL,YANNO AGRO SCIENCE INDONESIA,Herbisida,01030120269340,2026-04-20,2031-04-20
7435,TUGARD 160/10 EC,DELTAGRO MULIA SEJATI,Insektisida,01010120052197,2022-01-11,2027-01-11
7436,VAPE 18.3 LV,FUMAKILLA INDONESIA,Pestisida Rumah Tangga,06080120206876,2026-01-20,2031-01-20
7437,HIT 0.12 MC,GODREJ CONSUMER PRODUCTS INDONESIA,Pestisida Rumah Tangga,06080120258788,2025-07-11,2030-07-11
7438,DIFENOCONAZOLE 95 TC,CENTA BRASINDO ABADI CHEMICAL INDUSTRY,Fungisida,04202413053,2024-09-19,2029-09-19
7439,ALEPPO 120 EW,DHARMA GUNA WIBAWA,Herbisida,01030120217109,2021-10-12,2026-10-12
7440,FORAMEX 500 SC,FORAGRO MITRA SEJATI,Herbisida,01030120248262,2024-08-09,2029-08-09
7441,RECOR 300 EC,MULTI SARANA INDOTANI,Fungisida,01020120206673,2024-08-09,2029-08-09
7442,RUBBY 25 OD,SINAR GENERAL INDUSTRIES,Herbisida,01030120238057,2024-03-04,2029-03-04
7443,GLYPHOSATE 95 TC,MULTI SARANA INDOTANI,Herbisida,042021956,2025-11-13,2030-11-13
7444,POTENZA 500 SL,GRAHA AGRITECH PRIMA,Zat Pengatur Tumbuh Tanaman,01040120217079,2026-04-20,2031-04-20
7445,WRAPUP 480 SL,TANI LESTARI,Herbisida,01030120021723,2022-10-04,2027-10-04
7446,PRIMA-NICO 80 OD,PRIMA KARYA BERJAYA,Herbisida,01030120269627,2026-07-16,2031-07-16
7447,BIOBEVA WP,AGRO JAYA INDONESIA,Insektisida,01010120206899,2025-11-13,2030-11-13
7448,HIT 0.14 AE,GODREJ CONSUMER PRODUCTS INDONESIA,Pestisida Rumah Tangga,06080120238007,2024-03-04,2029-03-04
7449,PILARGOLA 400 SC,PILARQUIM AGROSCIENCE INDONESIA,Herbisida,01030120217075,2026-01-20,2031-01-20
7450,BESCLOFIR 450 SC,TIARA BUANA MANDIRI,Insektisida,01010120196415,2024-09-19,2029-09-19
7451,HALEX GT 25/250/250 ZC,SYNGENTA INDONESIA,Herbisida,032022529,2022-12-05,2027-12-05
7452,STARQUAT 135 SL,ADIL MAKMUR FAJAR,Herbisida,01030120093498,2024-08-09,2029-08-09
7453,FENTIN HIDROKSIDA 95 TC,SUMANS MANDIRI SEJAHTERA,Moluskisida,042019738,2024-11-18,2029-11-18
7454,CARBOFURAN 3 GR,PRIMA KARYA BERJAYA,Insektisida,032024560,2024-11-18,2029-11-18
7455,L-GLUFOSINATE-AMMONIUM 50 TK,CENTA BRASINDO ABADI CHEMICAL INDUSTRY,Herbisida,0420251460,2026-01-20,2031-01-20
7456,SANTRINO 100 EC,SANTANI AGRO PERKASA,Insektisida,01010120196299,2024-03-05,2029-03-05
7457,Barrier 5 GR,MAJU MAKMUR UTOMO,Insektisida,01010120072847,2022-12-05,2027-12-05
7458,M-KOR 64/8 WP,DOUTA UTAMAN INDONESIA,Fungisida,01020120145089,2025-07-11,2030-07-11
7459,PREVENTOL MP 260,BLUE CUBE INDONESIA,Pestisida lain-lain,0420251444,2025-11-13,2030-11-13
7460,SINOPEST 250 EC,GLOBAL AGROTECH,Fungisida,01020120072896,2022-06-27,2027-06-27
7461,DELOUSE 25 WP,DELTA GIRI WACANA,Insektisida,01010120103727,2024-03-04,2029-03-04
7462,Vape Mosquito Coil me,FUMAKILLA NOMOS,Pestisida Rumah Tangga,032022523,2022-06-27,2027-06-27
7463,RICEFINE 150/50 OD,ENFARM CROP SCIENCE,Herbisida,01030120248694,2025-02-17,2030-02-17
7464,RAJA BERSIH 276 SL,TIGA MUARA EMAS MAKMUR,Herbisida,01030120207009,2025-11-13,2030-11-13
7465,RICESTAR XTRA 20/69 OD,BAYER INDONESIA,Herbisida,01030120072815,2026-07-16,2031-07-16
7466,NATIVO 25/50 WG,BAYER INDONESIA,Fungisida,01020120072781,2026-04-20,2031-04-20
7467,BAYOGITON 500 SL,BAHTERA BONIAGA LESTARI,Insektisida,01010120175732,2022-12-05,2027-12-05
7468,WEEDSPRAY 480 SL,QILU CROP SCIENCE,Herbisida,01030120248728,2025-02-17,2030-02-17
7469,LUXMIN 825 SL,PRIMA KARYA BERJAYA,Herbisida,01030120258962,2025-09-26,2030-09-26
7470,BOSTRIN 100 EC,CV. Raja Grafika,Insektisida,01010120186015,2023-04-26,2028-04-26
7471,ASOKA 50/20 EC,SARI KRESNA KIMIA,Insektisida,01010120237844,2023-08-28,2028-08-28
7472,PROTECTIVE 4/10 SL,ARTHA BUANA MANDIRI,Zat Pengatur Tumbuh Tanaman,01040120259108,2025-11-13,2030-11-13
7473,PROCURE 20 WP,DHARMA GUNA WIBAWA,Fungisida,01020120083073,2022-10-04,2027-10-04
7474,DIAMOND 15/65 WP,SUMANS MANDIRI SEJAHTERA,Fungisida,01020120217038,2025-11-13,2030-11-13
7475,DACONIL PLUS 60/20 WP,EXINDO RAHARJA PRATAMA,Fungisida,01020120124287,2022-10-04,2027-10-04
7476,PRIMA-KAMBA 480 SL,PRIMA KARYA BERJAYA,Herbisida,01030120269444,2026-04-20,2031-04-20
7477,HIT 0.27 AE,GODREJ CONSUMER PRODUCTS INDONESIA,Pestisida Rumah Tangga,06080120196440,2025-02-17,2030-02-17
7478,SUGOI 500/50 EC,PANEN AGRO PERKASA INDONESIA,Insektisida,01010120227704,2023-02-08,2028-02-08
7479,VAPE 0.5 RB,FUMAKILLA INDONESIA,Pestisida Rumah Tangga,06080120196319,2024-03-05,2029-03-05
7480,ABACROSS 50 EC,TIGA MUARA EMAS MAKMUR,Insektisida,01010120185933,2023-04-26,2028-04-26
7481,PESGUARD α (alpha) 50 SC,BENTZ JAZ INDONESIA,Pestisida Pengendalian Vektor Penyakit Pada Manusia,06090120083195,2025-09-26,2030-09-26
7482,TETRIS 75 EC,BASF INDONESIA,Herbisida,01030120042155,2025-02-17,2030-02-17
7483,METHA 400 EC,SARI KIMIA UNGGUL,Insektisida,01010120062530,2022-12-05,2027-12-05
7484,GARLON™ Mix 333/17 EW,CORTEVA AGRISCIENCE MANUFACTURING INDONESIA,Herbisida,01030120155148,2025-02-17,2030-02-17
7485,TOPRAMESAN 336 SC,SANTANI AGRO PERKASA,Herbisida,01030120238207,2024-03-05,2029-03-05
7486,ALTOSID 1.8 BR,NOVINDO AGRITECH HUTAMA,Insektisida,06090119951242,2022-06-27,2027-06-27
7487,TROUNCE 400/60 SL,AGRORISEN INDOMAKMUR CEMERLANG,Herbisida,01030120248719,2025-02-17,2030-02-17
7488,NUFOSAT 480 SL,CROP CARE INDONESIA,Herbisida,01030120031905,2022-12-05,2027-12-05
7489,"KEMUT 0,03 GR",KRISTALINDO KARUNIA INTERNASIONAL,Pestisida Rumah Tangga,06080120196362,2024-03-05,2029-03-05
7490,PIPERONYL BUTOXIDE 95 TC,Agro Bumi Timur,Pestisida lain-lain,042021988,2026-04-20,2031-04-20
7491,WEEDTOX 670 EC,UPL INDONESIA,Herbisida,01030120206795,2025-02-17,2030-02-17
7492,MEDISOFT 13 LT,SINAR ANTJOL,Repelen,06080120072777,2023-04-26,2028-04-26
7493,OXAMYL 240 SL,INTI EVERSPRING INDONESIA,Insektisida,032013329,2023-08-28,2028-08-28
7494,HIT 0.082 MC,GODREJ CONSUMER PRODUCTS INDONESIA,Pestisida Rumah Tangga,06080120258786,2025-07-11,2030-07-11
7495,BASWARA 12/18 WP,TRI AGRO CHEMICALS,Herbisida,01030120258744,2025-07-11,2030-07-11
7496,INTASAT 480 SL,INTITANI AGROKIMINDO,Herbisida,01030120258796,2025-07-11,2030-07-11
7497,SECLIRA HOME 40 SG,BASF INDONESIA,Pestisida Pengendalian Vektor Penyakit Pada Manusia,06090120227460,2022-10-04,2027-10-04
7498,AMONIUM GLUFOSINATE 96 TK,UPL INDONESIA,Herbisida,0420241356,2025-02-17,2030-02-17
7499,Rowsong 14/56 WG,SUNJOY AGRO INDONESIA,Fungisida,01020120237928,2023-08-28,2028-08-28
7500,"TALSTAR 0,2 GR",BINA GUNA KIMIA,Insektisida,01010120134825,2022-12-05,2027-12-05
7501,NARAZOL 18 EC,SAMUDRA UTAMA NARAPATI,Insektisida,01010120238032,2024-03-04,2029-03-04
7502,CYPERMETHRIN 92 TC,SAMUDRA UTAMA NARAPATI,Herbisida,0420261499,2026-07-16,2031-07-16
7503,PIRAKLOSTROBIN 98 TC,AGRO JAYA INDONESIA,Fungisida,0420231201,2023-08-28,2028-08-28
7504,MONEY 865 SL,SINAR GENERAL INDUSTRIES,Herbisida,01030120114151,2022-01-14,2027-01-14
7505,ERAKUS 80 P,SAPROTAN UTAMA NUSANTARA,Rodentisida,01120120114128,2025-07-11,2030-07-11
7506,OXAMYL 95 TC,INTI EVERSPRING INDONESIA,Insektisida,032013330,2023-08-28,2028-08-28
7507,POGBA 250 SC,BIOTEK SARANA INDUSTRI,Zat Pengatur Tumbuh Tanaman,01040120259105,2025-11-13,2030-11-13
7508,CYMOXANIL 98 TC,CENTA BRASINDO ABADI CHEMICAL INDUSTRY,Fungisida,042018518,2023-04-26,2028-04-26
7509,DUACIS 50 EC,AGROKIMINDO KURNIABUANA,Insektisida,01010120062513,2021-10-12,2026-10-12
7510,VISKA 250 SC,DELTA GIRI WACANA,Fungisida,01020120259147,2025-11-13,2030-11-13
7511,ZINPIRAM 60/20 WG,AGRO BERJAYA CITRA TANI,Insektisida,01010120269696,2026-07-16,2031-07-16
7512,INGROFOL 50 WP,INDAGRO,Fungisida,010201197419,2026-01-20,2031-01-20
7513,ORTUS 50 SC,NATUR AGRI TANI,Akarisida,01140120001522,2025-11-13,2030-11-13
7514,AGROBEST 36 EC,GLOBAL AGROTECH,Insektisida,01010120165478,2026-01-20,2031-01-20
7515,"TIGARODA 0,25 MC",RECKITT BENCKISER INDONESIA,Pestisida Rumah Tangga,06080120072987,2022-12-05,2027-12-05
7516,TOPTRIN 250 EW,PERSADA AGRO SUKSES,Insektisida,01010120206996,2025-09-26,2030-09-26
7517,SAGRI-FOX 100/550 EC,SATYA ALAM SEMESTA,Insektisida,01010120206988,2026-01-20,2031-01-20
7518,ELEMENT 410/100 EC,SINAR GENERAL INDUSTRIES,Fungisida,01020120196528,2024-09-19,2029-09-19
7519,GULMARON 500 SC,TRIBINA TANIKARYA,Herbisida,01030119981412,2026-07-16,2031-07-16
7520,SAE-MIN 865 SL,AGRO JAYA INDUSTRI,Herbisida,01030120258868,2025-07-11,2030-07-11
7521,AMANI 400 EC,DHARMA GUNA WIBAWA,Bahan pengawet kayu,04110120093312,2022-06-27,2027-06-27
7522,NRUMAT 300 EC,TANAMAN MAKMUR MANDIRI,Herbisida,01030120269610,2026-07-16,2031-07-16
7523,BUZZ-UP 480 SL,AGROTECH PESTICIDE INDUSTRY,Herbisida,01030120155134,2024-09-19,2029-09-19
7524,ETEPON 70 TC,SAPROTAN UTAMA,Zat Pengatur Tumbuh Tanaman,042018596,2024-03-05,2029-03-05
7525,DEXXONE 138 SL,PT. AGRORISEN INDOMAKMUR CEMERLANG,Herbisida,01030120227514,2022-12-05,2027-12-05
7526,THREEMIX 550/100 EC,BINANGUN AGRO LESTARI,Insektisida,01010120227711,2023-02-08,2028-02-08
7527,RESTACK WP,AGROKIMINDO KURNIABUANA,Insektisida,010120001549,2021-10-12,2026-10-12
7528,GIURON 80 WP,TIGA MUARA EMAS MAKMUR,Herbisida,01030120196267,2024-03-05,2029-03-05
7529,BIOX AM492,INDO ASIA TIRTA MANUNGGAL,Fungisida,0420221074,2022-12-05,2027-12-05
7530,DIMECTIN 18 EC,DELTAGRO MULIA SEJATI,Insektisida,01010120031755,2023-08-28,2028-08-28
7531,NOVLECT 100/20 EC,CORTEVA AGRISCIENCE MANUFACTURING INDONESIA,Herbisida,01030120196290,2024-03-05,2029-03-05
7532,PRIAXOR 500 SC,BASF INDONESIA,Fungisida,032018430,2023-08-28,2028-08-28
7533,DIFENOKONAZOL 95 TC,SOLO LOGO INDONESIA,Fungisida,042019786,2024-11-18,2029-11-18
7534,HIT 0.081 MC,GODREJ CONSUMER PRODUCTS INDONESIA,Pestisida Rumah Tangga,06080120248635,2025-02-17,2030-02-17
7535,FR1000 65 SL,NUSA NUR AGRO,Zat Pengatur Tumbuh Tanaman,01040120217131,2026-04-20,2031-04-20
7536,METHOX 42 SP,PERSADA AGRO SUKSES,Insektisida,01010120186054,2023-04-26,2028-04-26
7537,WILBO PLUS 530/55 EC,YANNO AGRO SCIENCE INDONESIA,Insektisida,01010120238217,2024-03-05,2029-03-05
7538,"WHIMAS 0,1 RB",WIRAJAYA MITRA SUKSESTAMA,Pestisida Rumah Tangga,06080120227602,2022-12-05,2027-12-05
7539,STARPHOSAT 240 SL,BAHTERA BONIAGA LESTARI,Herbisida,01030120217266,2026-07-16,2031-07-16
7540,GOMAGIC 80 WP,MAXXI AGRI INDONESIA,Fungisida,01020120196537,2024-11-18,2029-11-18
7541,PENDIMETHALIN 95 TC,DALZON CHEMICALS INDONESIA,Herbisida,0420221055,2022-10-04,2027-10-04
7542,"Force Magic Natural 0,25 AE",HERLINA INDAH,Pestisida Rumah Tangga,06080120196532,2025-07-11,2030-07-11
7543,PARAQUAT 42 TC,SAPROTAN UTAMA,Herbisida,0420221028,2022-06-27,2027-06-27
7544,AGRIMETRIN 300 EC,PRIMA AGRO PERKASA,Insektisida,01010120175819,2024-03-05,2029-03-05
7545,Trizam 200/200 SC,AGRO SENTOSA RAYA,Fungisida,01020120248718,2025-02-17,2030-02-17
7546,HIT 8.01 LV,GODREJ CONSUMER PRODUCTS INDONESIA,Pestisida Rumah Tangga,06080120206739,2025-11-13,2030-11-13
7547,HIT EXPERT 0.109 FU,GODREJ CONSUMER PRODUCTS INDONESIA,Pestisida Rumah Tangga,06080120237765,2023-04-26,2028-04-26
7548,HIT 1.4 AE,GODREJ CONSUMER PRODUCTS INDONESIA,Pestisida Rumah Tangga,032015358,2025-02-17,2030-02-17
7549,HIT 1.76 AL (WB),GODREJ CONSUMER PRODUCTS INDONESIA,Pestisida Rumah Tangga,06080120175756,2022-12-05,2027-12-05
7550,SIDACRON 510 EC,PETROSIDA GRESIK,Insektisida,01010120072685,2022-01-14,2027-01-14
7551,Salphos 480 SL,FADJAR AGRO SARANA,Herbisida,01030120103795,2025-09-26,2030-09-26
7552,ZIZINA 125/200 SC,ENFARM CROP SCIENCE,Fungisida,01020120248731,2025-02-17,2030-02-17
7553,PARAQUAT DICHLORIDE 42 TC,CENTA BRASINDO ABADI CHEMICAL INDUSTRY,Herbisida,0420231195,2023-08-28,2028-08-28
7554,ABATOX 36 EC,NUSANTARA AGRO SUKSES,Insektisida,01010120238084,2024-03-05,2029-03-05
7555,COBUDIN 150/150 SE,RAINBOW AGROSCIENCES,Insektisida,01010120248247,2024-08-09,2029-08-09
7556,DEER-JOSS 245 SL,AGRO JAYA INDUSTRI,Herbisida,01030120248467,2024-11-18,2029-11-18
7557,HUNTER 200 EC,MAXXI AGRI INDONESIA,Insektisida,01010120155165,2025-02-17,2030-02-17
7558,ALIRON 20 WG,AGROMANNA JAYA LESTARI,Herbisida,01030120103604,2024-09-19,2029-09-19
7559,LIMEC 36 EC,BIOTEK SARANATAMA,Insektisida,01010120124477,2024-03-04,2029-03-04
7560,ERKATRIL 0.0375 BB,ROLIMEX KIMIA NUSAMAS,Rodentisida,01120120124451,2022-12-05,2027-12-05
7561,HIT GREEN 14.5 LT,GODREJ CONSUMER PRODUCTS INDONESIA,Pestisida Rumah Tangga,06080120227317,2022-06-27,2027-06-27
7562,MIDADOR 25 WP,DOUTA UTAMAN INDONESIA,Insektisida,01010120145057,2025-07-11,2030-07-11
7563,METAFURON 20 WG,NUFARM INDONESIA,Herbisida,01030120011579,2024-03-04,2029-03-04
7564,GLYPHOSATE 95 TC,MESTIKA NUSANTARA AGROKIMIA,Herbisida,0420221064,2022-12-05,2027-12-05
7565,WUZ 200/125 SC,NUFARM INDONESIA,Fungisida,01020120217186,2025-11-13,2030-11-13
7566,KONSEP 50 EC,SINAR GENERAL INDUSTRIES,Insektisida,01010120144941,2024-09-19,2029-09-19
7567,TOBI 85 WP,DELTAGRO MULIA SEJATI,Moluskisida,01050120196578,2024-08-09,2029-08-09
7568,HIT 0.43 AE,GODREJ CONSUMER PRODUCTS INDONESIA,Pestisida Rumah Tangga,06080120196345,2024-11-18,2029-11-18
7569,RELIABLE-T 1 RB,BENTZ JAZ INDONESIA,Pestisida Pengendalian Vektor Penyakit Pada Manusia,06090120258858,2025-07-11,2030-07-11
7570,TRESICUR 0.005 BB,SINAR GENERAL INDUSTRIES,Rodentisida,01120120145095,2024-09-19,2029-09-19
7571,PROMORIS 250/5 SL,TIGA MUARA EMAS MAKMUR,Herbisida,01030120134703,2023-02-08,2028-02-08
7572,VIGOLD 480 SC,ARYSTA LIFESCIENCE TIRTA,Fungisida,01020120145117,2024-11-18,2029-11-18
7573,VAPE MAGIC 1.8 FU,FUMAKILLA INDONESIA,Insektisida,06080120165471,2021-10-12,2026-10-12
7574,QIZZA 200 EC,AGRO NATURAL TECHNOLOGY,Herbisida,01030120269634,2026-07-16,2031-07-16
7575,SYMBISECT 2/30 WG,AGRO NATURAL TECHNOLOGY,Insektisida,01010120196395,2024-09-19,2029-09-19
7576,SMATHRIN 200 EC,SOLUSI MAJU AGRO TANI,Insektisida,01010120259000,2025-09-26,2030-09-26
7577,SKIN VAPE 200 SL,FUMAKILLA INDONESIA,Repelen,06080120165532,2021-10-12,2026-10-12
7578,MACHETE 600 EC,AGRORISEN INDOMAKMUR CEMERLANG,Herbisida,01030120248405,2024-09-19,2029-09-19
7579,ZAMBORE 336 SC,DELTA GIRI WACANA,Herbisida,01030120269504,2026-04-20,2031-04-20
7580,TIGARODA 0.1 MC,RECKITT BENCKISER INDONESIA,Pestisida Rumah Tangga,032013325,2022-12-05,2027-12-05
7581,INNOMAN ® 14,TRITUNGGAL ARTHAMAKMUR,Bakterisida,0420231157,2023-04-26,2028-04-26
7582,BIO UP 490 SL,SARI KRESNA KIMIA,Herbisida,01030120113949,2025-11-13,2030-11-13
7583,TOPAN 70 WP,AGRORISEN INDOMAKMUR CEMERLANG,Fungisida,01020120269487,2026-04-20,2031-04-20
7584,SAE-RIS 300/100 SL,AGRO JAYA INDUSTRI,Herbisida,01030120258992,2025-09-26,2030-09-26
7585,PERLAN 19/19 SL,GRAHA AGRITECH PRIMA,Zat Pengatur Tumbuh Tanaman,01040120217074,2026-04-20,2031-04-20
7586,BUBATE 36 EC,TRI AGRO CHEMICALS,Insektisida,01010120258910,2025-09-26,2030-09-26
7587,FELIX 75 WP,DELTA GIRI WACANA,Fungisida,01020120248481,2024-11-18,2029-11-18
7588,AZOCHLOR 120/32/320 SE,RABANA AGRO RESOURCES,Herbisida,01030120248453,2024-11-18,2029-11-18
7589,CHLORPYRIFOS 97 TC,KENSO INDONESIA,Insektisida,042017466,2022-12-05,2027-12-05
7590,METHOMYL 97 TC,MITRA KREASIDHARMA,Insektisida,042015355,2025-07-11,2030-07-11
7591,Optigard Ant 0.01 RB,SYNGENTA INDONESIA,Pestisida Rumah Tangga,06080120083146,2023-02-08,2028-02-08
7592,ANFISCO 100 EC,ARTHA MAKMUR ABADI,Insektisida,01010120269517,2026-07-16,2031-07-16
7593,CHLORFENAPYR 97 TC,RAINBOW AGROSCIENCES,Insektisida,042019731,2024-11-18,2029-11-18
7594,POPZOLE 400/125 SE,RAINBOW AGROSCIENCES,Fungisida,01010120155382,2025-11-13,2030-11-13
7595,JOFOS 150 SL,ARTHA MAKMUR ABADI,Herbisida,01030120237897,2023-08-28,2028-08-28
7596,EFFICON 120 SL,BASF INDONESIA,Insektisida,01010120248607,2025-02-17,2030-02-17
7597,MP AMYTRIN 100 EC,INDO HOECHST,Insektisida,01010120093389,2024-11-18,2029-11-18
7598,MILESTONE 240 SL,CORTEVA AGRISCIENCE MANUFACTURING INDONESIA,Herbisida,032012270,2022-01-14,2027-01-14
7599,MILESTONE 240 SL,CORTEVA AGRISCIENCE MANUFACTURING INDONESIA,Herbisida,032012270,2022-01-14,2027-01-14
7600,"2,4-D-ethylhexyl 96 TC",TRUSTCHEM AGRO INDONESIA,Herbisida,0420251392,2025-09-26,2030-09-26
7601,KRESNACID 250 EC,SARI KRESNA KIMIA,Moluskisida,01050120103673,2024-11-18,2029-11-18
7602,SPONTAN 400 SL,AGRICULTURE CONSTRUCTION,Insektisida,01010120051206,2024-03-05,2029-03-05
7603,GIBSTAR 20 TB,SARAREA PANEN RAYA,Zat Pengatur Tumbuh Tanaman,01040120165565,2022-01-14,2027-01-14
7604,SPORGARD WB,KEMINDO ARTHA JAYA,Fungisida,0420221060,2022-10-04,2027-10-04
7605,BAMKEDAR 448 SC,BINTANG RAPESTRA ABADI,Moluskisida,01050120269523,2026-07-16,2031-07-16
7606,RIAGOLD 30/0.75 DF,REJEKI INDO AGROTEC,Herbisida,01030120259113,2025-11-13,2030-11-13
7607,1-NAPHTHYLACETIC ACID 98 TC,SOLO LOGO INDONESIA,Zat Pengatur Tumbuh Tanaman,0420251391,2025-09-26,2030-09-26
7608,LAMBDA CYHALOTHRIN 92 TC,SYNGENTA INDONESIA,Insektisida,042006185,2025-11-13,2030-11-13
7609,HOTSHOT 200 EC,TUNASHARAPAN MURNI,Insektisida,01010120083271,2024-03-05,2029-03-05
7610,VERPIXO AYR 75/75 SC,CORTEVA AGRISCIENCE MANUFACTURING INDONESIA,Fungisida,01020120269690,2026-07-16,2031-07-16
7611,MONTANA 230 EC,ARTHA BUANA MANDIRI,Insektisida,01010120175705,2022-12-05,2027-12-05
7612,CATERON 190/50 SC,RAINBOW AGROSCIENCES,Insektisida,01010120227627,2023-02-08,2028-02-08
7613,STROBY 50 WG,BASF INDONESIA,Fungisida,032018431,2023-08-28,2028-08-28
7614,FLUDORA FUSION 56.25 WP,BAYER INDONESIA,Pestisida Pengendalian Vektor Penyakit Pada Manusia,06090120217047,2026-01-20,2031-01-20
7615,PROTEKTOR EC,AGRO JAYA INDONESIA,Insektisida,01010120217162,2026-07-16,2031-07-16
7616,DIME-TAN 500 SL,AGRO JAYA INDUSTRI,Insektisida,01010120248369,2024-09-19,2029-09-19
7617,SUQET 276 SL*,TANI MEDIA,Herbisida,01030120206936,2025-11-13,2030-11-13
7618,ARILA 55 EC,ADVANSIA INDOTANI,Insektisida,01010120238099,2024-03-05,2029-03-05
7619,COUNCIL COMPLETE 300 SC,BAYER INDONESIA,Herbisida,01030120175744,2022-06-27,2027-06-27
7620,CHLORFENAPYR 98 TC,AGRORISEN INDOMAKMUR CEMERLANG,Insektisida,0420231123,2023-04-26,2028-04-26
7621,ADOPT 250 SL,GLOBAL AGROTECH,Fungisida,01020120175718,2022-06-26,2027-06-26
7622,KONVOI 336 SC,PRIMA KARYA BERJAYA,Herbisida,01030120248645,2025-02-17,2030-02-17
7623,CARE 180/40/20 OD,EASTCHEM AGROSCIENCE INDONESIA,Herbisida,01030120248365,2024-09-19,2029-09-19
7624,SULVAN 5 GR,CENTA BRASINDO ABADI CHEMICAL INDUSTRY,Insektisida,01010120124392,2023-02-08,2028-02-08
7625,ASTANA 85 WP,SINAR GENERAL INDUSTRIES,Moluskisida,01050120155124,2025-07-11,2030-07-11
7626,TRIPLELIMA 555 SL,DA MING INDONESIA,Herbisida,01030120227594,2022-12-05,2027-12-05
7627,GLUFOSINATE-P 50 TC,INDO-SINO AGROCHEMICAL,Herbisida,0420231250,2024-03-05,2029-03-05
7628,FLUOPICOLIDE 97.5 TC,KHARISMA AGRI WIJAYA,Fungisida,0420251413,2025-11-13,2030-11-13
7629,FUTSANIL 50 WP,SINAR GENERAL INDUSTRIES,Fungisida,01020120124462,2023-02-08,2028-02-08
7630,DELZET 25 EC,NIROGA SUMBER SEJAHTERA,Pestisida Pengendalian Vektor Penyakit Pada Manusia,06090120248598,2025-02-17,2030-02-17
7631,DRAGO 70 WP,MULTI SARANA INDOTANI,Herbisida,01030120155348,2024-03-04,2029-03-04
7632,WK Detrans 5 ME,WAHANA KENCANA INDONESIA,Pestisida Rumah Tangga,0420221058,2022-10-04,2027-10-04
7633,TRIFASTA 75 WP,DELTA GIRI WACANA,Fungisida,01020120185995,2022-12-05,2027-12-05
7634,MINZIN 200/100 SC,RAINBOW AGROSCIENCES,Insektisida,01010120237908,2023-08-28,2028-08-28
7635,SETAMA 50 EC,PERSADA AGRO SUKSES,Insektisida,01010120206979,2025-09-26,2030-09-26
7636,PEVENTA 5 DT,BINA GUNA KIMIA,Insektisida,01010120258978,2025-09-26,2030-09-26
7637,BASSA 500 EC,PETROKIMIA KAYAKU,Insektisida,0101011978323,2026-04-20,2031-04-20
7638,METATOX 100 EC,AGRO JAYA INDUSTRI,Insektisida,02010120248298,2024-08-09,2029-08-09
7639,JADUG 30 EC,AGRO JAYA INDUSTRI,Insektisida,01010120258799,2025-07-11,2030-07-11
7640,ASPRIL 50 SC,AGRO SEJAHTERA INDONESIA,Insektisida,01.01.01.2022.7277,2022-06-27,2027-06-27
7641,AMETRYN 95 TC,KHARISMA AGRI WIJAYA,Herbisida,0420261476,2026-04-20,2031-04-20
7642,BROND UP 240 SL,SINAR GENERAL INDUSTRIES,Herbisida,01030120114140,2022-01-14,2027-01-14
7643,LASTROLE 100/50 ZC,RAINBOW AGROSCIENCES,Insektisida,01010120248646,2025-02-17,2030-02-17
7644,WEEDLESS 480 SL,CHINA JIANGSU INTERNATIONAL INDONESIA,Herbisida,01030120259319,2026-01-20,2031-01-20
7645,TRANSFORM 490 SL,CROPLINK AGRIKULTUR TEKNOLOGI,Zat Pengatur Tumbuh Tanaman,01040120206947,2025-11-13,2030-11-13
7646,ABAZIDA 20/80 SC,EXCEL MEG INDO,Insektisida,01010120217013,2025-11-13,2030-11-13
7647,DUNAMIN 720 SL,MULTI AGRO JAYA UTAMA,Herbisida,01030120248605,2025-02-17,2030-02-17
7648,"2,4-D DMA 75 TC",ASIA GALA KIMIA,Herbisida,042001123,2025-07-11,2030-07-11
7649,"CLEAN FIELD 88,8 SG",TANAMAN MAKMUR MANDIRI,Herbisida,01030120269540,2026-07-16,2031-07-16
7650,HIPROGA 100 EC,NIROGA SUMBER SEJAHTERA,Pestisida Pengendalian Vektor Penyakit Pada Manusia,06090120248633,2025-02-17,2030-02-17
7651,DKBUSIN 70 WP,DANKEN INDONESIA,Herbisida,01030120155141,2025-07-11,2030-07-11
7652,REVYRIZE 100/250 SC,BASF INDONESIA,Fungisida,01020120227698,2023-02-08,2028-02-08
7653,Aneto 50 EC,MAJU MAKMUR UTOMO,Insektisida,01010120103659,2024-11-18,2029-11-18
7654,TUFO 25/50 WG,SARI KRESNA KIMIA,Fungisida,01020120248431,2024-09-19,2029-09-19
7655,KRESNACYL 25 WP,SARI KRESNA KIMIA,Fungisida,01020120206934,2025-09-26,2030-09-26
7656,SPRING 80 WP,CATUR AGRODAYA MANDIRI,Fungisida,01020120083085,2023-04-26,2028-04-26
7657,BIOTERMIKILL 100 EC,BIOTEK SARANA INDUSTRI,Bahan pengawet kayu,04110120062503,2022-12-05,2027-12-05
7658,STARZEB 80 WP,MESTIKA NUSANTARA AGROKIMIA,Fungisida,01020120258878,2025-07-11,2030-07-11
7659,STRONG UP 588 SL,MAKMUR JAYA AGRO,Herbisida,01030120196308,2024-08-09,2029-08-09
7660,MEGAZEB 80 WP,SARI KRESNA KIMIA,Fungisida,01020120083198,2022-10-04,2027-10-04
7661,VELOXONE 70 SL,MULTI SARANA INDOTANI,Herbisida,01030120269500,2026-04-20,2031-04-20
7662,BULL 80 WP,INDOIN BUSINESS GROUP,Herbisida,01030120259041,2025-11-13,2030-11-13
7663,"2,4-D AMINE 625 SL",PRIMA KARYA BERJAYA,Herbisida,032024558,2024-11-18,2029-11-18
7664,COSMOS 500 FS,BASF INDONESIA,Insektisida,032012281,2022-12-05,2027-12-05
7665,AZTECA 360/165/75 SC,ALBAUGH AGRO INDONESIA,Fungisida,01020120145037,2024-11-18,2029-11-18
7666,BESUN PREMIUM 150/350 SC,AGRO JAYA INDONESIA,Fungisida,01020120206898,2026-01-20,2031-01-20
7667,CASPER 5/50 WG,SYNGENTA INDONESIA,Herbisida,01030120238112,2024-03-05,2029-03-05
7668,ERKATRIN 100 EC,ROLIMEX KIMIA NUSAMAS,Insektisida,01010120103625,2024-08-09,2029-08-09
7669,HIT 49 MV,GODREJ CONSUMER PRODUCTS INDONESIA,Pestisida Rumah Tangga,06080120103748,2024-08-09,2029-08-09
7670,MIPCINDO 50 WP,INTI EVERSPRING INDONESIA,Insektisida,01010120021429,2022-12-05,2027-12-05
7671,KOEDACRON 500 EC,AGRO JAYA INDUSTRI,Insektisida,01010120259081,2025-11-13,2030-11-13
7672,MAHAKAM CAP MACAN338 276 SL,TIGA MUARA EMAS MAKMUR,Herbisida,01030120259088,2025-11-13,2030-11-13
7673,BIOTHION 200 EC,BIOTIS AGRINDO,Insektisida,01010120062344,2024-09-19,2029-09-19
7674,FLUROXYPYR MEPTHYL 95 TC,KENSO INDONESIA,Herbisida,042019760,2024-09-19,2029-09-19
7675,SAGRI-PANCA 30/10 WP,SATYA AGRO INDONESIA,Insektisida,01010120227701,2023-02-08,2028-02-08
7676,MIPRO 50 EC,PT Indo Pest Biochem,Bahan pengawet kayu,04110120052292,2021-10-12,2026-10-12
7677,KINGKONG 26 LV,MENARA LAUT BERSATU,Pestisida Rumah Tangga,06080120186128,2024-03-04,2029-03-04
7678,YOSKY MIX 402/68 SL,TANAMAN MAKMUR MANDIRI,Herbisida,01030120259018,2025-09-26,2030-09-26
7679,andahipo 525 SL,ANDAFA AGRO INDO,Insektisida,01010120217112,2026-01-20,2031-01-20
7680,SPANNATE 40 SP,MITRA KREASIDHARMA,Insektisida,01010120227357,2022-06-27,2027-06-27
7681,TRI-FAST 150/300/50 EC,INDOIN BUSINESS GROUP,Herbisida,01030120206997,2026-01-20,2031-01-20
7682,PRIMACOL 70 WP,PRIMA KARYA BERJAYA,Fungisida,01020120206770,2025-07-11,2030-07-11
7683,JUMBO 0.01 MC,MENARA LAUT BERSATU,Pestisida Rumah Tangga,06080120186199,2024-03-05,2029-03-05
7684,ACTICIDE MKS2,JAYA WARINDO ABADI,Fungisida,0420231152,2023-04-26,2028-04-26
7685,XTRADIM 500 SL,KRISTALINDO KARUNIA INTERNASIONAL,Insektisida,01010120155200,2025-02-17,2030-02-17
7686,BESTHREL 10 PA,ROYAL AGRO INDONESIA,Zat Pengatur Tumbuh Tanaman,01040120248360,2024-09-19,2029-09-19
7687,FASTOP 100 EC,SARI KRESNA KIMIA,Insektisida,01010120093434,2024-03-05,2029-03-05
7688,BM DELTA 28 EC,BEHN MEYER AGRICARE,Insektisida,01010120031815,2023-04-26,2028-04-26
7689,NENGGALA 60/20 WG,SANTANI AGRO PERKASA,Insektisida,01010120227334,2022-06-27,2027-06-27
7690,SS-GUSTAF 150 SL,SANTANI AGRO PERKASA,Herbisida,01030120206692,2024-11-18,2029-11-18
7691,CELTA 50 EC,DHARMA GUNA WIBAWA,Insektisida,01010120124438,2022-06-27,2027-06-27
7692,PIMEX 50 WG,AGRO SENTOSA RAYA,Insektisida,01010120248676,2025-02-17,2030-02-17
7693,WISATOX 6 GR,TANI PERKASA KIMINDO,Moluskisida,01050120165590,2023-08-28,2028-08-28
7694,FLORFEN 240 EC,PETROKIMIA KAYAKU,Herbisida,01030120248258,2024-08-09,2029-08-09
7695,SHENPHOS 57 TB*,BIOTEK SARANATAMA,Fumigan,05100120042006,2023-08-28,2028-08-28
7696,INTEGRITY 668 EC,BASF INDONESIA,Herbisida,01030120186046,2023-04-26,2028-04-26
7697,LINETOP 535 SL,SINAR GENERAL INDUSTRIES,Herbisida,01030120165515,2025-09-26,2030-09-26
7698,UMBIKU 15 WP,Agro Bumi Timur,Zat Pengatur Tumbuh Tanaman,01040120259312,2026-01-20,2031-01-20
7699,RAHWANA 500 EC,DELTA GIRI WACANA,Insektisida,01010120041999,2022-12-05,2027-12-05
7700,NICOFURON 80 OD,BIOTIS AGRINDO,Herbisida,01030120237914,2023-08-28,2028-08-28
7701,VEL-UP 530 SL,MAXXI AGRI INDONESIA,Herbisida,01030120196483,2024-11-18,2029-11-18
7702,DEBLO 36 EC,MAKMUR JAYA AGRO,Insektisida,01010120269547,2026-07-16,2031-07-16
7703,FURROZ 40/20 WG,SAPROTAN UTAMA,Insektisida,01030120238000,2024-03-04,2029-03-04
7704,CIMEGRA 100 SC,BASF INDONESIA,Insektisida,01010120227395,2026-01-20,2031-01-20
7705,PARAKUAT DIKLORIDA 42 TK,AGRO JAYA INDONESIA,Herbisida,0420241286,2024-08-09,2029-08-09
7706,PENTA-FURON 20 WP,PRIMA KARYA BERJAYA,Herbisida,01030120196465,2024-09-19,2029-09-19
7707,ARGA 400 SC,DELTAGRO MULIA SEJATI,Fungisida,01020120175886,2022-10-04,2027-10-04
7708,AUTAN 15 Lt,JOHNSON HOME HYGIENE PRODUCTS,Repelen,06080120042046,2022-12-05,2027-12-05
7709,ANGGEDI 48/4 WP,ADVANSIA INDOTANI,Herbisida,01030120258900,2025-09-26,2030-09-26
7710,GLUFOSINATE AMMONIUM 95 TC,MULTI SARANA INDOTANI,Herbisida,0420221098,2023-02-08,2028-02-08
7711,RATSON 0.005 BB,REJEKI INDO AGROTEC,Rodentisida,01120120238052,2024-03-04,2029-03-04
7712,ORGANTRIN 6 SL,SANDAR INTERNATIONAL,Insektisida,01010120124310,2023-02-08,2028-02-08
7713,tanzol 250 SC,TANGGUH AGRO NUSA INDONESIA,Zat Pengatur Tumbuh Tanaman,01040120238203,2024-03-05,2029-03-05
7714,ISOXAFENACIL 92 TC,KHARISMA AGRI WIJAYA,Herbisida,0420251417,2025-11-13,2030-11-13
7715,BEYOND 525 EC,SINAR GENERAL INDUSTRIES,Insektisida,01010120258907,2025-09-26,2030-09-26
7716,TRICO POWER 1 EW,INDOIN BUSINESS GROUP,Zat Pengatur Tumbuh Tanaman,01040120248558,2024-11-18,2029-11-18
7717,RESIK 550 SC,ZAINI MAKMUR SENTOSA,Herbisida,01030120175863,2022-12-05,2027-12-05
7718,INTERCEPTOR G2 0.72 LN,BASF INDONESIA,Pestisida Pengendalian Vektor Penyakit Pada Manusia,06090120217056,2026-04-20,2031-04-20
7719,DIMINA 720 SL,AGROKIMINDO KURNIABUANA,Herbisida,01030120062510,2026-04-20,2031-04-20
7720,VAPE 0.105 MC,FUMAKILLA INDONESIA,Pestisida Rumah Tangga,06080120196587,2024-11-18,2029-11-18
7721,PRATIKO 580/20 OD,TANAMAN MAKMUR MANDIRI,Herbisida,01030120248315,2024-08-09,2029-08-09
7722,PHOSTEK 56 TB*,NUGROHO PRATAMA CHEMICA ASIA,Fumigan,05100120124243,2022-12-05,2027-12-05
7723,NIRVANA 16.7/250 EC,BASF INDONESIA,Herbisida,032025606,2025-09-26,2030-09-26
7724,Acticide SPX,AZELIS INDONESIA DISTRIBUSI,Pestisida lain-lain,0420261495,2026-07-16,2031-07-16
