produk_id,bahan_aktif_id,kadar,satuan
1,1,480,g/l
2,2,150,g/l
2,3,150,g/l
3,4,50,%
4,5,25,%
5,6,30,g/l
6,7,525,g/l
7,8,50,g/l
8,9,85,%
9,10,270,g/l
10,11,200,g/l
11,12,750,g/l
12,13,30,g/l
13,14,200,g/l
14,15,80,%
15,16,3 - 10,%
15,17,1 - 2.5,%
16,18,50,g/l
17,19,100,g/l
18,20,300,g/l
19,21,660,g/l
20,22,670,g/l
21,23,20,%
22,24,81,%
23,25,300,g/l
23,26,150,g/l
24,27,60,%
25,28,95,%
26,29,240,g/l
27,30,50,%
27,31,25,%
28,32,135,g/l
29,33,1 x 10^6,cfu/g
29,34,1 x 10^6,cfu/g
30,35,250,g/l
31,36,85,%
32,37,9,%
33,38,7 - 8,%
34,39,95,%
35,40,480,g/l
36,41,120,ml/l
37,42,490,g/l
38,15,75,%
39,43,350,g/l
40,40,500,g/l
40,44,50,g/l
41,45,80,g/l
41,46,120,g/l
42,47,500,g/l
43,35,250,g/l
44,48,200,g/l
45,43,600,g/l
46,40,405,g/l
47,49,800,g/l
48,50,3,%
49,15,70,%
49,51,5,%
50,52,865,g/l
51,53,0.05,%
52,54,42,%
53,55,200,g/l
53,56,200,g/l
54,15,80,%
55,57,250,g/l
56,58,18,%
56,45,12,%
57,23,20,g/l
58,30,430,g/l
59,59,150,g/l
60,26,100,g/l
60,60,300,g/l
61,61,240,g/l
62,32,138,g/l
63,62,80,%
64,63,98,%
65,64,60,g/l
66,65,30,%
67,66,20,%
67,67,80,%
68,37,15,%
69,68,>= 25 -< 30,%
69,69,>= 1 -< 2.5,%
69,70,>= 10 -< 20,%
70,71,80,%
71,23,50,g/l
72,13,10,%
72,72,40,%
73,73,98,%
74,74,50,g/l
75,71,80,%
76,13,40,g/l
76,75,120,g/l
77,76,25,g/l
77,77,60,g/l
78,78,50,g/l
79,79,20,%
80,32,288,g/l
81,53,60,g/l
82,80,90,%
83,81,400,g/l
84,82,400,g/l
84,44,40,g/l
85,83,98,%
86,84,100,g/l
86,39,40,g/l
86,85,80,g/l
87,72,50,g/l
88,86,0.05,%
89,41,75,g/l
89,87,25,g/l
90,28,300,g/l
91,29,480,g/l
92,11,200,g/l
93,40,100,g/l
94,13,50,g/l
95,88,50,%
96,89,500,g/l
97,90,80,%
98,91,50,%
99,92,100,g/l
99,93,100,g/l
100,94,62,%
101,44,30,g/l
102,95,500,g/l
103,72,100,g/l
103,96,36,g/l
104,97,63,%
104,98,5,%
105,29,525,g/l
106,5,95,%
107,94,480,g/l
108,99,200,g/l
109,100,0.75,%
110,43,25,%
111,101,75,%
112,13,30,g/l
113,40,550,g/l
113,44,100,g/l
114,102,70,%
114,88,6,%
115,103,50,%
116,104,20,%
117,32,276 (setara dengan ion parakuat: 200 g/l),g/l
118,43,10,%
119,105,240,g/l
120,29,480,g/l
121,63,80,%
122,106,15,g/l
123,107,98,%
124,108,70.59,%
125,78,93,g/l
125,48,281,g/l
126,109,600,g/l
127,110,65,%
128,111,250,g/l
129,112,150,g/l
129,48,100,g/l
130,113,400,g/l
131,113,400,g/l
132,114,75,%
133,29,160,g/l
134,63,80,%
135,102,70,%
136,4,50,%
137,32,280,g/l
138,8,5,%
139,63,75,%
140,115,99.8,%
141,15,80,%
142,116,20.01,%
143,22,480,g/l
144,40,500,g/l
144,44,50,g/l
145,103,45,%
146,117,29.1 - 30.9,%
147,118,3.24,g/l
148,119,20,%
148,120,15,%
149,5,125,g/l
149,96,20,g/l
150,113,400,g/l
151,102,70,%
152,121,66,%
153,29,550,g/l
154,122,10,g/l
154,77,50,g/l
155,123,50,g/l
156,29,241,g/l
157,124,50,%
158,125,120,g/l
158,29,240,g/l
159,53,50,g/l
160,15,80,%
161,94,620,g/l
162,126,50,g/l
163,13,50,g/l
164,127,0.14,%
164,44,0.15,%
165,128,150,g/l
165,129,30,g/l
166,130,55,%
166,26,5,%
167,131,250,g/l
168,84,480,g/l
169,84,97,%
170,132,150,g/l
171,53,50,g/l
172,28,125,g/l
172,20,75,g/l
173,133,30,g/l
173,134,30,g/l
174,135,120,g/l
175,23,10,%
176,136,95,%
177,137,450,g/l
178,138,18,ml/l
179,126,25,g/l
180,102,70,%
180,88,6,%
181,32,276,g/l
182,139,0.031,%
182,140,0.125,%
182,141,0.030,%
182,142,0.100,%
182,143,0.350,%
182,44,0.100,%
183,102,70,%
183,88,8,%
184,144,95,%
185,42,480,g/l
186,145,75,g/l
186,146,75,g/l
187,147,20,g/l
188,47,500,g/l
189,51,350,g/l
190,96,25,g/l
191,148,80,%
192,44,50,g/l
193,112,75,%
194,149,80,%
195,88,75,g/l
195,63,375,g/l
196,51,98,%
197,63,75,%
198,48,100,g/l
198,13,20,g/l
199,48,250,g/l
200,150,95,%
201,151,200,g/l
202,152,95,%
203,78,"0,4",%
204,82,500,g/l
205,153,100,g/l
206,154,100,g/l
206,13,20,g/l
207,48,180,g/l
207,48,180,g/l
207,75,120,g/l
207,75,120,g/l
208,35,250,g/l
209,32,276,g/l
209,32,300,g/l
210,121,56,%
211,125,1.5,g/l
212,155,500,g/l
212,84,50,g/l
213,88,20,%
214,156,276,g/l
215,117,3 - 10,%
215,157,1 - 2.5,%
216,29,240,g/l
217,158,"< 2,5",%
218,159,min 99.5,%
219,11,200,g/l
220,102,70,%
221,160,70,%
222,161,>38.7 - <41.3,%
223,35,250,g/l
224,126,25,g/l
225,108,0.081,%
226,32,140,g/l
227,162,103,g/l
228,163,0.051,%
228,163,0.031,%
228,163,12.1,g/l
228,163,0.2,%
228,127,0.2,%
228,163,0.081,%
228,163,0.1,%
228,163,6.1,g/l
228,164,0.015,%
229,165,3,%
230,113,500,g/l
231,32,276,g/l
232,9,10,%
233,74,95,%
234,166,420,g/l
235,167,0.3,%
236,84,100,g/l
236,155,530,g/l
237,168,250,g/l
238,39,35,g/l
238,155,265,g/l
239,169,25,%
240,103,50,%
241,32,288,g/l
242,170,500,g/l
243,58,400,g/l
244,171,720,g/l
245,11,"200 (setara dengan glufosinat: 182,74 g/l)",g/l
246,172,50,%
247,113,505,g/l
248,108,12.13,g/l
249,173,276,g/l
250,96,18,g/l
251,174,1.99,%
251,175,0.01,%
252,21,480,g/l
253,110,63,%
253,160,10,%
254,78,50,g/l
255,32,276,g/l
256,176,52,g/l
257,32,276,g/l
258,44,100,g/l
259,177,500,g/l
260,178,"0,005",%
261,18,10,%
262,44,110,g/l
263,179,125,g/l
263,53,175,g/l
264,56,300,g/l
264,26,150,g/l
265,32,276,g/l
266,32,200,g/l
267,13,30,g/l
267,48,250,g/l
268,103,77,%
269,165,3,%
270,180,300,g/l
270,181,30,g/l
271,32,276,g/l
272,182,1,%
273,43,200,g/l
274,39,80,g/l
275,43,25,%
276,13,50,g/l
276,75,100,g/l
277,104,25,%
278,11,200,g/l
279,183,480,g/l
280,178,96,%
281,92,200,g/l
282,29,480,g/l
283,170,450,g/l
284,184,120,g/l
284,185,180,g/l
285,82,500,g/l
286,186,13.3,g/l
287,187,350,g/l
288,188,50,g/l
289,13,52,g/l
290,7,480,g/l
291,110,70,%
292,189,56,%
293,190,100,g/l
293,191,200,g/l
294,15,85,%
295,96,18,g/l
296,127,7.5,g/l
297,82,500,g/l
298,5,20,%
298,4,60,%
299,192,1-3,%
300,111,240,g/l
301,154,350,g/l
302,150,95,%
303,193,30,%
303,120,24,%
304,150,95,%
305,178,0.005,%
306,47,500,g/l
307,29,240,g/l
308,194,1 x 10^7,cfu/g
308,195,1 x 10^7,cfu/g
309,53,50,g/l
310,63,720,g/l
311,53,50,g/l
312,196,98,%
313,186,1.2,%
314,103,40,%
315,150,95,%
316,29,480,g/l
317,44,16,g/l
317,14,11,g/l
318,44,250,g/l
319,102,80,%
320,197,100,g/l
321,13,33,g/l
322,198,15,%
322,102,54.2,%
323,29,240 (setara dengan glifosat 178 g/l),g/l
324,199,200,g/l
325,51,200,g/l
325,3,125,g/l
326,32,276,g/l
327,29,486,g/l
328,63,75,%
329,200,500.00,g/l
330,29,160,g/l
331,123,50,g/l
332,110,60,%
333,178,95,%
334,201,50,g/l
334,202,90,g/l
335,203,"26,00 - 28,00",%
336,56,60,%
337,204,500,g/l
338,44,50,g/l
339,205,456,g/l
340,8,30,g/l
341,32,276,g/l
342,32,190,g/l
342,206,10,g/l
343,145,100,g/l
344,207,5,%
345,39,80,g/l
346,129,95,%
347,113,450,g/l
348,53,50,g/l
349,11,95,%
350,29,555,g/l
351,29,510,g/l
352,208,500,g/l
353,23,40,g/l
354,11,200,g/l
355,209,106,g/l
355,72,53,g/l
356,210,250,g/l
357,194,2.8 x 10^8,cfu/g
358,108,0.40,%
359,88,8,%
359,15,64,%
360,84,480,g/l
361,211,30 - 60,%
362,71,82,%
363,125,865,g/l
364,212,19-21,%
365,154,98,%
366,213,"67,0 - 71,0",%
367,51,60,g/l
367,63,500,g/l
368,214,670; 481.9,g/l
369,215,35,%
370,11,200,g/l
371,43,35,%
371,154,40,%
372,32,276,g/l
373,63,75,%
374,3,250,g/l
375,216,200,g/l
376,217,15.00,%
377,218,20,%
378,48,360,g/l
379,219,95,%
380,126,25,g/l
381,220,99,%
382,221,110,g/l
383,29,240,g/l
384,32,276,g/l
385,74,25,g/l
386,222,"2,5 -10",%
386,223,"2,5 - 10",%
387,224,1,%
388,86,0.105,%
389,23,40,g/l
390,72,50,g/l
390,48,190,g/l
391,29,615,g/l
392,215,25,%
393,44,50,g/l
394,225,480,g/l
395,9,10,%
396,87,15,%
397,226,77,%
398,227,0.02,g/l
398,23,3.98,g/l
399,43,97,%
400,112,75,%
401,48,325,g/l
402,228,290,g/l
403,229,130,g/l
404,170,400,g/l
404,78,40,g/l
405,29,480,g/l
406,13,100,g/l
407,230,20,%
408,32,200,g/l
409,75,210,g/l
410,231,0.0025 - 0.025,%
410,161,3 - 10,%
410,232,20 - 25,%
411,104,20,%
412,233,7,g/l
412,234,130,g/l
413,139,0.17,%
413,44,0.20,%
414,11,95,%
415,3,255,g/l
416,235,500,g/l
417,44,325,g/l
418,89,300,g/l
418,44,50,g/l
419,236,345,g/l
420,187,147,g/l
420,122,20,g/l
421,113,400,g/l
422,102,75,%
423,13,15,%
424,44,50,g/l
425,237,60,%
426,185,98,%
427,238,865,g/l
428,60,495,g/l
429,239,28,g/l
430,240,30,%
431,110,60,%
432,215,317,g/l
433,169,75.00,%
434,241,"1,891",%
435,242,98,%
436,243,75,%
437,108,66.667,%
438,51,200.00,g/l
438,244,80.00,g/l
439,72,50,g/l
439,13,30,g/l
440,202,120,g/l
441,245,276,g/l
442,82,94,%
443,246,500,g/l
444,247,200,g/l
445,85,95,%
446,170,400,g/l
447,202,25,%
448,40,400,g/l
449,96,36,g/l
450,23,5,%
451,165,3,%
452,102,70,%
453,155,97,%
454,43,250,g/l
454,18,50,g/l
455,75,120,g/l
455,13,40,g/l
456,248,">11,4 - <12,6",%
456,249,">0,49 - <0,55",%
457,250,80,%
458,198,75,%
459,126,98,%
460,251,130,g/l
461,252,98,%
462,3,250,g/l
463,84,50,g/l
463,155,500,g/l
464,253,667.6,g/l
465,6,50,g/l
466,48,200,g/l
466,43,200,g/l
467,15,80,%
468,13,20,g/l
468,48,300,g/l
469,170,95,%
470,104,96,%
471,254,95,%
472,255,800,g/l
473,256,150,g/l
474,205,100,g/l
475,257,97,%
476,48,250,g/l
477,94,490,g/l
478,74,25,g/l
479,102,70,%
480,3,125,g/l
480,51,200,g/l
481,43,50,g/l
482,13,95,%
483,9,500,g/l
484,258,30 x 10^6,cfu/g
485,127,12.13,g/l
486,259,500,g/l
487,5,125,g/l
488,127,1.1,%
489,78,50,g/l
490,32,160,g/l
491,260,1220,g/l
492,72,60,g/l
492,261,300,g/l
493,40,550,g/l
493,44,50,g/l
494,262,200,g/l
494,263,6,g/l
495,85,480,g/l
496,9,480,g/l
497,54,276,g/l
498,74,25,g/l
499,3,400,g/l
500,264,98,%
501,53,95,%
502,9,480.00,g/l
503,265,99,%
504,13,5.7,%
505,96,18,g/l
506,26,250,g/l
507,15,80,%
508,155,555,g/l
508,84,55,g/l
509,266,20,%
509,96,4,%
510,112,97,%
511,113,400,g/l
512,267,1-3,%
513,264,400,g/l
514,40,300,g/l
514,96,20,g/l
515,53,0.5,%
516,268,480,g/l
516,29,480,g/l
516,104,1,g/l
517,88,22,%
518,90,80,%
519,75,200,g/l
520,15,80,%
521,112,75,%
522,150,95,%
523,269,98,%
524,270,25,g/l
524,14,75,g/l
525,9,100,g/l
526,271,150,g/l
527,185,300,g/l
528,234,100,g/l
529,272,45,%
529,272,45,%
530,112,75,%
531,16,20,%
532,84,50,g/l
532,155,500,g/l
533,78,600,g/l
534,43,200,g/l
534,43,200,g/l
535,273,25,g/l
536,9,10,%
537,274,250,g/l
538,90,8,%
538,275,72,%
539,276,1.7,%
540,277,10,%
541,9,480,g/l
542,13,"5,7",%
543,92,106,g/l
544,122,25,g/l
545,13,40,g/l
546,278,55,g/l
546,199,550,g/l
547,125,865,g/l
547,279,865,g/l
548,280,70,%
548,64,5,%
549,104,25,%
550,281,95,%
551,3,250,g/l
552,185,300,g/l
553,108,0.64,%
554,108,0.10,%
555,245,141,g/l
556,184,20,%
557,149,80,%
558,7,486,g/l
559,282,70,%
560,283,200,g/l
561,5,"200,00",g/l
562,103,50,%
563,53,5,%
563,43,30,%
564,149,20 - 25,%
564,232,10 - 12.5,%
564,17,2.5 - 5,%
565,284,600,g/l
566,11,200,g/l
567,74,50,g/l
568,41,100,g/l
569,32,276,g/l
570,285,>25,%
571,53,55,g/l
572,9,10,%
573,32,42,%
574,29,160,g/l
574,286,5,g/l
575,287,100,g/l
576,56,50,%
577,173,276,g/l
578,32,140,g/l
579,288,0.35-0.45,%
579,289,1.08-1.15,%
580,166,80,g/l
581,112,250,g/l
581,13,45,g/l
582,154,200,g/l
582,78,100,g/l
583,254,95,%
584,290,20,%
585,30,430,g/l
586,32,138,g/l
587,40,480,g/l
588,291,50,%
589,47,98,%
590,292,0.005,%
591,293,730,g/l
592,84,50,g/l
592,155,500,g/l
593,205,310,g/l
594,208,250,g/l
595,32,138 g/l (setara dengan ion parakuat : 100 g/l),g/l
596,294,Zinc Pyrithione,%
597,295,480,g/l
598,296,37.5,%
598,297,25,%
599,43,200,g/l
600,190,100,g/l
600,119,150,g/l
601,15,80,%
602,110,65,%
603,40,500,g/l
604,298,95,%
605,104,20,%
606,48,100,g/l
606,13,20,g/l
607,15,80,%
608,184,95,%
609,127,8,g/l
609,141,25,g/l
609,299,11,g/l
610,149,80,%
611,2,250,g/l
612,187,98,%
613,13,21,g/l
613,179,45,g/l
614,103,40,%
615,125,290,g/l
616,300,100,g/l
616,182,200,g/l
617,13,30,g/l
618,86,0.068,%
619,32,276,g/l
620,108,0.52,%
621,81,25,%
622,30,100,g/l
622,301,100,g/l
623,54,139,g/l
624,278,0.10,%
624,108,0.15,%
625,123,96.5,%
626,58,100,g/l
627,2,250,g/l
627,3,250,g/l
628,29,480,g/l
629,302,70,%
630,44,50,g/l
631,53,55,g/l
631,5,20,g/l
632,303,25,%
632,304,0.05,%
633,273,250.00,g/l
634,179,25,g/l
634,305,25,g/l
635,306,250,g/l
636,15,80,%
637,5,100,g/l
637,48,200,g/l
638,7,486,g/l
639,82,550,g/l
639,13,20,g/l
640,307,67,g/l
641,35,250,g/l
642,243,720,g/l
643,308,25,%
644,63,75,%
645,43,350,g/l
646,273,250,g/l
647,58,400,g/l
648,104,20,%
649,103,25,%
650,309,167,g/l
650,310,323,g/l
651,10,300,g/l
652,113,400,g/l
653,311,40,%
654,312,500,g/l
655,313,25,%
656,314,>= 3 - < 5,%
656,315,< 10,%
656,316,>= 1 - < 2.5,%
657,151,150,g/l
658,29,480,g/l
659,32,280,g/l
660,96,72,g/l
661,317,99.8,%
662,33,10^8,cfu/g
663,53,50,g/l
664,23,20.00,%
665,82,500,g/l
666,96,18,g/l
667,137,330,g/l
668,39,80,g/l
669,44,50,g/l
670,318,500,g/l
671,51,250,g/l
671,3,150,g/l
672,319,200,g/l
673,53,0.05,%
674,320,70,%
675,51,200,g/l
675,3,130,g/l
676,146,100.00,g/l
676,321,50.00,g/l
677,7,625,g/l
678,103,50,%
679,15,80,%
680,164,0.015,%
681,17,1 - 2.5,%
682,224,"1,4",%
683,153,120,g/l
684,77,100,g/l
685,322,30,%
685,15,55,%
686,136,680,g/l
687,29,480,g/l
688,63,720,g/l
689,47,500,g/l
690,153,480,g/l
691,254,125,g/l
691,20,200,g/l
692,78,50,g/l
693,14,50,g/l
694,3,125,g/l
694,51,200,g/l
695,82,500,g/l
696,323,50,%
697,126,98,%
698,324,150,g/l
699,325,75,%
700,187,100,g/l
701,96,28,g/l
701,43,300,g/l
702,9,480,g/l
703,14,50,g/l
704,44,100,g/l
705,325,75,%
706,6,50,g/l
707,58,400,g/l
708,326,75,g/l
708,327,450,g/l
709,136,670,g/l
710,56,96,%
711,7,490,g/l
712,328,90,g/l
712,101,225,g/l
713,278,92,%
714,329,480.00,g/l
715,22,834,g/l
716,330,50,%
717,13,19,g/l
718,191,75,%
719,96,36.00,g/l
720,103,40,%
721,331,"2,5",%
721,332,"2,5",%
722,96,18,g/l
723,80,200,g/l
723,43,100,g/l
724,64,50,g/l
725,120,77,g/l
725,75,145,g/l
726,170,95,%
727,63,75,%
728,164,0.005,%
729,257,125,g/l
730,58,100,g/l
731,145,100,g/l
732,333,100,g/l
733,113,500,g/l
734,113,290,g/l
735,234,200,g/l
736,35,20,%
737,334,98,%
738,335,500,g/l
739,32,276,g/l
740,185,240,g/l
741,40,94,%
742,309,"347,5",g/l
743,178,0.005,%
744,102,70,%
745,190,30,g/l
745,336,270,g/l
746,104,20,%
747,337,100,g/l
748,110,60,%
749,113,500,g/l
750,186,0.150,%
751,114,400,g/l
751,28,125,g/l
752,53,50,g/l
753,278,100,g/l
754,2,150,g/l
754,3,150,g/l
755,216,25,%
756,74,25,g/l
757,15,80,%
758,32,338,g/l
759,247,200,g/l
760,241,0.606,%
761,231,0.0025 - 0.025,%
761,161,1 - 2.5,%
761,232,2.5 - 10,%
761,149,10 - 20,%
762,199,97,%
763,47,500,g/l
764,15,63,%
764,259,12,%
765,241,"1,1053",%
766,29,60,%
767,103,25,%
768,63,80,%
769,155,500,g/l
769,84,50,g/l
770,338,45,g/l
771,339,200,g/l
772,172,21.5,%
772,15,20,%
773,4,60,%
773,5,20,%
774,44,92,%
775,3,250,g/l
776,88,27,%
777,340,100,g/l
778,128,100,g/l
779,15,75,%
780,341,200,g/l
781,54,44.2,%
782,127,0.53,%
782,44,0.10,%
783,3,125,g/l
783,51,200,g/l
784,154,1,%
785,342,100,g/l
786,5,10,%
787,44,50,g/l
788,11,200,g/l
789,343,250,g/l
790,48,200,g/l
791,29,480 (setara dengan glifosat: 356 g/l),g/l
792,126,50,g/l
793,344,100,g/l
794,47,80,%
795,345,"0,003",%
796,309,270,g/l
796,346,120,g/l
797,189,56,%
798,29,240,g/l
799,117,99,%
800,302,520,g/l
801,53,25,g/l
802,204,25,%
802,347,53,%
803,7,62,%
804,348,3.56 - 3.94,%
804,349,4.75 - 5.25,%
805,229,240,g/l
806,191,75,%
807,350,50,%
808,13,30,g/l
809,108,4.1,mg/pcs
810,43,25,%
811,40,500,g/l
811,44,50,g/l
812,351,91,%
813,352,95,%
814,14,200,g/l
815,112,97,%
816,104,20,%
817,32,276,g/l
818,353,400,g/l
819,198,75,%
820,258,1 x 10^7,cfu/g
821,354,20,%
822,3,250,g/l
823,29,360,g/l
823,125,120,g/l
824,129,95,%
825,355,19 - 25,%
826,30,320,g/l
826,26,160,g/l
827,356,1 X 10^9,cfu/g
828,357,75,g/l
828,3,50,g/l
829,32,276,g/l
830,150,300,g/l
830,11,100,g/l
831,32,140,g/l
832,358,1 x 10^6,cfu/g
832,359,1 x 10^6,cfu/g
833,29,240,g/l
834,36,480,g/l
835,29,250,g/l
836,360,100,g/l
836,361,150,g/l
837,40,540,g/l
837,44,60,g/l
838,11,200,g/l
839,8,50.00,g/l
840,32,138,g/l
841,186,15,mg/pcs
842,48,98,%
843,32,138 (setara dengan ion parakut 100 g/l),g/l
844,362,75,%
844,363,0.7,%
844,237,0.7,%
845,48,500,g/l
846,18,"46,5",g/l
846,43,"56,7",g/l
847,165,3,%
848,9,125,g/l
849,63,90.00,%
850,3,96,%
851,71,80,%
852,207,6,%
853,364,125,g/l
853,51,200,g/l
854,365,60,g/l
855,11,150,g/l
856,366,95,%
857,367,330,g/l
858,110,67,%
859,44,60,g/l
859,40,550,g/l
860,32,42,%
861,58,400,g/l
862,368,520,g/l
863,53,25,g/l
864,23,20,%
865,96,18,g/l
866,29,480,g/l
867,102,70,%
868,259,200,g/l
868,302,300,g/l
869,369,18,g/l
870,229,240,g/l
871,241,0.103,%
872,96,18,g/l
873,370,250,g/l
874,29,480,g/l
875,371,480,g/l
876,53,50,g/l
877,58,400,g/l
878,82,500,g/l
879,73,98,%
880,40,530,g/l
880,44,60,g/l
881,216,97,%
882,103,80,g/l
883,372,865,g/l
884,309,300,g/l
884,97,60,g/l
885,29,480,g/l
886,373,373 (setara dengan dikuat 200 g/l),g/l
887,224,7.1,%
888,96,36,g/l
888,43,25,g/l
889,150,95,%
890,374,135,g/l
890,32,135,g/l
891,53,50,g/l
892,149,80,%
893,51,98,%
894,375,625,g/l
895,50,10,%
896,376,97,%
897,63,75,%
898,377,30,g/l
898,378,180,g/l
899,346,480,g/l
900,278,0.2,%
900,379,0.2,%
900,139,0.2,%
900,44,0.2,%
901,259,98,%
902,380,50,%
903,302,70,%
904,11,200,g/l
905,29,480,g/l
906,381,0.7,%
906,104,0.7,%
906,382,75,%
907,23,40,g/l
908,23,20,g/l
909,383,"1,5",%
910,207,6,%
911,384,480,g/l
912,233,100,g/l
912,151,200,g/l
913,241,0.0135,%
913,241,0.015,%
914,157,10 - 25,%
915,6,30,g/l
916,81,25,%
917,23,20,%
918,29,480,g/l
919,224,13.300,%
920,142,90,%
921,29,485,g/l
922,385,80,%
923,386,0.0375,%
923,100,0.0375,%
924,32,160,g/l
925,22,318,g/l
926,108,"0,069",%
927,29,480,g/l
928,43,10,%
929,154,141,g/l
929,74,106,g/l
930,63,75,%
931,33,≥10^6,cfu/gr
931,387,≥10^6,cfu/gr
932,278,300,g/l
933,127,5,%
934,104,96,%
935,388,15,g/l
935,389,33,g/l
936,390,92,%
937,391,226,g/l
937,29,226,g/l
938,108,"0,058",%
939,11,280,g/l
940,392,4,%
940,393,2,%
941,190,20,%
942,394,0.3,%
943,103,98,%
944,165,5,%
945,395,276,g/l
946,396,Trichoderma spp 10^6,cfu/g
947,103,40,%
948,104,20,%
949,29,480,g/l
950,15,80,%
951,149,80,%
952,341,300,g/l
953,44,92,%
954,51,250,g/l
955,64,50,g/l
956,32,276,g/l
957,11,160,g/l
958,29,525,g/l
959,397,250,g/l
960,155,500,g/l
961,58,400,g/l
962,128,400,g/l
963,23,20,%
964,113,500,g/l
965,43,10,%
966,398,100,g/l
967,21,440,g/l
968,399,50,%
969,92,200,g/l
969,206,20,g/l
970,400,200,g/l
971,401,90,%
972,318,500,g/l
973,402,95,%
974,403,25.00,%
975,43,25,%
976,404,240,g/l
977,43,200,g/l
978,44,0.10,%
978,405,0.05,%
978,118,0.02,%
979,29,480,g/l
980,112,75,%
981,215,"37,5",g/l
981,406,25,g/l
982,85,480,g/l
983,29,480,g/l
984,224,92,%
985,58,400,g/l
986,189,56,%
987,48,200,g/l
987,129,30,g/l
988,82,500,g/l
989,293,722,g/l
990,250,30,%
990,259,15,%
991,407,25,g/l
991,179,50,g/l
992,318,50,%
993,166,345,g/l
993,408,68,g/l
994,72,40,%
994,13,10,%
995,409,50,g/l
996,104,20,%
997,410,4,%
997,71,64,%
998,103,40.00,%
999,96,18,g/l
1000,32,276,g/l
1001,411,97,%
1002,15,350,g/l
1003,53,95,%
1004,412,400,g/l
1004,413,60,g/l
1005,72,50,g/l
1006,54,42,%
1007,414,0.1,%
1008,9,400,g/l
1009,11,95,%
1010,9,150,g/l
1011,51,200,g/l
1011,3,125,g/l
1011,64,50,g/l
1012,415,400,g/l
1013,302,70,%
1014,114,75,%
1015,71,80,%
1016,281,95,%
1017,104,20,%
1018,3,125,g/l
1018,51,200,g/l
1019,102,70,%
1020,32,177,g/l
1021,44,50,g/l
1022,416,100,g/l
1023,278,100,g/l
1024,92,90,%
1025,19,480,g/l
1026,151,10,%
1027,22,480,g/l
1028,298,50,%
1029,15,80,%
1030,355,"19,0 - 21,0",%
1031,44,50,g/l
1032,53,50,g/l
1033,258,3x10^6,cfu/g
1033,417,3x10^6,cfu/g
1033,418,2x10^7,cfu/g
1034,149,80,%
1035,4,60,%
1035,5,20,%
1036,14,50,g/l
1037,39,75,%
1038,26,300,g/l
1039,60,250,g/l
1040,419,600,g/l
1041,198,75,%
1042,48,600,g/l
1043,150,95,%
1044,29,250,g/l
1045,63,75,%
1046,198,75,%
1047,420,"3,8",%
1047,421,"3,8",%
1048,103,40,%
1049,96,92,%
1050,9,11,%
1051,43,25,%
1052,422,77,%
1053,48,250,g/l
1054,423,150,g/l
1055,110,95,%
1056,44,50,g/l
1057,13,40,g/l
1057,65,160,g/l
1058,187,97,%
1059,424,50,g/l
1059,425,500,g/l
1060,426,100,g/l
1061,74,100,g/l
1062,53,55,g/l
1063,7,486,g/l
1064,427,10,%
1065,15,80,%
1066,89,95,%
1067,44,60,g/l
1067,40,540,g/l
1068,9,100,g/l
1069,154,20,%
1070,112,97,%
1071,63,75,%
1072,247,200,g/l
1073,23,20,%
1074,53,60,g/l
1075,273,96,%
1076,125,100,g/l
1076,29,200,g/l
1077,428,"0,0005",g/l
1078,32,135,g/l
1079,44,100,g/l
1079,40,500,g/l
1080,23,20,%
1081,410,35,%
1082,4,60,%
1083,429,300,g/l
1083,82,50,g/l
1084,430,97,%
1085,53,96,g/l
1086,265,85,%
1087,35,250,g/l
1088,245,138,g/l
1089,149,15,%
1089,413,10,%
1089,47,30,%
1090,431,10,g/l
1090,432,300,g/l
1091,103,225,g/l
1092,146,50,%
1093,23,10.00,%
1094,433,"5,3",%
1094,434,"14,5",%
1094,435,"2,4",%
1094,436,72,%
1094,437,"5,8",%
1095,77,150,g/l
1095,58,50,g/l
1096,104,"0,2",%
1096,45,"0,8",%
1096,438,14,%
1097,29,530,g/l
1098,43,200,g/l
1099,32,320,g/l
1100,20,250,g/l
1100,254,150,g/l
1101,153,120,g/l
1102,439,1,%
1103,103,45,%
1104,169,270,g/l
1105,43,100,g/l
1105,440,300,g/l
1106,29,490,g/l
1107,29,480,g/l
1108,51,200,g/l
1108,2,125,g/l
1109,441,50,%
1110,442,570,g/l
1111,104,5,g/l
1111,29,360,g/l
1111,443,360,g/l
1112,444,100,g/l
1113,445,50,%
1114,446,75,%
1115,447,10.00,g/l
1115,448,200.00,g/l
1116,11,150,g/l
1117,56,50,%
1117,56,50,%
1118,293,722,g/l
1119,32,276 (setara dengan parakuat ion: 200 g/l),g/l
1120,26,100,g/l
1120,3,200,g/l
1121,29,480,g/l
1122,13,33,g/l
1123,29,495,g/l
1124,19,10,%
1125,146,150,g/l
1125,190,150,g/l
1126,54,42,%
1127,113,400,g/l
1128,48,250,g/l
1128,96,37,g/l
1129,53,50,g/l
1129,13,30,g/l
1130,126,2.43,%
1131,28,95,%
1132,302,500,g/l
1133,109,600,g/l
1134,75,100,g/l
1134,13,50,g/l
1135,449,1 x10^7,cfu/g
1135,33,1 x10^7,cfu/g
1136,23,40,%
1137,15,80,%
1138,43,95,%
1139,110,60,%
1140,29,480,g/l
1141,21,440,g/l
1142,23,10,%
1143,450,345,g/l
1143,124,35,g/l
1144,451,108,g/l
1145,15,64,%
1145,88,8,%
1146,441,40,%
1146,341,30,%
1147,16,20,%
1148,452,62,g/l
1148,453,370,g/l
1149,104,20,%
1150,355,"18,05 - 19,95",%
1151,150,95,%
1152,109,3,%
1152,78,1,%
1153,351,400,g/l
1154,116,200,g/l
1155,454,290,g/l
1156,455,555,g/l
1157,108,95.4,%
1158,64,50,g/l
1159,7,500,g/l
1159,329,500,g/l
1160,456,490,g/l
1161,53,50,g/l
1162,53,0.05,g/l
1163,125,870,g/l
1164,118,0.55,%
1164,44,0.10,%
1165,62,80,%
1166,32,135,g/l
1167,457,"3,45",g/l
1167,458,"6,9",g/l
1167,459,"1,73",g/l
1167,460,"10,35",g/l
1168,63,"82,5",%
1169,77,200,g/l
1170,461,min 99.0,%
1171,228,480 g/l setara dengan fluroksipir: 333 g/l,g/l
1172,415,400,g/l
1173,82,95,%
1174,178,"0,005",%
1175,462,98,%
1176,463,< 40,%
1176,464,< 10 %,%
1176,465,> 50,%
1176,466,< 15,%
1177,35,250,g/l
1178,467,120,g/l
1179,29,480,g/l
1180,8,30,g/l
1181,32,135,g/l
1182,267,15- 17,%
1183,468,1,%
1184,469,25,%
1184,169,55,%
1185,442,575,g/l
1186,470,0.04,%
1186,44,0.1,%
1186,405,0.05,%
1187,29,500,g/l
1188,32,210,g/l
1189,125,75,%
1190,471,0.48,%
1190,38,10 - 25,%
1191,15,80,%
1192,105,240,g/l
1193,94,365,g/l
1194,126,50,g/l
1195,6,100,g/l
1196,472,399,g/l
1197,473,480,g/l
1198,47,80,%
1199,5,100,g/l
1200,13,8,%
1200,75,17,%
1201,111,250,g/l
1202,23,10,%
1203,15,80,%
1204,96,40,g/l
1205,44,60,g/l
1205,40,600,g/l
1206,474,300,g/l
1207,475,20.1,%
1208,476,400,g/l
1209,104,95,%
1210,199,97,%
1211,190,0.5,%
1212,96,38,g/l
1213,385,280,g/l
1214,477,98,%
1215,47,500,g/l
1216,165,3,%
1217,11,150,g/l
1218,23,5,%
1219,377,200,g/l
1220,241,0.015,%
1221,4,50,%
1221,190,20,%
1222,16,"4,7 - 5,3",%
1222,478,"2.35 - 2,65",%
1223,479,20,%
1223,480,35,%
1224,165,3,%
1225,481,25,g/l
1226,3,250,g/l
1227,10,336,g/l
1228,402,95,%
1229,312,400,g/l
1230,29,240,g/l
1231,482,80,%
1232,483,865,g/l
1233,56,50,%
1233,88,20,%
1234,73,98,%
1235,7,480,g/l
1236,48,278,g/l
1236,13,22,g/l
1237,58,400,g/l
1238,63,75,%
1239,310,300,g/l
1239,76,20,g/l
1240,13,50,g/l
1240,72,50,g/l
1241,40,600,g/l
1241,44,60,g/l
1242,398,60,%
1242,5,10,%
1243,9,10,%
1244,108,0.17,g/l
1244,186,0.69,g/l
1244,484,0.15,g/l
1245,11,150,g/l
1246,94,480,g/l
1247,206,100,g/l
1248,381,10,%
1248,104,10,%
1249,47,500,g/l
1250,23,20,%
1251,349,"9,5 - 9,9",%
1252,485,65,g/l
1253,108,0.025,%
1254,302,70,%
1255,103,40,%
1256,53,250,g/l
1256,486,225,g/l
1256,210,25,g/l
1257,4,60,%
1257,5,20,%
1258,44,50,g/l
1259,278,50,g/l
1260,15,80,%
1261,29,480,g/l
1262,487,98,%
1263,40,482,g/l
1264,51,400,g/l
1265,13,21,g/l
1266,13,50.00,g/l
1266,53,200.00,g/l
1267,151,15,%
1268,44,100,g/l
1269,189,56,%
1270,113,450,g/l
1271,102,70,%
1272,133,15,g/l
1273,31,3.5,%
1273,102,61.3,%
1274,254,125,g/l
1274,488,50,g/l
1274,20,200,g/l
1275,113,95,%
1276,87,15,%
1277,44,200,g/l
1278,175,0.005,%
1279,489,125,g/l
1279,251,250,g/l
1279,489,125,g/l
1279,251,250,g/l
1280,32,276,g/l
1281,490,200,g/l
1282,245,200,g/l
1283,13,30,g/l
1284,491,500,g/l
1285,492,865,g/l
1286,116,"14,05",%
1287,32,276,g/l
1288,11,200,g/l
1289,15,80,%
1290,7,490,g/l
1291,493,50,%
1292,48,350,g/l
1293,11,155,g/l
1294,244,24,%
1294,51,60,%
1295,11,300,g/l
1296,494,"0,08 - 0,12",%
1297,15,85,%
1298,21,660,g/l
1299,96,40,g/l
1299,48,250,g/l
1300,39,40,g/l
1301,88,8,%
1301,15,64,%
1302,40,550,g/l
1302,44,60,g/l
1303,64,50,g/l
1304,40,200,g/l
1305,103,25,%
1306,150,95,%
1307,44,100,g/l
1308,495,50,g/l
1309,32,276,g/l
1310,496,288,g/l
1311,497,100,g/l
1311,498,300,g/l
1312,18,100,g/l
1312,109,100,g/l
1313,74,50,g/l
1313,96,30,g/l
1314,499,690,g/l
1315,278,4.8,%
1316,21,660,g/l
1317,323,50,%
1318,51,250,g/l
1319,11,185,g/l
1319,204,15,g/l
1320,104,20,%
1321,7,480,g/l
1322,13,36,g/l
1323,29,480,g/l
1324,103,40,%
1325,113,6,%
1326,500,45,%
1327,501,240,g/l
1327,502,240,g/l
1328,84,50,g/l
1328,155,500,g/l
1329,47,500,g/l
1330,165,3,%
1331,15,80,%
1332,103,40,%
1333,9,5,%
1334,118,0.07,%
1335,96,18,g/l
1336,32,135,g/l
1337,250,80,%
1338,141,0.1,%
1339,503,18,%
1339,504,25,%
1340,505,190,g/l
1340,96,10,g/l
1341,13,75.00,g/l
1341,120,75.00,g/l
1342,474,200,g/l
1342,72,200,g/l
1343,32,276,g/l
1344,96,18,g/l
1345,4,40,%
1345,190,20,%
1346,64,4,%
1346,90,68,%
1347,4,50,%
1348,177,400,g/l
1349,506,510,g/l
1350,155,600,g/l
1350,84,80,g/l
1351,29,310,g/l
1351,125,110,g/l
1352,15,80,%
1353,202,120,g/l
1354,9,10,%
1355,8,70,%
1356,32,138,g/l
1357,40,500,g/l
1357,44,50,g/l
1358,120,200,g/l
1359,11,200,g/l
1360,198,250,g/l
1360,26,150,g/l
1361,43,200,g/l
1362,507,50,%
1363,508,722,g/l
1364,96,20,g/l
1365,32,145,g/l
1366,509,150,g/l
1367,257,60,g/l
1367,198,240,g/l
1368,103,40,%
1369,71,80,%
1370,96,95,%
1371,11,150,g/l
1372,510,0.30,%
1372,224,0.15,%
1372,379,0.03,%
1372,128,0.30,%
1373,9,100,g/l
1374,80,90,%
1375,26,115,g/l
1375,30,230,g/l
1376,103,40,%
1377,43,25,%
1378,4,50,%
1379,108,0.2,%
1380,8,50,g/l
1381,32,276,g/l
1381,149,200,g/l
1382,137,330,g/l
1383,32,276,g/l
1384,5,20,%
1384,4,60,%
1385,511,≥10 - <20,%
1385,248,≤7.5,%
1386,15,60,%
1386,56,9,%
1387,106,15,g/l
1388,108,0.05,%
1388,224,0.05,%
1388,278,0.095,%
1389,512,200,g/l
1389,31,80,g/l
1390,1,51,%
1391,204,50,%
1392,86,5,%
1393,513,80,%
1394,23,40,g/l
1395,29,486,g/l
1396,164,0.015,%
1397,514,200,g/l
1397,185,300,g/l
1398,477,98,%
1399,515,95,g/l
1399,516,25,g/l
1399,346,230,g/l
1400,110,60,%
1401,11,155,g/l
1402,517,480,g/l
1403,103,24,%
1404,51,256,g/l
1404,476,384,g/l
1405,32,276,g/l
1406,412,167,g/l
1406,324,33,g/l
1407,368,480,g/l
1408,53,60,g/l
1408,518,150,g/l
1409,519,15,g/l
1409,432,385,g/l
1410,47,80,%
1411,43,25,%
1412,53,35,g/l
1412,96,100,g/l
1412,520,20,g/l
1413,521,98,%
1414,96,50,g/l
1415,125,865,g/l
1416,74,100,g/l
1417,13,70,g/l
1418,300,100,g/l
1418,182,200,g/l
1419,88,20,%
1420,32,276,g/l
1421,29,240,g/l
1421,522,120,g/l
1422,224,94,%
1423,4,110,g/l
1423,109,110,g/l
1424,523,>= 10 - < 20,%
1425,137,330,g/l
1426,215,25,%
1427,300,20,%
1427,182,20,%
1428,60,50,%
1429,22,667,g/l
1430,29,490,g/l
1431,51,200,g/l
1431,3,125,g/l
1432,284,600,g/l
1433,29,480 (setara dengan glifosat 356 g/l),g/l
1434,53,50,g/l
1435,47,500,g/l
1436,44,100,g/l
1437,413,600,g/l
1438,44,300,g/l
1439,82,95,%
1440,126,0.18,%
1441,149,80,%
1442,493,500,g/l
1443,126,98,%
1444,524,93,%
1445,137,360,g/l
1446,324,33,g/l
1446,525,167,g/l
1447,15,81,%
1448,110,60,%
1449,526,135,g/l
1450,111,240,g/l
1451,475,5,%
1451,234,13,%
1452,125,865,g/l
1453,32,276,g/l
1454,29,480,g/l
1455,173,276,g/l
1456,527,480,g/l
1457,528,625,g/l
1457,529,62.5,g/l
1458,102,70,%
1459,302,520,g/l
1460,113,500,g/l
1461,155,48,%
1461,370,4,%
1462,122,98,%
1463,259,80,%
1464,345,0.005,%
1465,103,40,%
1466,13,55,g/l
1467,53,130,g/l
1467,530,40,g/l
1468,74,5,%
1468,43,15,%
1469,96,18,g/l
1470,531,290,g/l
1471,512,7,%
1471,532,70,%
1472,48,98,%
1473,77,55,g/l
1473,122,15,g/l
1474,533,500,g/l
1474,534,100,g/l
1475,535,56,%
1476,29,540,g/l
1477,247,200,g/l
1478,205,3,%
1479,29,480 (setara dengan glifosat 356 g/l),g/l
1479,29,480,g/l
1480,109,100,g/l
1480,18,100,g/l
1481,63,75,%
1482,126,25,g/l
1483,177,400,g/l
1484,111,240,g/l
1485,149,15,%
1485,47,30,%
1485,413,10,%
1486,107,85,%
1487,536,50,%
1488,251,96,%
1489,187,300,g/l
1489,87,30,g/l
1490,85,288,g/l
1491,537,150,g/l
1491,538,200,g/l
1491,43,30,g/l
1492,177,400,g/l
1493,9,10,g/l
1494,539,400,g/l
1495,540,1.5,%
1496,73,98,%
1497,88,20,%
1497,172,50,%
1498,265,99,%
1499,39,30,g/l
1499,155,200,g/l
1499,84,70,g/l
1500,29,480,g/l
1501,102,70,%
1502,519,20,g/l
1502,431,12.5,g/l
1503,16,1-3,%
1503,478,1-3,%
1504,541,1-8,%
1505,542,160,g/l
1506,493,50,%
1507,31,60,g/l
1507,30,120,g/l
1508,82,500,g/l
1509,116,125,g/l
1510,29,480,g/l
1510,94,480,g/l
1511,32,276,g/l
1512,103,40,%
1513,32,276,g/l
1514,18,159,g/l
1514,78,106,g/l
1515,82,500,g/l
1516,13,45,g/l
1517,13,30,g/l
1518,125,24,g/l
1518,29,300,g/l
1519,543,0.031,g/l
1519,544,11,g/l
1520,224,0.08,%
1520,128,0.12,%
1520,186,0.12,%
1521,49,10,%
1522,102,70,%
1523,108,0.04,%
1523,224,0.24,%
1523,484,0.025,%
1523,186,0.12,%
1524,15,"64,64",%
1524,88,"8,36",%
1525,224,0.06,%
1525,278,0.10,%
1526,32,42,%
1527,43,10,%
1528,545,51,g/l
1528,546,9,g/l
1529,13,50.00,g/l
1529,48,500.00,g/l
1530,96,18,g/l
1531,402,95,%
1532,29,490,g/l
1533,32,140,g/l
1534,323,50,%
1535,547,480,g/l
1536,74,25,g/l
1537,113,500,g/l
1538,29,490,g/l
1539,84,42,g/l
1539,438,354,g/l
1539,425,208,g/l
1540,167,0.22,%
1540,548,1.18,%
1541,40,420,g/l
1542,29,480,g/l
1543,431,12,g/l
1543,549,160,g/l
1544,190,30,%
1545,228,480,g/l
1546,108,95,%
1547,9,10,%
1548,44,100,g/l
1549,145,2,%
1550,533,500,g/l
1551,108,0.03,%
1551,127,0.03,%
1552,550,98,%
1553,48,350,g/l
1554,551,240,g/l
1555,552,5,g/l
1556,386,0.050,%
1557,48,98,%
1558,245,135,g/l
1559,44,55,g/l
1560,553,38,%
1561,56,500,g/l
1562,273,25,g/l
1563,29,62,%
1564,186,0.072,%
1564,554,0.1,%
1565,5,128,g/l
1566,555,"7.5 x 109 occlusion bodies per milimeter produk / 385,5",g/l
1567,215,8,%
1567,15,64,%
1568,15,80,%
1569,43,25,%
1570,153,20,g/l
1570,48,100,g/l
1571,113,400,g/l
1572,4,50,%
1573,88,50,%
1574,382,118,g/l
1574,556,532,g/l
1574,149,45,g/l
1575,149,>= 20 -< 25,%
1575,232,>= 10 -< 20,%
1575,17,>= 2.5 -< 3,%
1576,152,95,%
1577,99,150,g/l
1578,127,4.9,g/l
1579,44,130,g/l
1580,326,240,g/l
1581,11,200,g/l
1582,51,200,g/l
1582,3,125,g/l
1583,221,163,g/l
1583,557,327,g/l
1584,558,1 x 10^9,cfu/g
1585,78,20,%
1585,75,20,%
1586,29,486,g/l
1587,15,80,%
1588,19,480,g/l
1589,178,0.005,%
1590,113,400,g/l
1591,128,92,%
1592,43,30,%
1593,23,10,%
1594,346,480,g/l
1595,298,50,%
1596,51,60,g/l
1596,63,500,g/l
1597,257,125,g/l
1598,18,20,g/l
1599,559,490,g/l
1600,137,150,g/l
1600,111,50,g/l
1600,560,300,g/l
1601,8,30,g/l
1602,177,440,g/l
1602,48,300,g/l
1603,561,865,g/l
1604,160,250,g/l
1605,44,94,%
1606,18,125,g/l
1607,104,20,%
1608,4,60,%
1608,5,20,%
1609,562,40,g/l
1609,563,90,g/l
1610,51,250,g/l
1611,379,50,%
1612,48,200,g/l
1613,29,480,g/l
1614,74,96,%
1615,32,276,g/l
1616,11,200,g/l
1617,96,32,g/l
1618,45,6,%
1618,97,36,%
1619,564,1000,g/l
1620,184,40.00,g/l
1620,300,160.00,g/l
1621,247,200,g/l
1622,16,"1,2-Benzisothiazol-3(2H)-one",%
1622,332,2-Methyl-2H-isothiazol-3-one,%
1623,53,40,%
1623,216,40,%
1624,150,95,%
1625,73,98,%
1626,15,62,%
1626,198,18,%
1627,63,98.5,%
1628,565,222,g/l
1629,566,62,%
1630,44,100,g/l
1631,29,160,g/l
1632,2,90,g/l
1632,567,400,g/l
1633,126,98.5,%
1634,23,40,%
1635,15,80,%
1636,568,120,g/l
1637,569,825,g/l
1638,570,"680 (setara dengan 2,4-D 451.03 g/l)",g/l
1639,477,160,g/l
1639,367,50,g/l
1640,78,200,g/l
1641,533,550,g/l
1641,534,110,g/l
1642,99,150,g/l
1643,74,50,g/l
1644,48,500,g/l
1644,13,50,g/l
1645,370,40,g/l
1646,32,135,g/l
1647,9,480,g/l
1648,190,20,%
1648,441,40,%
1649,125,100,g/l
1649,29,300,g/l
1649,571,300,g/l
1649,125,100,g/l
1650,572,550,g/l
1651,573,50,g/l
1651,122,10,g/l
1652,325,80,%
1653,126,25,g/l
1654,32,276,g/l
1655,499,306.2,g/l
1656,112,75,%
1657,15,80,%
1658,127,0.03,%
1659,125,865,g/l
1660,283,97,%
1661,150,95,%
1662,574,10,%
1663,123,25,g/l
1664,44,50,g/l
1664,40,250,g/l
1665,29,486,g/l
1666,40,200,g/l
1667,575,108,g/l
1668,11,155,g/l
1669,576,3.00,g/l
1670,577,1 x 10^6,cfu/g
1671,96,18,g/l
1672,39,40,g/l
1673,282,70,%
1674,100,"0,0375",%
1675,75,160,g/l
1675,13,20,g/l
1676,112,80,%
1677,398,100,g/l
1678,2,300,g/l
1679,48,220,g/l
1680,387,1 x 10^7,cfu/g
1681,11,200,g/l
1682,370,30,g/l
1682,425,180,g/l
1683,125,865,g/l
1684,65,150,g/l
1685,578,120,g/l
1685,456,240,g/l
1686,96,20,g/l
1687,126,100,g/l
1688,579,"3,3 X 10^8",cfu/g
1688,580,"3,4 X 10^6",cfu/g
1688,581,"2,3 X 10^8",cfu/g
1689,11,150,g/l
1690,36,98,%
1691,58,400,g/l
1692,149,46.8,%
1692,582,13.2,%
1693,583,92,%
1694,19,12.5,%
1695,150,95,%
1696,113,400,g/l
1697,412,400,g/l
1697,413,60,g/l
1698,125,865,g/l
1699,43,200,g/l
1700,29,240,g/l
1701,74,25,g/l
1702,154,310,g/l
1703,518,350,g/l
1704,14,200,g/l
1705,470,8.1,g/l
1706,104,40,%
1707,549,200,g/l
1708,106,15,g/l
1709,584,"1,50 - 1,75",%
1710,44,50,g/l
1711,63,75,%
1712,40,459,g/l
1712,44,"45,9",g/l
1713,585,10^6,cfu/g
1714,13,30.00,%
1715,51,250,g/l
1716,170,95,%
1717,15,68,%
1717,88,5,%
1718,32,140,g/l
1719,32,140,g/l
1720,96,36,g/l
1721,241,14.3,%
1722,103,40,%
1723,5,25,%
1724,225,250,g/l
1725,44,200,g/l
1726,72,100,g/l
1726,13,56,g/l
1727,48,200.00,g/l
1727,123,50.00,g/l
1728,48,300,g/l
1729,44,94,%
1730,15,80,%
1731,298,75,%
1732,312,45,%
1732,216,3,%
1733,108,"0,089",%
1734,56,50,%
1735,112,75,%
1736,11,200,g/l
1737,5,250,g/l
1738,128,0.22,%
1738,224,0.23,%
1739,153,480,g/l
1740,234,10,%
1741,586,35,%
1742,243,75,%
1743,126,25,g/l
1744,167,0.2,%
1745,44,100,g/l
1746,100,0.0375,%
1747,587,1,%
1748,215,35,%
1749,96,60.00,%
1750,3,300,g/l
1751,588,100,g/l
1751,29,300,g/l
1752,589,52.5,%
1752,105,17.5,%
1753,590,0.02,g/l
1753,23,3.98,g/l
1754,161,10 - 25,%
1755,207,7.5,%
1756,142,0.3,%
1757,103,40,%
1758,23,20.00,%
1759,300,93,g/l
1759,273,46,g/l
1760,32,138,g/l
1761,173,276,g/l
1762,29,240,g/l
1763,591,505,g/l
1764,125,865,g/l
1765,13,30,g/l
1766,592,"1,9 x 10¹¹",cfu/ml
1767,44,50,g/l
1768,208,500,g/l
1769,11,150,g/l
1770,103,225,g/l
1771,9,10,%
1772,85,95,%
1773,224,0.05,%
1773,164,0.1,%
1773,278,0.101,%
1774,96,20,g/l
1774,113,510,g/l
1775,113,500,g/l
1776,593,276,g/l
1777,71,82,%
1778,63,75,%
1779,594,50,g/l
1780,43,33,%
1781,17,≤3,%
1781,149,≥10 - ≤25,%
1781,232,≥5 - ≤10,%
1782,284,600,g/l
1783,32,276,g/l
1784,436,70,%
1784,595,20,%
1785,29,480,g/l
1786,313,250,g/l
1787,596,10,%
1787,202,12,%
1788,597,400,g/l
1789,15,85,%
1790,126,98,%
1791,14,300,g/l
1792,178,"0,005",%
1793,142,0.6,%
1794,29,480,g/l
1795,13,100,g/l
1796,154,10,%
1797,15,"52,6",%
1797,64,"2,4",%
1798,224,8.5,%
1799,129,18,g/l
1800,226,77,%
1801,484,0.03,%
1801,598,0.5,%
1801,224,0.06,%
1802,98,10,%
1802,98,10,%
1803,104,90,%
1804,166,78,g/l
1805,413,100,g/l
1805,309,350,g/l
1806,44,333,g/l
1807,113,50,%
1807,43,20,%
1808,599,96,%
1809,600,98,%
1810,74,120,g/l
1811,82,500,g/l
1812,32,150,g/l
1813,601,450,g/l
1813,602,115,g/l
1814,103,50,%
1815,603,150,g/l
1816,604,865,g/l
1817,605,200,g/l
1818,155,200,g/l
1818,84,40,g/l
1818,39,20,g/l
1819,65,64,g/l
1819,13,43,g/l
1820,13,40,g/l
1820,75,120,g/l
1821,74,50,g/l
1822,104,20,%
1823,53,96,%
1824,84,60,g/l
1824,39,40,g/l
1824,155,260,g/l
1825,129,36,g/l
1826,540,1.5,%
1827,606,456,g/l
1828,32,135,g/l
1829,97,50,%
1830,44,200,g/l
1831,13,96,%
1832,381,95,%
1833,86,0.08,%
1834,94,410,g/l
1835,112,50,%
1835,43,"1,8",%
1836,7,503,g/l
1837,108,0.52,%
1838,14,92,%
1839,56,60,%
1840,169,4.5,%
1840,607,70,%
1841,63,60,%
1841,88,20,%
1842,163,0.1,%
1843,160,250,g/l
1844,29,555,g/l
1845,44,50,g/l
1846,608,865,g/l
1847,96,36,g/l
1848,547,62,%
1848,609,5,%
1849,242,98.5,%
1850,18,"27,3",%
1850,120,"22,7",%
1851,610,75,g/l
1852,64,100,g/l
1852,51,200,g/l
1853,44,113,g/l
1854,64,50,g/l
1855,178,0.005,%
1856,611,486,g/l
1857,15,80,%
1858,113,400,g/l
1859,612,75,g/l
1859,318,300,g/l
1860,155,200,g/l
1860,84,60,g/l
1861,104,5,g/l
1861,7,375,g/l
1862,32,42,%
1863,103,40,%
1864,11,200,g/l
1865,120,81,g/l
1865,146,101,g/l
1866,154,141,g/l
1866,74,106,g/l
1867,361,400,g/l
1868,125,865,g/l
1869,104,24,%
1870,44,60,g/l
1870,40,550,g/l
1871,259,250,g/l
1871,51,50,g/l
1872,294,>=48 - <=51,%
1873,325,250,g/l
1874,146,50,%
1875,29,480,g/l
1876,613,95,%
1877,309,275,g/l
1877,533,275,g/l
1878,320,57,g/l
1878,11,181,g/l
1879,405,10,g/l
1879,14,200,g/l
1880,86,"0,088",%
1881,51,250,g/l
1881,3,150,g/l
1882,32,276,g/l
1883,13,35,g/l
1883,78,120,g/l
1884,474,80,g/l
1884,318,400,g/l
1885,501,110,g/l
1885,614,110,g/l
1886,10,336,g/l
1887,96,60,g/l
1888,615,276,g/l
1889,51,200,g/l
1889,3,130,g/l
1890,77,100,g/l
1890,616,20,g/l
1891,86,0.06,%
1891,278,0.112,%
1891,224,0.05,%
1892,122,25,g/l
1892,77,100,g/l
1892,519,25,g/l
1892,549,100,g/l
1893,80,5,%
1894,168,135,g/l
1895,92,100,g/l
1895,42,80,g/l
1896,125,865,g/l
1897,286,5,g/l
1897,29,380,g/l
1898,617,44,%
1899,125,865,g/l
1900,618,150,g/l
1901,98,10,%
1902,619,540,g/l
1903,20,250,g/l
1904,63,96,%
1905,71,64,%
1905,215,8,%
1906,5,"27,5",%
1906,53,12.5,%
1907,44,50,g/l
1907,40,500,g/l
1908,82,500,g/l
1909,56,100,g/l
1909,63,300,g/l
1910,234,"7,5",%
1911,53,0.3,%
1912,104,20,%
1913,113,500,g/l
1914,620,188,g/l
1915,13,30,g/l
1916,412,400,g/l
1916,413,60,g/l
1917,126,25,g/l
1918,353,318,g/l
1918,621,53,g/l
1919,405,94,%
1920,84,50,g/l
1920,155,500,g/l
1921,190,20,%
1922,622,98,%
1923,294,>= 5 - < 10,%
1923,355,>= 5 - < 10,%
1924,39,40,g/l
1925,623,5 - 10,%
1925,624,3 - 10,%
1926,625,288,g/l
1927,13,5,%
1928,122,15,g/l
1928,310,385,g/l
1929,32,138,g/l
1930,51,75,g/l
1930,2,125,g/l
1931,32,276,g/l
1932,53,50,g/l
1933,44,100,g/l
1934,149,96,%
1935,9,500,g/l
1936,100,0.75,%
1937,96,18,g/l
1938,626,99,%
1939,126,25,g/l
1940,94,62,%
1941,245,135,g/l
1942,74,106,g/l
1942,154,141,g/l
1943,63,75,%
1944,43,250,g/l
1944,18,50,g/l
1945,75,120,g/l
1945,13,40,g/l
1946,29,160 (setara dengan glifosat 118 g/l),g/l
1947,32,300,g/l
1948,74,100,g/l
1948,154,100,g/l
1949,228,290 g/l setara dengan fluroksipir: 200 g/l,g/l
1950,9,100,g/l
1951,112,80,%
1952,627,680,g/l
1953,112,400,g/l
1954,74,25,g/l
1955,29,485,g/l
1956,11,200,g/l
1957,628,200,g/l
1958,26,250,g/l
1959,13,30,g/l
1960,51,200,g/l
1960,88,150,g/l
1961,629,20,%
1962,150,95,%
1963,44,50,g/l
1964,155,60,%
1964,101,8,%
1965,30,5.6,%
1965,15,59.7,%
1965,51,4.7,%
1966,103,40,%
1967,150,95,%
1968,630,20,%
1969,44,50,g/l
1970,73,98,%
1971,51,49,%
1971,30,36,%
1972,104,20,%
1973,110,60,%
1974,631,5 x 10^6 spora/g,-
1975,32,276,g/l
1976,3,250,g/l
1977,632,12,%
1978,3,125,g/l
1978,633,75,g/l
1979,244,80,g/l
1979,51,200,g/l
1980,108,0.08,%
1981,11,150,g/l
1982,302,75,%
1983,164,0.51,%
1984,351,200,g/l
1984,44,30,g/l
1985,150,160,g/l
1986,128,1.5,g/l
1986,224,1.5,g/l
1987,80,200,g/l
1988,229,240,g/l
1989,110,60,%
1990,4,50,%
1991,97,250,g/l
1992,92,90,%
1993,43,25,g/l
1993,177,400,g/l
1994,199,97,%
1995,634,90,%
1996,635,500,g/l
1997,631,5 x 10^6,cfu/g
1998,636,10,%
1999,312,500,g/l
2000,13,30,g/l
2001,520,50,g/l
2002,53,200,g/l
2002,81,400,g/l
2003,141,13.16,g/l
2004,48,96,%
2005,82,90,%
2006,405,0.6,%
2007,278,0.155,%
2007,164,0.14,%
2008,259,500,g/l
2009,637,240,g/l
2010,22,480,g/l
2011,425,95,%
2012,110,60,%
2013,638,12,%
2014,186,0.075,%
2015,44,92,%
2016,302,500,g/l
2017,96,20,g/l
2018,112,75,%
2019,11,200,g/l
2020,43,350,g/l
2021,102,75,%
2022,160,70,%
2023,254,250,g/l
2024,74,25,g/l
2025,190,20,%
2025,4,50,%
2026,639,75,%
2027,43,97,%
2028,32,276 (setara dengan ion parakuat: 200 g/l),g/l
2029,640,30 - 60,%
2030,451,108,g/l
2031,393,200,g/l
2031,392,400,g/l
2032,78,96,%
2033,177,400,g/l
2034,149,80,%
2035,54,276,g/l
2036,456,480,g/l
2037,641,95,%
2038,178,0.0055,%
2039,44,50,g/l
2040,8,95,%
2041,82,500,g/l
2042,113,400,g/l
2043,413,60,g/l
2043,412,400,g/l
2044,120,30,g/l
2045,642,125,g/l
2045,26,125,g/l
2046,43,30,%
2047,643,53,g/l
2048,15,80,%
2048,71,80,%
2049,74,25,g/l
2050,552,5.45,g/l
2051,29,480,g/l
2052,74,106,g/l
2052,154,141,g/l
2053,644,480,g/l
2054,398,220,g/l
2054,614,110,g/l
2055,127,10.8,g/l
2056,32,135,g/l
2057,266,240,g/l
2058,48,98,%
2059,584,"1,5",%
2060,29,54,%
2061,40,500,g/l
2061,44,55,g/l
2062,645,330,g/l
2063,646,400,g/l
2064,58,100,g/l
2064,647,100,g/l
2065,11,210,g/l
2066,113,400,g/l
2067,125,865,g/l
2068,169,430,g/l
2069,198,75,%
2070,96,18,g/l
2071,29,486,g/l
2072,88,15,%
2073,39,30,g/l
2073,10,20,g/l
2073,648,250,g/l
2074,44,50,g/l
2074,40,500,g/l
2075,54,150,g/l
2076,75,30,%
2077,32,135,g/l
2078,10,336,g/l
2079,14,200,g/l
2080,71,80,%
2081,32,303,g/l
2082,340,150,g/l
2083,198,50,%
2083,621,20,%
2084,207,4.5,%
2084,265,1.5,%
2085,3,125,g/l
2085,51,200,g/l
2086,149,9.5,%
2087,649,0.5,%
2088,9,490,g/l
2089,480,80,%
2090,650,0.005,%
2091,175,0.1,g/l
2092,651,0.32,%
2092,652,0.38,%
2093,15,85,%
2094,7,60,%
2095,112,75,%
2096,653,0.005,%
2097,268,480,g/l
2097,29,480,g/l
2098,44,30,g/l
2099,129,25,g/l
2099,594,50,g/l
2100,29,480,g/l
2101,440,400,g/l
2102,654,25,g/l
2103,149,525,g/l
2104,655,60,g/l
2104,412,400,g/l
2105,103,40,%
2106,44,30,g/l
2107,17,>= 5 -< 10,%
2107,70,>= 30 -< 50,%
2107,68,>= 30 -< 50,%
2108,351,500,g/l
2109,14,200,g/l
2110,13,20,g/l
2110,40,500,g/l
2111,32,138,g/l
2112,293,722,g/l
2113,407,4,%
2113,656,40,%
2113,657,40,%
2114,43,70,%
2115,658,50,%
2116,44,92,%
2117,259,50,%
2118,16,>= 5 - < 10,%
2118,332,>= 5 - < 10,%
2119,15,80,%
2120,659,"1,5",%
2121,623,1-10,%
2121,16,1-10,%
2122,21,540,g/l
2123,113,525,g/l
2124,660,250,g/l
2125,89,500,g/l
2126,292,95,%
2127,86,0.051,%
2128,155,300,g/l
2128,10,10,g/l
2129,50,3,%
2130,661,667,g/l
2131,13,20,g/l
2131,75,160,g/l
2132,112,75,%
2133,662,10 - 25,%
2133,663,10 - 25,%
2133,664,0.25 - 2.5,%
2134,149,500,g/l
2135,82,500,g/l
2136,50,3,%
2137,82,500,g/l
2138,43,15,%
2139,116,149.025,g/l
2140,665,100,g/l
2141,302,525,g/l
2142,13,50,g/l
2143,110,60,%
2144,2,250,g/l
2145,666,19.90,g/l
2145,175,0.10,g/l
2146,104,24,%
2147,63,75,%
2148,189,57,%
2149,488,95,%
2150,13,30.00,g/l
2150,65,150.00,g/l
2151,75,150,g/l
2152,82,500,g/l
2153,48,100,g/l
2153,13,20,g/l
2154,112,75,%
2155,14,350,g/l
2156,170,58,%
2156,43,2,%
2157,124,8.36,%
2157,71,64.64,%
2158,40,550,g/l
2158,44,55,g/l
2159,48,300,g/l
2160,667,95,%
2161,103,98,%
2162,165,3,%
2162,113,4,%
2163,9,10,%
2164,668,40,%
2165,149,>=10 - <=25,%
2165,161,<=3,%
2165,232,>=5 - <=10,%
2166,199,300,g/l
2166,242,50,g/l
2167,669,480,g/l
2168,300,98,%
2169,29,480,g/l
2170,275,80,%
2171,44,100,g/l
2172,88,50,%
2173,266,240,g/l
2174,293,625,g/l
2174,360,62.5,g/l
2175,112,75,%
2176,5,300,g/l
2177,670,6,g/l
2177,671,9,g/l
2177,672,3,g/l
2178,88,8,%
2178,15,64,%
2179,470,0.10,%
2180,44,100,g/l
2181,35,250,g/l
2182,673,97,%
2183,63,75,%
2184,278,94,%
2185,402,95,%
2186,129,18,g/l
2187,29,240,g/l
2188,5,25,%
2189,295,500,g/l
2190,14,5,%
2191,76,50,g/l
2191,77,200,g/l
2192,7,250,g/l
2193,1,50,%
2194,75,120,g/l
2194,48,180,g/l
2195,674,40,g/l
2196,675,100,g/l
2196,29,300,g/l
2197,246,95,%
2198,15,80,%
2199,6,50,g/l
2200,32,278,g/l
2201,185,300,g/l
2202,676,500,g/l
2203,3,250,g/l
2204,32,276,g/l
2205,127,0.5,%
2206,73,865,g/l
2207,29,480,g/l
2207,11,120,g/l
2208,32,135,g/l
2209,9,10,%
2210,149,500,g/l
2211,215,8,%
2211,15,64,%
2212,677,30,%
2213,517,120,g/l
2213,501,360,g/l
2214,614,240,g/l
2214,517,120,g/l
2215,80,200,g/l
2216,310,96,%
2217,678,400,g/l
2218,92,90,%
2219,110,80,%
2220,679,220,g/l
2221,32,138,g/l
2222,126,95,%
2223,78,98,%
2224,108,16.18,g/l
2225,335,500,g/l
2226,614,120,g/l
2226,43,120,g/l
2227,35,250,g/l
2228,22,670,g/l
2229,407,30,g/l
2230,82,93,%
2231,680,486,g/l
2232,88,10,%
2233,535,57,%
2234,74,50,g/l
2235,681,4.5,%
2235,682,4.5,%
2235,683,18.1,%
2236,48,150,g/l
2236,209,150,g/l
2237,9,2.5,%
2238,440,96,%
2239,4,50,%
2239,53,10,%
2240,177,400,g/l
2241,178,0.005,%
2242,684,500,g/l
2243,108,0.20,%
2243,224,0.11,%
2243,278,0.22,%
2244,58,125,g/l
2245,685,>= 25 - <= 35,%
2246,224,22.34,g/l
2247,319,200,g/l
2248,686,735,g/l
2249,44,16,g/l
2249,14,11,g/l
2250,15,80,%
2251,11,200,g/l
2251,687,200,g/l
2252,29,240,g/l
2253,75,210,g/l
2254,126,"98,5",%
2255,688,95,%
2256,65,120,g/l
2256,13,40,g/l
2257,84,50,g/l
2257,155,500,g/l
2258,40,500,g/l
2258,44,50,g/l
2259,104,60,%
2260,56,60,%
2260,51,10,%
2261,29,490,g/l
2262,167,0.523,%
2262,484,0.050,%
2262,186,0.100,%
2262,379,0.020,%
2263,43,98,%
2264,48,300,g/l
2264,689,5,g/l
2265,77,100,g/l
2265,122,20,g/l
2266,337,80,g/l
2266,75,240,g/l
2267,29,480,g/l
2268,15,80,%
2269,96,18,g/l
2270,30,50,%
2270,31,25,%
2271,165,3,%
2272,149,19,%
2272,232,10,%
2272,690,2.2,%
2273,112,75,%
2274,40,550,g/l
2274,44,100,g/l
2275,13,75,g/l
2275,72,75,g/l
2276,74,95,%
2277,44,100,g/l
2277,40,550,g/l
2278,29,300,g/l
2278,691,100,g/l
2279,3,260,g/l
2280,108,18.15,g/l
2281,136,99,%
2282,48,165,g/l
2282,692,100,g/l
2283,15,60,%
2283,693,6,%
2284,43,30,%
2285,694,228,g/l
2286,43,10,%
2287,44,92,%
2288,53,100,g/l
2289,695,>= 30 – <50,%
2290,13,40,g/l
2290,75,160,g/l
2291,112,75,%
2292,32,135,g/l
2293,58,400,g/l
2294,190,40,%
2295,43,5,%
2296,15,80,%
2297,2,150,g/l
2297,3,150,g/l
2298,696,90,%
2299,284,96,%
2300,35,250,g/l
2301,9,400,g/l
2302,697,240,g/l
2303,108,36.6,g/l
2304,207,12,%
2305,108,5,%
2306,115,99,%
2307,474,200,g/l
2308,698,86,%
2309,41,100,g/l
2310,78,200,g/l
2311,470,0.041,%
2311,86,0.041,%
2311,164,0.015,%
2312,470,0.041,%
2312,86,0.041,%
2312,164,0.015,%
2313,470,0.041,%
2313,86,0.041,%
2313,164,0.015,%
2314,5,20,%
2314,4,60,%
2315,63,75,%
2316,29,525,g/l
2317,446,33,%
2318,20,200,g/l
2318,254,125,g/l
2319,184,30,g/l
2319,82,500,g/l
2320,44,60,g/l
2320,40,550,g/l
2321,98,150,g/l
2321,58,400,g/l
2322,78,50,g/l
2323,29,250,g/l
2324,102,70,%
2325,44,0.1,%
2325,142,0.135,%
2325,141,0.17,%
2326,29,485,g/l
2326,29,485,g/l
2327,11,50,%
2328,292,0.5,%
2329,103,40,%
2330,32,276,g/l
2331,165,3,%
2332,699,100,g/l
2333,626,100,g/l
2334,164,0.015,%
2335,97,25,%
2336,32,42,%
2337,700,520,g/l
2338,62,80,%
2339,103,90,%
2340,15,80,%
2341,294,Zinc Pyrithione,%
2341,701,"1,2-Benzisothiazolin-3-one (BIT-84%);",%
2342,74,25,g/l
2343,478,5,%
2343,16,3 - 5,%
2344,56,20,%
2344,51,20,%
2345,47,80,%
2346,702,742,g/l
2347,26,"6,7",%
2347,703,26,%
2348,53,66,g/l
2348,43,214,g/l
2349,32,42,%
2350,642,240,g/l
2351,96,20,g/l
2352,53,87,%
2353,44,100,g/l
2354,102,70,%
2355,47,500,g/l
2356,84,50,g/l
2356,155,220,g/l
2356,39,30,g/l
2357,63,75,%
2358,704,"1,91 x 10^11",cfu/l
2359,53,96,%
2360,413,60,g/l
2360,412,400,g/l
2361,516,100,g/l
2362,75,120,g/l
2362,48,180,g/l
2363,164,0.005,%
2364,29,240,g/l
2365,103,25,%
2366,259,12,%
2366,15,63,%
2367,310,300,g/l
2367,76,20,g/l
2368,150,95,%
2369,78,120,g/l
2369,13,35,%
2370,705,110,g/l
2371,48,350,g/l
2372,3,400,g/l
2373,96,20,g/l
2374,18,103.20,g/l
2375,96,36,g/l
2376,44,250,g/l
2377,54,42,%
2378,7,486,g/l
2379,5,10.00,%
2379,154,25.00,%
2380,247,100,g/l
2381,149,80,%
2382,3,200,g/l
2382,51,260,g/l
2383,330,500,g/l
2384,232,> 10 - 15,%
2384,294,> 6 -9,%
2385,32,135,g/l
2386,113,6,%
2387,108,5,%
2388,1,50,%
2389,102,70,%
2390,88,6,%
2390,63,30,%
2391,111,240,g/l
2392,85,288,g/l
2393,32,290,g/l
2394,229,240,g/l
2395,29,485,g/l
2396,130,55,%
2396,26,5,%
2397,47,80,%
2398,47,500,g/l
2399,96,18,g/l
2400,19,10,%
2401,706,min 99.0,%
2402,160,70,%
2403,73,98,%
2404,241,"3,13",g/l
2405,707,10,%
2406,708,220,g/l
2407,14,200,g/l
2408,122,30,g/l
2408,77,120,g/l
2409,160,70,%
2410,547,480,g/l
2411,96,50,g/l
2412,15,80,%
2413,32,250,g/l
2414,709,400,g/l
2415,149,800,g/l
2416,32,42,%
2417,15,"67,5",%
2417,51,"4,5",%
2417,244,3,%
2418,29,240,g/l
2419,108,36,%
2420,710,150,g/l
2421,314,2.5 - 5.0,%
2421,157,0.6 - 1.0,%
2422,154,30,%
2422,177,6,%
2423,711,95,%
2424,5,150,g/l
2425,241,0.01,%
2426,6,40,g/l
2427,712,500,g/l
2428,199,97,%
2429,32,276,g/l
2430,204,50,%
2431,475,15,%
2432,40,480,g/l
2433,323,50,%
2434,219,1200,g/l
2435,43,2.15,%
2436,29,480,g/l
2437,263,4,g/l
2437,7,486,g/l
2438,32,208,g/l
2439,713,95,%
2440,15,80,%
2441,133,250,g/l
2442,125,"865 g/l setara dengan 2,4-D: 720 g/l",g/l
2443,103,40,%
2444,126,25,g/l
2445,113,400,g/l
2446,32,276,g/l
2447,714,865,g/l
2448,113,4,%
2448,207,2,%
2449,29,480 (setara dengan glifosat: 356 g/l),g/l
2450,43,100,g/l
2451,32,276,g/l
2452,29,370,g/l
2452,104,"5,5",g/l
2453,104,25,%
2454,108,0.12,%
2455,29,480,g/l
2456,642,100,g/l
2456,51,200,g/l
2457,48,300,g/l
2458,48,360,g/l
2459,15,64.00,%
2459,715,8.00,%
2460,110,45,%
2461,190,0.5,%
2462,402,95,%
2463,148,80,%
2464,53,150,g/l
2464,266,350,g/l
2465,23,1.55,g/l
2465,23,"1,55",g/l
2465,716,3.10,g/l
2465,717,"3,10",g/l
2466,54,137,g/l
2467,11,77,g/l
2468,72,75,g/l
2468,13,75,g/l
2469,165,98,%
2470,7,62,%
2471,26,5,%
2471,130,55,%
2472,64,50,g/l
2473,88,25,%
2474,524,200,g/l
2474,247,200,g/l
2475,96,18,g/l
2476,260,1200,g/l
2477,243,75,%
2478,15,80,%
2479,11,300,g/l
2480,53,50,g/l
2481,85,530,g/l
2482,190,40,%
2483,161,3-Iodo-2-propynyl butylcarbamate,%
2484,104,2,g/l
2484,32,135,g/l
2484,718,135,g/l
2485,105,240,g/l
2486,32,276,g/l
2487,265,88,%
2488,245,328,g/l
2489,64,50,g/l
2490,412,480,g/l
2491,32,42,%
2492,113,450,g/l
2493,92,100,g/l
2493,93,50,g/l
2494,369,0.03,g/l
2495,719,475,g/l
2496,155,500,g/l
2497,154,20,%
2497,13,10,%
2498,204,50,%
2499,40,550,g/l
2499,44,60,g/l
2500,226,77,%
2501,720,100,g/l
2502,703,50,%
2503,112,75,%
2504,18,25,g/l
2505,562,120,g/l
2506,249,>1.41 - <1.84,%
2507,4,50,%
2508,721,"0,3",%
2509,53,55,g/l
2510,40,550,g/l
2510,44,60,g/l
2511,232,12,%
2511,71,63,%
2512,6,25,g/l
2513,2,125,g/l
2513,198,400,g/l
2514,215,8,%
2514,15,64,%
2515,2,250,g/l
2516,98,10,%
2517,135,95,%
2518,722,1.3,%
2519,112,75,%
2520,723,288,g/l
2521,125,865,g/l
2522,123,50,g/l
2523,102,85,%
2524,177,400,g/l
2525,98,2,%
2525,310,26,%
2526,224,0.12,%
2526,278,0.12,%
2526,164,0.04,%
2527,40,500,g/l
2527,96,36,g/l
2528,177,500,g/l
2529,47,73.15,g/l
2529,724,1.85,%
2530,13,10,%
2530,72,40,%
2531,44,50,g/l
2531,40,500,g/l
2532,292,"0,005",%
2533,15,80,%
2534,62,640,g/l
2534,24,80,g/l
2535,88,50,%
2536,9,480,g/l
2537,725,200,g/l
2538,726,3,%
2538,97,47,%
2539,120,50,g/l
2540,245,276,g/l
2541,300,95.3,%
2542,515,250,g/l
2543,278,92,%
2544,18,50,g/l
2544,43,250,g/l
2545,160,250,g/l
2546,96,18,g/l
2547,154,25,%
2548,29,490,g/l
2549,24,93,%
2550,80,5,%
2551,82,500,g/l
2552,727,98.5,%
2553,32,42,%
2554,44,325,g/l
2555,11,200,g/l
2556,472,4,%
2556,15,64,%
2557,74,80,g/l
2558,728,120,g/l
2559,32,138,g/l
2560,729,"2,5 x 10-10",koloni/g
2561,94,480,g/l
2562,150,250,g/l
2562,730,10,g/l
2563,205,240,g/l
2564,96,18.5,g/l
2565,99,150,g/l
2566,731,10,g/l
2567,5,110,g/l
2568,96,18,g/l
2569,124,8.20,%
2569,71,64.50,%
2570,732,6 x 10^9,cfu/g
2571,108,0.64,%
2572,113,500,g/l
2573,733,1,g/l
2573,734,3,g/l
2573,735,2,g/l
2574,736,"8,5",g/l
2575,737,90,%
2576,155,80,%
2577,154,25,%
2578,84,50,g/l
2578,155,500,g/l
2579,29,550,g/l
2580,711,480,g/l
2581,150,95,%
2582,11,280,g/l
2583,165,3,%
2584,127,6.1,mg/pcs
2585,738,25,g/l
2586,739,96,%
2587,82,500,g/l
2588,108,0.1,%
2589,397,250,g/l
2590,150,95,%
2591,78,35,%
2592,40,400,g/l
2593,15,80,%
2594,102,75,%
2595,29,120,g/l
2595,104,1,g/l
2596,11,95,%
2597,190,20,%
2598,149,80,%
2599,44,50,g/l
2600,26,250,g/l
2601,164,27,%
2602,740,1 x 10^5,cfu/g
2602,577,1 x 10^6,cfu/g
2603,80,200,g/l
2604,353,95,%
2605,58,18,%
2605,45,25,%
2606,319,400,g/l
2607,103,215,g/l
2608,113,500,g/l
2609,741,75,%
2610,742,500,g/l
2611,743,≥10^7,cfu/ml
2611,744,≥10^7,cfu/ml
2612,74,100,g/l
2612,78,200,g/l
2613,96,18,g/l
2614,99,150,g/l
2615,400,200,g/l
2616,745,32.6,%
2616,672,16.3,%
2616,746,49.1,%
2617,439,500,g/l
2618,28,125,g/l
2618,747,400,g/l
2619,58,400,g/l
2620,476,200,g/l
2621,35,15,%
2622,48,320,g/l
2622,96,45,g/l
2623,43,200,g/l
2624,56,500,g/l
2625,108,0.09,%
2625,224,0.05,%
2625,278,0.1,%
2626,127,6.4,g/l
2627,748,160,g/l
2628,15,80,%
2629,8,40,g/l
2629,184,160,g/l
2630,351,600,g/l
2631,216,95,%
2632,32,150,g/l
2633,15,80,%
2634,294,>= 30 - < 50,%
2635,53,50,g/l
2636,78,200,g/l
2637,224,5,%
2638,103,40,%
2639,29,480,g/l
2640,78,200,g/l
2641,44,30,g/l
2642,44,50,g/l
2642,40,500,g/l
2643,76,30,g/l
2643,77,60,g/l
2644,533,320,g/l
2645,96,20,g/l
2645,43,100,g/l
2646,32,200,g/l
2647,150,95,%
2648,234,15,%
2649,29,300,g/l
2649,675,100,g/l
2650,78,600,g/l
2651,84,4,%
2651,39,2,%
2651,155,20,%
2652,65,30,%
2653,23,38,g/l
2654,96,18,g/l
2654,74,32,g/l
2655,150,160,g/l
2656,113,400,g/l
2657,58,150,g/l
2658,11,200,g/l
2659,93,60,g/l
2659,29,405,g/l
2660,111,90,g/l
2660,137,250,g/l
2661,412,96,%
2662,29,495,g/l
2663,35,50,g/l
2664,115,99.8,%
2665,242,25,g/l
2666,149,30 - 50,%
2667,266,160,g/l
2667,749,40,g/l
2668,224,1.0,%
2668,278,0.1,%
2669,3,125,g/l
2669,353,400,g/l
2670,110,70,%
2671,43,25,%
2672,125,865,g/l
2673,26,250,g/l
2673,3,150,g/l
2674,351,500,g/l
2675,127,0.04,%
2675,141,0.12,%
2675,44,0.10,%
2676,750,80,%
2677,259,50,%
2678,11,150,g/l
2679,104,20,%
2680,104,20,%
2681,11,150,g/l
2682,47,80,%
2683,283,98,%
2684,283,98,%
2685,126,25,g/l
2686,29,480,g/l
2687,102,70,%
2688,5,200,g/l
2689,614,120,g/l
2689,129,30,g/l
2690,32,135,g/l
2691,103,90,%
2692,351,400,g/l
2693,96,18,g/l
2694,82,500,g/l
2695,751,276,g/l
2696,58,400,g/l
2697,150,95,%
2698,72,45,%
2698,78,30,%
2699,123,55,g/l
2700,534,380,g/l
2701,44,311,g/l
2702,122,10,g/l
2702,77,50,g/l
2703,15,60,%
2704,224,0.075,%
2704,128,0.075,%
2705,752,50,g/l
2705,407,50,g/l
2706,725,100,g/l
2707,9,10,%
2708,44,100,g/l
2709,32,310,g/l
2710,125,865,g/l
2711,190,50,%
2712,56,500,g/l
2713,141,0.100,%
2713,140,0.125,%
2714,753,1,%
2714,71,48,%
2715,71,80,%
2716,112,97,%
2717,50,3,%
2718,405,21.7,%
2719,754,373,g/l
2720,146,50,%
2721,32,276,g/l
2722,9,10,%
2723,15,80,%
2724,44,92,%
2725,104,20,%
2726,113,510,g/l
2727,96,18,g/l
2728,755,"19,0 - 21,0",%
2729,502,4,%
2729,170,64,%
2730,756,106,g/l
2731,757,47.50,%
2731,758,15.80,%
2731,759,31.70,%
2732,760,2,%
2732,761,"0,5",%
2732,762,1,%
2733,3,250,g/l
2734,149,80,%
2735,763,0.1,g/l
2736,47,80,%
2737,112,80,%
2738,64,50,g/l
2739,44,100,g/l
2739,40,550,g/l
2740,53,0.5,g/l
2741,764,50,g/l
2742,29,490,g/l
2743,33,1 x 10^6,cfu/gr
2743,387,1 x 10^6,cfu/gr
2744,103,90,%
2745,154,100,g/l
2745,126,50,g/l
2746,765,80,%
2747,7,480,g/l
2748,4,50,%
2748,5,10,%
2749,766,490,g/l
2750,216,97,%
2751,412,180,g/l
2751,562,60,g/l
2752,102,70,%
2753,32,200,g/l
2754,32,280,g/l
2755,767,10 - 25,%
2756,32,42,%
2757,376,10,%
2757,58,18,%
2758,223,5 - 10,%
2758,767,5 - 10,%
2759,112,75,%
2760,768,200,g/l
2761,11,300,g/l
2762,11,200,g/l
2763,112,75,%
2764,769,4,%
2764,770,2,%
2765,120,70,%
2766,26,12,g/l
2766,56,500,g/l
2767,23,20,%
2768,177,400,g/l
2769,11,150,g/l
2770,29,480,g/l
2771,43,95,%
2772,32,45,%
2773,104,20,%
2774,2,125,g/l
2774,198,400,g/l
2775,771,0.005,%
2776,772,50,%
2777,247,200,g/l
2778,773,2.5,%
2779,257,100,g/l
2779,198,300,g/l
2781,278,0.12,%
2781,164,0.03,%
2782,177,400,g/l
2783,98,20,%
2784,207,6,%
2785,224,0.75,%
2785,379,0.05,%
2786,11,95,%
2787,3,125,g/l
2787,51,200,g/l
2788,84,55,g/l
2788,155,555,g/l
2789,177,400,g/l
2790,456,480,g/l
2791,278,300,g/l
2792,103,40,%
2793,216,25,g/l
2793,312,500,g/l
2794,32,42,%
2795,15,80,%
2796,29,480,g/l
2797,113,10,%
2798,43,25,%
2799,15,80,%
2800,96,100,g/l
2801,47,500,g/l
2802,774,54,%
2803,763,0.05,g/l
2803,448,499.95,g/l
2804,58,20,%
2804,504,15,%
2805,123,100,g/l
2805,43,200,g/l
2806,43,96,%
2807,669,480,g/l
2808,273,10,%
2809,29,240,g/l
2810,257,250,g/l
2810,26,250,g/l
2811,309,60,%
2812,415,290,g/l
2813,78,200,g/l
2814,775,200,g/l
2814,776,200,g/l
2815,32,135,g/l
2816,337,50,g/l
2816,18,50,g/l
2817,44,30,g/l
2818,154,1,%
2819,77,100,g/l
2820,15,80,%
2821,43,50,g/l
2822,3,150,g/l
2822,51,250,g/l
2823,37,10,%
2824,96,20,g/l
2824,40,200,g/l
2825,777,20(2),%
2825,778,"<0,01",%
2826,108,0.06,%
2826,224,0.05,%
2826,278,0.105,%
2827,71,64,%
2827,779,4,%
2828,216,>= 2.5 - < 10,%
2829,780,385,g/l
2829,781,385,g/l
2830,487,200,g/l
2831,319,200,g/l
2832,346,200,g/l
2832,309,400,g/l
2833,75,160,g/l
2833,13,20,g/l
2834,40,97,%
2835,88,20,%
2836,184,45,g/l
2836,337,52.5,g/l
2837,15,80,%
2838,126,25,g/l
2839,703,500,g/l
2840,456,300,g/l
2840,691,100,g/l
2841,104,20,%
2841,629,20,%
2842,75,120,g/l
2842,48,180,g/l
2843,182,70.00,%
2844,381,0.7,%
2844,382,75,%
2844,104,0.7,%
2845,44,93,%
2846,13,30,g/l
2847,77,50,g/l
2847,122,10,g/l
2848,96,18,g/l
2849,455,480,g/l
2850,103,45,%
2851,58,100,g/l
2852,208,60,%
2853,78,98,%
2854,32,276,g/l
2855,126,25,g/l
2856,103,90,%
2857,13,9.1,%
2858,32,276,g/l
2859,515,120,g/l
2859,516,30,g/l
2860,40,500,g/l
2860,44,50,g/l
2861,35,250,g/l
2862,108,0.15,%
2863,165,5,%
2864,108,0.02,%
2865,96,18,g/l
2865,782,18,g/l
2866,519,10,g/l
2866,491,400,g/l
2867,51,20,%
2868,232,>= 30-< 50,%
2869,53,50,g/l
2870,412,400,g/l
2870,413,60,g/l
2871,186,0.10,%
2871,167,0.50,%
2871,128,0.16,%
2871,379,0.02,%
2872,48,180,g/l
2872,75,120,g/l
2873,3,250,g/l
2873,198,400,g/l
2874,783,720,g/l
2875,462,97,%
2876,40,550,g/l
2876,44,100,g/l
2877,40,400,g/l
2878,15,80,%
2879,515,130,g/l
2879,784,50,g/l
2880,43,70,%
2881,32,276,g/l
2882,97,50,%
2882,98,5,%
2883,75,130,g/l
2883,13,32,g/l
2884,63,77,%
2885,86,0.088,%
2886,205,97,%
2887,3,300,g/l
2888,32,276,g/l
2889,48,200,g/l
2889,13,30,g/l
2890,82,300,g/l
2890,74,50,g/l
2891,35,250,g/l
2892,785,436,g/l
2893,180,300,g/l
2893,181,30,g/l
2894,53,50,g/l
2895,215,35,%
2896,10,336,g/l
2897,78,200,g/l
2898,56,200,g/l
2899,32,135,g/l
2900,224,9.4,%
2901,456,480,g/l
2902,160,250,g/l
2903,112,75,%
2904,388,52.5,%
2904,786,17.5,%
2905,752,50,g/l
2906,88,27,%
2907,103,50,%
2908,23,40,g/l
2909,141,0.12,%
2909,44,0.1,%
2909,127,0.04,%
2910,787,250,g/l
2911,35,250,g/l
2912,198,400,g/l
2913,125,865,g/l
2914,280,360,g/l
2915,10,336,g/l
2916,207,80,%
2917,54,276,g/l
2918,112,75,%
2919,47,500,g/l
2920,116,13,%
2921,60,400,g/l
2922,788,1-3,%
2922,789,>88,%
2923,86,0.032,%
2924,100,0.0375,%
2925,110,60,%
2926,166,95,%
2927,178,0.005,%
2928,204,51,%
2929,102,79,%
2930,48,95,%
2931,790,10,%
2932,53,60,%
2933,4,60,%
2933,5,20,%
2933,5,20,%
2933,4,60,%
2934,58,97,%
2935,29,480,g/l
2936,791,0.5,%
2936,145,0.5,%
2937,43,200,g/l
2938,109,50,%
2939,63,98,%
2940,32,135,g/l
2941,86,0.05,%
2941,278,0.105,%
2941,224,0.05,%
2942,792,320,g/l
2942,472,46,g/l
2943,32,138,g/l
2944,7,480,g/l
2945,29,480 (setara dengan glifosat 356 g/l),g/l
2946,29,480,g/l
2947,550,98,%
2948,48,100,g/l
2949,29,240,g/l
2949,29,240,g/l
2950,29,480,g/l
2951,103,40,%
2951,103,40,%
2952,29,480,g/l
2953,23,20,%
2954,104,0.7,%
2954,381,0.7,%
2954,793,75,%
2955,648,260,g/l
2955,10,20,g/l
2956,47,500,g/l
2957,97,96,%
2958,110,45,%
2959,11,150,g/l
2959,104,5,g/l
2960,292,0.005,%
2961,78,600,g/l
2962,82,500,g/l
2963,29,490,g/l
2964,499,670,g/l
2965,64,50,g/l
2966,48,98,%
2967,113,500,g/l
2968,11,150,g/l
2969,15,80,%
2970,21,448,g/l
2971,125,865,g/l
2971,125,865,g/l
2972,794,80,g/l
2973,795,240,g/l
2974,796,184.8,g/l
2974,797,366,g/l
2975,798,865,g/l
2976,129,84,g/l
2977,177,405,g/l
2978,78,100,g/l
2979,799,97,%
2980,96,18,g/l
2981,800,150,g/l
2982,32,276.00,g/l
2983,801,450,g/l
2984,108,0.09,%
2984,224,0.05,%
2984,278,0.1,%
2985,324,100,g/l
2985,802,150,g/l
2985,93,30,g/l
2986,113,400,g/l
2987,302,520,g/l
2988,385,255,g/l
2989,75,120,g/l
2989,48,180,g/l
2990,112,75,%
2991,469,250,g/l
2991,803,250,g/l
2992,177,400,g/l
2993,804,>= 0.25 - < 1,%
2993,805,>= 3 - < 10,%
2994,78,100,g/l
2994,74,50,g/l
2995,44,200,g/l
2996,382,76,%
2996,381,4,%
2997,3,255,g/l
2998,645,330,g/l
2999,340,50,%
3000,47,550,g/l
3001,109,600,g/l
3002,29,240,g/l
3003,6,15,g/l
3004,44,150,g/l
3005,582,13.2,%
3005,149,46.8,%
3006,26,250,g/l
3007,32,247,g/l
3007,104,8,g/l
3008,806,10^8,cfu/g
3009,126,30,g/l
3010,23,40,g/l
3011,48,240,g/l
3012,807,">= 2,5 - < 3",%
3012,808,>= 20 - < 25,%
3012,809,>= 10 - < 15,%
3013,150,95,%
3014,810,50,%
3015,96,20,g/l
3015,44,100,g/l
3016,110,60,%
3017,47,500,g/l
3018,3,250,g/l
3019,94,480,g/l
3020,811,200,g/l
3021,224,7.1,%
3022,44,100,g/l
3023,424,97,%
3024,282,70,%
3025,31,100,g/l
3025,30,200,g/l
3026,13,30,g/l
3027,15,63,%
3027,259,12,%
3028,29,240,g/l
3029,108,6.1,g/l
3030,29,160,g/l
3031,44,50,g/l
3031,40,550,g/l
3032,89,500,g/l
3033,125,120,g/l
3033,7,360,g/l
3034,812,865,g/l
3035,7,527,g/l
3036,73,98,%
3037,88,20,%
3037,56,50,%
3038,49,90,%
3039,3,250,g/l
3040,58,400,g/l
3041,23,20,g/l
3042,74,25,g/l
3043,813,65,g/l
3043,703,220,g/l
3044,73,98,%
3045,8,95,%
3046,113,290,g/l
3047,43,200,g/l
3048,125,865,g/l
3049,4,36,%
3049,190,11,%
3050,155,500,g/l
3050,84,50,g/l
3051,48,200,g/l
3052,40,550,g/l
3052,44,100,g/l
3053,484,0.025,%
3053,186,0.12,%
3053,108,0.04,%
3054,13,15,%
3055,84,50,g/l
3055,155,500,g/l
3056,4,60,%
3056,5,20,%
3057,505,240,g/l
3058,201,20,%
3059,402,95,%
3060,814,670.00,g/l
3061,475,15,%
3062,51,60,g/l
3062,63,500,
3063,125,720,g/l
3064,125,865,g/l
3065,13,20,g/l
3065,145,180,g/l
3066,125,865,g/l
3067,815,20,%
3067,4,60,%
3068,262,240,g/l
3069,816,62,%
3070,113,450,g/l
3071,800,20,%
3072,340,200,g/l
3073,817,550,g/l
3074,250,30,%
3074,302,50,%
3075,88,15,%
3075,51,25,%
3076,818,100,g/l
3076,122,20,g/l
3077,127,4.0,g/l
3078,149,80,%
3079,154,25,%
3080,35,250,g/l
3081,32,138,g/l
3082,32,282,g/l
3083,110,60,%
3084,74,25,g/l
3085,527,480,g/l
3086,125,100,g/l
3086,94,300,g/l
3087,88,25,%
3088,32,138,g/l
3089,13,40,g/l
3090,16,10 - 25,%
3091,32,276,g/l
3092,40,400,g/l
3093,96,20,g/l
3094,29,250,g/l
3095,341,120,g/l
3096,51,200,g/l
3096,244,80,g/l
3097,9,10,%
3098,29,480,g/l
3099,39,60,g/l
3100,149,500,g/l
3101,819,25,%
3102,11,150,g/l
3103,411,95,%
3104,820,100,g/l
3105,814,670,g/l
3106,110,60,%
3107,29,490,g/l
3108,512,120,g/l
3108,469,100,g/l
3109,11,300,g/l
3110,125,"870 (setara dengan 2,4-D : 724 g/l)",g/l
3111,150,48,%
3112,26,125,g/l
3113,5,60,%
3114,821,817,g/l
3115,53,"0,5",%
3116,44,50,g/l
3116,40,550,g/l
3117,44,92,%
3118,189,56,%
3119,7,486,g/l
3120,15,80,%
3121,32,200,g/l
3121,104,5,g/l
3122,125,875,g/l
3123,822,150,g/l
3124,13,75,g/l
3125,43,70,%
3126,155,550,g/l
3126,84,50,g/l
3127,113,410,g/l
3128,438,30,%
3128,104,6,%
3129,15,80,%
3130,32,138,g/l
3131,104,20,%
3132,29,300,g/l
3132,125,100,g/l
3133,15,80,%
3134,102,70,%
3135,32,42,%
3136,823,160,g/l
3136,104,5.1,g/l
3136,7,160,g/l
3137,30,20,%
3137,824,20,%
3138,345,0.005,%
3139,379,50,%
3140,32,276,g/l
3140,32,300,g/l
3141,8,25,g/l
3142,44,93,%
3143,44,200,g/l
3144,192,1-3,%
3145,96,18,g/l
3146,78,200,g/l
3147,135,100,g/l
3148,29,480,g/l
3148,816,480,g/l
3149,94,531,g/l
3150,30,50,%
3150,31,25,%
3151,74,25,g/l
3152,88,98,%
3153,232,Carbendazim,%
3153,149,Diuron,%
3153,825,2-Octyl-2H-isothiazol-3-one,%
3154,88,50,%
3155,281,95,%
3156,3,250,g/l
3157,251,70,%
3158,468,1,%
3159,29,160,g/l
3160,826,19.00 - 21.00,%
3161,84,50,g/l
3161,155,500,g/l
3162,32,276 g/l (setara dengan parakuat: 200 g/l),g/l
3163,44,92,%
3164,15,400,g/l
3164,51,70,g/l
3165,44,92,%
3166,72,105,g/l
3167,155,200,g/l
3167,84,70,g/l
3167,39,30,g/l
3168,827,20,%
3169,828,0.05,%
3170,72,50,g/l
3171,241,"1,426",%
3172,122,25,g/l
3173,126,50,g/l
3174,489,125,g/l
3174,251,250,g/l
3175,43,125,g/l
3175,74,50,g/l
3176,293,722,g/l
3177,829,100,g/l
3178,496,480,g/l
3179,830,0.11,%
3180,108,24.2,g/l
3181,831,200,g/l
3182,48,310,g/l
3183,190,0.5,%
3184,11,175,g/l
3185,3,250,g/l
3186,177,400,g/l
3187,13,50,g/l
3188,341,150,g/l
3189,41,95,%
3190,53,66,g/l
3190,43,214,g/l
3191,40,480,g/l
3192,110,60,%
3193,104,20,%
3194,29,250,g/l
3195,832,75,%
3196,405,12.38,g/l
3197,108,"0,058",%
3198,643,53,g/l
3199,777,5-10,%
3199,267,5-10,%
3200,833,"5,53 x 10^7",cfu/ml
3201,15,"62,5",%
3202,96,36,g/l
3203,585,10 ^ 8,cfu/l
3204,30,125,g/l
3204,259,125,g/l
3205,11,200,g/l
3206,377,6,g/l
3206,243,400,g/l
3207,246,500,g/l
3208,4,50,%
3208,5,10,%
3209,63,75,%
3210,44,92,%
3211,345,0.003,%
3212,35,15,%
3213,3,160,g/l
3213,2,160,g/l
3214,688,98,%
3215,88,50,%
3216,53,50,g/l
3217,834,240,g/l
3217,104,4.25,g/l
3217,7,240,g/l
3218,29,531,g/l
3219,15,80,%
3220,446,480,g/l
3221,259,250,g/l
3221,30,165,g/l
3221,51,60,g/l
3222,335,500,g/l
3223,835,>=2.5 – <3,%
3223,805,>= 3 -< 10,%
3224,126,25,g/l
3225,175,0.1,g/l
3226,398,440,g/l
3227,11,150,g/l
3228,13,20,g/l
3228,75,160,g/l
3229,14,50,g/l
3230,136,95,%
3231,63,75,%
3232,29,480,g/l
3233,71,75,%
3234,9,480,g/l
3235,95,250,g/l
3236,104,20,%
3237,63,78,%
3238,13,30,g/l
3239,43,350,g/l
3240,779,40,g/l
3240,243,400,g/l
3241,763,0.04,g/l
3242,257,125,g/l
3243,2,125,g/l
3243,198,300,g/l
3244,423,200,g/l
3245,836,670,g/l
3246,201,20,%
3247,26,250,g/l
3248,109,30,%
3248,81,30,%
3249,96,36,g/l
3250,29,240,g/l
3251,837,25.2,%
3251,26,12.8,%
3252,58,400,g/l
3253,163,0.051,%
3254,278,100,g/l
3255,56,225,g/l
3255,838,300,g/l
3256,15,80,%
3257,7,240,g/l
3258,29,240,g/l
3259,48,450,g/l
3260,280,80,%
3261,9,39.5,%
3262,48,500,g/l
3263,125,865,g/l
3264,40,520,g/l
3264,44,100,g/l
3265,43,2,%
3265,170,68,%
3266,282,70,%
3267,353,25,%
3267,198,40,%
3268,88,60,%
3269,32,135.00,g/l
3270,104,20,%
3271,44,50,g/l
3272,43,5,%
3273,839,95,%
3274,32,276,g/l
3275,186,0.225,%
3276,401,20,%
3277,10,337,g/l
3278,800,150,g/l
3279,43,10,%
3280,13,5.7,%
3281,112,75,%
3282,32,138,g/l
3283,840,37.5,%
3284,209,150,g/l
3285,125,865,g/l
3286,78,200,g/l
3287,841,1,%
3288,43,200,g/l
3289,89,400,g/l
3289,44,50,g/l
3290,45,12,%
3290,58,18,%
3291,13,50,g/l
3291,75,100,g/l
3292,103,97,%
3293,127,2.8,g/l
3294,102,70,%
3295,71,60,%
3295,377,0.6,%
3296,96,50,g/l
3296,120,100,g/l
3297,3,250,g/l
3298,10,336,g/l
3299,123,70,g/l
3299,177,400,g/l
3300,29,300,g/l
3300,125,100,g/l
3301,53,80,%
3302,177,400,g/l
3303,208,50,%
3304,425,500,g/l
3304,84,50,g/l
3305,74,80,g/l
3305,72,80,g/l
3306,111,240,g/l
3307,7,62,%
3308,190,0.21,%
3309,96,95,%
3310,440,500,g/l
3311,398,5,%
3311,842,20,%
3312,125,865,g/l
3313,13,20,g/l
3313,48,100,g/l
3314,56,50,%
3315,11,150,g/l
3316,696,600,g/l
3317,843,250,g/l
3318,15,64,%
3318,88,8,%
3319,32,288,g/l
3320,82,500,g/l
3321,103,40,%
3322,32,42,%
3323,844,100,g/l
3324,32,138,g/l
3325,468,1,%
3326,54,42,%
3327,96,18,g/l
3328,165,3,%
3329,224,0.160,%
3329,186,0.150,%
3329,484,0.025,%
3329,108,0.110,%
3330,232,Carbendazim,%
3330,294,Zinc pyrithione,%
3331,186,8.9,g/l
3332,129,95,%
3333,190,40,%
3333,146,20,%
3334,98,10,%
3335,32,276.00,g/l
3336,44,50,g/l
3337,845,80,%
3338,205,10,%
3339,272,190,g/l
3340,190,30,%
3340,4,30,%
3341,113,400,g/l
3342,40,600,g/l
3342,44,60,g/l
3343,164,20.00,%
3344,48,330,g/l
3345,29,250.00,g/l
3346,110,60,%
3347,44,50,g/l
3348,247,200,g/l
3349,475,15,%
3350,42,666,g/l
3351,846,500,g/l
3352,53,50,g/l
3353,56,500,g/l
3353,26,10,g/l
3354,155,90,%
3355,127,0.06,%
3356,98,0.75,%
3356,310,30,%
3357,224,1.8,%
3358,189,56,%
3359,15,80,%
3360,258,8 x 10 ^6,cfu/g
3361,7,480,g/l
3362,58,400,g/l
3363,29,520,g/l
3364,29,520,g/l
3365,3,150,g/l
3365,2,150,g/l
3366,499,95,%
3367,186,0.1,%
3368,15,80,%
3369,480,95,%
3370,4,60,%
3370,5,20,%
3371,13,30,g/l
3372,3,250,g/l
3373,165,3,%
3374,40,500,g/l
3374,44,50,g/l
3375,44,30,g/l
3376,440,400,g/l
3377,5,95,%
3378,847,137,g/l
3378,32,137,g/l
3379,848,5-10,%
3379,849,5-10,%
3379,850,≥25,%
3380,155,500,g/l
3380,84,50,g/l
3381,345,0.5,%
3382,110,60,%
3383,185,96,%
3384,851,300,g/l
3384,852,150,g/l
3385,125,865,g/l
3386,283,100,g/l
3387,30,280,g/l
3387,853,200,g/l
3388,32,200,g/l
3389,414,50,g/l
3389,80,200,g/l
3390,84,97,%
3391,104,20,%
3392,282,17.5,%
3392,854,24,%
3393,53,50,g/l
3394,94,62,%
3395,137,330,g/l
3396,64,50,g/l
3397,44,100,g/l
3398,243,96,%
3399,266,420,g/l
3399,78,105,g/l
3400,259,72,%
3400,64,8,%
3401,13,70,%
3402,98,10,%
3403,3,125,g/l
3403,2,125,g/l
3404,39,40,g/l
3404,155,260,g/l
3404,84,55,g/l
3405,43,5,%
3406,82,500,g/l
3407,40,97,%
3408,2,250,g/l
3409,855,17,g/l
3409,22,333,g/l
3410,259,60,%
3411,610,60,g/l
3412,94,310,g/l
3412,125,115,g/l
3413,150,95,%
3414,300,200,g/l
3415,4,50,%
3416,228,97,%
3417,856,60,%
3418,40,500,g/l
3418,44,50,g/l
3419,835,2.35 – 2.6,%
3419,805,2.35 – 2.65,%
3420,32,138,g/l
3421,44,100,g/l
3422,186,6.66,g/l
3423,379,0.02,%
3423,108,0.031,%
3423,186,0.10,%
3423,484,0.025,%
3424,32,300,g/l
3425,96,36,g/l
3426,48,300,g/l
3427,125,865,g/l
3428,125,870,g/l
3429,32,276,g/l
3430,857,min 99.0,%
3431,232,50,g/l
3431,488,50,g/l
3432,155,240,g/l
3432,10,10,g/l
3433,492,865,g/l
3434,617,40,%
3435,127,1.7,%
3436,398,10,%
3437,535,56,%
3438,29,320,g/l
3438,125,125,g/l
3439,3,250,g/l
3440,259,50,%
3441,42,480,g/l
3442,32,42,%
3443,14,20,g/l
3444,153,160,g/l
3444,13,40,g/l
3445,535,56,%
3446,858,40,%
3446,257,40,%
3447,44,50,g/l
3448,43,10,%
3449,388,75,%
3450,165,3,%
3451,130,70,%
3452,123,25,g/l
3453,316,>= 1 - < 2.5,%
3454,29,480,g/l
3455,29,480,g/l
3456,205,5,%
3457,74,250,g/l
3458,534,300,g/l
3459,44,55,g/l
3459,40,530,g/l
3460,112,75,%
3461,84,100,g/l
3461,859,30,g/l
3462,860,480,g/l
3463,18,80,g/l
3463,614,220,g/l
3464,127,8.0,g/l
3465,103,50.00,g/l
3465,5,100.00,g/l
3466,228,288,g/l
3467,5,10,%
3467,4,50,%
3468,4,60,%
3469,149,80,%
3470,123,50,g/l
3471,42,480,g/l
3472,108,0.566,%
3473,534,250,g/l
3474,861,225,g/l
3474,862,90,g/l
3475,113,505,g/l
3476,863,20,g/l
3476,864,280,g/l
3477,177,400,g/l
3478,5,20,%
3478,4,60,%
3479,32,276,g/l
3480,125,865,g/l
3481,170,95,%
3482,3,250,g/l
3483,63,77,%
3484,53,2,%
3485,4,29,%
3485,190,12,%
3486,88,52,%
3487,149,80,%
3488,182,3.00,%
3489,110,60,%
3490,865,1 x 10^7,cfu/g
3490,866,1 x 10^7,cfu/g
3491,43,25,%
3492,104,10,%
3493,492,"865 ( setara dengan 2,4-D 720 g/l)",g/l
3494,32,276,g/l
3495,282,70,%
3496,23,20,%
3497,56,98,%
3498,32,160,g/l
3499,84,50,g/l
3499,155,500,g/l
3500,190,20,%
3500,4,40,%
3501,29,135,g/l
3502,126,25,g/l
3503,425,500,g/l
3503,424,50,g/l
3504,43,70,%
3505,44,108,g/l
3506,867,95,%
3507,5,100,g/l
3508,160,250,g/l
3509,113,450,g/l
3510,337,100,g/l
3511,248,>9.6 - <10.6,%
3511,249,>0.59 - <0.73,%
3512,11,150,g/l
3513,562,95,%
3514,353,318,g/l
3514,621,53,g/l
3515,62,80,%
3516,258,1 x 10^7,cfu/g
3517,868,>= 5 - < 10,%
3517,16,">= 1 - < 2,5",%
3518,29,480 (setara dengan glifosat 356 g/l),g/l
3519,586,280,g/l
3520,361,100,g/l
3520,55,300,g/l
3521,125,865,g/l
3522,54,276,g/l
3523,190,20,%
3524,40,400,g/l
3524,398,100,g/l
3525,102,83,%
3526,475,150,g/l
3527,234,130,g/l
3528,204,500,g/l
3529,53,55,g/l
3530,202,0.1,%
3531,869,50.00,g/l
3531,152,50.00,g/l
3532,28,275.00,g/l
3533,58,97,%
3534,440,500,g/l
3535,870,500,g/l
3536,56,250,g/l
3537,310,38,%
3537,98,2,%
3538,340,200,g/l
3539,247,50,g/l
3540,242,20,g/l
3541,871,300,g/l
3542,29,540,g/l
3543,164,"0,0097",%
3544,103,40,%
3545,872,259,g/l
3546,96,37,g/l
3546,48,250,g/l
3547,273,25,g/l
3548,10,10,g/l
3548,155,300,g/l
3549,104,20,%
3550,113,400,g/l
3551,51,200,g/l
3551,3,125,g/l
3552,53,50,g/l
3553,10,336,g/l
3554,165,98,%
3555,873,99,%
3556,86,0.068,%
3557,874,95,g/l
3558,875,480,g/l
3559,15,80,%
3559,15,80,%
3560,876,30,g/l
3560,13,30,g/l
3561,44,100,g/l
3561,43,100,g/l
3562,771,0.005,%
3563,9,"12,5",%
3564,7,480,g/l
3565,11,200,g/l
3566,241,0.0135,%
3567,103,40,%
3568,877,"13,5(<1,4)",%
3568,232,5 - 10,%
3568,878,"4,5 ( <0.45)",%
3569,113,400,g/l
3570,13,50,g/l
3570,75,150,g/l
3571,11,150,g/l
3572,164,0.58,%
3573,54,310,g/l
3573,32,276,g/l
3574,368,97,%
3575,82,90,%
3576,29,490,g/l
3577,47,500,g/l
3578,879,200,g/l
3578,77,200,g/l
3579,539,410,g/l
3580,247,200,g/l
3581,326,360,g/l
3582,112,80,%
3583,26,200,g/l
3583,709,200,g/l
3584,32,276,g/l
3585,111,240,g/l
3586,165,98,%
3587,56,300,g/l
3587,361,100,g/l
3588,80,200,g/l
3589,43,150,g/l
3589,74,75,g/l
3590,98,3,%
3590,97,47,%
3591,880,400,g/l
3592,881,160,g/l
3593,9,720,g/l
3594,3,125,g/l
3594,51,200,g/l
3595,882,250,g/l
3596,883,410,g/l
3597,103,40,%
3598,884,3.8,%
3598,885,34.21,%
3598,886,53.76,%
3598,887,5.98,%
3599,224,4.6,%
3600,92,90,%
3601,108,0.02,%
3601,278,0.1,%
3602,186,13.3,g/l
3603,149,80,%
3604,888,720,g/l
3604,888,720,g/l
3605,108,1.7,%
3606,889,800.00,g/l
3607,150,95,%
3608,23,10,%
3609,890,50,%
3610,40,75.00,%
3611,29,485,g/l
3612,11,150,g/l
3613,32,138,g/l
3614,292,0.005,%
3615,32,276,g/l
3616,13,34,g/l
3617,74,50,g/l
3618,63,75,%
3619,29,"400,8",g/l
3619,21,"297,75",g/l
3620,500,95,%
3621,15,80,%
3622,6,36,g/l
3623,234,13,%
3623,233,0.7,%
3624,88,8,%
3624,15,64,%
3625,152,50,g/l
3626,292,5,g/l
3627,2,125,g/l
3627,198,400,g/l
3628,247,200,g/l
3629,7,486,g/l
3630,73,98,%
3631,90,80,%
3632,549,180,g/l
3632,891,30,g/l
3633,96,95,%
3634,29,490,g/l
3635,47,500,g/l
3636,29,480,g/l
3637,45,15.0,%
3637,58,20.0,%
3638,40,600,g/l
3638,44,60,g/l
3639,178,0.005,%
3640,104,24,%
3641,235,300,g/l
3642,678,100,g/l
3642,3,250,g/l
3643,103,40,%
3644,44,100,g/l
3645,172,72,%
3645,361,6,%
3646,126,15,g/l
3646,319,210,g/l
3647,14,200,g/l
3648,892,100,g/l
3649,114,75,%
3650,29,480,g/l
3651,15,80,%
3652,569,865,g/l
3653,893,250,g/l
3654,108,0.03,%
3654,278,0.10,%
3655,104,20,%
3656,190,40,%
3656,78,10,%
3657,32,276,g/l
3658,77,100,g/l
3659,29,240,g/l
3660,100,0.75,%
3661,3,150,g/l
3661,2,150,g/l
3662,604,865,g/l
3663,102,70,%
3664,164,1.95,%
3665,123,55,g/l
3666,53,"0,5",%
3667,241,12,%
3668,60,500,g/l
3669,123,121.8,g/l
3669,43,243.6,g/l
3670,96,95,%
3671,19,75,%
3672,58,103,g/l
3673,110,60,%
3674,894,240,g/l
3675,32,138,g/l
3676,110,65,%
3677,145,98,%
3678,126,25,g/l
3679,88,50,%
3680,895,485,g/l
3681,413,60,g/l
3681,412,400,g/l
3682,278,0.2,%
3682,379,0.17,%
3683,71,80,%
3683,15,80,%
3684,32,42,%
3685,110,65,%
3686,30,200,g/l
3686,678,200,g/l
3687,154,97,%
3688,254,95,%
3689,273,25,g/l
3690,96,18,g/l
3691,205,42,%
3692,32,276,g/l
3693,896,96,%
3694,63,75,%
3695,379,0.03,%
3695,224,0.3,%
3695,510,0.6,%
3696,136,667,g/l
3697,273,100,g/l
3698,224,21.3,%
3699,82,500,g/l
3700,82,500,g/l
3700,6,50,g/l
3701,102,70,%
3702,431,92,%
3703,104,20,%
3704,480,75,%
3705,136,95,%
3706,128,>= 30 - < 50,%
3707,226,80,%
3708,80,200,g/l
3709,10,97,%
3710,94,480,g/l
3711,5,150,g/l
3712,104,"5,1",g/l
3712,391,225,g/l
3712,29,225,g/l
3713,8,70,%
3714,179,125,g/l
3714,53,175,g/l
3715,4,40,%
3715,5,20,%
3716,897,18,g/l
3716,23,18,g/l
3717,77,100,g/l
3718,425,80,%
3719,63,76,%
3720,898,0.00052,%
3720,899,0.00031,%
3720,23,0.135,%
3721,58,400,g/l
3722,30,200,g/l
3723,346,129,g/l
3723,137,307,g/l
3724,262,200,g/l
3725,3,300,g/l
3726,319,200,g/l
3726,96,40,g/l
3727,242,50.00,g/l
3727,900,500.00,g/l
3728,75,120,g/l
3728,13,40,g/l
3729,901,95,%
3730,902,0.11,%
3730,903,0.03,%
3730,128,0.06,%
3731,11,150,g/l
3732,29,483,g/l
3733,258,1 X 10^9,cfu/g
3734,110,60,%
3735,39,45,g/l
3735,425,240,g/l
3735,367,15,g/l
3736,264,440,g/l
3737,29,250,g/l
3737,904,60,g/l
3738,652,8.5,%
3739,43,27,%
3740,113,480,g/l
3741,905,97,%
3742,324,108,g/l
3742,309,323,g/l
3743,112,50,%
3743,43,25,%
3744,29,480,g/l
3745,51,200,g/l
3745,3,125,g/l
3746,15,80,%
3747,103,247,g/l
3748,355,"2,5 - 3,0",%
3748,349,"2,5 - 3,0",%
3749,86,5,%
3749,906,5,%
3750,11,95,%
3751,492,75,%
3752,533,500,g/l
3753,283,1.18,%
3753,44,0.23,%
3754,96,36,g/l
3755,245,276,g/l
3756,205,95,%
3757,64,95,%
3758,40,97,%
3759,51,200,g/l
3759,3,125,g/l
3760,44,50,g/l
3761,104,20,%
3762,78,97,%
3763,112,75,%
3764,29,300,g/l
3764,125,100,g/l
3765,226,30.77,%
3766,907,95,%
3767,519,10,g/l
3767,491,400,g/l
3768,78,200,g/l
3768,13,50,g/l
3769,115,99,%
3770,5,15,%
3770,4,45,%
3771,35,17.5,%
3772,398,10,%
3772,874,10,%
3773,149,80,%
3774,116,"12,5",%
3775,126,5,%
3776,82,500,g/l
3776,72,50,g/l
3777,154,350,g/l
3778,103,50,%
3779,78,200,g/l
3780,402,95,%
3781,110,60,%
3782,15,80,%
3783,177,98,%
3784,32,276,g/l
3785,112,75,%
3786,908,20,%
3787,456,490,g/l
3788,224,61.74,g/l
3789,909,"19,5",g/l
3790,104,20,%
3791,904,480,g/l
3792,910,300,g/l
3792,13,50,g/l
3793,407,50,g/l
3793,53,50,g/l
3794,425,265,g/l
3794,39,35,g/l
3795,109,600,g/l
3796,641,250,g/l
3797,32,150,g/l
3798,102,70,%
3799,637,480,g/l
3800,911,22,%
3800,35,10,%
3801,342,100,g/l
3802,573,"111,6",g/l
3802,58,"37,2",g/l
3803,31,25,%
3803,30,50,%
3804,21,660,g/l
3805,241,33.5,%
3806,293,722,g/l
3807,145,0.5,%
3808,150,95,%
3809,3,250,g/l
3810,9,125,g/l
3811,319,200,g/l
3812,912,10,%
3813,47,500,g/l
3814,5,10,%
3814,398,60,%
3815,913,2,%
3815,914,25,%
3816,439,1,%
3817,915,100,g/l
3818,395,150,g/l
3819,63,79,%
3820,564,800,g/l
3821,150,95,%
3822,96,18,g/l
3823,29,480,g/l
3824,916,"2,96",%
3825,32,276,g/l
3826,917,276,g/l
3827,29,530,g/l
3828,416,200,g/l
3829,918,32,g/l
3829,533,286,g/l
3830,82,500,g/l
3831,82,500,g/l
3832,88,20,%
3832,56,50,%
3833,160,70,%
3834,15,80,%
3835,318,500,g/l
3836,256,200,g/l
3837,919,50,g/l
3838,73,98,%
3839,108,0.03,%
3840,205,10,%
3841,32,276,g/l
3842,562,60,g/l
3843,178,"0,005",%
3844,108,9.15,g/l
3845,72,40,%
3845,13,5,%
3846,477,160,g/l
3846,10,50,g/l
3847,40,480,g/l
3848,299,10,%
3849,103,98,%
3850,458,"0,37",%
3850,460,"0,55",%
3850,459,"0,09",%
3850,457,"0,19",%
3851,63,75,%
3852,32,42,%
3853,150,240,g/l
3854,96,2.00,%
3854,191,75.00,%
3855,170,200,g/l
3855,78,20,g/l
3856,795,300,g/l
3856,202,60,g/l
3857,164,0.135,%
3857,127,0.5,%
3857,470,0.08,%
3858,104,20,%
3859,199,97,%
3860,109,50,%
3861,572,75,%
3862,402,490,g/l
3863,104,20,%
3864,108,20.225,g/l
3865,103,45,%
3866,103,6,g/l
3867,88,50,%
3868,920,400,g/l
3869,488,50,g/l
3870,921,"0,4",g/l
3871,30,200,g/l
3871,31,100,g/l
3872,292,5,g/l
3873,247,94,%
3874,53,80,%
3875,96,95,%
3876,190,250,g/l
3877,43,200,g/l
3878,108,0.026,%
3879,32,276,g/l
3880,922,22,%
3881,522,105,g/l
3881,29,240,g/l
3881,329,240,g/l
3881,923,105,g/l
3882,104,20,%
3883,127,8.01,g/l
3883,142,0.08,g/l
3884,924,46,%
3885,877,10 (1.0 ),%
3885,878,3.3 ( 0.3 ),%
3885,925,6.7 (.07 ),%
3886,77,50,g/l
3886,122,10,g/l
3887,216,0.03,%
3888,114,95,%
3889,29,480,g/l
3889,94,480,g/l
3890,926,20,%
3891,40,200,g/l
3892,51,98,%
3893,927,"1,10 - 1,30",%
3894,29,240.00,g/l
3895,113,400,g/l
3896,245,150,g/l
3897,58,400,g/l
3898,928,10,%
3898,929,90,%
3899,265,85,%
3900,153,6,%
3900,13,4,%
3901,206,10,g/l
3901,92,100,g/l
3902,207,6,%
3903,29,480,g/l
3904,96,18,g/l
3905,30,430,g/l
3906,82,500,g/l
3907,614,240,g/l
3908,930,MIT = 2-Methyl-2H-isothiazol-3-one,%
3909,84,50,g/l
3909,155,500,g/l
3910,82,450,g/l
3911,155,95,%
3912,60,400,g/l
3912,2,90,g/l
3913,638,141.75,g/l
3914,64,5,%
3914,280,70,%
3915,202,60,g/l
3916,113,400,g/l
3916,113,400,g/l
3917,15,80,%
3918,187,97,%
3919,425,500,g/l
3919,424,50,g/l
3920,312,550,g/l
3921,126,0.6,%
3922,5,100,g/l
3923,398,60,%
3923,5,10,%
3924,326,240,g/l
3925,129,95,%
3926,298,60,%
3927,922,"23,5",%
3928,58,150,g/l
3929,319,200,g/l
3930,14,11,g/l
3930,44,16,g/l
3931,96,36,g/l
3932,4,40,%
3932,190,20,%
3933,927,1.3-1.6,%
3934,29,365,g/l
3934,931,365,g/l
3935,44,25,g/l
3936,282,75,%
3937,799,170,g/l
3937,31,220,g/l
3937,799,170,g/l
3937,31,220,g/l
3938,674,26,g/l
3939,103,40,%
3940,932,100,g/l
3941,933,90,%
3941,934,10,%
3942,614,240,g/l
3942,96,40,g/l
3943,26,130,g/l
3943,56,240,g/l
3944,11,150,g/l
3945,120,100,g/l
3945,96,25,g/l
3946,11,150,g/l
3947,155,48,%
3947,39,4,%
3948,125,865,g/l
3949,40,550,g/l
3949,44,100,g/l
3950,96,20,g/l
3951,40,500,g/l
3951,44,50,g/l
3952,547,500,g/l
3953,6,100,g/l
3954,110,65,%
3954,935,65,%
3955,150,95,%
3956,22,670,g/l
3957,63,75,%
3958,125,865,g/l
3959,63,"82,5",%
3960,29,480,g/l
3961,272,75,%
3962,77,180,g/l
3963,63,98,%
3964,44,1.5,%
3965,936,"1,3 x 10^7",cfu/g
3965,937,"1,2 x 10^7",cfu/g
3965,938,"1,7 x 10^7",cfu/g
3966,51,250,g/l
3966,3,200,g/l
3967,423,88,%
3968,492,865,g/l
3969,31,25,%
3969,30,50,%
3970,108,0.1,%
3971,153,480,g/l
3972,71,64,%
3972,410,4,%
3973,247,200,g/l
3974,43,200,g/l
3975,32,276,g/l
3976,43,25,%
3977,263,96,%
3978,32,207,g/l
3979,128,92,%
3980,939,10,%
3980,940,5,%
3981,103,247,g/l
3982,15,80,%
3983,15,80,%
3984,723,288,g/l
3985,402,95,%
3986,164,5,%
3987,29,490,g/l
3988,45,6,%
3988,97,34,%
3989,310,300,g/l
3989,76,20,g/l
3990,284,10,%
3991,22,350,g/l
3992,75,160,g/l
3992,13,40,g/l
3993,53,50,g/l
3994,32,276,g/l
3995,3,125,g/l
3995,51,200,g/l
3996,155,300,g/l
3996,10,10,g/l
3997,113,403,g/l
3998,353,440,g/l
3999,941,99.8,%
4000,7,490,g/l
4001,108,0.08,%
4002,205,24,%
4003,942,475,g/l
4003,14,25,g/l
4004,125,865,g/l
4005,7,455,g/l
4005,125,100,g/l
4006,32,276,g/l
4007,943,45,%
4008,944,94,%
4009,5,200,g/l
4010,411,95,%
4011,11,220,g/l
4012,945,<12,%
4013,946,98,%
4014,319,200,g/l
4015,350,50,%
4016,9,480,g/l
4017,10,336,g/l
4018,120,80,g/l
4018,337,100,g/l
4019,440,96,%
4020,491,92,%
4021,32,299,g/l
4022,11,200,g/l
4023,149,800,g/l
4024,120,20,%
4024,800,25,%
4025,533,92,%
4026,947,"Butyl, 3-Iodo-2-propynyl ester (IPBC 100)",%
4026,948,Carbamic Acid,%
4027,949,30,g/l
4028,53,50,g/l
4029,9,100,g/l
4030,29,480,g/l
4031,44,100,g/l
4032,950,200,g/l
4033,96,50,g/l
4034,74,0.55,g/m2
4035,96,37,g/l
4036,13,50,%
4037,44,325,g/l
4038,951,22,g/l
4039,74,25,g/l
4040,201,106,g/l
4041,423,150,g/l
4042,952,212,g/l
4043,72,40,%
4043,13,5,%
4044,32,276 (setara dengan ion parakuat: 200 g/l),g/l
4045,47,500,g/l
4046,112,75,%
4047,9,100,g/l
4048,53,0.3,%
4049,35,250,g/l
4050,43,10,%
4050,113,45,%
4051,40,500,g/l
4051,44,50,g/l
4052,260,1150,g/l
4053,145,50,g/l
4054,112,75,%
4055,112,75,%
4056,88,8,%
4056,15,64,%
4057,137,333,g/l
4058,32,276,g/l
4059,14,95,%
4060,151,300,g/l
4061,82,89,%
4062,204,50,%
4063,32,276 (setara dengan ion parakuat: 200 g/l),g/l
4064,474,100,g/l
4065,51,70,g/l
4065,15,400,g/l
4066,30,160,g/l
4066,51,120,g/l
4067,103,90,%
4068,96,36,g/l
4069,112,75,%
4070,32,"305,9",g/l
4071,103,40,%
4072,51,200,g/l
4072,3,125,g/l
4073,125,888,g/l
4074,43,200,g/l
4075,40,500,g/l
4075,44,50,g/l
4076,32,135,g/l
4077,205,5,%
4078,32,42,%
4079,224,1.436,g/l
4080,178,"0,005",%
4081,189,56,%
4082,19,480,g/l
4083,43,25,%
4084,953,500,g/l
4085,914,75.5,%
4085,45,4.5,%
4086,189,56,%
4087,954,1,g/l
4087,955,2,g/l
4087,460,3,g/l
4087,956,4,g/l
4087,957,0.5,g/l
4088,520,50,g/l
4089,186,0.075,%
4090,19,"2,5",%
4091,149,80,%
4092,858,125,g/l
4092,257,125,g/l
4093,81,150,g/l
4094,492,865,g/l
4095,23,20,%
4096,958,50,g/l
4097,108,0.28,%
4098,43,350,g/l
4099,71,80,%
4100,678,400,g/l
4101,150,95,%
4102,43,20,%
4103,456,240,g/l
4104,155,76,%
4104,84,12,%
4105,959,5,g/l
4106,547,500,g/l
4107,103,40,%
4108,598,0.5,%
4108,484,0.03,%
4108,224,0.06,%
4109,242,20,g/l
4110,178,"0,005",%
4111,188,98,%
4112,29,240,g/l
4113,346,120,g/l
4113,533,200,g/l
4113,309,270,g/l
4114,165,2.4,%
4115,32,138.00,g/l
4116,82,500,g/l
4117,18,100,g/l
4118,44,50,g/l
4119,216,200,g/l
4120,32,276,g/l
4121,29,240,g/l
4122,63,75,%
4123,47,80,%
4124,290,100,g/l
4125,215,25,%
4126,154,25,%
4127,924,500.00,g/l
4127,488,50.00,g/l
4128,960,240,g/l
4129,122,15,g/l
4129,310,300,g/l
4130,149,80,%
4131,4,97,%
4132,84,8,%
4132,155,72,%
4133,104,20,%
4134,80,200,g/l
4135,524,200,g/l
4136,961,200,g/l
4137,48,350,g/l
4138,156,276,g/l
4139,614,240,g/l
4139,96,40,g/l
4140,13,30,g/l
4141,283,50,%
4142,44,250,g/l
4143,216,95,%
4144,962,240,g/l
4144,377,48,g/l
4145,32,243,g/l
4146,74,50,g/l
4147,205,3,%
4148,23,20,%
4149,32,150,g/l
4150,63,720,g/l
4151,88,52,%
4152,122,10,g/l
4152,77,50,g/l
4153,125,96,%
4154,262,150,g/l
4155,14,"2,0",g/l
4156,80,40,%
4157,54,42,%
4158,44,100,g/l
4158,40,500,g/l
4159,154,300,g/l
4160,74,10,%
4161,963,720,g/l
4162,108,2.34,g/l
4162,278,1.95,g/l
4163,964,50,%
4164,485,100,g/l
4165,522,120,g/l
4165,29,270,g/l
4166,456,480,g/l
4167,44,100,g/l
4168,13,70,g/l
4168,75,30,g/l
4169,661,667,g/l
4170,811,200,g/l
4171,112,75,%
4172,965,480,g/l
4173,40,400,g/l
4173,14,300,g/l
4174,412,480,g/l
4175,103,25,%
4176,217,95,%
4177,178,0.005,%
4178,43,50,g/l
4179,966,85,%
4180,262,300,g/l
4181,31,250,g/l
4181,678,250,g/l
4182,44,50,g/l
4183,94,480,g/l
4184,500,60,%
4185,416,200,g/l
4186,967,126,g/l
4186,29,126,g/l
4187,112,75,%
4188,917,276,g/l
4189,968,607,g/l
4190,102,78,%
4191,278,250,g/l
4192,224,7.4,%
4193,15,80,%
4194,165,98,%
4195,96,36,g/l
4196,11,200,g/l
4197,969,96,%
4198,164,0.0075,%
4199,231,0.6 - 1,%
4199,314,3 - 5,%
4200,645,360,g/l
4201,96,36,g/l
4202,4,50,%
4203,644,480,g/l
4204,259,50,%
4205,41,125,g/l
4206,216,"243,6",g/l
4206,869,"121,8",g/l
4207,22,49,g/l
4207,29,310,g/l
4208,29,480,g/l
4209,970,Lamda cyhalothrin,g/l
4210,141,0.05,%
4210,127,0.09,%
4210,44,0.09,%
4211,1,50,%
4212,102,70,%
4213,98,10,%
4214,71,64.00,%
4214,124,8.00,%
4215,78,100,g/l
4215,126,20,g/l
4216,40,420,g/l
4217,78,50,g/l
4218,44,94,%
4219,63,75,%
4220,516,98,%
4221,29,490,g/l
4222,96,36,g/l
4223,224,92,%
4224,48,310,g/l
4225,43,50,g/l
4225,13,12,g/l
4226,167,0.3,%
4227,386,"0,0375",%
4228,51,250,g/l
4229,77,400,g/l
4230,559,490,g/l
4231,105,262.5,g/l
4231,589,87.5,g/l
4232,53,50,g/l
4233,215,8,%
4233,15,64,%
4234,29,165,g/l
4235,134,50,g/l
4236,136,667,g/l
4237,259,80,%
4238,357,250,g/l
4238,26,250,g/l
4239,125,865,g/l
4240,48,100,g/l
4240,689,20,g/l
4241,135,69,g/l
4242,98,20,%
4243,96,18,g/l
4244,22,680,g/l
4245,278,50,g/l
4245,199,500,g/l
4246,96,20,g/l
4247,103,40,%
4248,440,96,%
4249,13,5,%
4249,126,10,%
4250,165,3,%
4251,270,0.3,%
4252,98,3,%
4252,97,47,%
4253,30,230,g/l
4253,26,115,g/l
4254,15,80,%
4255,154,10,%
4256,32,138,g/l
4257,13,30,g/l
4257,48,400,g/l
4258,324,100,g/l
4259,122,15,g/l
4259,310,385,g/l
4260,9,480,g/l
4261,80,5,%
4262,122,15,g/l
4262,310,385,g/l
4263,11,150,g/l
4264,1,50,%
4265,183,100,g/l
4266,113,450,g/l
4267,40,200,g/l
4267,44,50,g/l
4268,125,865,g/l
4269,247,10,%
4270,75,30,%
4271,221,220,g/l
4272,385,200,g/l
4273,376,7,%
4273,41,13,%
4273,97,50,%
4274,524,94,%
4275,524,250,g/l
4276,155,500,g/l
4276,84,50,g/l
4277,29,121,g/l
4278,39,95,%
4279,111,240,g/l
4280,226,77,%
4281,96,18,g/l
4282,118,6.48,g/l
4283,10,336,g/l
4284,96,40,g/l
4284,398,360,g/l
4285,51,300.00,g/l
4285,3,150.00,g/l
4286,94,245,g/l
4287,325,97,%
4287,112,97,%
4288,43,25,%
4289,971,300,g/l
4290,284,600,g/l
4291,325,75,%
4292,845,80,%
4292,607,10,%
4293,103,40,%
4294,617,40,%
4295,178,95,%
4296,98,6,%
4296,438,30,%
4297,94,480,g/l
4297,7,480,g/l
4298,29,220,g/l
4298,104,"5,1",g/l
4299,71,80,%
4300,646,400,g/l
4301,19,10,%
4302,402,95,%
4303,21,660,g/l
4304,284,600,g/l
4305,972,98,%
4306,77,100,g/l
4307,47,500,g/l
4308,26,250,g/l
4309,206,200,g/l
4310,164,0.17,%
4311,198,75,%
4312,135,95,%
4313,13,30,g/l
4314,108,0.085,%
4315,126,50,g/l
4316,275,80,%
4317,96,18,g/l
4317,221,20,g/l
4318,32,276,g/l
4319,153,100,g/l
4320,190,20,%
4321,29,615,g/l
4322,502,20,%
4323,81,95,%
4324,103,80,g/l
4325,973,100,g/l
4325,56,300,g/l
4326,63,75,%
4327,58,417,g/l
4328,15,59.7,g/l
4328,30,5.6,g/l
4328,51,4.7,g/l
4329,110,60,%
4330,82,89,%
4331,110,85,%
4332,259,10,%
4332,15,70,%
4333,254,250,g/l
4334,29,480,g/l
4335,318,500,g/l
4336,32,140,g/l
4337,29,555,g/l
4338,974,335,g/l
4339,273,60,g/l
4340,53,0.005,%
4341,149,80,%
4342,155,600,g/l
4343,40,200,g/l
4344,9,480,g/l
4345,110,60,%
4346,492,865,g/l
4347,440,500,g/l
4348,29,250,g/l
4349,335,500,g/l
4350,110,60,%
4351,237,25,%
4352,53,50,g/l
4353,29,485,g/l
4354,975,865,g/l
4355,96,18,g/l
4356,110,60,%
4357,347,100,g/l
4358,148,80,%
4359,976,70,g/l
4359,2,120,g/l
4360,26,250,g/l
4361,398,100,g/l
4362,278,250,g/l
4363,3,150,g/l
4363,51,200,g/l
4364,108,0.28,%
4365,29,525,g/l
4366,178,0.005,%
4367,39,40,g/l
4367,84,55,g/l
4367,155,260,g/l
4368,113,400,g/l
4369,259,12,%
4369,71,63,%
4370,35,250,g/l
4371,969,15,%
4372,32,276,g/l
4373,155,300,g/l
4373,10,10,g/l
4374,207,12,%
4375,43,200,g/l
4375,48,100,g/l
4376,89,500,g/l
4377,58,400,g/l
4378,43,95,%
4379,149,80,%
4380,425,200.00,g/l
4380,977,35.00,g/l
4381,978,865,g/l
4382,78,98,%
4383,74,25,g/l
4384,215,35,%
4385,123,25,g/l
4385,112,250,g/l
4386,125,865,g/l
4387,979,45,%
4388,455,480,g/l
4389,11,200,g/l
4390,29,160,g/l
4391,148,80,%
4392,15,60,%
4393,65,160,g/l
4393,689,20,g/l
4394,60,150,g/l
4394,51,75,g/l
4395,7,325,g/l
4395,125,100,g/l
4396,5,12.5,%
4397,96,36,g/l
4398,46,98,%
4399,44,40,g/l
4399,82,400,g/l
4400,495,50,g/l
4401,980,62,%
4402,360,62.5,g/l
4402,293,625,g/l
4403,226,77,%
4404,53,0.01,%
4405,310,300,g/l
4406,54,276,g/l
4407,109,145,g/l
4407,74,135,g/l
4408,10,10,g/l
4408,155,240,g/l
4409,981,Emamectin benzoat,%
4410,488,50,g/l
4411,38,>= 3 - <10,%
4411,982,>= 1 - < 2.5,%
4412,26,98,%
4413,614,240,g/l
4413,96,40,g/l
4414,110,45,%
4415,908,20,%
4415,983,20,%
4416,378,35.33,g/l
4416,297,88.27,g/l
4416,984,176.42,g/l
4417,15,80,%
4418,273,25,g/l
4419,11,95,%
4420,985,95,%
4421,154,100,g/l
4421,13,20,g/l
4422,186,20,g/l
4423,254,92,%
4424,409,3.50,%
4425,115,99.8,%
4426,29,486,g/l
4427,32,135,g/l
4428,96,20,g/l
4429,23,40.00,g/l
4430,986,5,%
4431,29,488,g/l
4432,259,60,%
4433,126,35,g/l
4433,40,540,g/l
4434,987,80,g/l
4434,184,80,g/l
4435,9,10,%
4436,623,1-3,%
4436,16,1-3,%
4437,988,"0,5",%
4438,216,200,g/l
4439,78,96,%
4440,989,75,%
4441,35,5,%
4442,53,95,%
4443,990,96,%
4444,98,5,%
4444,97,"32,5",%
4445,58,400,g/l
4446,53,"26,3",g/l
4447,103,215,g/l
4448,63,72,%
4448,88,8,%
4449,110,70,%
4450,991,480,g/l
4451,113,500,g/l
4452,53,50,g/l
4453,40,500,g/l
4453,44,50,g/l
4454,39,30,g/l
4454,155,200,g/l
4454,84,70,g/l
4455,104,20,%
4456,23,20,%
4457,11,150,g/l
4458,22,670,g/l
4459,228,480,g/l
4460,96,20,g/l
4461,78,200,g/l
4462,125,125,g/l
4462,94,250,g/l
4463,749,30,g/l
4464,74,50,g/l
4465,492,865,g/l
4466,139,50,%
4467,44,100,g/l
4468,992,"2,859",g/l
4468,993,"0,018",g/l
4468,994,"1,014",g/l
4468,995,"0,109",g/l
4468,996,"0,101",g/l
4469,278,200,g/l
4470,155,300,g/l
4470,10,10,g/l
4471,5,20.00,%
4472,14,94,%
4473,11,150,g/l
4474,149,550,g/l
4475,423,200,g/l
4476,7,231,g/l
4476,997,231,g/l
4477,779,350,g/l
4478,338,30 EC,g/l
4479,15,80,%
4480,43,200,g/l
4481,108,0.078,%
4482,998,10,g/l
4483,78,100,g/l
4483,154,200,g/l
4484,999,92,%
4485,112,77,%
4486,125,100,g/l
4486,29,300,g/l
4487,58,100,g/l
4488,405,80,g/l
4489,103,50,%
4490,15,80,%
4491,88,20,%
4492,1000,245,g/l
4493,124,80,%
4494,48,300,g/l
4495,1001,55,%
4496,75,160,g/l
4496,13,40,g/l
4497,48,300,g/l
4498,160,70,%
4499,10,60,g/l
4500,916,"1,07 - 1,23",%
4500,38,"8,4 - 9,2",%
4501,816,62,%
4502,29,480,g/l
4503,63,75,%
4504,75,150,g/l
4505,234,13,%
4506,589,17.5,%
4506,105,52.5,%
4507,63,45,%
4507,88,12,%
4508,13,40,g/l
4508,65,160,g/l
4509,44,100,g/l
4510,241,0.01,%
4511,229,240,g/l
4512,39,30,g/l
4512,84,50,g/l
4512,155,220,g/l
4513,263,20,g/l
4513,7,540,g/l
4514,15,85,%
4515,15,85,%
4516,29,495,g/l
4517,98,10,%
4517,137,10,%
4518,155,300,g/l
4518,10,10,g/l
4519,1002,500,g/l
4520,259,50,%
4521,13,50,g/l
4522,1002,500,g/l
4523,405,38.5,%
4524,111,97,%
4525,13,50,g/l
4525,78,200,g/l
4526,355,"19,0 - 21,0",%
4527,1003,4,%
4527,655,66.5,%
4528,13,20,g/l
4528,75,160,g/l
4529,108,12.21,g/l
4530,472,350,g/l
4531,14,250,g/l
4532,56,500,g/l
4533,164,95,%
4534,399,300,g/l
4534,221,150,g/l
4535,125,865,g/l
4536,155,500,g/l
4536,39,50,g/l
4537,584,"1,0 - 2,5",%
4538,44,100,g/l
4539,1004,75,g/l
4539,133,75,g/l
4540,225,486,g/l
4541,800,135,g/l
4542,104,60,%
4543,370,80,g/l
4544,108,0.40,%
4545,1005,500,g/l
4546,40,5,%
4547,1006,276,g/l
4548,53,55,g/l
4549,47,500,g/l
4550,154,97,%
4551,154,98,%
4552,29,480,g/l
4553,652,0.30,%
4553,379,0.17,%
4554,9,100,g/l
4555,1007,70,%
4556,1008,100,g/l
4556,48,150,g/l
4557,988,0.5,%
4558,96,53,g/l
4559,6,30,g/l
4560,32,138,g/l
4561,120,15,%
4561,119,20,%
4562,150,48,%
4562,42,10,%
4563,674,15,g/l
4563,1009,15,g/l
4563,1010,15,g/l
4564,94,625,g/l
4565,96,36,g/l
4566,43,200,g/l
4567,110,95,%
4568,56,50,%
4569,58,18,%
4569,45,12,%
4570,43,"2,15",%
4571,985,20,%
4571,232,40,%
4572,48,300,g/l
4573,10,336,g/l
4574,94,640,g/l
4575,206,200,g/l
4576,56,500,g/l
4576,26,10,g/l
4577,186,0.225,%
4578,155,500,g/l
4578,84,50,g/l
4579,18,25,%
4579,120,25,%
4580,257,125,g/l
4581,414,100,g/l
4581,75,150,g/l
4582,278,0.15,%
4582,224,0.15,%
4583,501,480,g/l
4584,40,97,%
4585,1011,"4,2 x 10^7",cfu/g
4585,1012,"4,2 x 10^7",cfu/g
4586,103,40,%
4587,3,95,%
4588,64,50,g/l
4589,44,100,g/l
4590,129,36,g/l
4591,44,1,g/l
4591,141,"0,5",g/l
4591,139,"0,5",g/l
4592,53,0.3,%
4593,154,25,%
4594,29,300,g/l
4594,125,100,g/l
4595,29,486,g/l
4595,104,1,g/l
4596,44,250,g/l
4597,47,500,g/l
4598,9,10,%
4599,807,45 - 46.3,%
4600,32,276 (setara dengan ion parakuat: 200 g/l),g/l
4601,112,77,%
4602,507,50,%
4603,642,90,g/l
4603,30,180,g/l
4604,44,40,g/l
4604,82,400,g/l
4605,2,125,g/l
4605,198,400,g/l
4606,165,3,%
4607,1013,10,%
4607,98,10,%
4608,245,276,g/l
4609,453,480,g/l
4610,51,238.96,g/l
4610,406,238.96,g/l
4611,29,500,g/l
4612,102,70,%
4613,177,400,g/l
4614,104,25,%
4615,40,530,g/l
4615,44,60,g/l
4616,51,250,g/l
4616,3,150,g/l
4617,128,1.8,g/l
4617,224,1.8,g/l
4618,1014,95,%
4619,108,0.15,%
4620,224,94,%
4621,110,60,%
4622,3,250,g/l
4623,32,276,g/l
4624,5,20,%
4624,4,60,%
4625,13,57,g/l
4626,552,5.45,g/l
4627,73,98,%
4628,170,198,g/l
4628,96,2,g/l
4629,15,80,%
4630,309,300,g/l
4630,549,150,g/l
4631,28,125,g/l
4631,114,400,g/l
4632,11,200,g/l
4633,63,60,%
4633,88,24,%
4634,13,22,g/l
4635,361,100,g/l
4636,126,25,g/l
4637,534,250,g/l
4638,83,480,g/l
4639,44,60,g/l
4639,82,540,g/l
4640,15,80,%
4641,96,36,g/l
4641,80,250,g/l
4642,320,300,g/l
4643,177,400,g/l
4644,111,240,g/l
4645,228,300,g/l
4646,1015,120,g/l
4647,96,18,g/l
4648,533,608,g/l
4649,244,80,g/l
4649,976,200,g/l
4650,843,70,%
4651,78,50,g/l
4652,1016,290,g/l
4653,15,80,%
4654,1017,95,%
4655,103,200,g/l
4656,440,550,g/l
4657,110,95,%
4658,456,240,g/l
4659,845,90,%
4660,584,"1,5",%
4661,15,80,%
4662,278,250,g/l
4663,224,14.2,%
4664,23,40,g/l
4665,32,135,g/l
4666,71,80,%
4667,3,250,g/l
4668,207,15,%
4669,1018,14,%
4670,136,95,%
4671,33,1 x 10^6,cfu/ml
4671,387,1 x 10^6,cfu/ml
4672,31,125,g/l
4672,727,375,g/l
4673,78,100,g/l
4673,48,200,g/l
4674,189,56,%
4675,189,56,%
4676,32,200,g/l
4677,259,20,%
4677,15,65,%
4678,278,0.1,%
4678,108,0.06,%
4678,224,0.05,%
4679,310,300,g/l
4679,562,40,g/l
4680,142,0.6,%
4681,43,300,g/l
4681,74,125,g/l
4682,1019,240,g/l
4683,39,40,g/l
4683,155,280,g/l
4684,113,500,g/l
4685,165,75,%
4686,2,250,g/l
4687,149,80,%
4688,35,250,g/l
4689,47,525,g/l
4690,425,240,g/l
4690,367,10,g/l
4691,22,670,g/l
4692,32,42,%
4693,32,276,g/l
4694,241,50,%
4695,113,450,g/l
4696,98,4,%
4696,58,18,%
4697,125,865,g/l
4698,149,80,%
4699,182,25,%
4700,178,0.005,%
4701,13,10,%
4701,72,40,%
4702,379,0.02,%
4702,224,0.08,%
4702,186,0.1,%
4702,1020,0.07,%
4703,1021,53.7,%
4703,1022,45.8,%
4704,585,10^8,cfu/l
4705,32,150,g/l
4706,32,276,g/l
4707,18,25,g/l
4708,568,150,g/l
4709,547,500,g/l
4710,1023,>= 10 - < 20,%
4710,1024,>= 30 - < 50,%
4711,165,3,%
4712,103,98,%
4713,167,0.3,%
4714,113,500,g/l
4715,13,20,g/l
4715,520,50,g/l
4716,48,250,g/l
4717,32,276,g/l
4718,6,50,g/l
4719,13,20,g/l
4719,75,160,g/l
4720,75,150,g/l
4721,1,51,%
4722,198,75,%
4723,86,0.081,%
4724,53,96,g/l
4725,215,35,%
4726,13,50,g/l
4727,113,450,g/l
4728,31,250,g/l
4728,257,125,g/l
4729,88,50,%
4730,32,135,g/l
4731,1025,95,%
4732,1026,125,g/l
4733,302,520,g/l
4734,28,150,g/l
4734,254,150,g/l
4735,385,95,%
4736,743,1 x 10^6,cfu/g
4736,1027,1 x 10^6,cfu/g
4737,112,75,%
4738,98,10,%
4739,103,40,%
4740,72,50,g/l
4741,1028,620,g/l
4741,7,620,g/l
4742,112,75,%
4743,165,3,%
4744,411,95,%
4745,78,50,g/l
4746,164,96.7,%
4747,48,350,g/l
4748,954,98,%
4749,3,150,g/l
4749,51,200,g/l
4750,5,120,g/l
4751,190,2,%
4752,4,50,%
4753,178,"0,005",%
4754,1029,200,g/l
4755,1030,140,g/l
4755,1031,140,g/l
4756,30,10,%
4756,607,65,%
4757,103,40,%
4758,582,13.2,%
4758,149,46.8,%
4759,84,40,g/l
4759,39,20,g/l
4759,155,180,g/l
4760,40,97,%
4761,32,155,g/l
4762,103,40,%
4763,48,98,%
4764,425,250,g/l
4764,424,25,g/l
4765,199,300,g/l
4765,129,40,g/l
4766,118,0.112,%
4767,126,25,g/l
4768,155,500,g/l
4768,84,50,g/l
4769,74,25,g/l
4770,9,490,g/l
4771,1032,90-92,%
4772,71,80,%
4773,192,1-3,%
4774,40,480,g/l
4775,4,50,%
4775,154,20,%
4776,32,150,g/l
4777,668,40,%
4778,130,70,%
4779,22,480,g/l
4780,88,20,%
4781,170,400,g/l
4782,7,54,%
4783,29,480,g/l
4784,127,0.01,%
4785,704,"1,47x10^12",cfu/ml
4786,29,245,g/l
4787,476,300,g/l
4788,177,460,g/l
4789,48,360,g/l
4790,150,95,%
4791,113,400,g/l
4792,92,116,g/l
4793,1033,480,g/l
4794,82,500,g/l
4795,78,50,g/l
4796,799,97,%
4797,104,20,%
4798,310,36,%
4798,45,4,%
4799,10,336,g/l
4800,187,200,g/l
4800,122,30,g/l
4801,6,50,g/l
4802,113,450,g/l
4803,18,100,g/l
4803,109,100,g/l
4804,23,40.00,g/l
4805,110,60,%
4806,84,50,g/l
4806,155,500,g/l
4807,63,98,%
4808,102,80,%
4809,216,350,g/l
4810,280,80,%
4811,102,75,%
4812,861,97.2,%
4813,150,95,%
4814,167,0.6,%
4815,1034,0.98% - 1.1%,%
4816,165,3,%
4817,183,86,%
4818,129,36,g/l
4819,224,1,%
4820,30,430,g/l
4821,23,20,%
4822,119,50,g/l
4822,109,160,g/l
4823,32,135,g/l
4824,5,97,%
4825,83,318,g/l
4825,204,32,g/l
4826,51,120,g/l
4826,30,200,g/l
4827,15,64,%
4827,88,8,%
4828,44,0.1,%
4828,127,0.025,%
4829,43,500,g/l
4829,53,100,g/l
4830,528,722,g/l
4831,35,250,g/l
4832,425,200,g/l
4832,1035,30,g/l
4832,424,70,g/l
4833,98,1.5,%
4833,310,14.5,%
4834,432,34.4,%
4834,891,0.6,%
4835,53,100,g/l
4836,280,350,g/l
4836,26,50,g/l
4837,103,90,%
4838,234,75,g/l
4839,1036,40,%
4840,103,27,%
4841,125,865,g/l
4842,54,135,g/l
4843,103,90,%
4844,15,80,%
4845,4,50,%
4845,441,50,%
4846,44,50,g/l
4847,22,670,g/l
4848,47,500,g/l
4849,803,97,%
4850,14,50,%
4851,514,500,g/l
4851,185,300,g/l
4852,155,500,g/l
4853,149,80,%
4854,125,250,g/l
4854,29,125,g/l
4855,123,50,g/l
4856,110,60,%
4857,1037,18,g/l
4858,84,70,g/l
4858,155,200,g/l
4858,39,30,g/l
4859,110,65,%
4860,40,540,g/l
4860,44,60,g/l
4861,262,150,g/l
4862,43,200,g/l
4863,198,75,%
4864,40,400,g/l
4865,23,10,%
4866,10,100,g/l
4867,113,525,g/l
4868,29,480,g/l
4869,170,3,%
4870,207,6,%
4871,1038,6,%
4872,13,24,g/l
4873,45,6,%
4873,97,34,%
4874,63,75,%
4874,63,75,%
4875,84,70,g/l
4875,155,250,g/l
4875,39,30,g/l
4876,294,48-52,%
4877,53,50,g/l
4878,11,200,g/l
4879,1039,"0,03",g/l
4880,1040,95,%
4881,224,"5638,6",mg/pcs
4882,40,200,g/l
4883,278,250,g/l
4884,165,3,%
4885,125,100,g/l
4885,29,300,g/l
4886,3,125,g/l
4886,51,200,g/l
4887,154,141,g/l
4887,74,106,g/l
4888,32,276,g/l
4889,43,3,%
4889,170,80,%
4890,40,200,g/l
4891,164,9.5,%
4892,126,25,g/l
4893,165,3,%
4894,1041,10 - 25,%
4895,299,57,g/l
4896,102,70,%
4897,199,97,%
4898,204,51,%
4899,82,500,g/l
4900,1042,90,%
4901,335,500,g/l
4902,507,50,%
4903,114,"37,5",%
4903,1043,35,%
4904,666,10,g/l
4904,35,240,g/l
4905,47,500,g/l
4906,362,48,%
4906,282,32,%
4906,713,0.8,%
4907,5,130,g/l
4908,841,1,%
4909,154,200,g/l
4909,78,100,g/l
4910,501,480,g/l
4911,82,500,g/l
4912,440,500,g/l
4913,44,50,g/l
4913,40,550,g/l
4914,169,160,g/l
4914,114,200,g/l
4915,15,80,%
4916,23,40,g/l
4917,32,135,g/l
4918,39,60,g/l
4918,84,180,g/l
4919,23,20,%
4920,402,95,%
4921,115,99,%
4922,153,100,g/l
4923,278,0.849,g/l
4923,224,8.495,g/l
4924,170,290,g/l
4925,63,"82,5",%
4926,11,95,%
4927,1044,1 x 10^6,cfu/g
4927,34,1 x 10^6,cfu/g
4928,490,150,g/l
4929,224,0.06,%
4929,379,0.05,%
4929,128,0.22,%
4930,32,135,g/l
4931,15,80,%
4932,3,200,g/l
4932,51,260,g/l
4933,125,865,g/l
4934,165,3,%
4935,96,50,g/l
4936,64,50,g/l
4936,51,200,g/l
4937,245,276,g/l
4938,71,85,%
4939,44,100,g/l
4940,3,300,g/l
4941,1045,800,g/l
4942,150,95,%
4943,335,500,g/l
4944,224,24,%
4945,351,500,g/l
4946,145,100,g/l
4947,103,25,%
4947,43,25,%
4948,282,70,%
4949,318,50,%
4950,43,25,%
4951,205,10,%
4952,96,31,g/l
4952,614,124,g/l
4953,62,220,g/l
4953,88,280,g/l
4954,11,80,g/l
4955,254,300,g/l
4956,98,10,%
4957,26,250,g/l
4958,326,360,g/l
4959,9,100,g/l
4960,523,>= 10 - < 20,%
4961,29,481,g/l
4962,127,0.01,%
4963,648,500,g/l
4963,204,38,g/l
4964,114,75,%
4965,386,0.0375,%
4966,51,200,g/l
4966,3,125,g/l
4967,123,50,g/l
4968,108,0.031,%
4969,48,100,g/l
4970,278,0.11,%
4970,224,0.05,%
4970,1046,0.04,%
4971,204,500,g/l
4972,73,98,%
4973,165,3,%
4974,743,1.33x10^7,cfu/g
4975,11,150,g/l
4976,44,92,%
4977,910,300,g/l
4977,13,50,g/l
4978,186,1,%
4979,155,48,%
4979,39,4,%
4980,96,18,g/l
4981,77,400,g/l
4982,32,276,g/l
4983,56,50,%
4984,29,480,g/l
4985,1047,"30,0 - 30,9",%
4986,319,200,g/l
4987,15,80,%
4988,11,150,g/l
4989,178,0.005,%
4990,15,80,%
4991,41,69,g/l
4991,87,20,g/l
4992,96,20,g/l
4993,535,56,%
4994,15,80,%
4995,44,50,g/l
4995,40,500,g/l
4996,84,8,%
4996,155,72,%
4997,63,75,%
4998,44,100,g/l
4999,131,98,%
5000,48,300,g/l
5001,18,100,g/l
5002,40,200,g/l
5003,16,20,%
5004,3,150,g/l
5004,2,150,g/l
5005,44,260,g/l
5006,43,100,g/l
5006,18,30,g/l
5007,215,8,%
5007,15,64,%
5008,113,500,g/l
5009,13,95,%
5010,29,500,g/l
5011,40,200,g/l
5012,43,30,%
5013,507,60,%
5014,29,245,g/l
5015,48,250,g/l
5015,13,50,g/l
5016,1048,Carbendazim,%
5016,1049,Octhilinone,%
5016,1050,Diuron,%
5017,40,500,g/l
5017,44,50,g/l
5018,102,70,%
5019,113,500,g/l
5020,104,20,%
5021,44,250,g/l
5022,412,400,g/l
5022,413,60,g/l
5023,108,0.30,%
5024,345,0.0017,%
5025,510,0.01,%
5025,186,0.1,%
5026,247,31.9,g/l
5027,32,276 (setara dengan ion parakuat : 200 g/l),g/l
5028,96,18,g/l
5029,1051,95,%
5030,48,500,g/l
5031,93,98,%
5032,154,25,%
5033,314,>= 10 - < 20,%
5033,804,>= 0.25 - < 1,%
5034,89,500,g/l
5035,1052,490,g/l
5036,103,98,%
5037,44,25,g/l
5037,40,225,g/l
5038,149,80,%
5039,44,250,g/l
5040,720,98,%
5041,241,6.37,g/l
5042,281,95,%
5043,516,15,g/l
5043,515,45,g/l
5043,346,90,g/l
5044,155,72,%
5044,39,8,%
5045,13,50,g/l
5046,96,39,g/l
5047,225,565,g/l
5048,88,50,%
5048,31,25,%
5049,15,64,%
5049,88,8,%
5050,126,50,g/l
5051,73,95,%
5052,15,80,%
5053,60,450,g/l
5054,845,90,%
5055,122,10,g/l
5055,187,50,g/l
5056,505,240,g/l
5057,73,98,%
5058,405,40 mg/pcs,%
5058,405,40,mg/pcs
5059,54,135,g/l
5060,16,"1,2-Benzisothiazol-3(2H)-one",%
5060,767,Pyrithione zinc,%
5061,71,80,%
5062,278,0.21,%
5062,379,0.20,%
5063,178,"0,005",%
5064,63,79,%
5065,696,600,g/l
5066,42,480,g/l
5067,6,30,g/l
5068,293,722,g/l
5069,112,75,%
5070,103,40,%
5071,208,255,g/l
5072,15,80,%
5073,1053,100,g/l
5074,29,480,g/l
5075,96,18,g/l
5076,191,303,g/l
5076,96,7,g/l
5077,360,6,%
5077,102,67,%
5078,9,480,g/l
5079,11,288,g/l
5080,23,20,%
5081,44,100,g/l
5082,75,150,g/l
5083,86,0.068,%
5084,149,80,%
5085,88,10,%
5085,56,40,%
5086,32,135,g/l
5087,1054,100,g/l
5088,313,95,%
5089,72,35,g/l
5089,13,45,g/l
5090,128,92,%
5091,32,200,g/l
5092,48,200,g/l
5092,129,30,g/l
5093,495,251,g/l
5093,96,37,g/l
5094,48,98,%
5095,102,70,%
5096,696,650,g/l
5097,341,97,%
5098,318,250,g/l
5099,29,480,g/l
5100,1,480,g/l
5101,94,480,g/l
5102,72,50,g/l
5102,74,25,g/l
5103,11,50,g/l
5104,9,10,%
5105,845,85,%
5106,11,200,g/l
5106,206,10,g/l
5107,1055,5.5,g/l
5107,1056,6.4,g/l
5107,954,2.1,g/l
5108,310,30,%
5108,98,"0,75",%
5109,1057,1 x 10^8,cfu/gr
5109,1058,1 x 10^8,cfu/gr
5110,149,10.0 - 20.0,%
5110,259,1.0 - 10.0,%
5110,807,1.0 - 10.0,%
5111,531,480,g/l
5112,781,100,g/l
5113,165,3,%
5114,164,0.015,%
5115,51,250,g/l
5116,51,250,g/l
5117,71,80,%
5118,98,10,%
5118,58,20,%
5119,126,0.6,%
5120,13,32,g/l
5120,78,95,g/l
5121,596,50,g/l
5121,202,90,g/l
5122,26,100,g/l
5122,172,300,g/l
5123,94,62,%
5124,43,70,%
5125,112,75,%
5126,80,3.2,%
5127,32,276,g/l
5127,54,280,g/l
5128,6,15,g/l
5129,74,25,g/l
5130,113,500,g/l
5131,116,300,g/l
5132,1059,480,g/l
5133,614,200,g/l
5133,146,100,g/l
5134,53,0.05,%
5135,74,75,g/l
5135,43,300,g/l
5136,23,20,%
5137,112,75,%
5138,150,95,%
5139,182,75,%
5140,15,80,%
5141,32,276,g/l
5141,32,333,g/l
5142,19,75,%
5143,567,250,g/l
5144,56,70,%
5145,15,80,%
5146,75,80,%
5147,73,98,%
5148,112,75,%
5149,96,50,g/l
5150,44,300,g/l
5151,53,50,g/l
5152,108,3,%
5153,40,500,g/l
5153,44,50,g/l
5154,29,480,g/l
5155,32,135,g/l
5156,96,36,g/l
5157,43,200,g/l
5158,177,400,g/l
5159,78,200,g/l
5160,15,64,%
5160,88,8,%
5161,123,55,g/l
5162,40,500,g/l
5163,48,360,g/l
5164,13,80,g/l
5165,346,120,g/l
5165,309,270,g/l
5166,53,0.5,%
5166,165,3,%
5167,1060,0.25,%
5168,1061,50,g/l
5169,102,70,%
5170,104,1,g/l
5170,834,240,g/l
5170,29,240,g/l
5171,15,80,%
5172,1062,50,%
5173,103,40,%
5174,11,150,g/l
5175,84,70,g/l
5175,155,200,g/l
5175,39,20,g/l
5176,109,200,g/l
5176,109,20,g/l
5177,165,3,%
5178,48,200.00,g/l
5179,43,200,g/l
5180,103,40,%
5181,32,135,g/l
5182,1063,50,g/l
5183,278,0.22,%
5183,108,0.40,%
5183,224,0.22,%
5184,486,20.00,g/l
5184,1064,10.00,g/l
5185,29,243,g/l
5186,939,50,g/l
5187,112,97,%
5188,78,200,g/l
5188,154,200,g/l
5189,361,100,g/l
5189,56,300,g/l
5190,173,276,g/l
5190,32,288,g/l
5191,103,40,%
5192,216,150,g/l
5192,278,100,g/l
5193,165,10,%
5194,9,100,g/l
5195,44,60,g/l
5196,207,3,%
5196,1065,2,%
5197,44,189,g/l
5198,63,75.00,%
5199,191,75,%
5200,58,400,g/l
5201,3,125,g/l
5201,51,200,g/l
5202,32,276,g/l
5203,48,50,g/l
5203,109,200,g/l
5204,103,95,%
5205,47,95,%
5206,3,250,g/l
5207,224,4.6,%
5208,799,170,g/l
5208,26,170,g/l
5209,32,200,g/l
5210,32,276,g/l
5211,263,500,g/l
5212,35,250,g/l
5213,30,50,%
5213,31,25,%
5214,198,200,g/l
5215,1047,"19,0 - 21,0",%
5216,807,99,%
5217,247,200,g/l
5218,82,400,g/l
5218,44,40,g/l
5219,74,50,g/l
5220,94,240,g/l
5221,153,480,g/l
5222,245,300,g/l
5222,245,276,g/l
5223,294,>= 48 - <= 50,%
5224,96,18,g/l
5225,48,200,g/l
5226,39,30,g/l
5226,155,200,g/l
5226,84,70,g/l
5227,29,480,g/l
5228,475,95,%
5229,14,92,%
5230,9,12.5,%
5231,3,96,%
5232,88,6,%
5232,102,70,%
5233,440,500,g/l
5234,1066,200,g/l
5235,74,55,g/l
5236,168,276,g/l
5237,101,75,%
5238,102,77,%
5239,42,666,g/l
5240,110,60,%
5241,164,10,%
5242,96,36,g/l
5243,190,20,%
5244,1067,365,g/l
5245,519,13,g/l
5245,432,323,g/l
5246,190,5,g/l
5247,120,25,%
5247,398,25,%
5248,3,125,g/l
5248,51,200,g/l
5249,32,276,g/l
5250,607,66,%
5251,129,11.4,g/l
5251,1068,228.6,g/l
5252,96,50,g/l
5253,169,430,g/l
5254,799,75,%
5255,127,0.03,%
5255,44,0.11,%
5256,47,500,g/l
5257,696,650,g/l
5258,47,80,%
5259,2,98,%
5260,32,42,%
5261,266,300,g/l
5262,104,20,%
5263,74,30,g/l
5264,155,500,g/l
5264,84,50,g/l
5265,116,25,%
5266,78,200,g/l
5267,298,50,%
5268,455,240,g/l
5269,783,212.5,g/l
5269,645,250,g/l
5270,165,3.3,%
5271,517,200,g/l
5272,88,50,%
5273,1069,0.75,%
5273,1070,3,%
5274,425,260,g/l
5274,370,40,g/l
5274,424,55,g/l
5275,44,50,g/l
5276,63,720,g/l
5277,154,20,%
5277,4,50,%
5278,13,43,g/l
5278,153,171.5,g/l
5279,370,95,%
5280,48,100,g/l
5281,265,85,%
5282,1071,"0,96",%
5282,332,"0,30",%
5283,103,40,%
5283,103,40,%
5283,96,2,%
5283,96,2,%
5284,247,50,g/l
5285,247,50,g/l
5286,26,250,g/l
5287,528,722,g/l
5288,7,500,g/l
5289,32,280,g/l
5290,40,480,g/l
5291,63,75,%
5292,108,0.18,%
5293,125,865,g/l
5294,500,60,%
5295,53,50,g/l
5296,157,1.0 - 2.5,%
5297,30,125,g/l
5297,63,375,g/l
5298,92,200,g/l
5299,56,50,%
5300,190,20,%
5301,40,459,g/l
5301,44,45.9,g/l
5302,56,500,g/l
5303,1072,10,g/l
5304,111,255,g/l
5305,2,250,g/l
5306,332,2.5 - 3.0,%
5306,16,1.0 - 2.5,%
5307,88,6,%
5307,102,70,%
5308,26,100,g/l
5309,1073,20,%
5309,202,20,%
5310,102,70,%
5311,501,240,g/l
5311,502,240,g/l
5312,103,40,%
5313,7,240,g/l
5314,1074,1 x 10^9,cfu/g
5315,456,480,g/l
5316,11,200,g/l
5317,86,0.025,%
5318,74,100,g/l
5318,154,200,g/l
5319,78,95,g/l
5319,13,31,g/l
5320,247,200,g/l
5321,43,25,%
5322,32,138,g/l
5323,56,50,%
5324,9,480,g/l
5325,413,60,g/l
5325,525,400,g/l
5326,1075,100,g/l
5327,13,5.7,%
5328,1076,13.2,%
5328,149,46.8,%
5329,116,130,g/l
5330,851,125,g/l
5330,259,250,g/l
5331,10,337,g/l
5332,1077,170,g/l
5333,1078,87,%
5334,149,80,%
5335,6,15,g/l
5336,51,60,g/l
5336,63,500,g/l
5337,1079,108,g/l
5338,32,280,g/l
5339,32,135,g/l
5340,73,98,%
5341,155,200,g/l
5341,438,200,g/l
5342,29,240,g/l
5343,2,125,g/l
5343,198,400,g/l
5344,56,200,g/l
5344,55,200,g/l
5345,88,170,g/l
5345,361,85,g/l
5346,5,20,%
5346,4,60,%
5347,149,80,%
5348,14,94,%
5349,78,56,g/l
5349,337,92,g/l
5350,660,250,g/l
5351,284,96,%
5352,113,450,g/l
5353,29,"490,00",g/l
5354,126,35,g/l
5354,40,530,g/l
5355,113,6,%
5356,720,0.5,%
5357,149,40,%
5357,47,40,%
5358,1080,75,g/l
5359,13,55,g/l
5360,29,240,g/l
5361,83,960,g/l
5362,4,50,%
5363,125,"866 g/l setara dengan 2,4-D: 720 g/l",g/l
5364,32,42,%
5365,88,20.00,%
5366,109,0.5,%
5367,54,42,%
5368,23,4.97,g/l
5368,763,0.03,g/l
5369,108,12.2,g/l
5370,40,480,g/l
5371,5,100,g/l
5372,32,276,g/l
5373,53,100,g/l
5374,1081,"0,01",g/l
5375,15,455,g/l
5376,32,276,g/l
5377,207,10,g/l
5377,1065,250,g/l
5378,43,320,g/l
5378,96,32,g/l
5379,669,240,g/l
5380,102,70,%
5381,96,20,g/l
5382,11,150,g/l
5383,312,505,g/l
5384,122,10,g/l
5384,187,50,g/l
5385,9,10,%
5386,1082,"3,7 x 10^10",cfu/g
5387,75,95,%
5388,110,60,%
5389,310,30,%
5389,98,0.75,%
5390,53,60,g/l
5391,41,110,g/l
5392,149,80,%
5393,11,150,g/l
5394,1083,50,%
5395,96,72,g/l
5396,44,300,g/l
5397,92,100,g/l
5398,29,240,g/l
5399,15,80,%
5400,43,200,g/l
5401,5,123,g/l
5402,96,36,g/l
5403,43,20,%
5403,800,20,%
5404,149,200,g/l
5404,54,276,g/l
5405,29,480,g/l
5406,75,160,g/l
5406,13,20,g/l
5407,18,50,g/l
5407,146,100,g/l
5408,7,250,g/l
5409,104,20,%
5410,1084,480,g/l
5411,63,75,%
5412,43,200,g/l
5413,1085,25,g/l
5413,1086,25,g/l
5414,15,80,%
5415,286,75,%
5416,103,98,%
5417,40,200,g/l
5418,56,500,g/l
5418,26,10,g/l
5419,160,260,g/l
5420,154,50,%
5420,74,4,%
5421,278,92,%
5422,217,250,g/l
5423,97,45,%
5423,98,10,%
5424,353,400,g/l
5425,48,320,g/l
5426,108,1.1,%
5427,1087,120,g/l
5427,104,6,g/l
5427,29,120,g/l
5428,282,70,%
5429,84,50,g/l
5429,155,500,g/l
5430,75,95,%
5431,3,250,g/l
5432,15,80,%
5433,402,95,%
5434,1088,80,%
5435,64,100,g/l
5436,25,200,g/l
5436,1089,100,g/l
5437,35,250,g/l
5438,103,40,%
5439,474,300,g/l
5440,9,10,%
5441,16,3.0 - 10,%
5441,332,2.5 - 3.0,%
5442,43,200,g/l
5443,4,40,%
5443,190,20,%
5444,87,30,g/l
5444,77,300,g/l
5445,254,250,g/l
5446,323,50,%
5447,350,50,%
5448,6,100,g/l
5449,48,320,g/l
5450,31,60,g/l
5450,198,360,g/l
5451,74,25,g/l
5452,103,45,%
5453,128,92,%
5454,32,138,g/l
5455,103,45,%
5456,23,20,%
5457,1,98,%
5458,1090,210,g/l
5459,51,200,g/l
5459,3,125,g/l
5460,72,50.00,g/l
5460,13,30.00,g/l
5461,32,276 (setara dengan ion parakuat: 200 g/l),g/l
5462,3,250,g/l
5463,94,240,g/l
5464,190,40,%
5465,149,20-25,%
5465,17,2.5 - 3,%
5465,232,10-20,%
5466,791,98,%
5467,292,5,g/l
5468,125,100,g/l
5468,29,300,g/l
5469,153,92,%
5470,1091,15,g/l
5471,1092,250,g/l
5472,44,50,g/l
5472,40,500,g/l
5473,3,125,g/l
5473,51,200,g/l
5474,125,720,g/l
5475,302,70,%
5476,53,50,g/l
5477,245,276,g/l
5478,413,60,g/l
5478,412,400,g/l
5479,113,600,g/l
5480,96,36,g/l
5481,894,240,g/l
5482,21,698,g/l
5483,133,9.6,%
5484,15,80,%
5485,918,80,%
5486,349,"9,50 - 9,99",%
5487,110,60,%
5488,9,12.5,%
5489,472,350,g/l
5490,56,12.3,%
5490,26,6.7,%
5491,178,0.005,%
5492,11,"200 (setara dengan glufosinat: 182,7 g/l)",g/l
5492,11,200,g/l
5493,13,40,g/l
5493,153,160,g/l
5494,53,50,g/l
5495,96,18,g/l
5496,259,300,g/l
5496,30,175,g/l
5496,51,125,g/l
5497,29,480,g/l
5498,44,300,g/l
5499,164,2.78,g/l
5500,7,490,g/l
5501,104,20,%
5502,103,40,%
5503,63,75,%
5504,53,50,g/l
5505,165,3,%
5506,113,400,g/l
5507,584,"1,0 - 2,5",%
5508,13,8,%
5508,75,17,%
5509,456,240,g/l
5510,262,204,g/l
5511,891,97,%
5512,96,20,g/l
5513,632,15.00,%
5514,292,5,g/l
5515,48,250,g/l
5516,1046,0.041,%
5517,9,480,g/l
5518,241,0.015,%
5519,244,80,g/l
5519,1093,200,g/l
5520,104,20,%
5521,72,50,g/l
5521,13,40,g/l
5522,257,125,g/l
5522,259,125,g/l
5523,177,400,g/l
5524,845,90,%
5525,75,150,g/l
5526,32,42,%
5527,484,0.025,%
5527,108,0.10,%
5527,379,0.04,%
5527,186,0.10,%
5528,355,20 - 25,%
5529,29,480,g/l
5530,110,95,%
5531,14,2,g/l
5532,533,400,g/l
5532,122,10,g/l
5533,112,50,%
5533,43,5,%
5534,155,500,g/l
5534,84,50,g/l
5535,104,20,%
5536,63,75,%
5537,29,270,g/l
5537,522,120,g/l
5538,15,80,%
5539,45,"0,8",%
5539,104,"0,2",%
5539,438,14,%
5540,44,60,g/l
5540,40,530,g/l
5541,103,200,g/l
5542,88,29,%
5542,180,"22,5",%
5543,9,10,%
5544,96,12,g/l
5544,40,200,g/l
5545,155,500,g/l
5545,84,50,g/l
5546,1094,490,g/l
5547,29,"545,7",g/l
5548,481,95,%
5549,189,56,%
5550,104,20,%
5551,614,240,g/l
5552,164,7.7,g/l
5553,1095,10,%
5553,237,10,%
5554,142,93,%
5555,470,0.12,%
5556,154,200,g/l
5556,96,40,g/l
5557,1096,60,%
5558,32,288,g/l
5559,51,60,g/l
5559,63,500,g/l
5560,11,280,g/l
5561,140,0.125,%
5561,141,0.100,%
5562,533,600,g/l
5563,32,276,g/l
5564,22,670,g/l
5565,405,0.9,%
5566,4,50,%
5567,88,8,%
5567,63,64,%
5568,378,120.00,g/l
5568,880,80.00,g/l
5569,6,10,g/l
5569,40,160,g/l
5570,479,50.00,%
5571,96,36,g/l
5572,40,500,g/l
5572,44,50,g/l
5573,335,500,g/l
5574,44,55,g/l
5574,40,500,g/l
5575,32,300,g/l
5576,440,500,g/l
5577,35,15,%
5578,48,350,g/l
5579,51,125,g/l
5579,306,125,g/l
5580,64,50,g/l
5581,56,12,%
5581,88,15,%
5582,914,0.19,%
5582,45,0.01,%
5583,1097,80,%
5584,96,36,g/l
5584,43,18,g/l
5585,1098,0.005,%
5586,32,303,g/l
5587,98,10,%
5587,58,20,%
5588,29,480,g/l
5589,102,70,%
5589,88,6,%
5590,616,25,g/l
5591,1099,95,%
5592,30,160,g/l
5592,51,80,g/l
5593,23,20,%
5593,897,5,%
5594,278,100,g/l
5595,40,250,g/l
5596,29,240,g/l
5597,58,400,g/l
5598,13,50,g/l
5599,440,500,g/l
5600,149,90,%
5601,32,200,g/l
5602,170,50,%
5602,398,15,%
5603,32,300,g/l
5604,3,125,g/l
5604,51,200,g/l
5605,411,550,g/l
5606,32,276,g/l
5607,53,95,%
5608,44,350,g/l
5609,440,500,g/l
5610,1100,200,g/l
5611,273,10,%
5612,82,550,g/l
5612,278,50,g/l
5613,32,205,g/l
5614,13,40,g/l
5614,75,160,g/l
5615,179,45,g/l
5616,43,30.00,%
5617,88,50,%
5618,48,95,%
5619,51,100,g/l
5619,198,300,g/l
5620,14,325,g/l
5621,53,"0,3",%
5622,5,20,%
5622,4,60,%
5623,63,"82,5",%
5624,77,180,g/l
5625,1046,0.058,%
5626,293,722,g/l
5627,47,500,g/l
5628,1101,5,g/l
5629,3,95,%
5630,6,10,g/l
5630,40,160,g/l
5631,244,80,g/l
5631,51,200,g/l
5632,77,100,g/l
5633,155,200,g/l
5633,39,30,g/l
5633,84,70,g/l
5634,11,200,g/l
5635,54,127,g/l
5636,44,50,g/l
5637,313,250,g/l
5638,900,500,g/l
5638,13,75,g/l
5639,53,"0,05",%
5640,19,480,g/l
5641,58,400,g/l
5642,126,98,%
5643,40,550,g/l
5643,44,55,g/l
5644,485,20,g/l
5644,1039,"0,02",g/l
5645,974,56,%
5646,1026,97,%
5647,14,100,g/l
5648,1102,56,%
5649,13,20,g/l
5650,65,30,g/l
5651,254,125,g/l
5651,51,200,g/l
5652,206,95,%
5653,11,280,g/l
5654,226,80,%
5655,15,80,%
5656,302,500,g/l
5657,39,30,g/l
5657,155,200,g/l
5657,84,70,g/l
5658,94,500,g/l
5659,15,80,%
5660,44,92,%
5661,160,250,g/l
5662,112,75,%
5663,48,250,g/l
5664,298,95,%
5665,123,55,g/l
5666,71,80,%
5667,48,350,g/l
5668,110,60,%
5669,190,20,%
5669,4,40,%
5670,40,420,g/l
5671,125,865,g/l
5672,56,60,%
5672,51,20,%
5673,891,15,g/l
5673,1103,260,g/l
5674,32,276 (setara dengan ion parakuat 200 g/l),g/l
5675,32,255,g/l
5676,47,500,g/l
5677,1104,200,g/l
5677,96,10,g/l
5678,30,430.00,g/l
5679,32,276,g/l
5680,14,200,g/l
5681,312,400,g/l
5682,3,250,g/l
5683,77,200,g/l
5684,39,30,g/l
5684,155,180,g/l
5685,18,25,g/l
5686,44,250,g/l
5687,44,260,g/l
5688,32,150 150 (setara dengan parakuat 109 g/l),g/l
5688,32,150 (setara dengan parakuat 109 g/l),g/l
5688,32,150,g/l
5688,32,150,g/l
5688,32,150 (setara dengan parakuat: 109 g/l),g/l
5689,110,70,%
5690,154,50,%
5691,32,138,g/l
5692,114,320.00,g/l
5692,1105,80.00,g/l
5693,3,150,g/l
5693,2,150,g/l
5694,402,95,%
5695,1106,667,g/l
5696,94,480,g/l
5697,96,38,g/l
5698,20,80,g/l
5698,28,130,g/l
5699,77,60,g/l
5699,76,25,g/l
5700,44,50,g/l
5700,40,500,g/l
5701,9,11,%
5702,619,540,g/l
5703,94,480,g/l
5704,63,720,g/l
5705,1065,250,g/l
5705,207,10,g/l
5706,96,18,g/l
5707,1107,1 x 10^7,cfu/ml
5708,23,20,g/l
5709,7,480,g/l
5710,63,75,%
5711,39,20,g/l
5711,84,40,g/l
5711,155,200,g/l
5712,45,4,%
5712,310,36,%
5713,160,250,g/l
5714,474,200,g/l
5715,94,480,g/l
5716,48,350,g/l
5716,13,30,g/l
5717,13,30,g/l
5718,86,0.068,%
5719,5,100,g/l
5719,53,25,g/l
5720,190,20,%
5720,4,50,%
5721,104,20,%
5722,108,93,%
5723,477,10.5,%
5723,1108,59.5,%
5724,29,525,g/l
5725,6,5,%
5726,4,50,%
5727,259,60,%
5728,23,5,%
5729,5,97,%
5730,113,400,g/l
5731,845,95,%
5732,35,275,g/l
5733,29,240,g/l
5734,154,10,%
5734,415,50,%
5735,15,82,%
5736,29,245,g/l
5737,63,75,%
5738,40,550,g/l
5738,44,60,g/l
5739,152,60,g/l
5740,39,40,g/l
5740,84,60,g/l
5740,155,200,g/l
5741,44,50,g/l
5741,40,300,g/l
5742,42,501,g/l
5743,13,50,g/l
5744,11,160,g/l
5745,53,50,g/l
5746,642,240,g/l
5747,39,30,g/l
5747,84,70,g/l
5747,155,200,g/l
5748,78,600,g/l
5749,44,60,g/l
5749,40,550,g/l
5750,989,2,%
5751,64,8,%
5751,60,54,%
5752,278,0.15,%
5752,108,0.14,%
5753,96,72,g/l
5754,727,300,g/l
5754,26,100,g/l
5755,4,50,%
5756,205,3,%
5757,971,59,%
5758,1109,0.5,g/l
5758,457,1,g/l
5758,458,2,g/l
5758,460,3,g/l
5759,29,480,g/l
5760,341,10,%
5761,64,50,g/l
5762,32,140,g/l
5763,165,3,%
5764,47,500,g/l
5765,29,480,g/l
5766,155,97,%
5767,395,276,g/l
5768,116,300,g/l
5769,54,150.00,g/l
5770,1110,50,g/l
5771,56,50,%
5772,224,1404,mg/pcs
5773,32,138,g/l
5774,23,2.5,%
5775,11,155,g/l
5776,46,20,g/l
5776,562,40,g/l
5777,32,200,g/l
5778,3,125,g/l
5778,51,200,g/l
5779,53,50,g/l
5780,111,240,g/l
5781,1111,480,g/l
5782,273,97,%
5783,155,300,g/l
5783,10,10,g/l
5784,103,25,%
5785,11,200,g/l
5786,11,95,%
5787,5,20,%
5787,4,60,%
5788,9,100,g/l
5789,178,0.005,%
5790,319,200,g/l
5791,164,0.16,%
5792,47,500,g/l
5793,675,865,g/l
5794,41,120,g/l
5795,270,0.12,%
5796,155,500,g/l
5797,1112,865,g/l
5798,32,42,%
5799,48,200,g/l
5799,145,100,g/l
5800,369,0.3,g/l
5801,293,722,g/l
5802,11,60,g/l
5803,111,240,g/l
5804,335,500,g/l
5805,11,150,g/l
5806,723,288,g/l
5807,23,20,%
5808,82,94,%
5809,78,0.4,%
5810,29,525,g/l
5810,7,525,g/l
5811,13,75,g/l
5812,78,95,%
5813,32,276 (setara dengan ion parakuat: 200 g/l),g/l
5814,6,50,g/l
5815,1113,370,g/l
5816,51,75,g/l
5816,198,225,g/l
5817,126,100,g/l
5818,127,95,%
5819,283,40,g/l
5819,405,20,g/l
5820,273,50,g/l
5821,1114,"18,4",%
5821,1115,"0,7",%
5822,155,500,g/l
5822,166,33,g/l
5823,386,"0,75",%
5824,127,0.04,%
5824,141,0.12,%
5824,44,0.1,%
5825,113,400,g/l
5826,224,0.05,%
5826,278,0.085,%
5826,1046,0.09,%
5827,13,50,g/l
5827,78,100,g/l
5828,431,25,g/l
5829,47,96,%
5830,482,80,%
5831,170,90,%
5832,155,220,g/l
5832,365,30,g/l
5833,241,0.015,%
5834,40,410,g/l
5835,112,80,%
5836,65,160,g/l
5836,13,40,g/l
5837,1116,480,g/l
5838,13,65,g/l
5839,1117,40,%
5839,53,3,%
5840,9,10,%
5841,11,150,g/l
5842,1118,250,g/l
5843,32,276,g/l
5844,198,400,g/l
5844,28,125,g/l
5845,13,20,g/l
5845,48,100,g/l
5846,44,100,g/l
5847,48,100,g/l
5847,13,20,g/l
5848,11,150,g/l
5849,32,138,g/l
5850,53,95,%
5851,127,8.09,g/l
5852,32,276,g/l
5853,75,160,g/l
5853,8,40,g/l
5854,479,200,g/l
5855,6,30,g/l
5856,259,125,g/l
5856,257,125,g/l
5857,44,55,g/l
5857,40,530,g/l
5858,82,500,g/l
5859,103,98,%
5860,99,200,g/l
5861,110,65,%
5862,4,50,%
5863,1119,min 98.0 %,%
5864,51,250,g/l
5865,1120,1 x 10^9,cfu/gr
5866,108,9.15,g/l
5867,53,87,%
5868,48,500,g/l
5869,295,500,g/l
5870,96,31,g/l
5870,614,124,g/l
5871,186,26.7,g/l
5872,78,50,g/l
5873,309,220,g/l
5873,562,30,g/l
5874,123,60,g/l
5875,128,50,g/l
5876,400,240,g/l
5877,11,150,g/l
5878,243,400,g/l
5878,660,40,g/l
5879,14,2,%
5880,259,60,%
5881,97,60,g/l
5881,309,300,g/l
5882,84,60,g/l
5883,104,20,%
5884,1121,1 x 10^6,cfu/g
5884,1122,1 x 10^6,cfu/g
5885,155,500,g/l
5885,84,50,g/l
5886,38,>= 3 - < 10,%
5886,1123,>= 0.25 - < 1,%
5887,278,0.50,g/l
5887,186,0.50,g/l
5887,108,0.18,g/l
5888,14,325,g/l
5889,44,50,g/l
5890,172,50,%
5891,189,56,%
5892,54,125,g/l
5893,94,480,g/l
5894,44,50,g/l
5894,40,500,g/l
5895,324,120,g/l
5896,145,100,g/l
5897,32,150,g/l
5898,1060,0.1,%
5898,1124,2,%
5899,84,97,%
5900,1125,98,%
5901,104,20,%
5902,1126,288,g/l
5903,7,555,g/l
5904,110,75,%
5905,11,200,g/l
5906,310,30,%
5906,726,1.5,%
5907,1127,70,%
5908,1128,30.00,g/l
5909,94,166,g/l
5910,1129,520,g/l
5911,235,500,g/l
5912,32,135,g/l
5913,88,50,%
5914,1130,276,g/l
5915,11,150,g/l
5916,104,24,%
5917,641,150,g/l
5918,103,40,%
5919,11,150,g/l
5920,126,98,%
5921,533,600,g/l
5922,539,400,g/l
5923,125,865,g/l
5924,108,0.078,%
5925,44,50,g/l
5926,164,0.21,%
5927,123,125,g/l
5928,1036,91,%
5929,441,50,%
5930,300,625,g/l
5931,48,240,g/l
5932,278,250,g/l
5933,1,50,%
5934,11,155,g/l
5935,617,90,%
5936,229,120,g/l
5937,1131,80,%
5938,302,520,g/l
5939,29,240,g/l
5940,5,20,%
5940,4,60,%
5941,1132,720,g/l
5942,129,18,g/l
5943,104,20,%
5944,129,18,%
5945,13,33,g/l
5946,29,488,g/l
5947,1133,95,%
5948,349,"9,50 - 9,99",%
5949,125,100,g/l
5949,29,300,g/l
5950,108,1,%
5951,405,1.8,%
5952,43,97,%
5953,29,240,g/l
5954,58,96,%
5955,844,100,g/l
5956,44,100,g/l
5957,48,95,%
5958,103,40,%
5959,686,888,g/l
5960,1134,150,g/l
5960,11,150,g/l
5961,366,13,%
5962,1135,915,g/l
5963,43,200,g/l
5963,48,200,g/l
5964,88,30,%
5964,180,22.5,%
5965,534,250,g/l
5966,44,100,g/l
5967,103,40,%
5968,31,25,%
5968,30,55,%
5969,1136,60,g/l
5969,453,400,g/l
5970,96,36,g/l
5971,1137,245,g/l
5971,29,245,g/l
5972,278,100,g/l
5973,621,112,g/l
5973,60,168,g/l
5974,264,96,%
5975,43,300,g/l
5975,96,33,g/l
5976,53,50,g/l
5977,799,250,g/l
5978,368,97,%
5979,74,50,g/l
5980,475,100,g/l
5981,272,130,g/l
5982,39,20,g/l
5982,84,40,g/l
5982,155,200,g/l
5983,56,200,g/l
5984,293,722,g/l
5985,81,25,%
5986,216,70.00,%
5987,278,50,g/l
5988,40,550,g/l
5988,44,60,g/l
5989,99,200,g/l
5989,11,200,g/l
5990,110,45,%
5991,48,100,g/l
5991,13,20,g/l
5992,902,0.28,%
5992,186,0.1,%
5992,128,0.16,%
5992,1138,0.015,%
5993,154,350,g/l
5994,73,28.8,g/l
5994,150,445.2,g/l
5995,78,50,g/l
5996,557,200,g/l
5996,1139,200,g/l
5997,40,200,g/l
5998,32,150,g/l
5999,156,276,g/l
6000,720,97,%
6001,44,40,%
6002,15,400,g/l
6003,153,480,g/l
6004,1033,480 g/l (setara dengan glifosat: 356 g/l),g/l
6005,72,98,%
6006,94,360,g/l
6007,150,130,g/l
6008,92,200,g/l
6009,32,276,g/l
6010,18,25,g/l
6011,178,0.005,%
6012,749,95,%
6013,29,160,g/l
6014,15,85,%
6015,199,97,%
6016,43,"1,8",%
6016,112,50,%
6017,26,75,g/l
6017,198,150,g/l
6018,1140,"1,04",g/kg
6019,94,240,g/l
6020,1141,25,g/l
6021,314,10.0 - 20.0,%
6021,157,0.6 - 1.0,%
6022,13,50,g/l
6022,65,150,g/l
6023,108,0.5,%
6024,254,125.00,g/l
6024,20,250.00,g/l
6025,82,500,g/l
6026,43,6,%
6027,113,501,g/l
6028,43,600,g/l
6029,13,20,g/l
6029,520,50,g/l
6030,199,400,g/l
6031,9,100,g/l
6032,13,50,g/l
6032,75,100,g/l
6032,1142,"43,9",g/l
6033,32,135,g/l
6034,177,500,g/l
6035,262,200,g/l
6036,60,400,g/l
6036,2,90,g/l
6037,3,125,g/l
6037,51,200,g/l
6038,15,80,%
6039,413,60,g/l
6039,525,430,g/l
6040,20,98,%
6041,78,5,%
6042,78,60,g/l
6042,749,30,g/l
6043,109,300,g/l
6043,78,100,g/l
6044,56,100,g/l
6044,63,500,g/l
6045,13,25,g/l
6046,23,40,g/l
6047,216,200,g/l
6048,413,400,g/l
6049,96,40,g/l
6050,15,82,%
6051,30,25,%
6052,32,138,g/l
6053,402,95,%
6054,75,200,g/l
6054,48,350,g/l
6055,800,140,g/l
6056,44,250,g/l
6057,405,0.08,%
6057,141,0.12,%
6057,1143,0.06,%
6058,155,265,g/l
6058,39,35,g/l
6059,345,0.005,%
6060,29,480,g/l
6061,1144,1.0 x 10^9,cfu/g
6062,29,480,g/l
6063,44,50,g/l
6064,116,12.5,%
6065,4,50,%
6065,190,20,%
6066,619,108,g/l
6067,13,57.00,g/l
6068,190,"0,22",%
6069,154,200,g/l
6069,78,100,g/l
6070,13,30,g/l
6071,1145,865,g/l
6072,232,5 - 10,%
6072,1146,"13,5 (<1.4)",%
6072,1147,"4,5 ( <0.45 )",%
6073,150,95,%
6074,36,500,g/l
6075,14,300,g/l
6076,399,50,%
6077,29,62,%
6078,103,40,%
6079,73,98,%
6080,15,80,%
6081,75,200,g/l
6082,1148,240,g/l
6083,72,100,g/l
6083,53,200,g/l
6084,1149,80,%
6085,1150,25,g/l
6086,96,36,g/l
6087,56,50,%
6088,15,80,%
6089,414,100,g/l
6089,75,150,g/l
6090,54,276,g/l
6091,11,200,g/l
6092,23,20,%
6093,6,100,g/l
6094,26,250,g/l
6095,1151,509,g/l
6096,621,210,g/l
6097,63,90,%
6098,2,150,g/l
6098,3,150,g/l
6099,11,200,g/l
6100,54,135,g/l
6101,53,0.05,%
6102,112,75.0,%
6103,357,300,g/l
6104,10,10,g/l
6104,155,300,g/l
6105,14,500,g/l
6106,353,200,g/l
6106,198,200,g/l
6107,29,240,g/l
6108,82,500,g/l
6109,88,20,%
6110,341,10.00,%
6111,60,175,g/l
6111,3,75,g/l
6112,48,240,g/l
6113,149,80,%
6114,77,100,g/l
6115,113,400,g/l
6116,674,27,g/l
6117,44,50,g/l
6118,23,20,%
6119,51,200,g/l
6119,3,125,g/l
6120,29,160,g/l
6121,11,600,g/l
6122,26,133,g/l
6122,257,50,g/l
6123,29,490 (setara dengan glifosat: 363.09 g/l),g/l
6124,405,30.9,%
6125,6,15,g/l
6126,35,10,%
6127,308,95,%
6128,160,97,%
6129,1152,120,g/l
6129,94,240,g/l
6130,764,50,g/l
6131,29,490,g/l
6132,430,97,%
6133,42,480,g/l
6134,108,0.04,%
6134,224,0.24,%
6134,1138,0.025,%
6134,186,0.120,%
6135,539,400,g/l
6136,29,555,g/l
6137,29,500.00,g/l
6138,48,200,g/l
6138,44,100,g/l
6139,273,95,%
6140,29,481,g/l
6140,29,481,g/l
6141,1153,5,%
6142,29,100,g/l
6142,423,65,g/l
6143,32,135,g/l
6144,1154,95,%
6145,2,150,g/l
6145,1155,150,g/l
6146,1156,138,g/l
6147,102,85,%
6148,170,78,%
6148,216,2,%
6149,215,35,%
6150,48,150,g/l
6150,72,30,g/l
6151,5,100,g/l
6152,125,865,g/l
6153,3,125,g/l
6153,51,200,g/l
6154,44,100,g/l
6155,86,0.11,%
6156,224,0.10,%
6156,186,0.10,%
6156,278,0.10,%
6157,43,25,%
6158,2,125,g/l
6158,198,400,g/l
6159,165,3,%
6160,20,250,g/l
6160,254,150,g/l
6161,96,18,g/l
6162,319,200,g/l
6162,48,250,g/l
6163,53,50,g/l
6164,177,400,g/l
6165,83,400,g/l
6165,84,40,g/l
6166,165,97,%
6167,766,490,g/l
6168,32,42,%
6169,53,50,g/l
6170,266,24,%
6170,120,15,%
6171,3,250,g/l
6172,167,0.4,%
6173,102,80,%
6174,104,97,%
6175,29,300,g/l
6175,125,100,g/l
6176,414,50,g/l
6177,1157,500,ml/l
6178,9,480,g/l
6179,74,50,g/l
6180,82,500,g/l
6181,205,97,%
6182,32,276,g/l
6183,44,100,g/l
6184,32,42,%
6185,528,625,g/l
6185,529,62.5,g/l
6186,43,350,g/l
6187,298,50,%
6188,186,0.10,%
6188,167,0.56,%
6188,128,0.16,%
6189,54,276,g/l
6190,9,85,%
6191,77,50,g/l
6191,324,50,g/l
6192,999,0.15,%
6193,32,328,g/l
6194,385,150,g/l
6195,13,5,%
6195,75,5,%
6196,48,500,g/l
6197,14,300,g/l
6198,88,20,%
6199,30,430,g/l
6200,43,30,%
6201,43,30,%
6202,300,95,g/l
6202,1158,31,g/l
6203,332,9-10,%
6204,127,0.04,%
6204,299,0.025,%
6204,141,0.120,%
6205,35,15,%
6206,425,300,g/l
6206,367,10,g/l
6207,3,125.00,g/l
6207,51,200.00,g/l
6208,120,80,g/l
6208,75,145,g/l
6209,153,"7,48",%
6210,47,500,g/l
6211,29,240,g/l
6212,1159,"BIT = 1,2-Benzisothiazol-3(2H)-one",%
6213,7,486,g/l
6214,1160,58,%
6215,35,250,g/l
6216,5,5,%
6216,398,30,%
6217,112,75,%
6218,13,40,g/l
6218,75,120,g/l
6219,379,0.02,%
6219,224,0.08,%
6219,186,0.1,%
6219,128,0.14,%
6220,103,40,%
6221,78,400,g/l
6222,37,11,%
6223,9,2.5,%
6224,234,20,%
6225,278,50,g/l
6225,246,400,g/l
6226,74,25,g/l
6227,262,60,g/l
6228,5,150,g/l
6229,869,60,g/l
6230,376,10,%
6230,503,18,%
6231,100,0.0375,%
6232,48,500,g/l
6233,1161,2,%
6234,1162,40,%
6235,15,75,%
6236,80,25,%
6237,688,150,g/l
6238,411,97,%
6239,309,60,%
6239,413,8,%
6240,2,150,g/l
6240,3,150,g/l
6241,7,480,g/l
6242,324,100,g/l
6242,613,40,g/l
6243,96,36,g/l
6244,29,490,g/l
6245,5,10,%
6245,398,60,%
6246,72,32,g/l
6246,96,18,g/l
6247,29,495,g/l
6248,149,500,g/l
6249,29,486.00,g/l
6250,9,10,%
6251,11,255,g/l
6252,96,36,g/l
6253,175,0.02,g/l
6253,23,3.98,g/l
6254,634,90,%
6255,35,255,g/l
6256,32,42,%
6257,77,100,g/l
6258,54,140,g/l
6259,1163,95,%
6260,29,559,g/l
6261,85,288,g/l
6262,11,200 (setara dengan Glufosinat 137 g/l),g/l
6263,1164,>= 0.25 -< 1,%
6263,38,>= 3 -< 10,%
6264,318,150,g/l
6264,48,350,g/l
6265,177,430,g/l
6266,47,500,g/l
6267,40,500,g/l
6267,44,50,g/l
6268,278,0.115,%
6268,224,0.05,%
6268,86,0.10,%
6269,23,20,%
6270,63,75,%
6271,75,150,g/l
6272,98,0.75,%
6272,310,30,%
6273,108,0.05,%
6274,596,500,g/l
6275,166,80,g/l
6276,15,80,%
6277,412,400,g/l
6277,1165,60,g/l
6278,1077,90,g/l
6279,177,400,g/l
6280,56,200,g/l
6281,108,8.09,g/l
6282,22,670,g/l
6283,88,20,%
6284,385,150,g/l
6285,767,Pyrithione zinc,%
6285,1166,Methyl 1H-benzimidazol-2-ylcarbamate,%
6286,113,500,g/l
6287,425,97,%
6288,125,865,g/l
6289,32,42,%
6290,191,50,%
6291,11,60,g/l
6292,54,276,g/l
6293,398,10,%
6293,43,25,%
6294,225,533,g/l
6295,44,100,g/l
6296,178,"0,005",%
6297,63,77,%
6298,194,1 x 10^8,cfu/gr
6298,195,1 x 10^8,cfu/gr
6299,725,100,g/l
6300,118,0.582,%
6301,153,120,g/l
6302,102,75,%
6303,125,100,g/l
6303,29,300,g/l
6304,82,500,g/l
6305,1167,249.98,g/l
6305,175,0.02,g/l
6306,96,36,g/l
6307,278,0.10,%
6307,224,0.17,%
6307,186,0.05,%
6308,402,95,%
6309,916,2.96,%
6310,224,9.8,%
6311,13,4,%
6311,153,6,%
6312,74,55,g/l
6313,499,480,g/l
6314,154,1,%
6315,11,200,g/l
6316,165,3,%
6317,113,525,g/l
6318,149,97,%
6319,278,0.095,%
6319,224,0.05,%
6319,108,0.04,%
6320,1168,118,g/l
6321,519,25,g/l
6322,40,400,g/l
6323,53,2,%
6324,1169,5,%
6324,15,70,%
6325,1144,8.1 x 10^7,cfu/ml
6326,317,99,%
6327,584,"13,9 - 14,5",%
6328,1170,500,g/l
6329,21,660 (setara dengan glifosat: 540 g/l),g/l
6330,207,6,%
6331,40,97,%
6332,43,30,%
6333,51,200,g/l
6333,3,125,g/l
6334,44,"0,1",%
6334,405,"0,1",%
6334,141,"0,1",%
6335,13,5.7,%
6336,63,98,%
6337,1171,20,%
6338,55,500,g/l
6339,63,75,%
6340,110,60,%
6341,491,600,g/l
6342,927,"1,5",%
6343,155,80,%
6344,84,50,g/l
6344,155,580,g/l
6345,7,480,g/l
6346,122,20.00,g/l
6346,616,12.50,g/l
6347,111,240,g/l
6348,96,10,%
6349,44,100,g/l
6350,13,20,g/l
6350,72,100,g/l
6351,165,5,%
6352,1172,22.5,%
6352,124,30,%
6353,96,18,g/l
6354,1163,3,g/l
6354,562,57,g/l
6355,30,200,g/l
6355,51,100,g/l
6356,122,10,g/l
6356,77,50,g/l
6357,618,150,g/l
6358,111,240,g/l
6359,44,92,%
6360,35,30,%
6361,613,400,g/l
6362,44,100,g/l
6363,43,25,%
6364,82,525,g/l
6365,74,106,g/l
6365,154,141,g/l
6366,814,670,g/l
6367,104,95,%
6368,32,138,g/l
6369,153,25,g/l
6370,29,240,g/l
6371,415,400,g/l
6372,534,250,g/l
6373,14,11,g/l
6373,44,16,g/l
6374,184,0.6,%
6375,116,15,%
6376,48,300,g/l
6377,13,55,g/l
6377,72,110,g/l
6378,112,77,%
6379,13,50,g/l
6380,113,500,g/l
6381,32,137,g/l
6382,82,500,g/l
6383,32,42,%
6384,13,50,g/l
6385,3,200.00,g/l
6385,210,100.00,g/l
6386,136,99,%
6387,507,60,%
6388,15,80,%
6389,51,250,g/l
6389,3,150,g/l
6390,1173,276,g/l
6391,207,10,%
6392,11,250,g/l
6393,198,75,%
6394,44,250,g/l
6395,534,94,%
6396,349,"4,7 - 5,3",%
6396,355,"4,7 - 5,3",%
6397,242,25,g/l
6398,5,100,g/l
6399,122,25,g/l
6399,77,50,g/l
6400,32,135,g/l
6401,44,350,g/l
6402,1174,200,g/l
6403,113,485,g/l
6404,1175,30,%
6405,78,625,g/l
6406,71,80,%
6407,128,30 - 60,%
6408,190,40,%
6408,146,20,%
6409,660,250,g/l
6410,1176,80,g/l
6411,1177,480,g/l
6412,149,80,%
6413,149,80,%
6414,44,60,g/l
6414,40,600,g/l
6415,71,80.00,%
6416,63,75,%
6417,318,500,g/l
6418,44,200,g/l
6419,15,80,%
6420,54,135,g/l
6421,1178,750,g/l
6422,74,50,g/l
6422,13,36,g/l
6423,204,98,%
6424,32,276,g/l
6425,44,50,g/l
6426,614,500,g/l
6427,53,50,g/l
6428,260,500,g/l
6429,272,205,g/l
6430,198,75,%
6431,48,250,g/l
6432,58,400,g/l
6433,32,135,g/l
6434,43,200,g/l
6435,32,145,g/l
6436,63,75,%
6437,1179,2-methyl-2H-isothiazol-3-one (3:1) (CMIT + MIT,%
6437,314,Formaldehyde,%
6437,1180,mixture of 5-chloro-2-methyl-4-isothiazolin-3-one,%
6438,9,480,g/l
6439,103,200,g/l
6439,13,20,g/l
6440,110,65,%
6441,1181,80,%
6442,23,0.011,g/l
6443,21,550,g/l
6444,44,0.121,%
6444,118,0.01,%
6444,405,0.01,%
6445,113,500,g/l
6446,110,40,%
6447,51,200,g/l
6447,3,130,g/l
6448,150,95,%
6449,1182,505,g/l
6450,13,50,g/l
6451,668,40,%
6452,13,55,g/l
6452,44,50,g/l
6453,15,50,%
6453,259,30,%
6454,11,150,g/l
6455,829,100,g/l
6456,440,500,g/l
6457,41,69,g/l
6458,696,92,%
6459,50,10,%
6460,259,50,%
6461,675,100,g/l
6461,29,300,g/l
6462,104,20,%
6463,398,10,%
6463,113,50,%
6464,40,200,g/l
6465,210,100,g/l
6465,567,300,g/l
6466,44,105,g/l
6467,378,480,g/l
6468,29,95,%
6469,104,20,%
6470,96,36.00,g/l
6471,98,10,%
6471,58,18,%
6472,29,480,g/l
6473,43,210.5,g/l
6474,32,276,g/l
6475,225,555,g/l
6476,128,0.05,%
6476,902,0.11,%
6477,642,159.85,g/l
6477,64,159.85,g/l
6478,178,"0,005",%
6479,191,75,%
6480,205,5,%
6481,78,200,g/l
6482,1143,0.06,%
6482,141,0.12,%
6482,241,0.025,%
6483,32,276,g/l
6484,74,50,g/l
6485,78,200,g/l
6486,370,45,g/l
6486,155,235,g/l
6486,39,45,g/l
6487,32,150,g/l
6488,40,400,g/l
6489,111,250,g/l
6490,215,8,%
6490,15,64,%
6491,456,490,g/l
6492,32,"140 (setara dengan ion parakuat : 101,4 g/l)",g/l
6493,63,75,%
6494,10,336,g/l
6495,37,18,%
6496,1183,70,%
6497,154,98,%
6498,1184,98,%
6499,108,0.02,%
6499,278,0.100,%
6500,121,56,%
6501,309,350,g/l
6501,77,70,g/l
6502,44,50,g/l
6503,65,90,g/l
6503,1185,10,g/l
6504,96,18,g/l
6505,402,95,%
6506,1186,260,g/l
6506,10,20,g/l
6507,369,"0,03",g/l
6508,26,250,g/l
6509,43,200,g/l
6510,299,50,g/l
6511,446,"88,8",%
6512,273,24.00,%
6513,53,0.05,%
6514,53,55,g/l
6515,73,98,%
6516,63,75,%
6517,1187,1-3,%
6518,74,50,g/l
6519,7,480,g/l
6520,402,95,%
6521,440,500,g/l
6522,189,56,%
6523,43,10,%
6524,767,4.9 ( 1 )%,%
6524,1188,4.9 (0.5 ) %,%
6525,150,95,%
6526,113,500,g/l
6527,1189,"93,4",%
6528,441,98,%
6529,15,62,%
6529,198,18,%
6530,439,1,%
6531,310,500,g/l
6532,40,97,%
6533,29,480,g/l
6534,172,300,g/l
6535,103,98,%
6536,643,100,g/l
6537,15,80,%
6538,62,12,%
6539,6,200,mg/m2
6540,32,276,g/l
6541,53,55,g/l
6542,346,480,g/l
6543,116,130,g/l
6544,13,30,g/l
6545,438,14,%
6545,504,4,%
6546,13,10,%
6546,72,40,%
6547,73,98,%
6548,1190,300,g/l
6548,385,128,g/l
6549,423,50,%
6550,569,865,g/l
6551,234,150,g/l
6552,126,25,g/l
6553,177,430,g/l
6554,94,485,g/l
6555,350,4,%
6556,50,3,%
6557,88,30,%
6557,180,22.5,%
6558,29,490,g/l
6559,1191,> 50 %,%
6559,461,15-25 %,%
6560,112,80,%
6561,164,0.14,%
6561,278,0.155,%
6562,534,250,g/l
6563,260,96,%
6564,439,1,%
6565,32,276,g/l
6566,155,500,g/l
6566,84,55,g/l
6567,534,300,g/l
6568,111,240,g/l
6569,56,96,%
6570,96,18,g/l
6571,263,500,g/l
6572,440,500,g/l
6573,113,400,g/l
6574,15,80,%
6575,74,250,g/l
6576,533,350,g/l
6576,309,350,g/l
6577,351,500,g/l
6577,43,50,g/l
6578,15,80,%
6579,113,550,g/l
6580,113,450,g/l
6581,108,12.1,g/l
6582,398,220,g/l
6582,614,110,g/l
6583,150,250,g/l
6584,35,250,g/l
6585,282,70,%
6586,470,0.08,%
6587,103,25,%
6588,96,18,g/l
6589,292,0.005,%
6590,771,0.005,%
6591,966,250,g/l
6592,5,25,%
6593,610,150,g/l
6594,414,100,g/l
6594,13,50,g/l
6595,96,20,g/l
6596,153,40,g/l
6596,13,20,g/l
6597,88,29,%
6597,180,22.5,%
6598,164,54,%
6599,41,120,g/l
6600,674,80,g/l
6601,53,500,g/l
6602,120,30,g/l
6603,5,10.00,%
6604,215,35,%
6605,82,520,g/l
6606,807,6.5 - 7.0,%
6607,78,35,%
6608,44,50,g/l
6609,45,30,%
6610,40,500,g/l
6610,44,50,g/l
6611,150,480,g/l
6612,430,95,%
6613,302,600,g/l
6614,65,160,g/l
6614,13,40,g/l
6615,1192,600,g/l
6616,241,0.015,%
6617,962,50,%
6618,148,80,%
6619,44,30,g/l
6620,125,865,g/l
6621,4,50,%
6622,440,500,g/l
6623,94,400,g/l
6623,1193,150,g/l
6624,44,325,g/l
6625,103,98,%
6626,15,80,%
6627,15,80,%
6628,155,200,g/l
6628,39,30,g/l
6628,84,70,g/l
6629,1126,80,g/l
6629,39,40,g/l
6629,84,100,g/l
6630,155,300,g/l
6630,10,10,g/l
6631,29,490,g/l
6632,155,240,g/l
6632,84,60,g/l
6633,18,50,g/l
6633,43,250,g/l
6634,9,20,%
6635,44,40,%
6636,1194,54,%
6636,1022,45,%
6637,273,50,g/l
6638,109,200,g/l
6639,4,60,%
6639,5,20,%
6640,104,20,%
6641,753,50,%
6642,82,500,g/l
6642,53,70,g/l
6643,117,3 - 10,%
6643,157,1 - 2.5,%
6644,7,480,g/l
6645,74,25,g/l
6646,13,25,g/l
6646,319,200,g/l
6647,1195,98,%
6648,2,300,g/l
6649,648,97,%
6650,26,5,%
6650,130,55,%
6651,39,75,%
6652,846,500,g/l
6652,1196,500,g/l
6653,149,80,%
6654,294,>=48 - <=50,%
6655,1197,240,g/l
6656,2,125,g/l
6656,198,400,g/l
6657,23,40,g/l
6658,155,380,g/l
6659,142,0.25,%
6660,32,135,g/l
6661,108,24.270,g/l
6662,62,80,%
6663,3,250,g/l
6664,222,5 - 10,%
6665,37,15,%
6666,1198,150,g/l
6666,3,150,g/l
6667,48,360,g/l
6668,7,480 (setara dengan glifosat 356 g/l),g/l
6669,103,240,g/l
6669,191,20,g/l
6670,1093,200,g/l
6670,244,80,g/l
6671,29,480,g/l
6672,13,60,g/l
6673,86,6,%
6674,237,97,%
6675,96,18,g/l
6676,44,60,g/l
6676,40,530,g/l
6677,398,25,%
6678,42,480,g/l
6679,128,0.15,%
6679,224,0.15,%
6680,440,500,g/l
6681,128,2,g/l
6681,224,2,g/l
6682,32,138,g/l
6683,1199,480,g/l
6684,155,300,g/l
6684,10,10,g/l
6685,149,80,%
6686,113,500,g/l
6687,53,50,g/l
6688,207,5.5,%
6689,319,200,g/l
6690,7,250,g/l
6691,466,< 20,%
6691,159,< 70,%
6691,464,< 10,%
6691,1200,< 10,%
6691,1201,< 10,%
6692,26,100,g/l
6693,126,25,g/l
6694,40,550,g/l
6694,44,56,g/l
6695,3,180,g/l
6695,51,300,g/l
6696,125,865,g/l
6697,63,80,%
6698,98,10,%
6699,118,0.086,%
6700,48,360,g/l
6701,103,60,%
6702,186,17.8,g/l
6703,265,85,%
6704,96,18,g/l
6705,412,400,g/l
6705,413,60,g/l
6706,80,200,g/l
6707,104,20,%
6708,5,20,%
6708,4,60,%
6709,82,500,g/l
6710,113,550,g/l
6711,73,98,%
6712,800,135,g/l
6713,32,276,g/l
6714,584,"1,0 - 2,5",%
6715,40,97,%
6716,1202,min 99.0,%
6717,50,10,%
6718,103,315,g/l
6719,302,70,%
6720,32,138,g/l
6721,11,200,g/l
6722,43,25,%
6723,204,50,%
6724,202,25,%
6725,805,>=10- <20,%
6726,43,200,g/l
6727,1203,135,g/l
6728,257,50,g/l
6728,26,150,g/l
6729,14,200,g/l
6730,23,10,%
6731,1204,2.49,g/l
6731,175,0.01,g/l
6732,154,350,g/l
6733,474,100,g/l
6734,687,150,g/l
6735,63,98,%
6736,166,20,%
6737,488,95,%
6738,76,50,g/l
6738,187,200,g/l
6739,13,50,g/l
6740,18,25,g/l
6741,218,200,g/l
6742,385,200,g/l
6743,108,0.15,%
6744,989,75,%
6745,302,500,g/l
6746,32,42,%
6747,96,36,g/l
6748,88,98,%
6749,7,481,g/l
6749,268,481,g/l
6750,1205,1.5,%
6751,29,310,g/l
6751,1206,49,g/l
6751,814,49,g/l
6751,1207,310,g/l
6752,88,8,%
6752,15,64,%
6753,74,50,g/l
6754,44,150,g/l
6755,39,30,g/l
6755,10,20,g/l
6755,648,250,g/l
6756,282,70,%
6757,35,250,g/l
6758,7,555,g/l
6759,20,95,g/l
6760,533,560,g/l
6760,122,14,g/l
6761,882,550,g/l
6762,78,120,g/l
6762,13,40,g/l
6763,534,258,g/l
6764,29,160,g/l
6765,807,99,%
6766,104,24,%
6767,41,69,g/l
6768,164,4.78,g/l
6769,874,20,%
6770,232,30 - 50,%
6771,300,200,g/l
6772,63,250,g/l
6772,259,250,g/l
6773,40,525,g/l
6773,44,55,g/l
6774,123,25,g/l
6775,32,200,g/l
6776,35,250,g/l
6777,1208,75,%
6778,103,98,%
6779,1209,240,g/l
6780,500,45,%
6781,165,3,%
6782,116,99,%
6783,266,80,g/l
6783,96,20,g/l
6784,563,60,g/l
6785,43,97,%
6786,53,50,g/l
6787,29,375,g/l
6788,29,165,g/l
6789,155,400,g/l
6789,39,100,g/l
6789,1209,50,g/l
6790,22,665,g/l
6791,319,200,g/l
6792,234,130,g/l
6793,125,865,g/l
6794,102,75,%
6795,56,9,%
6795,15,60,%
6796,29,490,g/l
6797,341,5,%
6797,441,50,%
6798,89,510,g/l
6799,11,150,g/l
6800,44,100,g/l
6800,40,550,g/l
6801,360,100,g/l
6801,56,300,g/l
6802,1210,25,%
6803,258,1 x 10^9,cfu/g
6804,1211,100,%
6805,281,50,%
6806,407,20,%
6807,29,160,g/l
6808,116,12.5,%
6809,1008,100,g/l
6810,917,276,g/l
6811,503,100,g/l
6812,165,3,%
6813,648,200,g/l
6813,84,70,g/l
6813,39,40,g/l
6814,32,150,g/l
6815,519,240,g/l
6816,108,0.026,%
6817,639,30,%
6817,88,6,%
6818,44,100,g/l
6819,678,97,%
6820,29,300,g/l
6820,975,100,g/l
6821,32,276,g/l
6822,120,150,g/l
6822,146,100,g/l
6823,29,480,g/l
6824,9,110,g/l
6825,113,400,g/l
6825,5,100,g/l
6826,224,1.79,%
6827,15,80,%
6828,7,62,%
6829,128,1,%
6830,7,490,g/l
6831,472,3.9,%
6831,15,64,%
6832,125,865,g/l
6833,13,50,g/l
6833,72,100,g/l
6834,272,400,g/l
6835,4,55,%
6836,165,3,%
6837,53,80,%
6838,607,80,%
6839,104,20,%
6840,656,500,g/l
6841,13,50,g/l
6842,155,500,g/l
6842,84,50,g/l
6843,129,95,%
6844,500,60,%
6845,40,550,g/l
6845,44,60,g/l
6846,29,486,g/l
6847,98,10,%
6848,51,250,g/l
6849,11,120,g/l
6849,125,100,g/l
6850,78,50,g/l
6851,35,250,g/l
6852,26,98,%
6853,43,97,%
6854,78,96,%
6855,32,135,g/l
6856,96,18,g/l
6857,207,6,%
6858,1212,10^9,cfu/g
6859,377,200,g/l
6860,74,250,g/l
6861,3,125,g/l
6861,51,200,g/l
6862,74,50,g/l
6863,1213,"12 (1,2)",%
6863,677,"5 (0,5)",%
6863,1214,"3 (0,3)",%
6864,32,138,g/l
6865,1215,480,g/l
6866,164,0.04,%
6866,224,0.05,%
6866,278,0.09,%
6867,29,480,g/l
6868,7,480 (setara dengan glifosat 356 g/l),g/l
6869,43,200,g/l
6870,1216,"2,0 - 7,0",%
6870,1217,"76,0 - 85,0",%
6871,1163,50,g/l
6872,1218,20 - 25,%
6873,72,100,g/l
6873,13,50,g/l
6874,103,40,%
6875,11,155,g/l
6876,108,0.15,%
6877,1061,55.00,g/l
6878,44,92,%
6879,104,20,%
6880,23,2.5,%
6881,48,100,g/l
6881,96,20,g/l
6882,32,276,g/l
6883,481,25,g/l
6884,29,481,g/l
6885,1219,250,g/l
6886,9,14,%
6887,110,65,%
6888,29,350,g/l
6888,125,150,g/l
6889,104,95,%
6890,44,0.100,%
6890,139,0.031,%
6890,141,0.030,%
6891,1220,2×10^8,cfu/ml
6892,155,480,g/l
6892,861,50,g/l
6893,40,550,g/l
6893,44,50,g/l
6894,96,36,g/l
6895,1221,"1,5",%
6896,88,4,%
6896,90,12,%
6896,172,29,%
6897,293,722,g/l
6898,125,865,g/l
6899,2,90,g/l
6899,60,400,g/l
6900,88,55,%
6901,526,276,g/l
6901,32,276,g/l
6902,96,36,g/l
6903,1222,5- Chloro-2-methylisothiazolin-3-one (CMIT),%
6903,332,2-Methyl-2H-isothiazol-3-one (MIT 14%),%
6904,125,50,g/l
6904,11,150,g/l
6905,470,0.115,%
6906,65,30,%
6907,11,240,g/l
6907,111,80,g/l
6908,44,100,g/l
6909,873,0.075,%
6910,99,95,%
6911,206,40,g/l
6912,126,62.5,g/l
6913,84,50,g/l
6913,155,500,g/l
6914,425,90,%
6915,198,200,g/l
6916,1223,10-30,%
6916,1224,20-40,%
6917,1225,688,g/l
6918,149,80,%
6919,1226,100,g/l
6920,630,99,%
6921,1180,Mixture of 5-chloro-2-methyl-4-isothiazolin-3-one,%
6921,1227,2-methyl-2H-isothiazol-3-one (3:1) (CMIT + MIT 14%),%
6922,63,75,%
6923,32,288,g/l
6924,292,0.005,%
6925,592,"1,22 x 10^9",cfu/ml
6926,1228,276,g/l
6927,45,4,%
6927,310,36,%
6928,96,20,g/l
6929,298,50,%
6930,43,25,%
6931,11,95,%
6932,44,50,g/l
6932,89,400,g/l
6933,1229,490,g/l
6934,351,200,g/l
6935,2,125,g/l
6935,198,300,g/l
6936,326,360,g/l
6937,125,865,g/l
6938,56,50,%
6939,96,18,g/l
6940,11,155,g/l
6941,20,98,%
6942,145,75,g/l
6942,146,75,g/l
6943,1230,98,%
6944,96,18,%
6944,113,45,%
6945,97,63,%
6945,98,5,%
6946,217,95,%
6947,96,30,g/l
6948,29,485,g/l
6949,1231,1 x 10^6,cfu/g
6949,1232,1 x 10^6,cfu/g
6949,1233,1 x 10^6,cfu/g
6949,1234,1 x 10^6,cfu/g
6950,13,32,g/l
6951,649,100,g/l
6952,15,82,%
6953,10,20,g/l
6953,1186,260,g/l
6954,112,75,%
6955,150,97,%
6956,123,25,g/l
6957,104,20,%
6958,1235,720,g/l
6959,709,200,g/l
6959,26,200,g/l
6960,352,95,%
6961,11,200,g/l
6962,1236,80,%
6963,1146,10 ( 1 ),%
6963,1237,"4 (0,4 )",%
6963,767,"4 (0,8 )",%
6964,43,200,g/l
6965,302,500,g/l
6966,31,25,%
6966,30,50,%
6967,32,276,g/l
6968,3,150,g/l
6968,26,250,g/l
6969,103,40,%
6970,183,480,g/l
6971,1238,37,%
6972,259,13,%
6972,60,13,%
6973,112,75,%
6974,406,25,%
6974,813,"37,5",%
6975,241,12.0,g/l
6976,29,480 (setara dengan glifosat 356 g/l),g/l
6977,51,100,g/l
6977,30,200,g/l
6978,53,0.05,%
6979,711,480,g/l
6980,44,100,g/l
6981,642,100,g/l
6981,26,100,g/l
6982,39,15,g/l
6982,155,200,g/l
6982,10,10,g/l
6983,807,2.35 - 2.65,%
6983,1047,9.5 - 10.5,%
6984,1239,400,g/l
6985,14,20,g/l
6986,217,290,g/l
6987,1240,50,g/l
6987,113,500,g/l
6988,113,400,g/l
6989,44,100,g/l
6990,10,98,%
6991,29,555,g/l
6992,74,50,g/l
6993,29,490,g/l
6994,23,20,%
6994,1241,5,%
6995,110,45,%
6996,84,55,g/l
6996,155,500,g/l
6997,1242,"3,45",g/l
6997,1243,"1,73",g/l
6997,458,"6,9",g/l
6997,460,"10,35",g/l
6998,150,95,%
6999,29,400,g/l
7000,40,400,g/l
7001,1244,307,g/l
7002,907,95,%
7003,112,75,%
7004,430,50,g/l
7005,151,150,g/l
7006,40,94,%
7007,104,20,%
7008,124,20,%
7009,73,97,%
7010,78,200,g/l
7011,29,480,g/l
7012,96,2,%
7013,23,10,%
7014,11,140,g/l
7014,111,50,g/l
7015,47,80,%
7016,14,200,g/l
7017,96,20,g/l
7018,14,2,%
7019,33,1 x 10^6,cfu/g
7019,387,1 x 10^6,cfu/g
7020,44,110,g/l
7021,226,77,%
7022,9,"12,5",%
7023,53,0.05,%
7024,13,50,g/l
7025,123,50,g/l
7026,198,150,g/l
7026,26,75,g/l
7027,293,375,g/l
7027,1245,75,g/l
7028,470,0.597,%
7029,23,40,g/l
7030,160,250,g/l
7031,378,180,g/l
7031,377,30,g/l
7032,425,235,g/l
7032,370,45,g/l
7033,43,25,%
7034,456,160,g/l
7035,325,75,%
7036,11,95,%
7037,149,80,%
7038,15,83,%
7039,160,250,g/l
7040,413,"7,5",%
7040,309,60,%
7041,32,276,%
7042,74,106,g/l
7042,154,141,g/l
7043,48,100,g/l
7043,13,20,g/l
7044,96,18,g/l
7045,53,200,g/l
7046,173,276,g/l
7047,553,38,%
7048,1246,2,%
7048,263,20,%
7049,74,50,g/l
7050,48,200,g/l
7050,40,150,g/l
7051,1247,720,g/l
7052,43,25,%
7053,32,42,%
7054,889,80.00,%
7055,96,18,g/l
7056,127,95,%
7057,9,10,%
7058,479,25,%
7059,1248,10,%
7060,108,0.04,%
7061,43,25,%
7061,96,3.5,%
7062,44,250,g/l
7063,15,64,%
7063,88,8,%
7064,1249,100,%
7064,1250,100,%
7065,35,15,%
7066,9,10,%
7067,3,250,g/l
7068,294,30 - 40%,%
7069,40,400,g/l
7070,696,600,g/l
7071,103,25,%
7072,499,95,%
7073,621,200,g/l
7073,1251,60,g/l
7074,80,200,g/l
7075,44,50,g/l
7076,23,40,g/l
7077,5,100,g/l
7078,241,6.0,g/l
7079,153,92,%
7080,96,36,g/l
7081,245,276,g/l
7082,96,18,%
7083,319,200,g/l
7084,1252,3,%
7085,310,300,g/l
7086,29,480,g/l
7087,1253,2.5 - 10,%
7087,807,0.25 - 1,%
7087,640,2.5 - 10,%
7087,1254,2.5 - 10,%
7088,470,0.05,%
7089,150,95,%
7090,96,95,%
7091,154,102,g/l
7091,126,27,g/l
7092,96,18,g/l
7093,522,140,g/l
7093,29,240,g/l
7094,40,400,g/l
7095,224,9.4,%
7096,98,0.6,%
7096,310,34.4,%
7097,247,200,g/l
7098,534,250,g/l
7099,1255,108,g/l
7100,8,50,g/l
7101,51,200,g/l
7101,3,150,g/l
7102,398,440,g/l
7103,11,160,g/l
7104,40,98,%
7105,178,"0,003",%
7106,1126,288,g/l
7107,257,125,g/l
7107,259,125,g/l
7108,58,100,g/l
7109,48,250,g/l
7110,30,200,g/l
7110,31,100,g/l
7111,29,250,g/l
7112,310,500,g/l
7113,53,95,%
7114,367,336,g/l
7115,424,95,%
7116,113,400,g/l
7117,1256,5638.6,mg/pcs
7118,939,50,g/l
7119,534,250,g/l
7120,103,45,%
7121,54,42,%
7122,155,500,g/l
7122,84,60,g/l
7123,26,250,g/l
7124,125,865,g/l
7125,155,97,%
7126,246,500,g/l
7127,155,260,g/l
7127,39,50,g/l
7127,84,55,g/l
7128,96,18,g/l
7129,127,0.566,%
7130,1257,< 15,%
7130,767,12 - 15,%
7131,468,1,%
7132,511,"6,15 - 6,85",%
7132,1047,"12,8 - 14,2",%
7133,26,250,g/l
7134,53,60,g/l
7134,154,150,g/l
7135,112,75,%
7136,164,40,%
7137,112,75,%
7138,43,200,g/l
7139,1025,35,%
7139,266,20,%
7140,74,50,g/l
7141,1258,107.7,g/l
7141,1259,107.7,g/l
7142,455,240,g/l
7143,40,200,g/l
7144,146,97,%
7145,484,0.03,%
7145,224,0.12,%
7145,598,0.5,%
7146,88,50,%
7147,520,0.25,%
7148,56,225,g/l
7148,838,300,g/l
7149,48,200,g/l
7149,112,500,g/l
7150,29,240,g/l
7150,483,120,g/l
7151,398,25,%
7151,1260,25,%
7152,40,400,g/l
7153,15,80,%
7154,29,480,g/l
7155,48,200,g/l
7156,873,0.075,%
7157,60,5,%
7157,198,15,%
7158,15,80,%
7159,126,98,%
7160,60,240,g/l
7160,26,60,g/l
7161,15,80,%
7162,165,3,%
7163,254,96,%
7164,154,141,g/l
7164,74,106,g/l
7165,475,7,%
7165,234,13,%
7166,8,"5,7",%
7167,40,550,g/l
7167,18,80,g/l
7168,96,18,g/l
7169,1261,"70,4",g/l
7169,11,77,g/l
7170,15,600,g/l
7171,229,240,g/l
7172,126,50,g/l
7173,32,160,g/l
7174,199,500,g/l
7174,278,50,g/l
7175,103,40,%
7176,35,15,%
7177,1030,140,g/l
7178,29,180,g/l
7179,29,480,g/l
7180,44,50,g/l
7181,63,50,%
7182,190,20,%
7182,4,40,%
7183,63,75,%
7184,104,20,%
7185,312,500,g/l
7186,123,125,g/l
7187,48,200,g/l
7188,258,10^6,koloni/g
7189,224,0.150,%
7189,278,0.100,%
7189,510,0.300,%
7189,379,0.060,%
7190,96,25,g/l
7191,11,200,g/l
7192,82,500,g/l
7193,41,120,g/l
7194,108,14.64,g/l
7195,82,500,g/l
7196,1262,40,g/l
7196,1263,120,g/l
7197,15,64,%
7197,88,8,%
7198,29,525,g/l
7199,74,25,g/l
7200,824,20,%
7201,178,"0,005",%
7202,64,100,g/l
7203,40,550,g/l
7203,44,60,g/l
7204,386,"0,75",%
7205,13,5,%
7206,216,50,%
7207,150,95,%
7208,677,20,%
7209,470,0.11,%
7210,104,20,%
7211,387,1 x 10^9,cfu/g
7212,1264,0.03,%
7213,129,36,g/l
7214,137,330,g/l
7215,40,560,g/l
7215,44,100,g/l
7216,15,80,%
7217,48,300,g/l
7218,98,10,%
7219,191,75,%
7220,1265,250,g/l
7221,359,1 x 10^6,cfu/g
7221,580,1 x 10^6,cfu/g
7222,199,97,%
7223,74,20,g/l
7223,337,100,g/l
7224,23,10,%
7225,4,50,%
7226,44,40,%
7227,96,36,g/l
7228,125,100,g/l
7228,125,100,g/l
7228,571,300,g/l
7228,29,300,g/l
7229,48,360,g/l
7230,89,500,g/l
7231,927,1.04,%
7232,43,25,%
7233,23,20,%
7234,77,50,g/l
7234,519,10,g/l
7235,29,550,g/l
7236,102,70,%
7237,619,108,g/l
7238,262,250,g/l
7238,263,7.5,g/l
7239,88,30,%
7240,103,50,%
7241,26,250,g/l
7242,273,25,g/l
7243,33,"6,2 x 10^8",cfu/g
7244,103,40,%
7245,111,240,g/l
7246,43,200,g/l
7247,77,200,g/l
7248,149,80,%
7249,23,40,g/l
7250,232,80,%
7251,474,250,g/l
7251,146,250,g/l
7252,259,98,%
7253,96,18,g/l
7254,39,95,%
7255,245,138,g/l
7256,97,25,%
7257,254,250,g/l
7258,29,490,g/l
7259,39,80,%
7260,323,50,%
7261,32,135,g/l
7262,7,480,g/l
7263,11,280 g/l setara dengan glufosinat: 256 g/l,g/l
7264,44,50,g/l
7264,40,500,g/l
7265,78,"0,4",%
7266,308,20,%
7267,29,480,g/l
7268,113,3,%
7268,165,3,%
7269,110,60,%
7270,137,450,g/l
7271,104,20,%
7272,199,97,%
7273,22,667,g/l
7274,292,0.005,%
7275,58,18,%
7275,98,10,%
7276,1266,250,g/l
7277,73,98,%
7278,172,85,%
7279,1267,98,%
7280,1268,50,%
7281,4,60,%
7281,190,25,%
7282,126,25,g/l
7283,13,55,g/l
7283,113,500,g/l
7284,103,40,%
7285,13,30,g/l
7286,1269,370,g/l
7286,367,30,g/l
7287,75,160,g/l
7287,13,20,g/l
7288,3,275,g/l
7289,438,19.4,%
7289,504,5.6,%
7290,160,250,g/l
7291,1270,865,g/l
7292,88,20,g/l
7293,113,505,g/l
7294,29,486,g/l
7295,15,80,%
7296,771,0.005,%
7297,112,80,%
7298,2,125,g/l
7298,198,400,g/l
7299,535,56,%
7300,637,240,g/l
7301,1271,200,g/l
7302,178,"0,29",%
7303,21,550,g/l
7304,1272,98,%
7305,14,200,g/l
7306,1025,30,%
7306,13,7,%
7307,4,30,%
7307,154,10,%
7308,103,40,%
7309,129,18,g/l
7310,98,10,%
7310,97,25,%
7311,108,0.22,%
7312,175,0.1,g/l
7313,44,92,%
7314,165,3,%
7315,326,180,g/l
7315,1150,125,g/l
7316,29,62,%
7317,190,12,%
7317,398,18,%
7318,674,"7,5",g/l
7319,302,500,g/l
7320,894,240,g/l
7321,58,405,g/l
7322,16,20,%
7323,154,98,%
7324,56,200,g/l
7324,55,200,g/l
7325,18,30,g/l
7325,43,100,g/l
7326,178,0.005,%
7327,202,60,g/l
7327,1273,300,g/l
7328,13,100,g/l
7329,44,93,%
7330,149,80,%
7331,268,480,g/l
7331,104,1,g/l
7331,29,480,g/l
7331,237,1,g/l
7332,515,250,g/l
7333,74,25,g/l
7334,44,100,g/l
7335,703,500,g/l
7336,103,216,g/l
7337,53,50,g/l
7338,398,98,%
7339,118,4.86,g/l
7340,112,75,%
7341,112,75,%
7342,15,80,%
7343,63,80,%
7344,116,20,%
7345,35,250,g/l
7346,84,100,g/l
7346,155,500,g/l
7347,72,100,g/l
7347,82,500,g/l
7348,32,42,%
7349,1274,150,g/l
7350,103,45,%
7351,82,500,g/l
7352,29,480,g/l
7353,63,64,%
7353,215,8,%
7354,549,100,g/l
7355,154,141,g/l
7355,74,106,g/l
7356,136,667,g/l
7357,243,75,%
7358,5,100,g/l
7359,198,75,%
7360,35,250,g/l
7361,13,55,g/l
7362,13,30,g/l
7363,64,50,g/l
7363,198,250,g/l
7364,88,50,g/l
7364,63,375,g/l
7365,177,400,g/l
7366,8,90,%
7367,186,1.14,g/l
7367,484,0.29,g/l
7368,13,5,%
7369,118,0.104,%
7370,30,150,g/l
7370,3,150,g/l
7371,104,20,%
7372,104,20,%
7373,246,500,g/l
7374,53,40,g/l
7374,398,240,g/l
7375,122,20,g/l
7375,324,100,g/l
7376,7,250,g/l
7377,112,75,%
7378,153,480,g/l
7379,1275,>= 1 - < 3,%
7379,523,>= 1 - < 5,%
7380,78,100,g/l
7380,48,200,g/l
7381,74,25,g/l
7382,32,140,g/l
7383,607,80,%
7384,137,250,g/l
7384,1276,212.5,g/l
7385,129,18,g/l
7386,53,55,g/l
7387,44,50,g/l
7387,40,500,g/l
7388,32,138,g/l
7389,55,500,g/l
7390,410,10,%
7390,71,60,%
7391,32,145,g/l
7392,94,240,g/l
7393,29,480,g/l
7394,226,545,g/l
7395,56,50,%
7396,125,865,g/l
7397,182,350,g/l
7398,44,300,g/l
7399,11,250,g/l
7400,41,130,g/l
7401,44,100,g/l
7402,284,600,g/l
7403,1277,,ml/l
7404,966,85,%
7405,156,276,g/l
7406,1278,290,g/l
7407,406,25,%
7407,813,37.5,%
7408,94,486,g/l
7409,104,20,%
7410,13,75,g/l
7411,7,480,g/l
7412,125,865,g/l
7413,7,240,g/l
7414,40,500,g/l
7414,96,20,g/l
7415,127,0.13,%
7416,1279,96,%
7417,284,10,%
7418,382,76,%
7418,381,2,%
7418,104,2,%
7419,1280,"1,6",%
7419,223,5 - 10,%
7420,711,480,g/l
7421,190,10,%
7422,65,160,g/l
7422,13,50,g/l
7423,98,10,%
7424,278,350,g/l
7425,385,95,%
7426,51,110,g/l
7426,2,185,g/l
7427,32,276,g/l
7428,32,276,g/l
7429,355,"1,2-Benzisothiazolin-3-one (BIT-84%)",%
7430,96,5,%
7430,170,55,%
7431,136,670 (setara dengan Triklopir 482 g/l),g/l
7432,23,40,%
7433,323,50,%
7434,7,240,g/l
7435,6,10,g/l
7435,40,160,g/l
7436,108,18.3,g/l
7437,1046,0.12,%
7438,3,95,%
7439,41,120,g/l
7440,47,500,g/l
7441,3,300,g/l
7442,519,25,g/l
7443,402,95,%
7444,9,500,g/l
7445,29,480,g/l
7446,39,80,g/l
7447,33,1 x 10^9,cfu/g
7448,108,0.03,%
7448,278,0.11,%
7449,111,400,g/l
7450,48,450,g/l
7451,424,25,g/l
7451,1190,250,g/l
7451,402,250,g/l
7452,32,135,g/l
7453,330,95,%
7454,165,3,%
7455,1281,50,%
7456,44,100,g/l
7457,350,5,%
7458,215,8,%
7458,15,64,%
7459,161,30 - 50,%
7460,3,250,g/l
7461,43,25,%
7462,141,0.075,%
7463,58,50,g/l
7463,77,150,g/l
7464,245,276,g/l
7465,41,69,g/l
7465,87,20,g/l
7466,30,50,%
7466,31,25,%
7467,113,500,g/l
7468,94,480,g/l
7469,125,825,g/l
7470,44,100,g/l
7471,520,50,g/l
7471,13,20,g/l
7472,35,4,g/l
7472,1282,10,g/l
7473,88,20,%
7474,15,65,%
7474,259,15,%
7475,63,60,%
7475,208,20,%
7476,904,480,g/l
7477,278,0.2,%
7477,379,0.07,%
7478,40,500,g/l
7478,44,50,g/l
7479,53,0.5,%
7480,129,50,g/l
7481,738,50,g/l
7482,1283,75,g/l
7483,177,400,g/l
7484,1284,17,g/l
7484,1285,333,g/l
7485,10,336,g/l
7486,722,1.8,%
7487,412,400,g/l
7487,413,60,g/l
7488,29,480,g/l
7489,53,0.03,%
7490,1286,95.40,%
7491,22,670,g/l
7492,116,13,%
7493,205,240,g/l
7494,1046,0.082,%
7495,45,12,%
7495,58,18,%
7496,29,480,g/l
7497,190,40,%
7498,490,96,%
7499,361,14,%
7499,88,56,%
7500,18,"0,2",%
7501,96,18,g/l
7502,278,92,%
7503,26,98,%
7504,125,865,g/l
7505,148,80,%
7506,205,95,%
7507,1287,250,g/l
7508,88,98,%
7509,126,50,g/l
7510,397,250,g/l
7511,4,60,%
7511,5,20,%
7512,280,50,%
7513,1288,50,g/l
7514,96,36,g/l
7515,167,0.25,%
7516,44,250,g/l
7517,44,100,g/l
7517,40,550,g/l
7518,567,410,g/l
7518,28,100,g/l
7519,149,500,g/l
7520,125,865,g/l
7521,40,400,g/l
7522,1289,300.00,g/l
7523,29,480,g/l
7524,9,70,%
7525,32,138,g/l
7526,40,550,g/l
7526,44,100,g/l
7527,194,"2,8 x 10^8",cfu/g
7528,149,80,%
7529,1186,>= 2.5 - < 10,%
7529,149,>= 2.5 - < 10,%
7529,17,>= 0.25 - < 1,%
7529,232,>= 2.5 - < 10,%
7530,96,18,g/l
7531,431,20,g/l
7531,549,100,g/l
7532,357,167,g/l
7532,26,333,g/l
7533,3,95,%
7534,86,0.081,%
7535,23,65,g/l
7536,103,42,%
7537,40,530,g/l
7537,44,55,g/l
7538,75,0.1,%
7539,1290,240,g/l
7540,56,80,%
7541,645,95,%
7542,1291,50,%
7543,245,42,%
7544,44,300,g/l
7545,31,200,g/l
7545,642,200,g/l
7546,164,8.01,g/l
7547,164,0.109,%
7548,167,0.22,%
7548,548,1.18,%
7549,44,0.88,g/l
7549,127,0.88,g/l
7550,82,510,g/l
7551,29,480,g/l
7552,51,200,g/l
7552,3,125,g/l
7553,54,42,%
7554,96,36,g/l
7555,109,150,g/l
7555,398,150,g/l
7556,29,245,g/l
7557,14,200,g/l
7558,104,20,%
7559,129,36,g/l
7560,100,"0,0375",%
7561,116,14.5,%
7562,43,25,%
7563,308,20,%
7564,150,95,%
7565,51,200,g/l
7565,3,125,g/l
7566,74,50,g/l
7567,110,85,%
7568,108,0.33,%
7568,278,0.10,%
7569,439,1,%
7570,345,0.005,%
7571,29,250,g/l
7571,286,5,g/l
7572,853,480,g/l
7573,224,1.8,%
7574,618,200,g/l
7575,5,30,%
7575,96,2,%
7576,278,200,g/l
7577,116,200,g/l
7578,533,600,g/l
7579,10,336,g/l
7580,999,0.1,%
7581,192,ca.14,%
7582,559,490,g/l
7583,302,70,%
7584,29,300,g/l
7584,125,100,g/l
7585,1292,19,g/l
7585,23,19,g/l
7586,96,36,g/l
7587,198,75,%
7588,425,120,g/l
7588,1190,320,g/l
7588,424,32,g/l
7589,40,97,%
7590,103,97,%
7591,182,0.01,%
7592,278,100,g/l
7593,185,97,%
7594,2,125,g/l
7594,198,400,g/l
7595,11,150,g/l
7596,1293,120,g/l
7597,764,100,g/l
7598,1294,240,g/l
7599,1294,240,g/l
7600,1295,96,%
7601,160,250,g/l
7602,113,400,g/l
7603,23,20,%
7604,297,1.82 – 2.02,%
7604,1218,18.09 – 19.99,%
7604,20,18.09 – 19.99,%
7605,632,448,g/l
7606,98,0.75,%
7606,310,30,%
7607,1296,98,%
7608,273,92,%
7609,40,200,g/l
7610,1054,75,g/l
7610,633,75,g/l
7611,13,30,g/l
7611,319,200,g/l
7612,72,50,g/l
7612,48,190,g/l
7613,858,50,%
7614,109,50,%
7614,126,6.25,%
7615,369,0.03,g/l
7616,113,500,g/l
7617,32,276 (setara dengan ion parakuat: 200 g/l),g/l
7618,13,55,g/l
7619,1297,100,g/l
7619,1258,200,g/l
7619,1298,100,g/l
7619,1299,200,g/l
7620,48,98,%
7621,51,250,g/l
7622,10,336,g/l
7623,370,20,g/l
7623,425,180,g/l
7623,424,40,g/l
7624,80,5,%
7625,500,85,%
7626,29,555,g/l
7627,710,50,%
7628,529,97.5,%
7629,88,50,%
7630,126,25,g/l
7631,282,70,%
7632,108,5,%
7633,63,75,%
7634,191,200,g/l
7634,218,100,g/l
7635,13,50,g/l
7636,78,5,%
7637,440,500,g/l
7638,44,100,g/l
7639,13,30,g/l
7640,53,50,g/l
7641,47,95,%
7642,7,240,g/l
7643,78,100,g/l
7643,1300,50,g/l
7644,29,480,g/l
7645,9,490,g/l
7646,266,80,g/l
7646,96,20,g/l
7647,125,720,g/l
7648,1152,75,%
7649,1301,"88,8",%
7650,14,100,g/l
7651,282,70,%
7652,709,100,g/l
7652,198,250,g/l
7653,53,50,g/l
7654,30,50,%
7654,31,25,%
7655,124,25,%
7656,15,80,%
7657,764,100,g/l
7658,15,80,%
7659,29,588.00,g/l
7660,15,80,%
7661,32,70,g/l
7662,149,80,%
7663,691,625,g/l
7664,53,500,g/l
7665,51,75,g/l
7665,259,360,g/l
7665,30,165,g/l
7666,26,150,g/l
7666,476,350,g/l
7667,477,50,%
7667,1302,5,%
7668,44,100,g/l
7669,167,45,mg/pcs
7669,224,4,mg/pcs
7670,298,50,%
7671,82,500,g/l
7672,32,276,g/l
7673,319,200,g/l
7674,85,95,%
7675,5,10,%
7675,4,30,%
7676,44,50,g/l
7677,999,26,g/l
7678,92,68,g/l
7678,150,402,g/l
7679,113,525,g/l
7680,103,40,%
7681,137,150,g/l
7681,560,300,g/l
7681,111,50,g/l
7682,102,70,%
7683,108,0.01,%
7684,1146,"9(0,9)",%
7684,1303,"5(0,5)",%
7685,113,500,g/l
7686,19,10,%
7687,6,100,g/l
7688,126,28,g/l
7689,4,60,%
7689,5,20,%
7690,11,150,g/l
7691,44,50,g/l
7692,4,50,%
7693,1304,6,%
7694,111,240,g/l
7695,189,57,%
7696,251,68,g/l
7696,1276,600,g/l
7697,7,535,g/l
7698,35,15,%
7699,440,500,g/l
7700,39,80,g/l
7701,29,530,g/l
7702,96,36.00,g/l
7703,441,40,%
7703,190,20,%
7704,643,100,g/l
7705,32,42,%
7706,104,20,%
7707,3,150,g/l
7707,51,250,g/l
7708,116,15,%
7709,39,4,%
7709,155,48,%
7710,385,95,%
7711,178,0.005,%
7712,552,6,g/l
7713,35,250,g/l
7714,1305,92,%
7715,246,525,g/l
7716,1241,1,g/l
7717,84,50,g/l
7717,155,500,g/l
7718,1306,0.24,%
7718,185,0.48,%
7719,888,720,g/l
7720,86,0.105,%
7721,45,20,g/l
7721,533,580,g/l
7722,189,56,%
7723,389,16.7,g/l
7723,645,250,g/l
7724,659,"1,5",%
